# Blender 4.0.1
# www.blender.org
mtllib dense_flat_skin_mesh.mtl
o Grid
v -1.000000 0.531504 1.000000
v -0.800000 0.531504 1.000000
v -0.600000 0.531504 1.000000
v -0.400000 0.531504 1.000000
v -0.200000 0.531504 1.000000
v 0.000000 0.531504 1.000000
v 0.200000 0.531504 1.000000
v 0.400000 0.531504 1.000000
v 0.600000 0.531504 1.000000
v 0.800000 0.531504 1.000000
v 1.000000 0.531504 1.000000
v -1.000000 0.531504 0.800000
v -0.800000 0.531504 0.800000
v -0.600000 0.531504 0.800000
v -0.400000 0.531504 0.800000
v -0.200000 0.531504 0.800000
v 0.000000 0.531504 0.800000
v 0.200000 0.531504 0.800000
v 0.400000 0.531504 0.800000
v 0.600000 0.531504 0.800000
v 0.800000 0.531504 0.800000
v 1.000000 0.531504 0.800000
v -1.000000 0.531504 0.600000
v -0.800000 0.531504 0.600000
v -0.600000 0.531504 0.600000
v -0.400000 0.531504 0.600000
v -0.200000 0.531504 0.600000
v 0.000000 0.531504 0.600000
v 0.200000 0.531504 0.600000
v 0.400000 0.531504 0.600000
v 0.600000 0.531504 0.600000
v 0.800000 0.531504 0.600000
v 1.000000 0.531504 0.600000
v -1.000000 0.531504 0.400000
v -0.800000 0.531504 0.400000
v -0.600000 0.531504 0.400000
v -0.400000 0.531504 0.400000
v -0.200000 0.531504 0.400000
v 0.000000 0.531504 0.400000
v 0.200000 0.531504 0.400000
v 0.400000 0.531504 0.400000
v 0.600000 0.531504 0.400000
v 0.800000 0.531504 0.400000
v 1.000000 0.531504 0.400000
v -1.000000 0.531504 0.200000
v -0.800000 0.531504 0.200000
v -0.600000 0.531504 0.200000
v -0.400000 0.531504 0.200000
v -0.200000 0.531504 0.200000
v 0.000000 0.531504 0.200000
v 0.200000 0.531504 0.200000
v 0.400000 0.531504 0.200000
v 0.600000 0.531504 0.200000
v 0.800000 0.531504 0.200000
v 1.000000 0.531504 0.200000
v -1.000000 0.531504 0.000000
v -0.800000 0.531504 0.000000
v -0.600000 0.531504 0.000000
v -0.400000 0.531504 0.000000
v -0.200000 0.531504 0.000000
v 0.000000 0.531504 0.000000
v 0.200000 0.531504 0.000000
v 0.400000 0.531504 0.000000
v 0.600000 0.531504 0.000000
v 0.800000 0.531504 0.000000
v 1.000000 0.531504 0.000000
v -1.000000 0.531504 -0.200000
v -0.800000 0.531504 -0.200000
v -0.600000 0.531504 -0.200000
v -0.400000 0.531504 -0.200000
v -0.200000 0.531504 -0.200000
v 0.000000 0.531504 -0.200000
v 0.200000 0.531504 -0.200000
v 0.400000 0.531504 -0.200000
v 0.600000 0.531504 -0.200000
v 0.800000 0.531504 -0.200000
v 1.000000 0.531504 -0.200000
v -1.000000 0.531504 -0.400000
v -0.800000 0.531504 -0.400000
v -0.600000 0.531504 -0.400000
v -0.400000 0.531504 -0.400000
v -0.200000 0.531504 -0.400000
v 0.000000 0.531504 -0.400000
v 0.200000 0.531504 -0.400000
v 0.400000 0.531504 -0.400000
v 0.600000 0.531504 -0.400000
v 0.800000 0.531504 -0.400000
v 1.000000 0.531504 -0.400000
v -1.000000 0.531504 -0.600000
v -0.800000 0.531504 -0.600000
v -0.600000 0.531504 -0.600000
v -0.400000 0.531504 -0.600000
v -0.200000 0.531504 -0.600000
v 0.000000 0.531504 -0.600000
v 0.200000 0.531504 -0.600000
v 0.400000 0.531504 -0.600000
v 0.600000 0.531504 -0.600000
v 0.800000 0.531504 -0.600000
v 1.000000 0.531504 -0.600000
v -1.000000 0.531504 -0.800000
v -0.800000 0.531504 -0.800000
v -0.600000 0.531504 -0.800000
v -0.400000 0.531504 -0.800000
v -0.200000 0.531504 -0.800000
v 0.000000 0.531504 -0.800000
v 0.200000 0.531504 -0.800000
v 0.400000 0.531504 -0.800000
v 0.600000 0.531504 -0.800000
v 0.800000 0.531504 -0.800000
v 1.000000 0.531504 -0.800000
v -1.000000 0.531504 -1.000000
v -0.800000 0.531504 -1.000000
v -0.600000 0.531504 -1.000000
v -0.400000 0.531504 -1.000000
v -0.200000 0.531504 -1.000000
v 0.000000 0.531504 -1.000000
v 0.200000 0.531504 -1.000000
v 0.400000 0.531504 -1.000000
v 0.600000 0.531504 -1.000000
v 0.800000 0.531504 -1.000000
v 1.000000 0.531504 -1.000000
v -1.000000 0.531504 0.900000
v -0.900000 0.531504 1.000000
v -0.800000 0.531504 0.900000
v -0.900000 0.531504 0.800000
v -0.700000 0.531504 1.000000
v -0.600000 0.531504 0.900000
v -0.700000 0.531504 0.800000
v -0.500000 0.531504 1.000000
v -0.400000 0.531504 0.900000
v -0.500000 0.531504 0.800000
v -0.300000 0.531504 1.000000
v -0.200000 0.531504 0.900000
v -0.300000 0.531504 0.800000
v -0.100000 0.531504 1.000000
v 0.000000 0.531504 0.900000
v -0.100000 0.531504 0.800000
v 0.100000 0.531504 1.000000
v 0.200000 0.531504 0.900000
v 0.100000 0.531504 0.800000
v 0.300000 0.531504 1.000000
v 0.400000 0.531504 0.900000
v 0.300000 0.531504 0.800000
v 0.500000 0.531504 1.000000
v 0.600000 0.531504 0.900000
v 0.500000 0.531504 0.800000
v 0.700000 0.531504 1.000000
v 0.800000 0.531504 0.900000
v 0.700000 0.531504 0.800000
v 0.900000 0.531504 1.000000
v 1.000000 0.531504 0.900000
v 0.900000 0.531504 0.800000
v -1.000000 0.531504 0.700000
v -0.800000 0.531504 0.700000
v -0.900000 0.531504 0.600000
v -0.600000 0.531504 0.700000
v -0.700000 0.531504 0.600000
v -0.400000 0.531504 0.700000
v -0.500000 0.531504 0.600000
v -0.200000 0.531504 0.700000
v -0.300000 0.531504 0.600000
v 0.000000 0.531504 0.700000
v -0.100000 0.531504 0.600000
v 0.200000 0.531504 0.700000
v 0.100000 0.531504 0.600000
v 0.400000 0.531504 0.700000
v 0.300000 0.531504 0.600000
v 0.600000 0.531504 0.700000
v 0.500000 0.531504 0.600000
v 0.800000 0.531504 0.700000
v 0.700000 0.531504 0.600000
v 1.000000 0.531504 0.700000
v 0.900000 0.531504 0.600000
v -1.000000 0.531504 0.500000
v -0.800000 0.531504 0.500000
v -0.900000 0.531504 0.400000
v -0.600000 0.531504 0.500000
v -0.700000 0.531504 0.400000
v -0.400000 0.531504 0.500000
v -0.500000 0.531504 0.400000
v -0.200000 0.531504 0.500000
v -0.300000 0.531504 0.400000
v 0.000000 0.531504 0.500000
v -0.100000 0.531504 0.400000
v 0.200000 0.531504 0.500000
v 0.100000 0.531504 0.400000
v 0.400000 0.531504 0.500000
v 0.300000 0.531504 0.400000
v 0.600000 0.531504 0.500000
v 0.500000 0.531504 0.400000
v 0.800000 0.531504 0.500000
v 0.700000 0.531504 0.400000
v 1.000000 0.531504 0.500000
v 0.900000 0.531504 0.400000
v -1.000000 0.531504 0.300000
v -0.800000 0.531504 0.300000
v -0.900000 0.531504 0.200000
v -0.600000 0.531504 0.300000
v -0.700000 0.531504 0.200000
v -0.400000 0.531504 0.300000
v -0.500000 0.531504 0.200000
v -0.200000 0.531504 0.300000
v -0.300000 0.531504 0.200000
v 0.000000 0.531504 0.300000
v -0.100000 0.531504 0.200000
v 0.200000 0.531504 0.300000
v 0.100000 0.531504 0.200000
v 0.400000 0.531504 0.300000
v 0.300000 0.531504 0.200000
v 0.600000 0.531504 0.300000
v 0.500000 0.531504 0.200000
v 0.800000 0.531504 0.300000
v 0.700000 0.531504 0.200000
v 1.000000 0.531504 0.300000
v 0.900000 0.531504 0.200000
v -1.000000 0.531504 0.100000
v -0.800000 0.531504 0.100000
v -0.900000 0.531504 0.000000
v -0.600000 0.531504 0.100000
v -0.700000 0.531504 0.000000
v -0.400000 0.531504 0.100000
v -0.500000 0.531504 0.000000
v -0.200000 0.531504 0.100000
v -0.300000 0.531504 0.000000
v 0.000000 0.531504 0.100000
v -0.100000 0.531504 0.000000
v 0.200000 0.531504 0.100000
v 0.100000 0.531504 0.000000
v 0.400000 0.531504 0.100000
v 0.300000 0.531504 0.000000
v 0.600000 0.531504 0.100000
v 0.500000 0.531504 0.000000
v 0.800000 0.531504 0.100000
v 0.700000 0.531504 0.000000
v 1.000000 0.531504 0.100000
v 0.900000 0.531504 0.000000
v -1.000000 0.531504 -0.100000
v -0.800000 0.531504 -0.100000
v -0.900000 0.531504 -0.200000
v -0.600000 0.531504 -0.100000
v -0.700000 0.531504 -0.200000
v -0.400000 0.531504 -0.100000
v -0.500000 0.531504 -0.200000
v -0.200000 0.531504 -0.100000
v -0.300000 0.531504 -0.200000
v 0.000000 0.531504 -0.100000
v -0.100000 0.531504 -0.200000
v 0.200000 0.531504 -0.100000
v 0.100000 0.531504 -0.200000
v 0.400000 0.531504 -0.100000
v 0.300000 0.531504 -0.200000
v 0.600000 0.531504 -0.100000
v 0.500000 0.531504 -0.200000
v 0.800000 0.531504 -0.100000
v 0.700000 0.531504 -0.200000
v 1.000000 0.531504 -0.100000
v 0.900000 0.531504 -0.200000
v -1.000000 0.531504 -0.300000
v -0.800000 0.531504 -0.300000
v -0.900000 0.531504 -0.400000
v -0.600000 0.531504 -0.300000
v -0.700000 0.531504 -0.400000
v -0.400000 0.531504 -0.300000
v -0.500000 0.531504 -0.400000
v -0.200000 0.531504 -0.300000
v -0.300000 0.531504 -0.400000
v 0.000000 0.531504 -0.300000
v -0.100000 0.531504 -0.400000
v 0.200000 0.531504 -0.300000
v 0.100000 0.531504 -0.400000
v 0.400000 0.531504 -0.300000
v 0.300000 0.531504 -0.400000
v 0.600000 0.531504 -0.300000
v 0.500000 0.531504 -0.400000
v 0.800000 0.531504 -0.300000
v 0.700000 0.531504 -0.400000
v 1.000000 0.531504 -0.300000
v 0.900000 0.531504 -0.400000
v -1.000000 0.531504 -0.500000
v -0.800000 0.531504 -0.500000
v -0.900000 0.531504 -0.600000
v -0.600000 0.531504 -0.500000
v -0.700000 0.531504 -0.600000
v -0.400000 0.531504 -0.500000
v -0.500000 0.531504 -0.600000
v -0.200000 0.531504 -0.500000
v -0.300000 0.531504 -0.600000
v 0.000000 0.531504 -0.500000
v -0.100000 0.531504 -0.600000
v 0.200000 0.531504 -0.500000
v 0.100000 0.531504 -0.600000
v 0.400000 0.531504 -0.500000
v 0.300000 0.531504 -0.600000
v 0.600000 0.531504 -0.500000
v 0.500000 0.531504 -0.600000
v 0.800000 0.531504 -0.500000
v 0.700000 0.531504 -0.600000
v 1.000000 0.531504 -0.500000
v 0.900000 0.531504 -0.600000
v -1.000000 0.531504 -0.700000
v -0.800000 0.531504 -0.700000
v -0.900000 0.531504 -0.800000
v -0.600000 0.531504 -0.700000
v -0.700000 0.531504 -0.800000
v -0.400000 0.531504 -0.700000
v -0.500000 0.531504 -0.800000
v -0.200000 0.531504 -0.700000
v -0.300000 0.531504 -0.800000
v 0.000000 0.531504 -0.700000
v -0.100000 0.531504 -0.800000
v 0.200000 0.531504 -0.700000
v 0.100000 0.531504 -0.800000
v 0.400000 0.531504 -0.700000
v 0.300000 0.531504 -0.800000
v 0.600000 0.531504 -0.700000
v 0.500000 0.531504 -0.800000
v 0.800000 0.531504 -0.700000
v 0.700000 0.531504 -0.800000
v 1.000000 0.531504 -0.700000
v 0.900000 0.531504 -0.800000
v -1.000000 0.531504 -0.900000
v -0.800000 0.531504 -0.900000
v -0.900000 0.531504 -1.000000
v -0.600000 0.531504 -0.900000
v -0.700000 0.531504 -1.000000
v -0.400000 0.531504 -0.900000
v -0.500000 0.531504 -1.000000
v -0.200000 0.531504 -0.900000
v -0.300000 0.531504 -1.000000
v 0.000000 0.531504 -0.900000
v -0.100000 0.531504 -1.000000
v 0.200000 0.531504 -0.900000
v 0.100000 0.531504 -1.000000
v 0.400000 0.531504 -0.900000
v 0.300000 0.531504 -1.000000
v 0.600000 0.531504 -0.900000
v 0.500000 0.531504 -1.000000
v 0.800000 0.531504 -0.900000
v 0.700000 0.531504 -1.000000
v 1.000000 0.531504 -0.900000
v 0.900000 0.531504 -1.000000
v 0.900000 0.531504 -0.900000
v 0.700000 0.531504 -0.900000
v 0.500000 0.531504 -0.900000
v 0.300000 0.531504 -0.900000
v 0.100000 0.531504 -0.900000
v -0.100000 0.531504 -0.900000
v -0.300000 0.531504 -0.900000
v -0.500000 0.531504 -0.900000
v -0.700000 0.531504 -0.900000
v -0.900000 0.531504 -0.900000
v 0.900000 0.531504 -0.700000
v 0.700000 0.531504 -0.700000
v 0.500000 0.531504 -0.700000
v 0.300000 0.531504 -0.700000
v 0.100000 0.531504 -0.700000
v -0.100000 0.531504 -0.700000
v -0.300000 0.531504 -0.700000
v -0.500000 0.531504 -0.700000
v -0.700000 0.531504 -0.700000
v -0.900000 0.531504 -0.700000
v 0.900000 0.531504 -0.500000
v 0.700000 0.531504 -0.500000
v 0.500000 0.531504 -0.500000
v 0.300000 0.531504 -0.500000
v 0.100000 0.531504 -0.500000
v -0.100000 0.531504 -0.500000
v -0.300000 0.531504 -0.500000
v -0.500000 0.531504 -0.500000
v -0.700000 0.531504 -0.500000
v -0.900000 0.531504 -0.500000
v 0.900000 0.531504 -0.300000
v 0.700000 0.531504 -0.300000
v 0.500000 0.531504 -0.300000
v 0.300000 0.531504 -0.300000
v 0.100000 0.531504 -0.300000
v -0.100000 0.531504 -0.300000
v -0.300000 0.531504 -0.300000
v -0.500000 0.531504 -0.300000
v -0.700000 0.531504 -0.300000
v -0.900000 0.531504 -0.300000
v 0.900000 0.531504 -0.100000
v 0.700000 0.531504 -0.100000
v 0.500000 0.531504 -0.100000
v 0.300000 0.531504 -0.100000
v 0.100000 0.531504 -0.100000
v -0.100000 0.531504 -0.100000
v -0.300000 0.531504 -0.100000
v -0.500000 0.531504 -0.100000
v -0.700000 0.531504 -0.100000
v -0.900000 0.531504 -0.100000
v 0.900000 0.531504 0.100000
v 0.700000 0.531504 0.100000
v 0.500000 0.531504 0.100000
v 0.300000 0.531504 0.100000
v 0.100000 0.531504 0.100000
v -0.100000 0.531504 0.100000
v -0.300000 0.531504 0.100000
v -0.500000 0.531504 0.100000
v -0.700000 0.531504 0.100000
v -0.900000 0.531504 0.100000
v 0.900000 0.531504 0.300000
v 0.700000 0.531504 0.300000
v 0.500000 0.531504 0.300000
v 0.300000 0.531504 0.300000
v 0.100000 0.531504 0.300000
v -0.100000 0.531504 0.300000
v -0.300000 0.531504 0.300000
v -0.500000 0.531504 0.300000
v -0.700000 0.531504 0.300000
v -0.900000 0.531504 0.300000
v 0.900000 0.531504 0.500000
v 0.700000 0.531504 0.500000
v 0.500000 0.531504 0.500000
v 0.300000 0.531504 0.500000
v 0.100000 0.531504 0.500000
v -0.100000 0.531504 0.500000
v -0.300000 0.531504 0.500000
v -0.500000 0.531504 0.500000
v -0.700000 0.531504 0.500000
v -0.900000 0.531504 0.500000
v 0.900000 0.531504 0.700000
v 0.700000 0.531504 0.700000
v 0.500000 0.531504 0.700000
v 0.300000 0.531504 0.700000
v 0.100000 0.531504 0.700000
v -0.100000 0.531504 0.700000
v -0.300000 0.531504 0.700000
v -0.500000 0.531504 0.700000
v -0.700000 0.531504 0.700000
v -0.900000 0.531504 0.700000
v 0.900000 0.531504 0.900000
v 0.700000 0.531504 0.900000
v 0.500000 0.531504 0.900000
v 0.300000 0.531504 0.900000
v 0.100000 0.531504 0.900000
v -0.100000 0.531504 0.900000
v -0.300000 0.531504 0.900000
v -0.500000 0.531504 0.900000
v -0.700000 0.531504 0.900000
v -0.900000 0.531504 0.900000
v -1.000000 0.531504 0.950000
v -0.850000 0.531504 1.000000
v -0.800000 0.531504 0.850000
v -0.950000 0.531504 0.800000
v -0.650000 0.531504 1.000000
v -0.600000 0.531504 0.850000
v -0.750000 0.531504 0.800000
v -0.450000 0.531504 1.000000
v -0.400000 0.531504 0.850000
v -0.550000 0.531504 0.800000
v -0.250000 0.531504 1.000000
v -0.200000 0.531504 0.850000
v -0.350000 0.531504 0.800000
v -0.050000 0.531504 1.000000
v 0.000000 0.531504 0.850000
v -0.150000 0.531504 0.800000
v 0.150000 0.531504 1.000000
v 0.200000 0.531504 0.850000
v 0.050000 0.531504 0.800000
v 0.350000 0.531504 1.000000
v 0.400000 0.531504 0.850000
v 0.250000 0.531504 0.800000
v 0.550000 0.531504 1.000000
v 0.600000 0.531504 0.850000
v 0.450000 0.531504 0.800000
v 0.750000 0.531504 1.000000
v 0.800000 0.531504 0.850000
v 0.650000 0.531504 0.800000
v 0.950000 0.531504 1.000000
v 1.000000 0.531504 0.850000
v 0.850000 0.531504 0.800000
v -1.000000 0.531504 0.750000
v -0.800000 0.531504 0.650000
v -0.950000 0.531504 0.600000
v -0.600000 0.531504 0.650000
v -0.750000 0.531504 0.600000
v -0.400000 0.531504 0.650000
v -0.550000 0.531504 0.600000
v -0.200000 0.531504 0.650000
v -0.350000 0.531504 0.600000
v 0.000000 0.531504 0.650000
v -0.150000 0.531504 0.600000
v 0.200000 0.531504 0.650000
v 0.050000 0.531504 0.600000
v 0.400000 0.531504 0.650000
v 0.250000 0.531504 0.600000
v 0.600000 0.531504 0.650000
v 0.450000 0.531504 0.600000
v 0.800000 0.531504 0.650000
v 0.650000 0.531504 0.600000
v 1.000000 0.531504 0.650000
v 0.850000 0.531504 0.600000
v -1.000000 0.531504 0.550000
v -0.800000 0.531504 0.450000
v -0.950000 0.531504 0.400000
v -0.600000 0.531504 0.450000
v -0.750000 0.531504 0.400000
v -0.400000 0.531504 0.450000
v -0.550000 0.531504 0.400000
v -0.200000 0.531504 0.450000
v -0.350000 0.531504 0.400000
v 0.000000 0.531504 0.450000
v -0.150000 0.531504 0.400000
v 0.200000 0.531504 0.450000
v 0.050000 0.531504 0.400000
v 0.400000 0.531504 0.450000
v 0.250000 0.531504 0.400000
v 0.600000 0.531504 0.450000
v 0.450000 0.531504 0.400000
v 0.800000 0.531504 0.450000
v 0.650000 0.531504 0.400000
v 1.000000 0.531504 0.450000
v 0.850000 0.531504 0.400000
v -1.000000 0.531504 0.350000
v -0.800000 0.531504 0.250000
v -0.950000 0.531504 0.200000
v -0.600000 0.531504 0.250000
v -0.750000 0.531504 0.200000
v -0.400000 0.531504 0.250000
v -0.550000 0.531504 0.200000
v -0.200000 0.531504 0.250000
v -0.350000 0.531504 0.200000
v 0.000000 0.531504 0.250000
v -0.150000 0.531504 0.200000
v 0.200000 0.531504 0.250000
v 0.050000 0.531504 0.200000
v 0.400000 0.531504 0.250000
v 0.250000 0.531504 0.200000
v 0.600000 0.531504 0.250000
v 0.450000 0.531504 0.200000
v 0.800000 0.531504 0.250000
v 0.650000 0.531504 0.200000
v 1.000000 0.531504 0.250000
v 0.850000 0.531504 0.200000
v -1.000000 0.531504 0.150000
v -0.800000 0.531504 0.050000
v -0.950000 0.531504 0.000000
v -0.600000 0.531504 0.050000
v -0.750000 0.531504 0.000000
v -0.400000 0.531504 0.050000
v -0.550000 0.531504 0.000000
v -0.200000 0.531504 0.050000
v -0.350000 0.531504 0.000000
v 0.000000 0.531504 0.050000
v -0.150000 0.531504 0.000000
v 0.200000 0.531504 0.050000
v 0.050000 0.531504 0.000000
v 0.400000 0.531504 0.050000
v 0.250000 0.531504 0.000000
v 0.600000 0.531504 0.050000
v 0.450000 0.531504 0.000000
v 0.800000 0.531504 0.050000
v 0.650000 0.531504 0.000000
v 1.000000 0.531504 0.050000
v 0.850000 0.531504 0.000000
v -1.000000 0.531504 -0.050000
v -0.800000 0.531504 -0.150000
v -0.950000 0.531504 -0.200000
v -0.600000 0.531504 -0.150000
v -0.750000 0.531504 -0.200000
v -0.400000 0.531504 -0.150000
v -0.550000 0.531504 -0.200000
v -0.200000 0.531504 -0.150000
v -0.350000 0.531504 -0.200000
v 0.000000 0.531504 -0.150000
v -0.150000 0.531504 -0.200000
v 0.200000 0.531504 -0.150000
v 0.050000 0.531504 -0.200000
v 0.400000 0.531504 -0.150000
v 0.250000 0.531504 -0.200000
v 0.600000 0.531504 -0.150000
v 0.450000 0.531504 -0.200000
v 0.800000 0.531504 -0.150000
v 0.650000 0.531504 -0.200000
v 1.000000 0.531504 -0.150000
v 0.850000 0.531504 -0.200000
v -1.000000 0.531504 -0.250000
v -0.800000 0.531504 -0.350000
v -0.950000 0.531504 -0.400000
v -0.600000 0.531504 -0.350000
v -0.750000 0.531504 -0.400000
v -0.400000 0.531504 -0.350000
v -0.550000 0.531504 -0.400000
v -0.200000 0.531504 -0.350000
v -0.350000 0.531504 -0.400000
v 0.000000 0.531504 -0.350000
v -0.150000 0.531504 -0.400000
v 0.200000 0.531504 -0.350000
v 0.050000 0.531504 -0.400000
v 0.400000 0.531504 -0.350000
v 0.250000 0.531504 -0.400000
v 0.600000 0.531504 -0.350000
v 0.450000 0.531504 -0.400000
v 0.800000 0.531504 -0.350000
v 0.650000 0.531504 -0.400000
v 1.000000 0.531504 -0.350000
v 0.850000 0.531504 -0.400000
v -1.000000 0.531504 -0.450000
v -0.800000 0.531504 -0.550000
v -0.950000 0.531504 -0.600000
v -0.600000 0.531504 -0.550000
v -0.750000 0.531504 -0.600000
v -0.400000 0.531504 -0.550000
v -0.550000 0.531504 -0.600000
v -0.200000 0.531504 -0.550000
v -0.350000 0.531504 -0.600000
v 0.000000 0.531504 -0.550000
v -0.150000 0.531504 -0.600000
v 0.200000 0.531504 -0.550000
v 0.050000 0.531504 -0.600000
v 0.400000 0.531504 -0.550000
v 0.250000 0.531504 -0.600000
v 0.600000 0.531504 -0.550000
v 0.450000 0.531504 -0.600000
v 0.800000 0.531504 -0.550000
v 0.650000 0.531504 -0.600000
v 1.000000 0.531504 -0.550000
v 0.850000 0.531504 -0.600000
v -1.000000 0.531504 -0.650000
v -0.800000 0.531504 -0.750000
v -0.950000 0.531504 -0.800000
v -0.600000 0.531504 -0.750000
v -0.750000 0.531504 -0.800000
v -0.400000 0.531504 -0.750000
v -0.550000 0.531504 -0.800000
v -0.200000 0.531504 -0.750000
v -0.350000 0.531504 -0.800000
v 0.000000 0.531504 -0.750000
v -0.150000 0.531504 -0.800000
v 0.200000 0.531504 -0.750000
v 0.050000 0.531504 -0.800000
v 0.400000 0.531504 -0.750000
v 0.250000 0.531504 -0.800000
v 0.600000 0.531504 -0.750000
v 0.450000 0.531504 -0.800000
v 0.800000 0.531504 -0.750000
v 0.650000 0.531504 -0.800000
v 1.000000 0.531504 -0.750000
v 0.850000 0.531504 -0.800000
v -1.000000 0.531504 -0.850000
v -0.800000 0.531504 -0.950000
v -0.950000 0.531504 -1.000000
v -0.600000 0.531504 -0.950000
v -0.750000 0.531504 -1.000000
v -0.400000 0.531504 -0.950000
v -0.550000 0.531504 -1.000000
v -0.200000 0.531504 -0.950000
v -0.350000 0.531504 -1.000000
v 0.000000 0.531504 -0.950000
v -0.150000 0.531504 -1.000000
v 0.200000 0.531504 -0.950000
v 0.050000 0.531504 -1.000000
v 0.400000 0.531504 -0.950000
v 0.250000 0.531504 -1.000000
v 0.600000 0.531504 -0.950000
v 0.450000 0.531504 -1.000000
v 0.800000 0.531504 -0.950000
v 0.650000 0.531504 -1.000000
v 1.000000 0.531504 -0.950000
v 0.850000 0.531504 -1.000000
v -1.000000 0.531504 0.850000
v -0.950000 0.531504 1.000000
v -0.800000 0.531504 0.950000
v -0.850000 0.531504 0.800000
v -0.750000 0.531504 1.000000
v -0.600000 0.531504 0.950000
v -0.650000 0.531504 0.800000
v -0.550000 0.531504 1.000000
v -0.400000 0.531504 0.950000
v -0.450000 0.531504 0.800000
v -0.350000 0.531504 1.000000
v -0.200000 0.531504 0.950000
v -0.250000 0.531504 0.800000
v -0.150000 0.531504 1.000000
v 0.000000 0.531504 0.950000
v -0.050000 0.531504 0.800000
v 0.050000 0.531504 1.000000
v 0.200000 0.531504 0.950000
v 0.150000 0.531504 0.800000
v 0.250000 0.531504 1.000000
v 0.400000 0.531504 0.950000
v 0.350000 0.531504 0.800000
v 0.450000 0.531504 1.000000
v 0.600000 0.531504 0.950000
v 0.550000 0.531504 0.800000
v 0.650000 0.531504 1.000000
v 0.800000 0.531504 0.950000
v 0.750000 0.531504 0.800000
v 0.850000 0.531504 1.000000
v 1.000000 0.531504 0.950000
v 0.950000 0.531504 0.800000
v -1.000000 0.531504 0.650000
v -0.800000 0.531504 0.750000
v -0.850000 0.531504 0.600000
v -0.600000 0.531504 0.750000
v -0.650000 0.531504 0.600000
v -0.400000 0.531504 0.750000
v -0.450000 0.531504 0.600000
v -0.200000 0.531504 0.750000
v -0.250000 0.531504 0.600000
v 0.000000 0.531504 0.750000
v -0.050000 0.531504 0.600000
v 0.200000 0.531504 0.750000
v 0.150000 0.531504 0.600000
v 0.400000 0.531504 0.750000
v 0.350000 0.531504 0.600000
v 0.600000 0.531504 0.750000
v 0.550000 0.531504 0.600000
v 0.800000 0.531504 0.750000
v 0.750000 0.531504 0.600000
v 1.000000 0.531504 0.750000
v 0.950000 0.531504 0.600000
v -1.000000 0.531504 0.450000
v -0.800000 0.531504 0.550000
v -0.850000 0.531504 0.400000
v -0.600000 0.531504 0.550000
v -0.650000 0.531504 0.400000
v -0.400000 0.531504 0.550000
v -0.450000 0.531504 0.400000
v -0.200000 0.531504 0.550000
v -0.250000 0.531504 0.400000
v 0.000000 0.531504 0.550000
v -0.050000 0.531504 0.400000
v 0.200000 0.531504 0.550000
v 0.150000 0.531504 0.400000
v 0.400000 0.531504 0.550000
v 0.350000 0.531504 0.400000
v 0.600000 0.531504 0.550000
v 0.550000 0.531504 0.400000
v 0.800000 0.531504 0.550000
v 0.750000 0.531504 0.400000
v 1.000000 0.531504 0.550000
v 0.950000 0.531504 0.400000
v -1.000000 0.531504 0.250000
v -0.800000 0.531504 0.350000
v -0.850000 0.531504 0.200000
v -0.600000 0.531504 0.350000
v -0.650000 0.531504 0.200000
v -0.400000 0.531504 0.350000
v -0.450000 0.531504 0.200000
v -0.200000 0.531504 0.350000
v -0.250000 0.531504 0.200000
v 0.000000 0.531504 0.350000
v -0.050000 0.531504 0.200000
v 0.200000 0.531504 0.350000
v 0.150000 0.531504 0.200000
v 0.400000 0.531504 0.350000
v 0.350000 0.531504 0.200000
v 0.600000 0.531504 0.350000
v 0.550000 0.531504 0.200000
v 0.800000 0.531504 0.350000
v 0.750000 0.531504 0.200000
v 1.000000 0.531504 0.350000
v 0.950000 0.531504 0.200000
v -1.000000 0.531504 0.050000
v -0.800000 0.531504 0.150000
v -0.850000 0.531504 0.000000
v -0.600000 0.531504 0.150000
v -0.650000 0.531504 0.000000
v -0.400000 0.531504 0.150000
v -0.450000 0.531504 0.000000
v -0.200000 0.531504 0.150000
v -0.250000 0.531504 0.000000
v 0.000000 0.531504 0.150000
v -0.050000 0.531504 0.000000
v 0.200000 0.531504 0.150000
v 0.150000 0.531504 0.000000
v 0.400000 0.531504 0.150000
v 0.350000 0.531504 0.000000
v 0.600000 0.531504 0.150000
v 0.550000 0.531504 0.000000
v 0.800000 0.531504 0.150000
v 0.750000 0.531504 0.000000
v 1.000000 0.531504 0.150000
v 0.950000 0.531504 0.000000
v -1.000000 0.531504 -0.150000
v -0.800000 0.531504 -0.050000
v -0.850000 0.531504 -0.200000
v -0.600000 0.531504 -0.050000
v -0.650000 0.531504 -0.200000
v -0.400000 0.531504 -0.050000
v -0.450000 0.531504 -0.200000
v -0.200000 0.531504 -0.050000
v -0.250000 0.531504 -0.200000
v 0.000000 0.531504 -0.050000
v -0.050000 0.531504 -0.200000
v 0.200000 0.531504 -0.050000
v 0.150000 0.531504 -0.200000
v 0.400000 0.531504 -0.050000
v 0.350000 0.531504 -0.200000
v 0.600000 0.531504 -0.050000
v 0.550000 0.531504 -0.200000
v 0.800000 0.531504 -0.050000
v 0.750000 0.531504 -0.200000
v 1.000000 0.531504 -0.050000
v 0.950000 0.531504 -0.200000
v -1.000000 0.531504 -0.350000
v -0.800000 0.531504 -0.250000
v -0.850000 0.531504 -0.400000
v -0.600000 0.531504 -0.250000
v -0.650000 0.531504 -0.400000
v -0.400000 0.531504 -0.250000
v -0.450000 0.531504 -0.400000
v -0.200000 0.531504 -0.250000
v -0.250000 0.531504 -0.400000
v 0.000000 0.531504 -0.250000
v -0.050000 0.531504 -0.400000
v 0.200000 0.531504 -0.250000
v 0.150000 0.531504 -0.400000
v 0.400000 0.531504 -0.250000
v 0.350000 0.531504 -0.400000
v 0.600000 0.531504 -0.250000
v 0.550000 0.531504 -0.400000
v 0.800000 0.531504 -0.250000
v 0.750000 0.531504 -0.400000
v 1.000000 0.531504 -0.250000
v 0.950000 0.531504 -0.400000
v -1.000000 0.531504 -0.550000
v -0.800000 0.531504 -0.450000
v -0.850000 0.531504 -0.600000
v -0.600000 0.531504 -0.450000
v -0.650000 0.531504 -0.600000
v -0.400000 0.531504 -0.450000
v -0.450000 0.531504 -0.600000
v -0.200000 0.531504 -0.450000
v -0.250000 0.531504 -0.600000
v 0.000000 0.531504 -0.450000
v -0.050000 0.531504 -0.600000
v 0.200000 0.531504 -0.450000
v 0.150000 0.531504 -0.600000
v 0.400000 0.531504 -0.450000
v 0.350000 0.531504 -0.600000
v 0.600000 0.531504 -0.450000
v 0.550000 0.531504 -0.600000
v 0.800000 0.531504 -0.450000
v 0.750000 0.531504 -0.600000
v 1.000000 0.531504 -0.450000
v 0.950000 0.531504 -0.600000
v -1.000000 0.531504 -0.750000
v -0.800000 0.531504 -0.650000
v -0.850000 0.531504 -0.800000
v -0.600000 0.531504 -0.650000
v -0.650000 0.531504 -0.800000
v -0.400000 0.531504 -0.650000
v -0.450000 0.531504 -0.800000
v -0.200000 0.531504 -0.650000
v -0.250000 0.531504 -0.800000
v 0.000000 0.531504 -0.650000
v -0.050000 0.531504 -0.800000
v 0.200000 0.531504 -0.650000
v 0.150000 0.531504 -0.800000
v 0.400000 0.531504 -0.650000
v 0.350000 0.531504 -0.800000
v 0.600000 0.531504 -0.650000
v 0.550000 0.531504 -0.800000
v 0.800000 0.531504 -0.650000
v 0.750000 0.531504 -0.800000
v 1.000000 0.531504 -0.650000
v 0.950000 0.531504 -0.800000
v -1.000000 0.531504 -0.950000
v -0.800000 0.531504 -0.850000
v -0.850000 0.531504 -1.000000
v -0.600000 0.531504 -0.850000
v -0.650000 0.531504 -1.000000
v -0.400000 0.531504 -0.850000
v -0.450000 0.531504 -1.000000
v -0.200000 0.531504 -0.850000
v -0.250000 0.531504 -1.000000
v 0.000000 0.531504 -0.850000
v -0.050000 0.531504 -1.000000
v 0.200000 0.531504 -0.850000
v 0.150000 0.531504 -1.000000
v 0.400000 0.531504 -0.850000
v 0.350000 0.531504 -1.000000
v 0.600000 0.531504 -0.850000
v 0.550000 0.531504 -1.000000
v 0.800000 0.531504 -0.850000
v 0.750000 0.531504 -1.000000
v 1.000000 0.531504 -0.850000
v 0.950000 0.531504 -1.000000
v 0.900000 0.531504 -0.950000
v 0.900000 0.531504 -0.850000
v 0.850000 0.531504 -0.900000
v 0.950000 0.531504 -0.900000
v 0.700000 0.531504 -0.950000
v 0.700000 0.531504 -0.850000
v 0.650000 0.531504 -0.900000
v 0.750000 0.531504 -0.900000
v 0.500000 0.531504 -0.950000
v 0.500000 0.531504 -0.850000
v 0.450000 0.531504 -0.900000
v 0.550000 0.531504 -0.900000
v 0.300000 0.531504 -0.950000
v 0.300000 0.531504 -0.850000
v 0.250000 0.531504 -0.900000
v 0.350000 0.531504 -0.900000
v 0.100000 0.531504 -0.950000
v 0.100000 0.531504 -0.850000
v 0.050000 0.531504 -0.900000
v 0.150000 0.531504 -0.900000
v -0.100000 0.531504 -0.950000
v -0.100000 0.531504 -0.850000
v -0.150000 0.531504 -0.900000
v -0.050000 0.531504 -0.900000
v -0.300000 0.531504 -0.950000
v -0.300000 0.531504 -0.850000
v -0.350000 0.531504 -0.900000
v -0.250000 0.531504 -0.900000
v -0.500000 0.531504 -0.950000
v -0.500000 0.531504 -0.850000
v -0.550000 0.531504 -0.900000
v -0.450000 0.531504 -0.900000
v -0.700000 0.531504 -0.950000
v -0.700000 0.531504 -0.850000
v -0.750000 0.531504 -0.900000
v -0.650000 0.531504 -0.900000
v -0.900000 0.531504 -0.950000
v -0.900000 0.531504 -0.850000
v -0.950000 0.531504 -0.900000
v -0.850000 0.531504 -0.900000
v 0.900000 0.531504 -0.750000
v 0.900000 0.531504 -0.650000
v 0.850000 0.531504 -0.700000
v 0.950000 0.531504 -0.700000
v 0.700000 0.531504 -0.750000
v 0.700000 0.531504 -0.650000
v 0.650000 0.531504 -0.700000
v 0.750000 0.531504 -0.700000
v 0.500000 0.531504 -0.750000
v 0.500000 0.531504 -0.650000
v 0.450000 0.531504 -0.700000
v 0.550000 0.531504 -0.700000
v 0.300000 0.531504 -0.750000
v 0.300000 0.531504 -0.650000
v 0.250000 0.531504 -0.700000
v 0.350000 0.531504 -0.700000
v 0.100000 0.531504 -0.750000
v 0.100000 0.531504 -0.650000
v 0.050000 0.531504 -0.700000
v 0.150000 0.531504 -0.700000
v -0.100000 0.531504 -0.750000
v -0.100000 0.531504 -0.650000
v -0.150000 0.531504 -0.700000
v -0.050000 0.531504 -0.700000
v -0.300000 0.531504 -0.750000
v -0.300000 0.531504 -0.650000
v -0.350000 0.531504 -0.700000
v -0.250000 0.531504 -0.700000
v -0.500000 0.531504 -0.750000
v -0.500000 0.531504 -0.650000
v -0.550000 0.531504 -0.700000
v -0.450000 0.531504 -0.700000
v -0.700000 0.531504 -0.750000
v -0.700000 0.531504 -0.650000
v -0.750000 0.531504 -0.700000
v -0.650000 0.531504 -0.700000
v -0.900000 0.531504 -0.750000
v -0.900000 0.531504 -0.650000
v -0.950000 0.531504 -0.700000
v -0.850000 0.531504 -0.700000
v 0.900000 0.531504 -0.550000
v 0.900000 0.531504 -0.450000
v 0.850000 0.531504 -0.500000
v 0.950000 0.531504 -0.500000
v 0.700000 0.531504 -0.550000
v 0.700000 0.531504 -0.450000
v 0.650000 0.531504 -0.500000
v 0.750000 0.531504 -0.500000
v 0.500000 0.531504 -0.550000
v 0.500000 0.531504 -0.450000
v 0.450000 0.531504 -0.500000
v 0.550000 0.531504 -0.500000
v 0.300000 0.531504 -0.550000
v 0.300000 0.531504 -0.450000
v 0.250000 0.531504 -0.500000
v 0.350000 0.531504 -0.500000
v 0.100000 0.531504 -0.550000
v 0.100000 0.531504 -0.450000
v 0.050000 0.531504 -0.500000
v 0.150000 0.531504 -0.500000
v -0.100000 0.531504 -0.550000
v -0.100000 0.531504 -0.450000
v -0.150000 0.531504 -0.500000
v -0.050000 0.531504 -0.500000
v -0.300000 0.531504 -0.550000
v -0.300000 0.531504 -0.450000
v -0.350000 0.531504 -0.500000
v -0.250000 0.531504 -0.500000
v -0.500000 0.531504 -0.550000
v -0.500000 0.531504 -0.450000
v -0.550000 0.531504 -0.500000
v -0.450000 0.531504 -0.500000
v -0.700000 0.531504 -0.550000
v -0.700000 0.531504 -0.450000
v -0.750000 0.531504 -0.500000
v -0.650000 0.531504 -0.500000
v -0.900000 0.531504 -0.550000
v -0.900000 0.531504 -0.450000
v -0.950000 0.531504 -0.500000
v -0.850000 0.531504 -0.500000
v 0.900000 0.531504 -0.350000
v 0.900000 0.531504 -0.250000
v 0.850000 0.531504 -0.300000
v 0.950000 0.531504 -0.300000
v 0.700000 0.531504 -0.350000
v 0.700000 0.531504 -0.250000
v 0.650000 0.531504 -0.300000
v 0.750000 0.531504 -0.300000
v 0.500000 0.531504 -0.350000
v 0.500000 0.531504 -0.250000
v 0.450000 0.531504 -0.300000
v 0.550000 0.531504 -0.300000
v 0.300000 0.531504 -0.350000
v 0.300000 0.531504 -0.250000
v 0.250000 0.531504 -0.300000
v 0.350000 0.531504 -0.300000
v 0.100000 0.531504 -0.350000
v 0.100000 0.531504 -0.250000
v 0.050000 0.531504 -0.300000
v 0.150000 0.531504 -0.300000
v -0.100000 0.531504 -0.350000
v -0.100000 0.531504 -0.250000
v -0.150000 0.531504 -0.300000
v -0.050000 0.531504 -0.300000
v -0.300000 0.531504 -0.350000
v -0.300000 0.531504 -0.250000
v -0.350000 0.531504 -0.300000
v -0.250000 0.531504 -0.300000
v -0.500000 0.531504 -0.350000
v -0.500000 0.531504 -0.250000
v -0.550000 0.531504 -0.300000
v -0.450000 0.531504 -0.300000
v -0.700000 0.531504 -0.350000
v -0.700000 0.531504 -0.250000
v -0.750000 0.531504 -0.300000
v -0.650000 0.531504 -0.300000
v -0.900000 0.531504 -0.350000
v -0.900000 0.531504 -0.250000
v -0.950000 0.531504 -0.300000
v -0.850000 0.531504 -0.300000
v 0.900000 0.531504 -0.150000
v 0.900000 0.531504 -0.050000
v 0.850000 0.531504 -0.100000
v 0.950000 0.531504 -0.100000
v 0.700000 0.531504 -0.150000
v 0.700000 0.531504 -0.050000
v 0.650000 0.531504 -0.100000
v 0.750000 0.531504 -0.100000
v 0.500000 0.531504 -0.150000
v 0.500000 0.531504 -0.050000
v 0.450000 0.531504 -0.100000
v 0.550000 0.531504 -0.100000
v 0.300000 0.531504 -0.150000
v 0.300000 0.531504 -0.050000
v 0.250000 0.531504 -0.100000
v 0.350000 0.531504 -0.100000
v 0.100000 0.531504 -0.150000
v 0.100000 0.531504 -0.050000
v 0.050000 0.531504 -0.100000
v 0.150000 0.531504 -0.100000
v -0.100000 0.531504 -0.150000
v -0.100000 0.531504 -0.050000
v -0.150000 0.531504 -0.100000
v -0.050000 0.531504 -0.100000
v -0.300000 0.531504 -0.150000
v -0.300000 0.531504 -0.050000
v -0.350000 0.531504 -0.100000
v -0.250000 0.531504 -0.100000
v -0.500000 0.531504 -0.150000
v -0.500000 0.531504 -0.050000
v -0.550000 0.531504 -0.100000
v -0.450000 0.531504 -0.100000
v -0.700000 0.531504 -0.150000
v -0.700000 0.531504 -0.050000
v -0.750000 0.531504 -0.100000
v -0.650000 0.531504 -0.100000
v -0.900000 0.531504 -0.150000
v -0.900000 0.531504 -0.050000
v -0.950000 0.531504 -0.100000
v -0.850000 0.531504 -0.100000
v 0.900000 0.531504 0.050000
v 0.900000 0.531504 0.150000
v 0.850000 0.531504 0.100000
v 0.950000 0.531504 0.100000
v 0.700000 0.531504 0.050000
v 0.700000 0.531504 0.150000
v 0.650000 0.531504 0.100000
v 0.750000 0.531504 0.100000
v 0.500000 0.531504 0.050000
v 0.500000 0.531504 0.150000
v 0.450000 0.531504 0.100000
v 0.550000 0.531504 0.100000
v 0.300000 0.531504 0.050000
v 0.300000 0.531504 0.150000
v 0.250000 0.531504 0.100000
v 0.350000 0.531504 0.100000
v 0.100000 0.531504 0.050000
v 0.100000 0.531504 0.150000
v 0.050000 0.531504 0.100000
v 0.150000 0.531504 0.100000
v -0.100000 0.531504 0.050000
v -0.100000 0.531504 0.150000
v -0.150000 0.531504 0.100000
v -0.050000 0.531504 0.100000
v -0.300000 0.531504 0.050000
v -0.300000 0.531504 0.150000
v -0.350000 0.531504 0.100000
v -0.250000 0.531504 0.100000
v -0.500000 0.531504 0.050000
v -0.500000 0.531504 0.150000
v -0.550000 0.531504 0.100000
v -0.450000 0.531504 0.100000
v -0.700000 0.531504 0.050000
v -0.700000 0.531504 0.150000
v -0.750000 0.531504 0.100000
v -0.650000 0.531504 0.100000
v -0.900000 0.531504 0.050000
v -0.900000 0.531504 0.150000
v -0.950000 0.531504 0.100000
v -0.850000 0.531504 0.100000
v 0.900000 0.531504 0.250000
v 0.900000 0.531504 0.350000
v 0.850000 0.531504 0.300000
v 0.950000 0.531504 0.300000
v 0.700000 0.531504 0.250000
v 0.700000 0.531504 0.350000
v 0.650000 0.531504 0.300000
v 0.750000 0.531504 0.300000
v 0.500000 0.531504 0.250000
v 0.500000 0.531504 0.350000
v 0.450000 0.531504 0.300000
v 0.550000 0.531504 0.300000
v 0.300000 0.531504 0.250000
v 0.300000 0.531504 0.350000
v 0.250000 0.531504 0.300000
v 0.350000 0.531504 0.300000
v 0.100000 0.531504 0.250000
v 0.100000 0.531504 0.350000
v 0.050000 0.531504 0.300000
v 0.150000 0.531504 0.300000
v -0.100000 0.531504 0.250000
v -0.100000 0.531504 0.350000
v -0.150000 0.531504 0.300000
v -0.050000 0.531504 0.300000
v -0.300000 0.531504 0.250000
v -0.300000 0.531504 0.350000
v -0.350000 0.531504 0.300000
v -0.250000 0.531504 0.300000
v -0.500000 0.531504 0.250000
v -0.500000 0.531504 0.350000
v -0.550000 0.531504 0.300000
v -0.450000 0.531504 0.300000
v -0.700000 0.531504 0.250000
v -0.700000 0.531504 0.350000
v -0.750000 0.531504 0.300000
v -0.650000 0.531504 0.300000
v -0.900000 0.531504 0.250000
v -0.900000 0.531504 0.350000
v -0.950000 0.531504 0.300000
v -0.850000 0.531504 0.300000
v 0.900000 0.531504 0.450000
v 0.900000 0.531504 0.550000
v 0.850000 0.531504 0.500000
v 0.950000 0.531504 0.500000
v 0.700000 0.531504 0.450000
v 0.700000 0.531504 0.550000
v 0.650000 0.531504 0.500000
v 0.750000 0.531504 0.500000
v 0.500000 0.531504 0.450000
v 0.500000 0.531504 0.550000
v 0.450000 0.531504 0.500000
v 0.550000 0.531504 0.500000
v 0.300000 0.531504 0.450000
v 0.300000 0.531504 0.550000
v 0.250000 0.531504 0.500000
v 0.350000 0.531504 0.500000
v 0.100000 0.531504 0.450000
v 0.100000 0.531504 0.550000
v 0.050000 0.531504 0.500000
v 0.150000 0.531504 0.500000
v -0.100000 0.531504 0.450000
v -0.100000 0.531504 0.550000
v -0.150000 0.531504 0.500000
v -0.050000 0.531504 0.500000
v -0.300000 0.531504 0.450000
v -0.300000 0.531504 0.550000
v -0.350000 0.531504 0.500000
v -0.250000 0.531504 0.500000
v -0.500000 0.531504 0.450000
v -0.500000 0.531504 0.550000
v -0.550000 0.531504 0.500000
v -0.450000 0.531504 0.500000
v -0.700000 0.531504 0.450000
v -0.700000 0.531504 0.550000
v -0.750000 0.531504 0.500000
v -0.650000 0.531504 0.500000
v -0.900000 0.531504 0.450000
v -0.900000 0.531504 0.550000
v -0.950000 0.531504 0.500000
v -0.850000 0.531504 0.500000
v 0.900000 0.531504 0.650000
v 0.900000 0.531504 0.750000
v 0.850000 0.531504 0.700000
v 0.950000 0.531504 0.700000
v 0.700000 0.531504 0.650000
v 0.700000 0.531504 0.750000
v 0.650000 0.531504 0.700000
v 0.750000 0.531504 0.700000
v 0.500000 0.531504 0.650000
v 0.500000 0.531504 0.750000
v 0.450000 0.531504 0.700000
v 0.550000 0.531504 0.700000
v 0.300000 0.531504 0.650000
v 0.300000 0.531504 0.750000
v 0.250000 0.531504 0.700000
v 0.350000 0.531504 0.700000
v 0.100000 0.531504 0.650000
v 0.100000 0.531504 0.750000
v 0.050000 0.531504 0.700000
v 0.150000 0.531504 0.700000
v -0.100000 0.531504 0.650000
v -0.100000 0.531504 0.750000
v -0.150000 0.531504 0.700000
v -0.050000 0.531504 0.700000
v -0.300000 0.531504 0.650000
v -0.300000 0.531504 0.750000
v -0.350000 0.531504 0.700000
v -0.250000 0.531504 0.700000
v -0.500000 0.531504 0.650000
v -0.500000 0.531504 0.750000
v -0.550000 0.531504 0.700000
v -0.450000 0.531504 0.700000
v -0.700000 0.531504 0.650000
v -0.700000 0.531504 0.750000
v -0.750000 0.531504 0.700000
v -0.650000 0.531504 0.700000
v -0.900000 0.531504 0.650000
v -0.900000 0.531504 0.750000
v -0.950000 0.531504 0.700000
v -0.850000 0.531504 0.700000
v 0.900000 0.531504 0.850000
v 0.900000 0.531504 0.950000
v 0.850000 0.531504 0.900000
v 0.950000 0.531504 0.900000
v 0.700000 0.531504 0.850000
v 0.700000 0.531504 0.950000
v 0.650000 0.531504 0.900000
v 0.750000 0.531504 0.900000
v 0.500000 0.531504 0.850000
v 0.500000 0.531504 0.950000
v 0.450000 0.531504 0.900000
v 0.550000 0.531504 0.900000
v 0.300000 0.531504 0.850000
v 0.300000 0.531504 0.950000
v 0.250000 0.531504 0.900000
v 0.350000 0.531504 0.900000
v 0.100000 0.531504 0.850000
v 0.100000 0.531504 0.950000
v 0.050000 0.531504 0.900000
v 0.150000 0.531504 0.900000
v -0.100000 0.531504 0.850000
v -0.100000 0.531504 0.950000
v -0.150000 0.531504 0.900000
v -0.050000 0.531504 0.900000
v -0.300000 0.531504 0.850000
v -0.300000 0.531504 0.950000
v -0.350000 0.531504 0.900000
v -0.250000 0.531504 0.900000
v -0.500000 0.531504 0.850000
v -0.500000 0.531504 0.950000
v -0.550000 0.531504 0.900000
v -0.450000 0.531504 0.900000
v -0.700000 0.531504 0.850000
v -0.700000 0.531504 0.950000
v -0.750000 0.531504 0.900000
v -0.650000 0.531504 0.900000
v -0.900000 0.531504 0.850000
v -0.900000 0.531504 0.950000
v -0.950000 0.531504 0.900000
v -0.850000 0.531504 0.900000
v -0.850000 0.531504 0.950000
v -0.950000 0.531504 0.950000
v -0.950000 0.531504 0.850000
v -0.650000 0.531504 0.950000
v -0.750000 0.531504 0.950000
v -0.750000 0.531504 0.850000
v -0.450000 0.531504 0.950000
v -0.550000 0.531504 0.950000
v -0.550000 0.531504 0.850000
v -0.250000 0.531504 0.950000
v -0.350000 0.531504 0.950000
v -0.350000 0.531504 0.850000
v -0.050000 0.531504 0.950000
v -0.150000 0.531504 0.950000
v -0.150000 0.531504 0.850000
v 0.150000 0.531504 0.950000
v 0.050000 0.531504 0.950000
v 0.050000 0.531504 0.850000
v 0.350000 0.531504 0.950000
v 0.250000 0.531504 0.950000
v 0.250000 0.531504 0.850000
v 0.550000 0.531504 0.950000
v 0.450000 0.531504 0.950000
v 0.450000 0.531504 0.850000
v 0.750000 0.531504 0.950000
v 0.650000 0.531504 0.950000
v 0.650000 0.531504 0.850000
v 0.950000 0.531504 0.950000
v 0.850000 0.531504 0.950000
v 0.850000 0.531504 0.850000
v -0.850000 0.531504 0.750000
v -0.950000 0.531504 0.750000
v -0.950000 0.531504 0.650000
v -0.650000 0.531504 0.750000
v -0.750000 0.531504 0.750000
v -0.750000 0.531504 0.650000
v -0.450000 0.531504 0.750000
v -0.550000 0.531504 0.750000
v -0.550000 0.531504 0.650000
v -0.250000 0.531504 0.750000
v -0.350000 0.531504 0.750000
v -0.350000 0.531504 0.650000
v -0.050000 0.531504 0.750000
v -0.150000 0.531504 0.750000
v -0.150000 0.531504 0.650000
v 0.150000 0.531504 0.750000
v 0.050000 0.531504 0.750000
v 0.050000 0.531504 0.650000
v 0.350000 0.531504 0.750000
v 0.250000 0.531504 0.750000
v 0.250000 0.531504 0.650000
v 0.550000 0.531504 0.750000
v 0.450000 0.531504 0.750000
v 0.450000 0.531504 0.650000
v 0.750000 0.531504 0.750000
v 0.650000 0.531504 0.750000
v 0.650000 0.531504 0.650000
v 0.950000 0.531504 0.750000
v 0.850000 0.531504 0.750000
v 0.850000 0.531504 0.650000
v -0.850000 0.531504 0.550000
v -0.950000 0.531504 0.550000
v -0.950000 0.531504 0.450000
v -0.650000 0.531504 0.550000
v -0.750000 0.531504 0.550000
v -0.750000 0.531504 0.450000
v -0.450000 0.531504 0.550000
v -0.550000 0.531504 0.550000
v -0.550000 0.531504 0.450000
v -0.250000 0.531504 0.550000
v -0.350000 0.531504 0.550000
v -0.350000 0.531504 0.450000
v -0.050000 0.531504 0.550000
v -0.150000 0.531504 0.550000
v -0.150000 0.531504 0.450000
v 0.150000 0.531504 0.550000
v 0.050000 0.531504 0.550000
v 0.050000 0.531504 0.450000
v 0.350000 0.531504 0.550000
v 0.250000 0.531504 0.550000
v 0.250000 0.531504 0.450000
v 0.550000 0.531504 0.550000
v 0.450000 0.531504 0.550000
v 0.450000 0.531504 0.450000
v 0.750000 0.531504 0.550000
v 0.650000 0.531504 0.550000
v 0.650000 0.531504 0.450000
v 0.950000 0.531504 0.550000
v 0.850000 0.531504 0.550000
v 0.850000 0.531504 0.450000
v -0.850000 0.531504 0.350000
v -0.950000 0.531504 0.350000
v -0.950000 0.531504 0.250000
v -0.650000 0.531504 0.350000
v -0.750000 0.531504 0.350000
v -0.750000 0.531504 0.250000
v -0.450000 0.531504 0.350000
v -0.550000 0.531504 0.350000
v -0.550000 0.531504 0.250000
v -0.250000 0.531504 0.350000
v -0.350000 0.531504 0.350000
v -0.350000 0.531504 0.250000
v -0.050000 0.531504 0.350000
v -0.150000 0.531504 0.350000
v -0.150000 0.531504 0.250000
v 0.150000 0.531504 0.350000
v 0.050000 0.531504 0.350000
v 0.050000 0.531504 0.250000
v 0.350000 0.531504 0.350000
v 0.250000 0.531504 0.350000
v 0.250000 0.531504 0.250000
v 0.550000 0.531504 0.350000
v 0.450000 0.531504 0.350000
v 0.450000 0.531504 0.250000
v 0.750000 0.531504 0.350000
v 0.650000 0.531504 0.350000
v 0.650000 0.531504 0.250000
v 0.950000 0.531504 0.350000
v 0.850000 0.531504 0.350000
v 0.850000 0.531504 0.250000
v -0.850000 0.531504 0.150000
v -0.950000 0.531504 0.150000
v -0.950000 0.531504 0.050000
v -0.650000 0.531504 0.150000
v -0.750000 0.531504 0.150000
v -0.750000 0.531504 0.050000
v -0.450000 0.531504 0.150000
v -0.550000 0.531504 0.150000
v -0.550000 0.531504 0.050000
v -0.250000 0.531504 0.150000
v -0.350000 0.531504 0.150000
v -0.350000 0.531504 0.050000
v -0.050000 0.531504 0.150000
v -0.150000 0.531504 0.150000
v -0.150000 0.531504 0.050000
v 0.150000 0.531504 0.150000
v 0.050000 0.531504 0.150000
v 0.050000 0.531504 0.050000
v 0.350000 0.531504 0.150000
v 0.250000 0.531504 0.150000
v 0.250000 0.531504 0.050000
v 0.550000 0.531504 0.150000
v 0.450000 0.531504 0.150000
v 0.450000 0.531504 0.050000
v 0.750000 0.531504 0.150000
v 0.650000 0.531504 0.150000
v 0.650000 0.531504 0.050000
v 0.950000 0.531504 0.150000
v 0.850000 0.531504 0.150000
v 0.850000 0.531504 0.050000
v -0.850000 0.531504 -0.050000
v -0.950000 0.531504 -0.050000
v -0.950000 0.531504 -0.150000
v -0.650000 0.531504 -0.050000
v -0.750000 0.531504 -0.050000
v -0.750000 0.531504 -0.150000
v -0.450000 0.531504 -0.050000
v -0.550000 0.531504 -0.050000
v -0.550000 0.531504 -0.150000
v -0.250000 0.531504 -0.050000
v -0.350000 0.531504 -0.050000
v -0.350000 0.531504 -0.150000
v -0.050000 0.531504 -0.050000
v -0.150000 0.531504 -0.050000
v -0.150000 0.531504 -0.150000
v 0.150000 0.531504 -0.050000
v 0.050000 0.531504 -0.050000
v 0.050000 0.531504 -0.150000
v 0.350000 0.531504 -0.050000
v 0.250000 0.531504 -0.050000
v 0.250000 0.531504 -0.150000
v 0.550000 0.531504 -0.050000
v 0.450000 0.531504 -0.050000
v 0.450000 0.531504 -0.150000
v 0.750000 0.531504 -0.050000
v 0.650000 0.531504 -0.050000
v 0.650000 0.531504 -0.150000
v 0.950000 0.531504 -0.050000
v 0.850000 0.531504 -0.050000
v 0.850000 0.531504 -0.150000
v -0.850000 0.531504 -0.250000
v -0.950000 0.531504 -0.250000
v -0.950000 0.531504 -0.350000
v -0.650000 0.531504 -0.250000
v -0.750000 0.531504 -0.250000
v -0.750000 0.531504 -0.350000
v -0.450000 0.531504 -0.250000
v -0.550000 0.531504 -0.250000
v -0.550000 0.531504 -0.350000
v -0.250000 0.531504 -0.250000
v -0.350000 0.531504 -0.250000
v -0.350000 0.531504 -0.350000
v -0.050000 0.531504 -0.250000
v -0.150000 0.531504 -0.250000
v -0.150000 0.531504 -0.350000
v 0.150000 0.531504 -0.250000
v 0.050000 0.531504 -0.250000
v 0.050000 0.531504 -0.350000
v 0.350000 0.531504 -0.250000
v 0.250000 0.531504 -0.250000
v 0.250000 0.531504 -0.350000
v 0.550000 0.531504 -0.250000
v 0.450000 0.531504 -0.250000
v 0.450000 0.531504 -0.350000
v 0.750000 0.531504 -0.250000
v 0.650000 0.531504 -0.250000
v 0.650000 0.531504 -0.350000
v 0.950000 0.531504 -0.250000
v 0.850000 0.531504 -0.250000
v 0.850000 0.531504 -0.350000
v -0.850000 0.531504 -0.450000
v -0.950000 0.531504 -0.450000
v -0.950000 0.531504 -0.550000
v -0.650000 0.531504 -0.450000
v -0.750000 0.531504 -0.450000
v -0.750000 0.531504 -0.550000
v -0.450000 0.531504 -0.450000
v -0.550000 0.531504 -0.450000
v -0.550000 0.531504 -0.550000
v -0.250000 0.531504 -0.450000
v -0.350000 0.531504 -0.450000
v -0.350000 0.531504 -0.550000
v -0.050000 0.531504 -0.450000
v -0.150000 0.531504 -0.450000
v -0.150000 0.531504 -0.550000
v 0.150000 0.531504 -0.450000
v 0.050000 0.531504 -0.450000
v 0.050000 0.531504 -0.550000
v 0.350000 0.531504 -0.450000
v 0.250000 0.531504 -0.450000
v 0.250000 0.531504 -0.550000
v 0.550000 0.531504 -0.450000
v 0.450000 0.531504 -0.450000
v 0.450000 0.531504 -0.550000
v 0.750000 0.531504 -0.450000
v 0.650000 0.531504 -0.450000
v 0.650000 0.531504 -0.550000
v 0.950000 0.531504 -0.450000
v 0.850000 0.531504 -0.450000
v 0.850000 0.531504 -0.550000
v -0.850000 0.531504 -0.650000
v -0.950000 0.531504 -0.650000
v -0.950000 0.531504 -0.750000
v -0.650000 0.531504 -0.650000
v -0.750000 0.531504 -0.650000
v -0.750000 0.531504 -0.750000
v -0.450000 0.531504 -0.650000
v -0.550000 0.531504 -0.650000
v -0.550000 0.531504 -0.750000
v -0.250000 0.531504 -0.650000
v -0.350000 0.531504 -0.650000
v -0.350000 0.531504 -0.750000
v -0.050000 0.531504 -0.650000
v -0.150000 0.531504 -0.650000
v -0.150000 0.531504 -0.750000
v 0.150000 0.531504 -0.650000
v 0.050000 0.531504 -0.650000
v 0.050000 0.531504 -0.750000
v 0.350000 0.531504 -0.650000
v 0.250000 0.531504 -0.650000
v 0.250000 0.531504 -0.750000
v 0.550000 0.531504 -0.650000
v 0.450000 0.531504 -0.650000
v 0.450000 0.531504 -0.750000
v 0.750000 0.531504 -0.650000
v 0.650000 0.531504 -0.650000
v 0.650000 0.531504 -0.750000
v 0.950000 0.531504 -0.650000
v 0.850000 0.531504 -0.650000
v 0.850000 0.531504 -0.750000
v -0.850000 0.531504 -0.850000
v -0.950000 0.531504 -0.850000
v -0.950000 0.531504 -0.950000
v -0.650000 0.531504 -0.850000
v -0.750000 0.531504 -0.850000
v -0.750000 0.531504 -0.950000
v -0.450000 0.531504 -0.850000
v -0.550000 0.531504 -0.850000
v -0.550000 0.531504 -0.950000
v -0.250000 0.531504 -0.850000
v -0.350000 0.531504 -0.850000
v -0.350000 0.531504 -0.950000
v -0.050000 0.531504 -0.850000
v -0.150000 0.531504 -0.850000
v -0.150000 0.531504 -0.950000
v 0.150000 0.531504 -0.850000
v 0.050000 0.531504 -0.850000
v 0.050000 0.531504 -0.950000
v 0.350000 0.531504 -0.850000
v 0.250000 0.531504 -0.850000
v 0.250000 0.531504 -0.950000
v 0.550000 0.531504 -0.850000
v 0.450000 0.531504 -0.850000
v 0.450000 0.531504 -0.950000
v 0.750000 0.531504 -0.850000
v 0.650000 0.531504 -0.850000
v 0.650000 0.531504 -0.950000
v 0.950000 0.531504 -0.850000
v 0.850000 0.531504 -0.850000
v 0.850000 0.531504 -0.950000
v 0.950000 0.531504 -0.950000
v 0.750000 0.531504 -0.950000
v 0.550000 0.531504 -0.950000
v 0.350000 0.531504 -0.950000
v 0.150000 0.531504 -0.950000
v -0.050000 0.531504 -0.950000
v -0.250000 0.531504 -0.950000
v -0.450000 0.531504 -0.950000
v -0.650000 0.531504 -0.950000
v -0.850000 0.531504 -0.950000
v 0.950000 0.531504 -0.750000
v 0.750000 0.531504 -0.750000
v 0.550000 0.531504 -0.750000
v 0.350000 0.531504 -0.750000
v 0.150000 0.531504 -0.750000
v -0.050000 0.531504 -0.750000
v -0.250000 0.531504 -0.750000
v -0.450000 0.531504 -0.750000
v -0.650000 0.531504 -0.750000
v -0.850000 0.531504 -0.750000
v 0.950000 0.531504 -0.550000
v 0.750000 0.531504 -0.550000
v 0.550000 0.531504 -0.550000
v 0.350000 0.531504 -0.550000
v 0.150000 0.531504 -0.550000
v -0.050000 0.531504 -0.550000
v -0.250000 0.531504 -0.550000
v -0.450000 0.531504 -0.550000
v -0.650000 0.531504 -0.550000
v -0.850000 0.531504 -0.550000
v 0.950000 0.531504 -0.350000
v 0.750000 0.531504 -0.350000
v 0.550000 0.531504 -0.350000
v 0.350000 0.531504 -0.350000
v 0.150000 0.531504 -0.350000
v -0.050000 0.531504 -0.350000
v -0.250000 0.531504 -0.350000
v -0.450000 0.531504 -0.350000
v -0.650000 0.531504 -0.350000
v -0.850000 0.531504 -0.350000
v 0.950000 0.531504 -0.150000
v 0.750000 0.531504 -0.150000
v 0.550000 0.531504 -0.150000
v 0.350000 0.531504 -0.150000
v 0.150000 0.531504 -0.150000
v -0.050000 0.531504 -0.150000
v -0.250000 0.531504 -0.150000
v -0.450000 0.531504 -0.150000
v -0.650000 0.531504 -0.150000
v -0.850000 0.531504 -0.150000
v 0.950000 0.531504 0.050000
v 0.750000 0.531504 0.050000
v 0.550000 0.531504 0.050000
v 0.350000 0.531504 0.050000
v 0.150000 0.531504 0.050000
v -0.050000 0.531504 0.050000
v -0.250000 0.531504 0.050000
v -0.450000 0.531504 0.050000
v -0.650000 0.531504 0.050000
v -0.850000 0.531504 0.050000
v 0.950000 0.531504 0.250000
v 0.750000 0.531504 0.250000
v 0.550000 0.531504 0.250000
v 0.350000 0.531504 0.250000
v 0.150000 0.531504 0.250000
v -0.050000 0.531504 0.250000
v -0.250000 0.531504 0.250000
v -0.450000 0.531504 0.250000
v -0.650000 0.531504 0.250000
v -0.850000 0.531504 0.250000
v 0.950000 0.531504 0.450000
v 0.750000 0.531504 0.450000
v 0.550000 0.531504 0.450000
v 0.350000 0.531504 0.450000
v 0.150000 0.531504 0.450000
v -0.050000 0.531504 0.450000
v -0.250000 0.531504 0.450000
v -0.450000 0.531504 0.450000
v -0.650000 0.531504 0.450000
v -0.850000 0.531504 0.450000
v 0.950000 0.531504 0.650000
v 0.750000 0.531504 0.650000
v 0.550000 0.531504 0.650000
v 0.350000 0.531504 0.650000
v 0.150000 0.531504 0.650000
v -0.050000 0.531504 0.650000
v -0.250000 0.531504 0.650000
v -0.450000 0.531504 0.650000
v -0.650000 0.531504 0.650000
v -0.850000 0.531504 0.650000
v 0.950000 0.531504 0.850000
v 0.750000 0.531504 0.850000
v 0.550000 0.531504 0.850000
v 0.350000 0.531504 0.850000
v 0.150000 0.531504 0.850000
v -0.050000 0.531504 0.850000
v -0.250000 0.531504 0.850000
v -0.450000 0.531504 0.850000
v -0.650000 0.531504 0.850000
v -0.850000 0.531504 0.850000
v -1.000000 0.531504 0.975000
v -0.825000 0.531504 1.000000
v -0.800000 0.531504 0.825000
v -0.975000 0.531504 0.800000
v -0.625000 0.531504 1.000000
v -0.600000 0.531504 0.825000
v -0.775000 0.531504 0.800000
v -0.425000 0.531504 1.000000
v -0.400000 0.531504 0.825000
v -0.575000 0.531504 0.800000
v -0.225000 0.531504 1.000000
v -0.200000 0.531504 0.825000
v -0.375000 0.531504 0.800000
v -0.025000 0.531504 1.000000
v 0.000000 0.531504 0.825000
v -0.175000 0.531504 0.800000
v 0.175000 0.531504 1.000000
v 0.200000 0.531504 0.825000
v 0.025000 0.531504 0.800000
v 0.375000 0.531504 1.000000
v 0.400000 0.531504 0.825000
v 0.225000 0.531504 0.800000
v 0.575000 0.531504 1.000000
v 0.600000 0.531504 0.825000
v 0.425000 0.531504 0.800000
v 0.775000 0.531504 1.000000
v 0.800000 0.531504 0.825000
v 0.625000 0.531504 0.800000
v 0.975000 0.531504 1.000000
v 1.000000 0.531504 0.825000
v 0.825000 0.531504 0.800000
v -1.000000 0.531504 0.775000
v -0.800000 0.531504 0.625000
v -0.975000 0.531504 0.600000
v -0.600000 0.531504 0.625000
v -0.775000 0.531504 0.600000
v -0.400000 0.531504 0.625000
v -0.575000 0.531504 0.600000
v -0.200000 0.531504 0.625000
v -0.375000 0.531504 0.600000
v 0.000000 0.531504 0.625000
v -0.175000 0.531504 0.600000
v 0.200000 0.531504 0.625000
v 0.025000 0.531504 0.600000
v 0.400000 0.531504 0.625000
v 0.225000 0.531504 0.600000
v 0.600000 0.531504 0.625000
v 0.425000 0.531504 0.600000
v 0.800000 0.531504 0.625000
v 0.625000 0.531504 0.600000
v 1.000000 0.531504 0.625000
v 0.825000 0.531504 0.600000
v -1.000000 0.531504 0.575000
v -0.800000 0.531504 0.425000
v -0.975000 0.531504 0.400000
v -0.600000 0.531504 0.425000
v -0.775000 0.531504 0.400000
v -0.400000 0.531504 0.425000
v -0.575000 0.531504 0.400000
v -0.200000 0.531504 0.425000
v -0.375000 0.531504 0.400000
v 0.000000 0.531504 0.425000
v -0.175000 0.531504 0.400000
v 0.200000 0.531504 0.425000
v 0.025000 0.531504 0.400000
v 0.400000 0.531504 0.425000
v 0.225000 0.531504 0.400000
v 0.600000 0.531504 0.425000
v 0.425000 0.531504 0.400000
v 0.800000 0.531504 0.425000
v 0.625000 0.531504 0.400000
v 1.000000 0.531504 0.425000
v 0.825000 0.531504 0.400000
v -1.000000 0.531504 0.375000
v -0.800000 0.531504 0.225000
v -0.975000 0.531504 0.200000
v -0.600000 0.531504 0.225000
v -0.775000 0.531504 0.200000
v -0.400000 0.531504 0.225000
v -0.575000 0.531504 0.200000
v -0.200000 0.531504 0.225000
v -0.375000 0.531504 0.200000
v 0.000000 0.531504 0.225000
v -0.175000 0.531504 0.200000
v 0.200000 0.531504 0.225000
v 0.025000 0.531504 0.200000
v 0.400000 0.531504 0.225000
v 0.225000 0.531504 0.200000
v 0.600000 0.531504 0.225000
v 0.425000 0.531504 0.200000
v 0.800000 0.531504 0.225000
v 0.625000 0.531504 0.200000
v 1.000000 0.531504 0.225000
v 0.825000 0.531504 0.200000
v -1.000000 0.531504 0.175000
v -0.800000 0.531504 0.025000
v -0.975000 0.531504 0.000000
v -0.600000 0.531504 0.025000
v -0.775000 0.531504 0.000000
v -0.400000 0.531504 0.025000
v -0.575000 0.531504 0.000000
v -0.200000 0.531504 0.025000
v -0.375000 0.531504 0.000000
v 0.000000 0.531504 0.025000
v -0.175000 0.531504 0.000000
v 0.200000 0.531504 0.025000
v 0.025000 0.531504 0.000000
v 0.400000 0.531504 0.025000
v 0.225000 0.531504 0.000000
v 0.600000 0.531504 0.025000
v 0.425000 0.531504 0.000000
v 0.800000 0.531504 0.025000
v 0.625000 0.531504 0.000000
v 1.000000 0.531504 0.025000
v 0.825000 0.531504 0.000000
v -1.000000 0.531504 -0.025000
v -0.800000 0.531504 -0.175000
v -0.975000 0.531504 -0.200000
v -0.600000 0.531504 -0.175000
v -0.775000 0.531504 -0.200000
v -0.400000 0.531504 -0.175000
v -0.575000 0.531504 -0.200000
v -0.200000 0.531504 -0.175000
v -0.375000 0.531504 -0.200000
v 0.000000 0.531504 -0.175000
v -0.175000 0.531504 -0.200000
v 0.200000 0.531504 -0.175000
v 0.025000 0.531504 -0.200000
v 0.400000 0.531504 -0.175000
v 0.225000 0.531504 -0.200000
v 0.600000 0.531504 -0.175000
v 0.425000 0.531504 -0.200000
v 0.800000 0.531504 -0.175000
v 0.625000 0.531504 -0.200000
v 1.000000 0.531504 -0.175000
v 0.825000 0.531504 -0.200000
v -1.000000 0.531504 -0.225000
v -0.800000 0.531504 -0.375000
v -0.975000 0.531504 -0.400000
v -0.600000 0.531504 -0.375000
v -0.775000 0.531504 -0.400000
v -0.400000 0.531504 -0.375000
v -0.575000 0.531504 -0.400000
v -0.200000 0.531504 -0.375000
v -0.375000 0.531504 -0.400000
v 0.000000 0.531504 -0.375000
v -0.175000 0.531504 -0.400000
v 0.200000 0.531504 -0.375000
v 0.025000 0.531504 -0.400000
v 0.400000 0.531504 -0.375000
v 0.225000 0.531504 -0.400000
v 0.600000 0.531504 -0.375000
v 0.425000 0.531504 -0.400000
v 0.800000 0.531504 -0.375000
v 0.625000 0.531504 -0.400000
v 1.000000 0.531504 -0.375000
v 0.825000 0.531504 -0.400000
v -1.000000 0.531504 -0.425000
v -0.800000 0.531504 -0.575000
v -0.975000 0.531504 -0.600000
v -0.600000 0.531504 -0.575000
v -0.775000 0.531504 -0.600000
v -0.400000 0.531504 -0.575000
v -0.575000 0.531504 -0.600000
v -0.200000 0.531504 -0.575000
v -0.375000 0.531504 -0.600000
v 0.000000 0.531504 -0.575000
v -0.175000 0.531504 -0.600000
v 0.200000 0.531504 -0.575000
v 0.025000 0.531504 -0.600000
v 0.400000 0.531504 -0.575000
v 0.225000 0.531504 -0.600000
v 0.600000 0.531504 -0.575000
v 0.425000 0.531504 -0.600000
v 0.800000 0.531504 -0.575000
v 0.625000 0.531504 -0.600000
v 1.000000 0.531504 -0.575000
v 0.825000 0.531504 -0.600000
v -1.000000 0.531504 -0.625000
v -0.800000 0.531504 -0.775000
v -0.975000 0.531504 -0.800000
v -0.600000 0.531504 -0.775000
v -0.775000 0.531504 -0.800000
v -0.400000 0.531504 -0.775000
v -0.575000 0.531504 -0.800000
v -0.200000 0.531504 -0.775000
v -0.375000 0.531504 -0.800000
v 0.000000 0.531504 -0.775000
v -0.175000 0.531504 -0.800000
v 0.200000 0.531504 -0.775000
v 0.025000 0.531504 -0.800000
v 0.400000 0.531504 -0.775000
v 0.225000 0.531504 -0.800000
v 0.600000 0.531504 -0.775000
v 0.425000 0.531504 -0.800000
v 0.800000 0.531504 -0.775000
v 0.625000 0.531504 -0.800000
v 1.000000 0.531504 -0.775000
v 0.825000 0.531504 -0.800000
v -1.000000 0.531504 -0.825000
v -0.800000 0.531504 -0.975000
v -0.975000 0.531504 -1.000000
v -0.600000 0.531504 -0.975000
v -0.775000 0.531504 -1.000000
v -0.400000 0.531504 -0.975000
v -0.575000 0.531504 -1.000000
v -0.200000 0.531504 -0.975000
v -0.375000 0.531504 -1.000000
v 0.000000 0.531504 -0.975000
v -0.175000 0.531504 -1.000000
v 0.200000 0.531504 -0.975000
v 0.025000 0.531504 -1.000000
v 0.400000 0.531504 -0.975000
v 0.225000 0.531504 -1.000000
v 0.600000 0.531504 -0.975000
v 0.425000 0.531504 -1.000000
v 0.800000 0.531504 -0.975000
v 0.625000 0.531504 -1.000000
v 1.000000 0.531504 -0.975000
v 0.825000 0.531504 -1.000000
v -1.000000 0.531504 0.875000
v -0.925000 0.531504 1.000000
v -0.800000 0.531504 0.925000
v -0.875000 0.531504 0.800000
v -0.725000 0.531504 1.000000
v -0.600000 0.531504 0.925000
v -0.675000 0.531504 0.800000
v -0.525000 0.531504 1.000000
v -0.400000 0.531504 0.925000
v -0.475000 0.531504 0.800000
v -0.325000 0.531504 1.000000
v -0.200000 0.531504 0.925000
v -0.275000 0.531504 0.800000
v -0.125000 0.531504 1.000000
v 0.000000 0.531504 0.925000
v -0.075000 0.531504 0.800000
v 0.075000 0.531504 1.000000
v 0.200000 0.531504 0.925000
v 0.125000 0.531504 0.800000
v 0.275000 0.531504 1.000000
v 0.400000 0.531504 0.925000
v 0.325000 0.531504 0.800000
v 0.475000 0.531504 1.000000
v 0.600000 0.531504 0.925000
v 0.525000 0.531504 0.800000
v 0.675000 0.531504 1.000000
v 0.800000 0.531504 0.925000
v 0.725000 0.531504 0.800000
v 0.875000 0.531504 1.000000
v 1.000000 0.531504 0.925000
v 0.925000 0.531504 0.800000
v -1.000000 0.531504 0.675000
v -0.800000 0.531504 0.725000
v -0.875000 0.531504 0.600000
v -0.600000 0.531504 0.725000
v -0.675000 0.531504 0.600000
v -0.400000 0.531504 0.725000
v -0.475000 0.531504 0.600000
v -0.200000 0.531504 0.725000
v -0.275000 0.531504 0.600000
v 0.000000 0.531504 0.725000
v -0.075000 0.531504 0.600000
v 0.200000 0.531504 0.725000
v 0.125000 0.531504 0.600000
v 0.400000 0.531504 0.725000
v 0.325000 0.531504 0.600000
v 0.600000 0.531504 0.725000
v 0.525000 0.531504 0.600000
v 0.800000 0.531504 0.725000
v 0.725000 0.531504 0.600000
v 1.000000 0.531504 0.725000
v 0.925000 0.531504 0.600000
v -1.000000 0.531504 0.475000
v -0.800000 0.531504 0.525000
v -0.875000 0.531504 0.400000
v -0.600000 0.531504 0.525000
v -0.675000 0.531504 0.400000
v -0.400000 0.531504 0.525000
v -0.475000 0.531504 0.400000
v -0.200000 0.531504 0.525000
v -0.275000 0.531504 0.400000
v 0.000000 0.531504 0.525000
v -0.075000 0.531504 0.400000
v 0.200000 0.531504 0.525000
v 0.125000 0.531504 0.400000
v 0.400000 0.531504 0.525000
v 0.325000 0.531504 0.400000
v 0.600000 0.531504 0.525000
v 0.525000 0.531504 0.400000
v 0.800000 0.531504 0.525000
v 0.725000 0.531504 0.400000
v 1.000000 0.531504 0.525000
v 0.925000 0.531504 0.400000
v -1.000000 0.531504 0.275000
v -0.800000 0.531504 0.325000
v -0.875000 0.531504 0.200000
v -0.600000 0.531504 0.325000
v -0.675000 0.531504 0.200000
v -0.400000 0.531504 0.325000
v -0.475000 0.531504 0.200000
v -0.200000 0.531504 0.325000
v -0.275000 0.531504 0.200000
v 0.000000 0.531504 0.325000
v -0.075000 0.531504 0.200000
v 0.200000 0.531504 0.325000
v 0.125000 0.531504 0.200000
v 0.400000 0.531504 0.325000
v 0.325000 0.531504 0.200000
v 0.600000 0.531504 0.325000
v 0.525000 0.531504 0.200000
v 0.800000 0.531504 0.325000
v 0.725000 0.531504 0.200000
v 1.000000 0.531504 0.325000
v 0.925000 0.531504 0.200000
v -1.000000 0.531504 0.075000
v -0.800000 0.531504 0.125000
v -0.875000 0.531504 0.000000
v -0.600000 0.531504 0.125000
v -0.675000 0.531504 0.000000
v -0.400000 0.531504 0.125000
v -0.475000 0.531504 0.000000
v -0.200000 0.531504 0.125000
v -0.275000 0.531504 0.000000
v 0.000000 0.531504 0.125000
v -0.075000 0.531504 0.000000
v 0.200000 0.531504 0.125000
v 0.125000 0.531504 0.000000
v 0.400000 0.531504 0.125000
v 0.325000 0.531504 0.000000
v 0.600000 0.531504 0.125000
v 0.525000 0.531504 0.000000
v 0.800000 0.531504 0.125000
v 0.725000 0.531504 0.000000
v 1.000000 0.531504 0.125000
v 0.925000 0.531504 0.000000
v -1.000000 0.531504 -0.125000
v -0.800000 0.531504 -0.075000
v -0.875000 0.531504 -0.200000
v -0.600000 0.531504 -0.075000
v -0.675000 0.531504 -0.200000
v -0.400000 0.531504 -0.075000
v -0.475000 0.531504 -0.200000
v -0.200000 0.531504 -0.075000
v -0.275000 0.531504 -0.200000
v 0.000000 0.531504 -0.075000
v -0.075000 0.531504 -0.200000
v 0.200000 0.531504 -0.075000
v 0.125000 0.531504 -0.200000
v 0.400000 0.531504 -0.075000
v 0.325000 0.531504 -0.200000
v 0.600000 0.531504 -0.075000
v 0.525000 0.531504 -0.200000
v 0.800000 0.531504 -0.075000
v 0.725000 0.531504 -0.200000
v 1.000000 0.531504 -0.075000
v 0.925000 0.531504 -0.200000
v -1.000000 0.531504 -0.325000
v -0.800000 0.531504 -0.275000
v -0.875000 0.531504 -0.400000
v -0.600000 0.531504 -0.275000
v -0.675000 0.531504 -0.400000
v -0.400000 0.531504 -0.275000
v -0.475000 0.531504 -0.400000
v -0.200000 0.531504 -0.275000
v -0.275000 0.531504 -0.400000
v 0.000000 0.531504 -0.275000
v -0.075000 0.531504 -0.400000
v 0.200000 0.531504 -0.275000
v 0.125000 0.531504 -0.400000
v 0.400000 0.531504 -0.275000
v 0.325000 0.531504 -0.400000
v 0.600000 0.531504 -0.275000
v 0.525000 0.531504 -0.400000
v 0.800000 0.531504 -0.275000
v 0.725000 0.531504 -0.400000
v 1.000000 0.531504 -0.275000
v 0.925000 0.531504 -0.400000
v -1.000000 0.531504 -0.525000
v -0.800000 0.531504 -0.475000
v -0.875000 0.531504 -0.600000
v -0.600000 0.531504 -0.475000
v -0.675000 0.531504 -0.600000
v -0.400000 0.531504 -0.475000
v -0.475000 0.531504 -0.600000
v -0.200000 0.531504 -0.475000
v -0.275000 0.531504 -0.600000
v 0.000000 0.531504 -0.475000
v -0.075000 0.531504 -0.600000
v 0.200000 0.531504 -0.475000
v 0.125000 0.531504 -0.600000
v 0.400000 0.531504 -0.475000
v 0.325000 0.531504 -0.600000
v 0.600000 0.531504 -0.475000
v 0.525000 0.531504 -0.600000
v 0.800000 0.531504 -0.475000
v 0.725000 0.531504 -0.600000
v 1.000000 0.531504 -0.475000
v 0.925000 0.531504 -0.600000
v -1.000000 0.531504 -0.725000
v -0.800000 0.531504 -0.675000
v -0.875000 0.531504 -0.800000
v -0.600000 0.531504 -0.675000
v -0.675000 0.531504 -0.800000
v -0.400000 0.531504 -0.675000
v -0.475000 0.531504 -0.800000
v -0.200000 0.531504 -0.675000
v -0.275000 0.531504 -0.800000
v 0.000000 0.531504 -0.675000
v -0.075000 0.531504 -0.800000
v 0.200000 0.531504 -0.675000
v 0.125000 0.531504 -0.800000
v 0.400000 0.531504 -0.675000
v 0.325000 0.531504 -0.800000
v 0.600000 0.531504 -0.675000
v 0.525000 0.531504 -0.800000
v 0.800000 0.531504 -0.675000
v 0.725000 0.531504 -0.800000
v 1.000000 0.531504 -0.675000
v 0.925000 0.531504 -0.800000
v -1.000000 0.531504 -0.925000
v -0.800000 0.531504 -0.875000
v -0.875000 0.531504 -1.000000
v -0.600000 0.531504 -0.875000
v -0.675000 0.531504 -1.000000
v -0.400000 0.531504 -0.875000
v -0.475000 0.531504 -1.000000
v -0.200000 0.531504 -0.875000
v -0.275000 0.531504 -1.000000
v 0.000000 0.531504 -0.875000
v -0.075000 0.531504 -1.000000
v 0.200000 0.531504 -0.875000
v 0.125000 0.531504 -1.000000
v 0.400000 0.531504 -0.875000
v 0.325000 0.531504 -1.000000
v 0.600000 0.531504 -0.875000
v 0.525000 0.531504 -1.000000
v 0.800000 0.531504 -0.875000
v 0.725000 0.531504 -1.000000
v 1.000000 0.531504 -0.875000
v 0.925000 0.531504 -1.000000
v 0.900000 0.531504 -0.975000
v 0.900000 0.531504 -0.875000
v 0.825000 0.531504 -0.900000
v 0.925000 0.531504 -0.900000
v 0.700000 0.531504 -0.975000
v 0.700000 0.531504 -0.875000
v 0.625000 0.531504 -0.900000
v 0.725000 0.531504 -0.900000
v 0.500000 0.531504 -0.975000
v 0.500000 0.531504 -0.875000
v 0.425000 0.531504 -0.900000
v 0.525000 0.531504 -0.900000
v 0.300000 0.531504 -0.975000
v 0.300000 0.531504 -0.875000
v 0.225000 0.531504 -0.900000
v 0.325000 0.531504 -0.900000
v 0.100000 0.531504 -0.975000
v 0.100000 0.531504 -0.875000
v 0.025000 0.531504 -0.900000
v 0.125000 0.531504 -0.900000
v -0.100000 0.531504 -0.975000
v -0.100000 0.531504 -0.875000
v -0.175000 0.531504 -0.900000
v -0.075000 0.531504 -0.900000
v -0.300000 0.531504 -0.975000
v -0.300000 0.531504 -0.875000
v -0.375000 0.531504 -0.900000
v -0.275000 0.531504 -0.900000
v -0.500000 0.531504 -0.975000
v -0.500000 0.531504 -0.875000
v -0.575000 0.531504 -0.900000
v -0.475000 0.531504 -0.900000
v -0.700000 0.531504 -0.975000
v -0.700000 0.531504 -0.875000
v -0.775000 0.531504 -0.900000
v -0.675000 0.531504 -0.900000
v -0.900000 0.531504 -0.975000
v -0.900000 0.531504 -0.875000
v -0.975000 0.531504 -0.900000
v -0.875000 0.531504 -0.900000
v 0.900000 0.531504 -0.775000
v 0.900000 0.531504 -0.675000
v 0.825000 0.531504 -0.700000
v 0.925000 0.531504 -0.700000
v 0.700000 0.531504 -0.775000
v 0.700000 0.531504 -0.675000
v 0.625000 0.531504 -0.700000
v 0.725000 0.531504 -0.700000
v 0.500000 0.531504 -0.775000
v 0.500000 0.531504 -0.675000
v 0.425000 0.531504 -0.700000
v 0.525000 0.531504 -0.700000
v 0.300000 0.531504 -0.775000
v 0.300000 0.531504 -0.675000
v 0.225000 0.531504 -0.700000
v 0.325000 0.531504 -0.700000
v 0.100000 0.531504 -0.775000
v 0.100000 0.531504 -0.675000
v 0.025000 0.531504 -0.700000
v 0.125000 0.531504 -0.700000
v -0.100000 0.531504 -0.775000
v -0.100000 0.531504 -0.675000
v -0.175000 0.531504 -0.700000
v -0.075000 0.531504 -0.700000
v -0.300000 0.531504 -0.775000
v -0.300000 0.531504 -0.675000
v -0.375000 0.531504 -0.700000
v -0.275000 0.531504 -0.700000
v -0.500000 0.531504 -0.775000
v -0.500000 0.531504 -0.675000
v -0.575000 0.531504 -0.700000
v -0.475000 0.531504 -0.700000
v -0.700000 0.531504 -0.775000
v -0.700000 0.531504 -0.675000
v -0.775000 0.531504 -0.700000
v -0.675000 0.531504 -0.700000
v -0.900000 0.531504 -0.775000
v -0.900000 0.531504 -0.675000
v -0.975000 0.531504 -0.700000
v -0.875000 0.531504 -0.700000
v 0.900000 0.531504 -0.575000
v 0.900000 0.531504 -0.475000
v 0.825000 0.531504 -0.500000
v 0.925000 0.531504 -0.500000
v 0.700000 0.531504 -0.575000
v 0.700000 0.531504 -0.475000
v 0.625000 0.531504 -0.500000
v 0.725000 0.531504 -0.500000
v 0.500000 0.531504 -0.575000
v 0.500000 0.531504 -0.475000
v 0.425000 0.531504 -0.500000
v 0.525000 0.531504 -0.500000
v 0.300000 0.531504 -0.575000
v 0.300000 0.531504 -0.475000
v 0.225000 0.531504 -0.500000
v 0.325000 0.531504 -0.500000
v 0.100000 0.531504 -0.575000
v 0.100000 0.531504 -0.475000
v 0.025000 0.531504 -0.500000
v 0.125000 0.531504 -0.500000
v -0.100000 0.531504 -0.575000
v -0.100000 0.531504 -0.475000
v -0.175000 0.531504 -0.500000
v -0.075000 0.531504 -0.500000
v -0.300000 0.531504 -0.575000
v -0.300000 0.531504 -0.475000
v -0.375000 0.531504 -0.500000
v -0.275000 0.531504 -0.500000
v -0.500000 0.531504 -0.575000
v -0.500000 0.531504 -0.475000
v -0.575000 0.531504 -0.500000
v -0.475000 0.531504 -0.500000
v -0.700000 0.531504 -0.575000
v -0.700000 0.531504 -0.475000
v -0.775000 0.531504 -0.500000
v -0.675000 0.531504 -0.500000
v -0.900000 0.531504 -0.575000
v -0.900000 0.531504 -0.475000
v -0.975000 0.531504 -0.500000
v -0.875000 0.531504 -0.500000
v 0.900000 0.531504 -0.375000
v 0.900000 0.531504 -0.275000
v 0.825000 0.531504 -0.300000
v 0.925000 0.531504 -0.300000
v 0.700000 0.531504 -0.375000
v 0.700000 0.531504 -0.275000
v 0.625000 0.531504 -0.300000
v 0.725000 0.531504 -0.300000
v 0.500000 0.531504 -0.375000
v 0.500000 0.531504 -0.275000
v 0.425000 0.531504 -0.300000
v 0.525000 0.531504 -0.300000
v 0.300000 0.531504 -0.375000
v 0.300000 0.531504 -0.275000
v 0.225000 0.531504 -0.300000
v 0.325000 0.531504 -0.300000
v 0.100000 0.531504 -0.375000
v 0.100000 0.531504 -0.275000
v 0.025000 0.531504 -0.300000
v 0.125000 0.531504 -0.300000
v -0.100000 0.531504 -0.375000
v -0.100000 0.531504 -0.275000
v -0.175000 0.531504 -0.300000
v -0.075000 0.531504 -0.300000
v -0.300000 0.531504 -0.375000
v -0.300000 0.531504 -0.275000
v -0.375000 0.531504 -0.300000
v -0.275000 0.531504 -0.300000
v -0.500000 0.531504 -0.375000
v -0.500000 0.531504 -0.275000
v -0.575000 0.531504 -0.300000
v -0.475000 0.531504 -0.300000
v -0.700000 0.531504 -0.375000
v -0.700000 0.531504 -0.275000
v -0.775000 0.531504 -0.300000
v -0.675000 0.531504 -0.300000
v -0.900000 0.531504 -0.375000
v -0.900000 0.531504 -0.275000
v -0.975000 0.531504 -0.300000
v -0.875000 0.531504 -0.300000
v 0.900000 0.531504 -0.175000
v 0.900000 0.531504 -0.075000
v 0.825000 0.531504 -0.100000
v 0.925000 0.531504 -0.100000
v 0.700000 0.531504 -0.175000
v 0.700000 0.531504 -0.075000
v 0.625000 0.531504 -0.100000
v 0.725000 0.531504 -0.100000
v 0.500000 0.531504 -0.175000
v 0.500000 0.531504 -0.075000
v 0.425000 0.531504 -0.100000
v 0.525000 0.531504 -0.100000
v 0.300000 0.531504 -0.175000
v 0.300000 0.531504 -0.075000
v 0.225000 0.531504 -0.100000
v 0.325000 0.531504 -0.100000
v 0.100000 0.531504 -0.175000
v 0.100000 0.531504 -0.075000
v 0.025000 0.531504 -0.100000
v 0.125000 0.531504 -0.100000
v -0.100000 0.531504 -0.175000
v -0.100000 0.531504 -0.075000
v -0.175000 0.531504 -0.100000
v -0.075000 0.531504 -0.100000
v -0.300000 0.531504 -0.175000
v -0.300000 0.531504 -0.075000
v -0.375000 0.531504 -0.100000
v -0.275000 0.531504 -0.100000
v -0.500000 0.531504 -0.175000
v -0.500000 0.531504 -0.075000
v -0.575000 0.531504 -0.100000
v -0.475000 0.531504 -0.100000
v -0.700000 0.531504 -0.175000
v -0.700000 0.531504 -0.075000
v -0.775000 0.531504 -0.100000
v -0.675000 0.531504 -0.100000
v -0.900000 0.531504 -0.175000
v -0.900000 0.531504 -0.075000
v -0.975000 0.531504 -0.100000
v -0.875000 0.531504 -0.100000
v 0.900000 0.531504 0.025000
v 0.900000 0.531504 0.125000
v 0.825000 0.531504 0.100000
v 0.925000 0.531504 0.100000
v 0.700000 0.531504 0.025000
v 0.700000 0.531504 0.125000
v 0.625000 0.531504 0.100000
v 0.725000 0.531504 0.100000
v 0.500000 0.531504 0.025000
v 0.500000 0.531504 0.125000
v 0.425000 0.531504 0.100000
v 0.525000 0.531504 0.100000
v 0.300000 0.531504 0.025000
v 0.300000 0.531504 0.125000
v 0.225000 0.531504 0.100000
v 0.325000 0.531504 0.100000
v 0.100000 0.531504 0.025000
v 0.100000 0.531504 0.125000
v 0.025000 0.531504 0.100000
v 0.125000 0.531504 0.100000
v -0.100000 0.531504 0.025000
v -0.100000 0.531504 0.125000
v -0.175000 0.531504 0.100000
v -0.075000 0.531504 0.100000
v -0.300000 0.531504 0.025000
v -0.300000 0.531504 0.125000
v -0.375000 0.531504 0.100000
v -0.275000 0.531504 0.100000
v -0.500000 0.531504 0.025000
v -0.500000 0.531504 0.125000
v -0.575000 0.531504 0.100000
v -0.475000 0.531504 0.100000
v -0.700000 0.531504 0.025000
v -0.700000 0.531504 0.125000
v -0.775000 0.531504 0.100000
v -0.675000 0.531504 0.100000
v -0.900000 0.531504 0.025000
v -0.900000 0.531504 0.125000
v -0.975000 0.531504 0.100000
v -0.875000 0.531504 0.100000
v 0.900000 0.531504 0.225000
v 0.900000 0.531504 0.325000
v 0.825000 0.531504 0.300000
v 0.925000 0.531504 0.300000
v 0.700000 0.531504 0.225000
v 0.700000 0.531504 0.325000
v 0.625000 0.531504 0.300000
v 0.725000 0.531504 0.300000
v 0.500000 0.531504 0.225000
v 0.500000 0.531504 0.325000
v 0.425000 0.531504 0.300000
v 0.525000 0.531504 0.300000
v 0.300000 0.531504 0.225000
v 0.300000 0.531504 0.325000
v 0.225000 0.531504 0.300000
v 0.325000 0.531504 0.300000
v 0.100000 0.531504 0.225000
v 0.100000 0.531504 0.325000
v 0.025000 0.531504 0.300000
v 0.125000 0.531504 0.300000
v -0.100000 0.531504 0.225000
v -0.100000 0.531504 0.325000
v -0.175000 0.531504 0.300000
v -0.075000 0.531504 0.300000
v -0.300000 0.531504 0.225000
v -0.300000 0.531504 0.325000
v -0.375000 0.531504 0.300000
v -0.275000 0.531504 0.300000
v -0.500000 0.531504 0.225000
v -0.500000 0.531504 0.325000
v -0.575000 0.531504 0.300000
v -0.475000 0.531504 0.300000
v -0.700000 0.531504 0.225000
v -0.700000 0.531504 0.325000
v -0.775000 0.531504 0.300000
v -0.675000 0.531504 0.300000
v -0.900000 0.531504 0.225000
v -0.900000 0.531504 0.325000
v -0.975000 0.531504 0.300000
v -0.875000 0.531504 0.300000
v 0.900000 0.531504 0.425000
v 0.900000 0.531504 0.525000
v 0.825000 0.531504 0.500000
v 0.925000 0.531504 0.500000
v 0.700000 0.531504 0.425000
v 0.700000 0.531504 0.525000
v 0.625000 0.531504 0.500000
v 0.725000 0.531504 0.500000
v 0.500000 0.531504 0.425000
v 0.500000 0.531504 0.525000
v 0.425000 0.531504 0.500000
v 0.525000 0.531504 0.500000
v 0.300000 0.531504 0.425000
v 0.300000 0.531504 0.525000
v 0.225000 0.531504 0.500000
v 0.325000 0.531504 0.500000
v 0.100000 0.531504 0.425000
v 0.100000 0.531504 0.525000
v 0.025000 0.531504 0.500000
v 0.125000 0.531504 0.500000
v -0.100000 0.531504 0.425000
v -0.100000 0.531504 0.525000
v -0.175000 0.531504 0.500000
v -0.075000 0.531504 0.500000
v -0.300000 0.531504 0.425000
v -0.300000 0.531504 0.525000
v -0.375000 0.531504 0.500000
v -0.275000 0.531504 0.500000
v -0.500000 0.531504 0.425000
v -0.500000 0.531504 0.525000
v -0.575000 0.531504 0.500000
v -0.475000 0.531504 0.500000
v -0.700000 0.531504 0.425000
v -0.700000 0.531504 0.525000
v -0.775000 0.531504 0.500000
v -0.675000 0.531504 0.500000
v -0.900000 0.531504 0.425000
v -0.900000 0.531504 0.525000
v -0.975000 0.531504 0.500000
v -0.875000 0.531504 0.500000
v 0.900000 0.531504 0.625000
v 0.900000 0.531504 0.725000
v 0.825000 0.531504 0.700000
v 0.925000 0.531504 0.700000
v 0.700000 0.531504 0.625000
v 0.700000 0.531504 0.725000
v 0.625000 0.531504 0.700000
v 0.725000 0.531504 0.700000
v 0.500000 0.531504 0.625000
v 0.500000 0.531504 0.725000
v 0.425000 0.531504 0.700000
v 0.525000 0.531504 0.700000
v 0.300000 0.531504 0.625000
v 0.300000 0.531504 0.725000
v 0.225000 0.531504 0.700000
v 0.325000 0.531504 0.700000
v 0.100000 0.531504 0.625000
v 0.100000 0.531504 0.725000
v 0.025000 0.531504 0.700000
v 0.125000 0.531504 0.700000
v -0.100000 0.531504 0.625000
v -0.100000 0.531504 0.725000
v -0.175000 0.531504 0.700000
v -0.075000 0.531504 0.700000
v -0.300000 0.531504 0.625000
v -0.300000 0.531504 0.725000
v -0.375000 0.531504 0.700000
v -0.275000 0.531504 0.700000
v -0.500000 0.531504 0.625000
v -0.500000 0.531504 0.725000
v -0.575000 0.531504 0.700000
v -0.475000 0.531504 0.700000
v -0.700000 0.531504 0.625000
v -0.700000 0.531504 0.725000
v -0.775000 0.531504 0.700000
v -0.675000 0.531504 0.700000
v -0.900000 0.531504 0.625000
v -0.900000 0.531504 0.725000
v -0.975000 0.531504 0.700000
v -0.875000 0.531504 0.700000
v 0.900000 0.531504 0.825000
v 0.900000 0.531504 0.925000
v 0.825000 0.531504 0.900000
v 0.925000 0.531504 0.900000
v 0.700000 0.531504 0.825000
v 0.700000 0.531504 0.925000
v 0.625000 0.531504 0.900000
v 0.725000 0.531504 0.900000
v 0.500000 0.531504 0.825000
v 0.500000 0.531504 0.925000
v 0.425000 0.531504 0.900000
v 0.525000 0.531504 0.900000
v 0.300000 0.531504 0.825000
v 0.300000 0.531504 0.925000
v 0.225000 0.531504 0.900000
v 0.325000 0.531504 0.900000
v 0.100000 0.531504 0.825000
v 0.100000 0.531504 0.925000
v 0.025000 0.531504 0.900000
v 0.125000 0.531504 0.900000
v -0.100000 0.531504 0.825000
v -0.100000 0.531504 0.925000
v -0.175000 0.531504 0.900000
v -0.075000 0.531504 0.900000
v -0.300000 0.531504 0.825000
v -0.300000 0.531504 0.925000
v -0.375000 0.531504 0.900000
v -0.275000 0.531504 0.900000
v -0.500000 0.531504 0.825000
v -0.500000 0.531504 0.925000
v -0.575000 0.531504 0.900000
v -0.475000 0.531504 0.900000
v -0.700000 0.531504 0.825000
v -0.700000 0.531504 0.925000
v -0.775000 0.531504 0.900000
v -0.675000 0.531504 0.900000
v -0.900000 0.531504 0.825000
v -0.900000 0.531504 0.925000
v -0.975000 0.531504 0.900000
v -0.875000 0.531504 0.900000
v -1.000000 0.531504 0.925000
v -0.875000 0.531504 1.000000
v -0.800000 0.531504 0.875000
v -0.925000 0.531504 0.800000
v -0.675000 0.531504 1.000000
v -0.600000 0.531504 0.875000
v -0.725000 0.531504 0.800000
v -0.475000 0.531504 1.000000
v -0.400000 0.531504 0.875000
v -0.525000 0.531504 0.800000
v -0.275000 0.531504 1.000000
v -0.200000 0.531504 0.875000
v -0.325000 0.531504 0.800000
v -0.075000 0.531504 1.000000
v 0.000000 0.531504 0.875000
v -0.125000 0.531504 0.800000
v 0.125000 0.531504 1.000000
v 0.200000 0.531504 0.875000
v 0.075000 0.531504 0.800000
v 0.325000 0.531504 1.000000
v 0.400000 0.531504 0.875000
v 0.275000 0.531504 0.800000
v 0.525000 0.531504 1.000000
v 0.600000 0.531504 0.875000
v 0.475000 0.531504 0.800000
v 0.725000 0.531504 1.000000
v 0.800000 0.531504 0.875000
v 0.675000 0.531504 0.800000
v 0.925000 0.531504 1.000000
v 1.000000 0.531504 0.875000
v 0.875000 0.531504 0.800000
v -1.000000 0.531504 0.725000
v -0.800000 0.531504 0.675000
v -0.925000 0.531504 0.600000
v -0.600000 0.531504 0.675000
v -0.725000 0.531504 0.600000
v -0.400000 0.531504 0.675000
v -0.525000 0.531504 0.600000
v -0.200000 0.531504 0.675000
v -0.325000 0.531504 0.600000
v 0.000000 0.531504 0.675000
v -0.125000 0.531504 0.600000
v 0.200000 0.531504 0.675000
v 0.075000 0.531504 0.600000
v 0.400000 0.531504 0.675000
v 0.275000 0.531504 0.600000
v 0.600000 0.531504 0.675000
v 0.475000 0.531504 0.600000
v 0.800000 0.531504 0.675000
v 0.675000 0.531504 0.600000
v 1.000000 0.531504 0.675000
v 0.875000 0.531504 0.600000
v -1.000000 0.531504 0.525000
v -0.800000 0.531504 0.475000
v -0.925000 0.531504 0.400000
v -0.600000 0.531504 0.475000
v -0.725000 0.531504 0.400000
v -0.400000 0.531504 0.475000
v -0.525000 0.531504 0.400000
v -0.200000 0.531504 0.475000
v -0.325000 0.531504 0.400000
v 0.000000 0.531504 0.475000
v -0.125000 0.531504 0.400000
v 0.200000 0.531504 0.475000
v 0.075000 0.531504 0.400000
v 0.400000 0.531504 0.475000
v 0.275000 0.531504 0.400000
v 0.600000 0.531504 0.475000
v 0.475000 0.531504 0.400000
v 0.800000 0.531504 0.475000
v 0.675000 0.531504 0.400000
v 1.000000 0.531504 0.475000
v 0.875000 0.531504 0.400000
v -1.000000 0.531504 0.325000
v -0.800000 0.531504 0.275000
v -0.925000 0.531504 0.200000
v -0.600000 0.531504 0.275000
v -0.725000 0.531504 0.200000
v -0.400000 0.531504 0.275000
v -0.525000 0.531504 0.200000
v -0.200000 0.531504 0.275000
v -0.325000 0.531504 0.200000
v 0.000000 0.531504 0.275000
v -0.125000 0.531504 0.200000
v 0.200000 0.531504 0.275000
v 0.075000 0.531504 0.200000
v 0.400000 0.531504 0.275000
v 0.275000 0.531504 0.200000
v 0.600000 0.531504 0.275000
v 0.475000 0.531504 0.200000
v 0.800000 0.531504 0.275000
v 0.675000 0.531504 0.200000
v 1.000000 0.531504 0.275000
v 0.875000 0.531504 0.200000
v -1.000000 0.531504 0.125000
v -0.800000 0.531504 0.075000
v -0.925000 0.531504 0.000000
v -0.600000 0.531504 0.075000
v -0.725000 0.531504 0.000000
v -0.400000 0.531504 0.075000
v -0.525000 0.531504 0.000000
v -0.200000 0.531504 0.075000
v -0.325000 0.531504 0.000000
v 0.000000 0.531504 0.075000
v -0.125000 0.531504 0.000000
v 0.200000 0.531504 0.075000
v 0.075000 0.531504 0.000000
v 0.400000 0.531504 0.075000
v 0.275000 0.531504 0.000000
v 0.600000 0.531504 0.075000
v 0.475000 0.531504 0.000000
v 0.800000 0.531504 0.075000
v 0.675000 0.531504 0.000000
v 1.000000 0.531504 0.075000
v 0.875000 0.531504 0.000000
v -1.000000 0.531504 -0.075000
v -0.800000 0.531504 -0.125000
v -0.925000 0.531504 -0.200000
v -0.600000 0.531504 -0.125000
v -0.725000 0.531504 -0.200000
v -0.400000 0.531504 -0.125000
v -0.525000 0.531504 -0.200000
v -0.200000 0.531504 -0.125000
v -0.325000 0.531504 -0.200000
v 0.000000 0.531504 -0.125000
v -0.125000 0.531504 -0.200000
v 0.200000 0.531504 -0.125000
v 0.075000 0.531504 -0.200000
v 0.400000 0.531504 -0.125000
v 0.275000 0.531504 -0.200000
v 0.600000 0.531504 -0.125000
v 0.475000 0.531504 -0.200000
v 0.800000 0.531504 -0.125000
v 0.675000 0.531504 -0.200000
v 1.000000 0.531504 -0.125000
v 0.875000 0.531504 -0.200000
v -1.000000 0.531504 -0.275000
v -0.800000 0.531504 -0.325000
v -0.925000 0.531504 -0.400000
v -0.600000 0.531504 -0.325000
v -0.725000 0.531504 -0.400000
v -0.400000 0.531504 -0.325000
v -0.525000 0.531504 -0.400000
v -0.200000 0.531504 -0.325000
v -0.325000 0.531504 -0.400000
v 0.000000 0.531504 -0.325000
v -0.125000 0.531504 -0.400000
v 0.200000 0.531504 -0.325000
v 0.075000 0.531504 -0.400000
v 0.400000 0.531504 -0.325000
v 0.275000 0.531504 -0.400000
v 0.600000 0.531504 -0.325000
v 0.475000 0.531504 -0.400000
v 0.800000 0.531504 -0.325000
v 0.675000 0.531504 -0.400000
v 1.000000 0.531504 -0.325000
v 0.875000 0.531504 -0.400000
v -1.000000 0.531504 -0.475000
v -0.800000 0.531504 -0.525000
v -0.925000 0.531504 -0.600000
v -0.600000 0.531504 -0.525000
v -0.725000 0.531504 -0.600000
v -0.400000 0.531504 -0.525000
v -0.525000 0.531504 -0.600000
v -0.200000 0.531504 -0.525000
v -0.325000 0.531504 -0.600000
v 0.000000 0.531504 -0.525000
v -0.125000 0.531504 -0.600000
v 0.200000 0.531504 -0.525000
v 0.075000 0.531504 -0.600000
v 0.400000 0.531504 -0.525000
v 0.275000 0.531504 -0.600000
v 0.600000 0.531504 -0.525000
v 0.475000 0.531504 -0.600000
v 0.800000 0.531504 -0.525000
v 0.675000 0.531504 -0.600000
v 1.000000 0.531504 -0.525000
v 0.875000 0.531504 -0.600000
v -1.000000 0.531504 -0.675000
v -0.800000 0.531504 -0.725000
v -0.925000 0.531504 -0.800000
v -0.600000 0.531504 -0.725000
v -0.725000 0.531504 -0.800000
v -0.400000 0.531504 -0.725000
v -0.525000 0.531504 -0.800000
v -0.200000 0.531504 -0.725000
v -0.325000 0.531504 -0.800000
v 0.000000 0.531504 -0.725000
v -0.125000 0.531504 -0.800000
v 0.200000 0.531504 -0.725000
v 0.075000 0.531504 -0.800000
v 0.400000 0.531504 -0.725000
v 0.275000 0.531504 -0.800000
v 0.600000 0.531504 -0.725000
v 0.475000 0.531504 -0.800000
v 0.800000 0.531504 -0.725000
v 0.675000 0.531504 -0.800000
v 1.000000 0.531504 -0.725000
v 0.875000 0.531504 -0.800000
v -1.000000 0.531504 -0.875000
v -0.800000 0.531504 -0.925000
v -0.925000 0.531504 -1.000000
v -0.600000 0.531504 -0.925000
v -0.725000 0.531504 -1.000000
v -0.400000 0.531504 -0.925000
v -0.525000 0.531504 -1.000000
v -0.200000 0.531504 -0.925000
v -0.325000 0.531504 -1.000000
v 0.000000 0.531504 -0.925000
v -0.125000 0.531504 -1.000000
v 0.200000 0.531504 -0.925000
v 0.075000 0.531504 -1.000000
v 0.400000 0.531504 -0.925000
v 0.275000 0.531504 -1.000000
v 0.600000 0.531504 -0.925000
v 0.475000 0.531504 -1.000000
v 0.800000 0.531504 -0.925000
v 0.675000 0.531504 -1.000000
v 1.000000 0.531504 -0.925000
v 0.875000 0.531504 -1.000000
v -1.000000 0.531504 0.825000
v -0.975000 0.531504 1.000000
v -0.800000 0.531504 0.975000
v -0.825000 0.531504 0.800000
v -0.775000 0.531504 1.000000
v -0.600000 0.531504 0.975000
v -0.625000 0.531504 0.800000
v -0.575000 0.531504 1.000000
v -0.400000 0.531504 0.975000
v -0.425000 0.531504 0.800000
v -0.375000 0.531504 1.000000
v -0.200000 0.531504 0.975000
v -0.225000 0.531504 0.800000
v -0.175000 0.531504 1.000000
v 0.000000 0.531504 0.975000
v -0.025000 0.531504 0.800000
v 0.025000 0.531504 1.000000
v 0.200000 0.531504 0.975000
v 0.175000 0.531504 0.800000
v 0.225000 0.531504 1.000000
v 0.400000 0.531504 0.975000
v 0.375000 0.531504 0.800000
v 0.425000 0.531504 1.000000
v 0.600000 0.531504 0.975000
v 0.575000 0.531504 0.800000
v 0.625000 0.531504 1.000000
v 0.800000 0.531504 0.975000
v 0.775000 0.531504 0.800000
v 0.825000 0.531504 1.000000
v 1.000000 0.531504 0.975000
v 0.975000 0.531504 0.800000
v -1.000000 0.531504 0.625000
v -0.800000 0.531504 0.775000
v -0.825000 0.531504 0.600000
v -0.600000 0.531504 0.775000
v -0.625000 0.531504 0.600000
v -0.400000 0.531504 0.775000
v -0.425000 0.531504 0.600000
v -0.200000 0.531504 0.775000
v -0.225000 0.531504 0.600000
v 0.000000 0.531504 0.775000
v -0.025000 0.531504 0.600000
v 0.200000 0.531504 0.775000
v 0.175000 0.531504 0.600000
v 0.400000 0.531504 0.775000
v 0.375000 0.531504 0.600000
v 0.600000 0.531504 0.775000
v 0.575000 0.531504 0.600000
v 0.800000 0.531504 0.775000
v 0.775000 0.531504 0.600000
v 1.000000 0.531504 0.775000
v 0.975000 0.531504 0.600000
v -1.000000 0.531504 0.425000
v -0.800000 0.531504 0.575000
v -0.825000 0.531504 0.400000
v -0.600000 0.531504 0.575000
v -0.625000 0.531504 0.400000
v -0.400000 0.531504 0.575000
v -0.425000 0.531504 0.400000
v -0.200000 0.531504 0.575000
v -0.225000 0.531504 0.400000
v 0.000000 0.531504 0.575000
v -0.025000 0.531504 0.400000
v 0.200000 0.531504 0.575000
v 0.175000 0.531504 0.400000
v 0.400000 0.531504 0.575000
v 0.375000 0.531504 0.400000
v 0.600000 0.531504 0.575000
v 0.575000 0.531504 0.400000
v 0.800000 0.531504 0.575000
v 0.775000 0.531504 0.400000
v 1.000000 0.531504 0.575000
v 0.975000 0.531504 0.400000
v -1.000000 0.531504 0.225000
v -0.800000 0.531504 0.375000
v -0.825000 0.531504 0.200000
v -0.600000 0.531504 0.375000
v -0.625000 0.531504 0.200000
v -0.400000 0.531504 0.375000
v -0.425000 0.531504 0.200000
v -0.200000 0.531504 0.375000
v -0.225000 0.531504 0.200000
v 0.000000 0.531504 0.375000
v -0.025000 0.531504 0.200000
v 0.200000 0.531504 0.375000
v 0.175000 0.531504 0.200000
v 0.400000 0.531504 0.375000
v 0.375000 0.531504 0.200000
v 0.600000 0.531504 0.375000
v 0.575000 0.531504 0.200000
v 0.800000 0.531504 0.375000
v 0.775000 0.531504 0.200000
v 1.000000 0.531504 0.375000
v 0.975000 0.531504 0.200000
v -1.000000 0.531504 0.025000
v -0.800000 0.531504 0.175000
v -0.825000 0.531504 0.000000
v -0.600000 0.531504 0.175000
v -0.625000 0.531504 0.000000
v -0.400000 0.531504 0.175000
v -0.425000 0.531504 0.000000
v -0.200000 0.531504 0.175000
v -0.225000 0.531504 0.000000
v 0.000000 0.531504 0.175000
v -0.025000 0.531504 0.000000
v 0.200000 0.531504 0.175000
v 0.175000 0.531504 0.000000
v 0.400000 0.531504 0.175000
v 0.375000 0.531504 0.000000
v 0.600000 0.531504 0.175000
v 0.575000 0.531504 0.000000
v 0.800000 0.531504 0.175000
v 0.775000 0.531504 0.000000
v 1.000000 0.531504 0.175000
v 0.975000 0.531504 0.000000
v -1.000000 0.531504 -0.175000
v -0.800000 0.531504 -0.025000
v -0.825000 0.531504 -0.200000
v -0.600000 0.531504 -0.025000
v -0.625000 0.531504 -0.200000
v -0.400000 0.531504 -0.025000
v -0.425000 0.531504 -0.200000
v -0.200000 0.531504 -0.025000
v -0.225000 0.531504 -0.200000
v 0.000000 0.531504 -0.025000
v -0.025000 0.531504 -0.200000
v 0.200000 0.531504 -0.025000
v 0.175000 0.531504 -0.200000
v 0.400000 0.531504 -0.025000
v 0.375000 0.531504 -0.200000
v 0.600000 0.531504 -0.025000
v 0.575000 0.531504 -0.200000
v 0.800000 0.531504 -0.025000
v 0.775000 0.531504 -0.200000
v 1.000000 0.531504 -0.025000
v 0.975000 0.531504 -0.200000
v -1.000000 0.531504 -0.375000
v -0.800000 0.531504 -0.225000
v -0.825000 0.531504 -0.400000
v -0.600000 0.531504 -0.225000
v -0.625000 0.531504 -0.400000
v -0.400000 0.531504 -0.225000
v -0.425000 0.531504 -0.400000
v -0.200000 0.531504 -0.225000
v -0.225000 0.531504 -0.400000
v 0.000000 0.531504 -0.225000
v -0.025000 0.531504 -0.400000
v 0.200000 0.531504 -0.225000
v 0.175000 0.531504 -0.400000
v 0.400000 0.531504 -0.225000
v 0.375000 0.531504 -0.400000
v 0.600000 0.531504 -0.225000
v 0.575000 0.531504 -0.400000
v 0.800000 0.531504 -0.225000
v 0.775000 0.531504 -0.400000
v 1.000000 0.531504 -0.225000
v 0.975000 0.531504 -0.400000
v -1.000000 0.531504 -0.575000
v -0.800000 0.531504 -0.425000
v -0.825000 0.531504 -0.600000
v -0.600000 0.531504 -0.425000
v -0.625000 0.531504 -0.600000
v -0.400000 0.531504 -0.425000
v -0.425000 0.531504 -0.600000
v -0.200000 0.531504 -0.425000
v -0.225000 0.531504 -0.600000
v 0.000000 0.531504 -0.425000
v -0.025000 0.531504 -0.600000
v 0.200000 0.531504 -0.425000
v 0.175000 0.531504 -0.600000
v 0.400000 0.531504 -0.425000
v 0.375000 0.531504 -0.600000
v 0.600000 0.531504 -0.425000
v 0.575000 0.531504 -0.600000
v 0.800000 0.531504 -0.425000
v 0.775000 0.531504 -0.600000
v 1.000000 0.531504 -0.425000
v 0.975000 0.531504 -0.600000
v -1.000000 0.531504 -0.775000
v -0.800000 0.531504 -0.625000
v -0.825000 0.531504 -0.800000
v -0.600000 0.531504 -0.625000
v -0.625000 0.531504 -0.800000
v -0.400000 0.531504 -0.625000
v -0.425000 0.531504 -0.800000
v -0.200000 0.531504 -0.625000
v -0.225000 0.531504 -0.800000
v 0.000000 0.531504 -0.625000
v -0.025000 0.531504 -0.800000
v 0.200000 0.531504 -0.625000
v 0.175000 0.531504 -0.800000
v 0.400000 0.531504 -0.625000
v 0.375000 0.531504 -0.800000
v 0.600000 0.531504 -0.625000
v 0.575000 0.531504 -0.800000
v 0.800000 0.531504 -0.625000
v 0.775000 0.531504 -0.800000
v 1.000000 0.531504 -0.625000
v 0.975000 0.531504 -0.800000
v -1.000000 0.531504 -0.975000
v -0.800000 0.531504 -0.825000
v -0.825000 0.531504 -1.000000
v -0.600000 0.531504 -0.825000
v -0.625000 0.531504 -1.000000
v -0.400000 0.531504 -0.825000
v -0.425000 0.531504 -1.000000
v -0.200000 0.531504 -0.825000
v -0.225000 0.531504 -1.000000
v 0.000000 0.531504 -0.825000
v -0.025000 0.531504 -1.000000
v 0.200000 0.531504 -0.825000
v 0.175000 0.531504 -1.000000
v 0.400000 0.531504 -0.825000
v 0.375000 0.531504 -1.000000
v 0.600000 0.531504 -0.825000
v 0.575000 0.531504 -1.000000
v 0.800000 0.531504 -0.825000
v 0.775000 0.531504 -1.000000
v 1.000000 0.531504 -0.825000
v 0.975000 0.531504 -1.000000
v 0.900000 0.531504 -0.925000
v 0.900000 0.531504 -0.825000
v 0.875000 0.531504 -0.900000
v 0.975000 0.531504 -0.900000
v 0.700000 0.531504 -0.925000
v 0.700000 0.531504 -0.825000
v 0.675000 0.531504 -0.900000
v 0.775000 0.531504 -0.900000
v 0.500000 0.531504 -0.925000
v 0.500000 0.531504 -0.825000
v 0.475000 0.531504 -0.900000
v 0.575000 0.531504 -0.900000
v 0.300000 0.531504 -0.925000
v 0.300000 0.531504 -0.825000
v 0.275000 0.531504 -0.900000
v 0.375000 0.531504 -0.900000
v 0.100000 0.531504 -0.925000
v 0.100000 0.531504 -0.825000
v 0.075000 0.531504 -0.900000
v 0.175000 0.531504 -0.900000
v -0.100000 0.531504 -0.925000
v -0.100000 0.531504 -0.825000
v -0.125000 0.531504 -0.900000
v -0.025000 0.531504 -0.900000
v -0.300000 0.531504 -0.925000
v -0.300000 0.531504 -0.825000
v -0.325000 0.531504 -0.900000
v -0.225000 0.531504 -0.900000
v -0.500000 0.531504 -0.925000
v -0.500000 0.531504 -0.825000
v -0.525000 0.531504 -0.900000
v -0.425000 0.531504 -0.900000
v -0.700000 0.531504 -0.925000
v -0.700000 0.531504 -0.825000
v -0.725000 0.531504 -0.900000
v -0.625000 0.531504 -0.900000
v -0.900000 0.531504 -0.925000
v -0.900000 0.531504 -0.825000
v -0.925000 0.531504 -0.900000
v -0.825000 0.531504 -0.900000
v 0.900000 0.531504 -0.725000
v 0.900000 0.531504 -0.625000
v 0.875000 0.531504 -0.700000
v 0.975000 0.531504 -0.700000
v 0.700000 0.531504 -0.725000
v 0.700000 0.531504 -0.625000
v 0.675000 0.531504 -0.700000
v 0.775000 0.531504 -0.700000
v 0.500000 0.531504 -0.725000
v 0.500000 0.531504 -0.625000
v 0.475000 0.531504 -0.700000
v 0.575000 0.531504 -0.700000
v 0.300000 0.531504 -0.725000
v 0.300000 0.531504 -0.625000
v 0.275000 0.531504 -0.700000
v 0.375000 0.531504 -0.700000
v 0.100000 0.531504 -0.725000
v 0.100000 0.531504 -0.625000
v 0.075000 0.531504 -0.700000
v 0.175000 0.531504 -0.700000
v -0.100000 0.531504 -0.725000
v -0.100000 0.531504 -0.625000
v -0.125000 0.531504 -0.700000
v -0.025000 0.531504 -0.700000
v -0.300000 0.531504 -0.725000
v -0.300000 0.531504 -0.625000
v -0.325000 0.531504 -0.700000
v -0.225000 0.531504 -0.700000
v -0.500000 0.531504 -0.725000
v -0.500000 0.531504 -0.625000
v -0.525000 0.531504 -0.700000
v -0.425000 0.531504 -0.700000
v -0.700000 0.531504 -0.725000
v -0.700000 0.531504 -0.625000
v -0.725000 0.531504 -0.700000
v -0.625000 0.531504 -0.700000
v -0.900000 0.531504 -0.725000
v -0.900000 0.531504 -0.625000
v -0.925000 0.531504 -0.700000
v -0.825000 0.531504 -0.700000
v 0.900000 0.531504 -0.525000
v 0.900000 0.531504 -0.425000
v 0.875000 0.531504 -0.500000
v 0.975000 0.531504 -0.500000
v 0.700000 0.531504 -0.525000
v 0.700000 0.531504 -0.425000
v 0.675000 0.531504 -0.500000
v 0.775000 0.531504 -0.500000
v 0.500000 0.531504 -0.525000
v 0.500000 0.531504 -0.425000
v 0.475000 0.531504 -0.500000
v 0.575000 0.531504 -0.500000
v 0.300000 0.531504 -0.525000
v 0.300000 0.531504 -0.425000
v 0.275000 0.531504 -0.500000
v 0.375000 0.531504 -0.500000
v 0.100000 0.531504 -0.525000
v 0.100000 0.531504 -0.425000
v 0.075000 0.531504 -0.500000
v 0.175000 0.531504 -0.500000
v -0.100000 0.531504 -0.525000
v -0.100000 0.531504 -0.425000
v -0.125000 0.531504 -0.500000
v -0.025000 0.531504 -0.500000
v -0.300000 0.531504 -0.525000
v -0.300000 0.531504 -0.425000
v -0.325000 0.531504 -0.500000
v -0.225000 0.531504 -0.500000
v -0.500000 0.531504 -0.525000
v -0.500000 0.531504 -0.425000
v -0.525000 0.531504 -0.500000
v -0.425000 0.531504 -0.500000
v -0.700000 0.531504 -0.525000
v -0.700000 0.531504 -0.425000
v -0.725000 0.531504 -0.500000
v -0.625000 0.531504 -0.500000
v -0.900000 0.531504 -0.525000
v -0.900000 0.531504 -0.425000
v -0.925000 0.531504 -0.500000
v -0.825000 0.531504 -0.500000
v 0.900000 0.531504 -0.325000
v 0.900000 0.531504 -0.225000
v 0.875000 0.531504 -0.300000
v 0.975000 0.531504 -0.300000
v 0.700000 0.531504 -0.325000
v 0.700000 0.531504 -0.225000
v 0.675000 0.531504 -0.300000
v 0.775000 0.531504 -0.300000
v 0.500000 0.531504 -0.325000
v 0.500000 0.531504 -0.225000
v 0.475000 0.531504 -0.300000
v 0.575000 0.531504 -0.300000
v 0.300000 0.531504 -0.325000
v 0.300000 0.531504 -0.225000
v 0.275000 0.531504 -0.300000
v 0.375000 0.531504 -0.300000
v 0.100000 0.531504 -0.325000
v 0.100000 0.531504 -0.225000
v 0.075000 0.531504 -0.300000
v 0.175000 0.531504 -0.300000
v -0.100000 0.531504 -0.325000
v -0.100000 0.531504 -0.225000
v -0.125000 0.531504 -0.300000
v -0.025000 0.531504 -0.300000
v -0.300000 0.531504 -0.325000
v -0.300000 0.531504 -0.225000
v -0.325000 0.531504 -0.300000
v -0.225000 0.531504 -0.300000
v -0.500000 0.531504 -0.325000
v -0.500000 0.531504 -0.225000
v -0.525000 0.531504 -0.300000
v -0.425000 0.531504 -0.300000
v -0.700000 0.531504 -0.325000
v -0.700000 0.531504 -0.225000
v -0.725000 0.531504 -0.300000
v -0.625000 0.531504 -0.300000
v -0.900000 0.531504 -0.325000
v -0.900000 0.531504 -0.225000
v -0.925000 0.531504 -0.300000
v -0.825000 0.531504 -0.300000
v 0.900000 0.531504 -0.125000
v 0.900000 0.531504 -0.025000
v 0.875000 0.531504 -0.100000
v 0.975000 0.531504 -0.100000
v 0.700000 0.531504 -0.125000
v 0.700000 0.531504 -0.025000
v 0.675000 0.531504 -0.100000
v 0.775000 0.531504 -0.100000
v 0.500000 0.531504 -0.125000
v 0.500000 0.531504 -0.025000
v 0.475000 0.531504 -0.100000
v 0.575000 0.531504 -0.100000
v 0.300000 0.531504 -0.125000
v 0.300000 0.531504 -0.025000
v 0.275000 0.531504 -0.100000
v 0.375000 0.531504 -0.100000
v 0.100000 0.531504 -0.125000
v 0.100000 0.531504 -0.025000
v 0.075000 0.531504 -0.100000
v 0.175000 0.531504 -0.100000
v -0.100000 0.531504 -0.125000
v -0.100000 0.531504 -0.025000
v -0.125000 0.531504 -0.100000
v -0.025000 0.531504 -0.100000
v -0.300000 0.531504 -0.125000
v -0.300000 0.531504 -0.025000
v -0.325000 0.531504 -0.100000
v -0.225000 0.531504 -0.100000
v -0.500000 0.531504 -0.125000
v -0.500000 0.531504 -0.025000
v -0.525000 0.531504 -0.100000
v -0.425000 0.531504 -0.100000
v -0.700000 0.531504 -0.125000
v -0.700000 0.531504 -0.025000
v -0.725000 0.531504 -0.100000
v -0.625000 0.531504 -0.100000
v -0.900000 0.531504 -0.125000
v -0.900000 0.531504 -0.025000
v -0.925000 0.531504 -0.100000
v -0.825000 0.531504 -0.100000
v 0.900000 0.531504 0.075000
v 0.900000 0.531504 0.175000
v 0.875000 0.531504 0.100000
v 0.975000 0.531504 0.100000
v 0.700000 0.531504 0.075000
v 0.700000 0.531504 0.175000
v 0.675000 0.531504 0.100000
v 0.775000 0.531504 0.100000
v 0.500000 0.531504 0.075000
v 0.500000 0.531504 0.175000
v 0.475000 0.531504 0.100000
v 0.575000 0.531504 0.100000
v 0.300000 0.531504 0.075000
v 0.300000 0.531504 0.175000
v 0.275000 0.531504 0.100000
v 0.375000 0.531504 0.100000
v 0.100000 0.531504 0.075000
v 0.100000 0.531504 0.175000
v 0.075000 0.531504 0.100000
v 0.175000 0.531504 0.100000
v -0.100000 0.531504 0.075000
v -0.100000 0.531504 0.175000
v -0.125000 0.531504 0.100000
v -0.025000 0.531504 0.100000
v -0.300000 0.531504 0.075000
v -0.300000 0.531504 0.175000
v -0.325000 0.531504 0.100000
v -0.225000 0.531504 0.100000
v -0.500000 0.531504 0.075000
v -0.500000 0.531504 0.175000
v -0.525000 0.531504 0.100000
v -0.425000 0.531504 0.100000
v -0.700000 0.531504 0.075000
v -0.700000 0.531504 0.175000
v -0.725000 0.531504 0.100000
v -0.625000 0.531504 0.100000
v -0.900000 0.531504 0.075000
v -0.900000 0.531504 0.175000
v -0.925000 0.531504 0.100000
v -0.825000 0.531504 0.100000
v 0.900000 0.531504 0.275000
v 0.900000 0.531504 0.375000
v 0.875000 0.531504 0.300000
v 0.975000 0.531504 0.300000
v 0.700000 0.531504 0.275000
v 0.700000 0.531504 0.375000
v 0.675000 0.531504 0.300000
v 0.775000 0.531504 0.300000
v 0.500000 0.531504 0.275000
v 0.500000 0.531504 0.375000
v 0.475000 0.531504 0.300000
v 0.575000 0.531504 0.300000
v 0.300000 0.531504 0.275000
v 0.300000 0.531504 0.375000
v 0.275000 0.531504 0.300000
v 0.375000 0.531504 0.300000
v 0.100000 0.531504 0.275000
v 0.100000 0.531504 0.375000
v 0.075000 0.531504 0.300000
v 0.175000 0.531504 0.300000
v -0.100000 0.531504 0.275000
v -0.100000 0.531504 0.375000
v -0.125000 0.531504 0.300000
v -0.025000 0.531504 0.300000
v -0.300000 0.531504 0.275000
v -0.300000 0.531504 0.375000
v -0.325000 0.531504 0.300000
v -0.225000 0.531504 0.300000
v -0.500000 0.531504 0.275000
v -0.500000 0.531504 0.375000
v -0.525000 0.531504 0.300000
v -0.425000 0.531504 0.300000
v -0.700000 0.531504 0.275000
v -0.700000 0.531504 0.375000
v -0.725000 0.531504 0.300000
v -0.625000 0.531504 0.300000
v -0.900000 0.531504 0.275000
v -0.900000 0.531504 0.375000
v -0.925000 0.531504 0.300000
v -0.825000 0.531504 0.300000
v 0.900000 0.531504 0.475000
v 0.900000 0.531504 0.575000
v 0.875000 0.531504 0.500000
v 0.975000 0.531504 0.500000
v 0.700000 0.531504 0.475000
v 0.700000 0.531504 0.575000
v 0.675000 0.531504 0.500000
v 0.775000 0.531504 0.500000
v 0.500000 0.531504 0.475000
v 0.500000 0.531504 0.575000
v 0.475000 0.531504 0.500000
v 0.575000 0.531504 0.500000
v 0.300000 0.531504 0.475000
v 0.300000 0.531504 0.575000
v 0.275000 0.531504 0.500000
v 0.375000 0.531504 0.500000
v 0.100000 0.531504 0.475000
v 0.100000 0.531504 0.575000
v 0.075000 0.531504 0.500000
v 0.175000 0.531504 0.500000
v -0.100000 0.531504 0.475000
v -0.100000 0.531504 0.575000
v -0.125000 0.531504 0.500000
v -0.025000 0.531504 0.500000
v -0.300000 0.531504 0.475000
v -0.300000 0.531504 0.575000
v -0.325000 0.531504 0.500000
v -0.225000 0.531504 0.500000
v -0.500000 0.531504 0.475000
v -0.500000 0.531504 0.575000
v -0.525000 0.531504 0.500000
v -0.425000 0.531504 0.500000
v -0.700000 0.531504 0.475000
v -0.700000 0.531504 0.575000
v -0.725000 0.531504 0.500000
v -0.625000 0.531504 0.500000
v -0.900000 0.531504 0.475000
v -0.900000 0.531504 0.575000
v -0.925000 0.531504 0.500000
v -0.825000 0.531504 0.500000
v 0.900000 0.531504 0.675000
v 0.900000 0.531504 0.775000
v 0.875000 0.531504 0.700000
v 0.975000 0.531504 0.700000
v 0.700000 0.531504 0.675000
v 0.700000 0.531504 0.775000
v 0.675000 0.531504 0.700000
v 0.775000 0.531504 0.700000
v 0.500000 0.531504 0.675000
v 0.500000 0.531504 0.775000
v 0.475000 0.531504 0.700000
v 0.575000 0.531504 0.700000
v 0.300000 0.531504 0.675000
v 0.300000 0.531504 0.775000
v 0.275000 0.531504 0.700000
v 0.375000 0.531504 0.700000
v 0.100000 0.531504 0.675000
v 0.100000 0.531504 0.775000
v 0.075000 0.531504 0.700000
v 0.175000 0.531504 0.700000
v -0.100000 0.531504 0.675000
v -0.100000 0.531504 0.775000
v -0.125000 0.531504 0.700000
v -0.025000 0.531504 0.700000
v -0.300000 0.531504 0.675000
v -0.300000 0.531504 0.775000
v -0.325000 0.531504 0.700000
v -0.225000 0.531504 0.700000
v -0.500000 0.531504 0.675000
v -0.500000 0.531504 0.775000
v -0.525000 0.531504 0.700000
v -0.425000 0.531504 0.700000
v -0.700000 0.531504 0.675000
v -0.700000 0.531504 0.775000
v -0.725000 0.531504 0.700000
v -0.625000 0.531504 0.700000
v -0.900000 0.531504 0.675000
v -0.900000 0.531504 0.775000
v -0.925000 0.531504 0.700000
v -0.825000 0.531504 0.700000
v 0.900000 0.531504 0.875000
v 0.900000 0.531504 0.975000
v 0.875000 0.531504 0.900000
v 0.975000 0.531504 0.900000
v 0.700000 0.531504 0.875000
v 0.700000 0.531504 0.975000
v 0.675000 0.531504 0.900000
v 0.775000 0.531504 0.900000
v 0.500000 0.531504 0.875000
v 0.500000 0.531504 0.975000
v 0.475000 0.531504 0.900000
v 0.575000 0.531504 0.900000
v 0.300000 0.531504 0.875000
v 0.300000 0.531504 0.975000
v 0.275000 0.531504 0.900000
v 0.375000 0.531504 0.900000
v 0.100000 0.531504 0.875000
v 0.100000 0.531504 0.975000
v 0.075000 0.531504 0.900000
v 0.175000 0.531504 0.900000
v -0.100000 0.531504 0.875000
v -0.100000 0.531504 0.975000
v -0.125000 0.531504 0.900000
v -0.025000 0.531504 0.900000
v -0.300000 0.531504 0.875000
v -0.300000 0.531504 0.975000
v -0.325000 0.531504 0.900000
v -0.225000 0.531504 0.900000
v -0.500000 0.531504 0.875000
v -0.500000 0.531504 0.975000
v -0.525000 0.531504 0.900000
v -0.425000 0.531504 0.900000
v -0.700000 0.531504 0.875000
v -0.700000 0.531504 0.975000
v -0.725000 0.531504 0.900000
v -0.625000 0.531504 0.900000
v -0.900000 0.531504 0.875000
v -0.900000 0.531504 0.975000
v -0.925000 0.531504 0.900000
v -0.825000 0.531504 0.900000
v -0.850000 0.531504 0.925000
v -0.850000 0.531504 0.975000
v -0.875000 0.531504 0.950000
v -0.825000 0.531504 0.950000
v -0.950000 0.531504 0.925000
v -0.950000 0.531504 0.975000
v -0.975000 0.531504 0.950000
v -0.925000 0.531504 0.950000
v -0.950000 0.531504 0.825000
v -0.950000 0.531504 0.875000
v -0.975000 0.531504 0.850000
v -0.925000 0.531504 0.850000
v -0.650000 0.531504 0.925000
v -0.650000 0.531504 0.975000
v -0.675000 0.531504 0.950000
v -0.625000 0.531504 0.950000
v -0.750000 0.531504 0.925000
v -0.750000 0.531504 0.975000
v -0.775000 0.531504 0.950000
v -0.725000 0.531504 0.950000
v -0.750000 0.531504 0.825000
v -0.750000 0.531504 0.875000
v -0.775000 0.531504 0.850000
v -0.725000 0.531504 0.850000
v -0.450000 0.531504 0.925000
v -0.450000 0.531504 0.975000
v -0.475000 0.531504 0.950000
v -0.425000 0.531504 0.950000
v -0.550000 0.531504 0.925000
v -0.550000 0.531504 0.975000
v -0.575000 0.531504 0.950000
v -0.525000 0.531504 0.950000
v -0.550000 0.531504 0.825000
v -0.550000 0.531504 0.875000
v -0.575000 0.531504 0.850000
v -0.525000 0.531504 0.850000
v -0.250000 0.531504 0.925000
v -0.250000 0.531504 0.975000
v -0.275000 0.531504 0.950000
v -0.225000 0.531504 0.950000
v -0.350000 0.531504 0.925000
v -0.350000 0.531504 0.975000
v -0.375000 0.531504 0.950000
v -0.325000 0.531504 0.950000
v -0.350000 0.531504 0.825000
v -0.350000 0.531504 0.875000
v -0.375000 0.531504 0.850000
v -0.325000 0.531504 0.850000
v -0.050000 0.531504 0.925000
v -0.050000 0.531504 0.975000
v -0.075000 0.531504 0.950000
v -0.025000 0.531504 0.950000
v -0.150000 0.531504 0.925000
v -0.150000 0.531504 0.975000
v -0.175000 0.531504 0.950000
v -0.125000 0.531504 0.950000
v -0.150000 0.531504 0.825000
v -0.150000 0.531504 0.875000
v -0.175000 0.531504 0.850000
v -0.125000 0.531504 0.850000
v 0.150000 0.531504 0.925000
v 0.150000 0.531504 0.975000
v 0.125000 0.531504 0.950000
v 0.175000 0.531504 0.950000
v 0.050000 0.531504 0.925000
v 0.050000 0.531504 0.975000
v 0.025000 0.531504 0.950000
v 0.075000 0.531504 0.950000
v 0.050000 0.531504 0.825000
v 0.050000 0.531504 0.875000
v 0.025000 0.531504 0.850000
v 0.075000 0.531504 0.850000
v 0.350000 0.531504 0.925000
v 0.350000 0.531504 0.975000
v 0.325000 0.531504 0.950000
v 0.375000 0.531504 0.950000
v 0.250000 0.531504 0.925000
v 0.250000 0.531504 0.975000
v 0.225000 0.531504 0.950000
v 0.275000 0.531504 0.950000
v 0.250000 0.531504 0.825000
v 0.250000 0.531504 0.875000
v 0.225000 0.531504 0.850000
v 0.275000 0.531504 0.850000
v 0.550000 0.531504 0.925000
v 0.550000 0.531504 0.975000
v 0.525000 0.531504 0.950000
v 0.575000 0.531504 0.950000
v 0.450000 0.531504 0.925000
v 0.450000 0.531504 0.975000
v 0.425000 0.531504 0.950000
v 0.475000 0.531504 0.950000
v 0.450000 0.531504 0.825000
v 0.450000 0.531504 0.875000
v 0.425000 0.531504 0.850000
v 0.475000 0.531504 0.850000
v 0.750000 0.531504 0.925000
v 0.750000 0.531504 0.975000
v 0.725000 0.531504 0.950000
v 0.775000 0.531504 0.950000
v 0.650000 0.531504 0.925000
v 0.650000 0.531504 0.975000
v 0.625000 0.531504 0.950000
v 0.675000 0.531504 0.950000
v 0.650000 0.531504 0.825000
v 0.650000 0.531504 0.875000
v 0.625000 0.531504 0.850000
v 0.675000 0.531504 0.850000
v 0.950000 0.531504 0.925000
v 0.950000 0.531504 0.975000
v 0.925000 0.531504 0.950000
v 0.975000 0.531504 0.950000
v 0.850000 0.531504 0.925000
v 0.850000 0.531504 0.975000
v 0.825000 0.531504 0.950000
v 0.875000 0.531504 0.950000
v 0.850000 0.531504 0.825000
v 0.850000 0.531504 0.875000
v 0.825000 0.531504 0.850000
v 0.875000 0.531504 0.850000
v -0.850000 0.531504 0.725000
v -0.850000 0.531504 0.775000
v -0.875000 0.531504 0.750000
v -0.825000 0.531504 0.750000
v -0.950000 0.531504 0.725000
v -0.950000 0.531504 0.775000
v -0.975000 0.531504 0.750000
v -0.925000 0.531504 0.750000
v -0.950000 0.531504 0.625000
v -0.950000 0.531504 0.675000
v -0.975000 0.531504 0.650000
v -0.925000 0.531504 0.650000
v -0.650000 0.531504 0.725000
v -0.650000 0.531504 0.775000
v -0.675000 0.531504 0.750000
v -0.625000 0.531504 0.750000
v -0.750000 0.531504 0.725000
v -0.750000 0.531504 0.775000
v -0.775000 0.531504 0.750000
v -0.725000 0.531504 0.750000
v -0.750000 0.531504 0.625000
v -0.750000 0.531504 0.675000
v -0.775000 0.531504 0.650000
v -0.725000 0.531504 0.650000
v -0.450000 0.531504 0.725000
v -0.450000 0.531504 0.775000
v -0.475000 0.531504 0.750000
v -0.425000 0.531504 0.750000
v -0.550000 0.531504 0.725000
v -0.550000 0.531504 0.775000
v -0.575000 0.531504 0.750000
v -0.525000 0.531504 0.750000
v -0.550000 0.531504 0.625000
v -0.550000 0.531504 0.675000
v -0.575000 0.531504 0.650000
v -0.525000 0.531504 0.650000
v -0.250000 0.531504 0.725000
v -0.250000 0.531504 0.775000
v -0.275000 0.531504 0.750000
v -0.225000 0.531504 0.750000
v -0.350000 0.531504 0.725000
v -0.350000 0.531504 0.775000
v -0.375000 0.531504 0.750000
v -0.325000 0.531504 0.750000
v -0.350000 0.531504 0.625000
v -0.350000 0.531504 0.675000
v -0.375000 0.531504 0.650000
v -0.325000 0.531504 0.650000
v -0.050000 0.531504 0.725000
v -0.050000 0.531504 0.775000
v -0.075000 0.531504 0.750000
v -0.025000 0.531504 0.750000
v -0.150000 0.531504 0.725000
v -0.150000 0.531504 0.775000
v -0.175000 0.531504 0.750000
v -0.125000 0.531504 0.750000
v -0.150000 0.531504 0.625000
v -0.150000 0.531504 0.675000
v -0.175000 0.531504 0.650000
v -0.125000 0.531504 0.650000
v 0.150000 0.531504 0.725000
v 0.150000 0.531504 0.775000
v 0.125000 0.531504 0.750000
v 0.175000 0.531504 0.750000
v 0.050000 0.531504 0.725000
v 0.050000 0.531504 0.775000
v 0.025000 0.531504 0.750000
v 0.075000 0.531504 0.750000
v 0.050000 0.531504 0.625000
v 0.050000 0.531504 0.675000
v 0.025000 0.531504 0.650000
v 0.075000 0.531504 0.650000
v 0.350000 0.531504 0.725000
v 0.350000 0.531504 0.775000
v 0.325000 0.531504 0.750000
v 0.375000 0.531504 0.750000
v 0.250000 0.531504 0.725000
v 0.250000 0.531504 0.775000
v 0.225000 0.531504 0.750000
v 0.275000 0.531504 0.750000
v 0.250000 0.531504 0.625000
v 0.250000 0.531504 0.675000
v 0.225000 0.531504 0.650000
v 0.275000 0.531504 0.650000
v 0.550000 0.531504 0.725000
v 0.550000 0.531504 0.775000
v 0.525000 0.531504 0.750000
v 0.575000 0.531504 0.750000
v 0.450000 0.531504 0.725000
v 0.450000 0.531504 0.775000
v 0.425000 0.531504 0.750000
v 0.475000 0.531504 0.750000
v 0.450000 0.531504 0.625000
v 0.450000 0.531504 0.675000
v 0.425000 0.531504 0.650000
v 0.475000 0.531504 0.650000
v 0.750000 0.531504 0.725000
v 0.750000 0.531504 0.775000
v 0.725000 0.531504 0.750000
v 0.775000 0.531504 0.750000
v 0.650000 0.531504 0.725000
v 0.650000 0.531504 0.775000
v 0.625000 0.531504 0.750000
v 0.675000 0.531504 0.750000
v 0.650000 0.531504 0.625000
v 0.650000 0.531504 0.675000
v 0.625000 0.531504 0.650000
v 0.675000 0.531504 0.650000
v 0.950000 0.531504 0.725000
v 0.950000 0.531504 0.775000
v 0.925000 0.531504 0.750000
v 0.975000 0.531504 0.750000
v 0.850000 0.531504 0.725000
v 0.850000 0.531504 0.775000
v 0.825000 0.531504 0.750000
v 0.875000 0.531504 0.750000
v 0.850000 0.531504 0.625000
v 0.850000 0.531504 0.675000
v 0.825000 0.531504 0.650000
v 0.875000 0.531504 0.650000
v -0.850000 0.531504 0.525000
v -0.850000 0.531504 0.575000
v -0.875000 0.531504 0.550000
v -0.825000 0.531504 0.550000
v -0.950000 0.531504 0.525000
v -0.950000 0.531504 0.575000
v -0.975000 0.531504 0.550000
v -0.925000 0.531504 0.550000
v -0.950000 0.531504 0.425000
v -0.950000 0.531504 0.475000
v -0.975000 0.531504 0.450000
v -0.925000 0.531504 0.450000
v -0.650000 0.531504 0.525000
v -0.650000 0.531504 0.575000
v -0.675000 0.531504 0.550000
v -0.625000 0.531504 0.550000
v -0.750000 0.531504 0.525000
v -0.750000 0.531504 0.575000
v -0.775000 0.531504 0.550000
v -0.725000 0.531504 0.550000
v -0.750000 0.531504 0.425000
v -0.750000 0.531504 0.475000
v -0.775000 0.531504 0.450000
v -0.725000 0.531504 0.450000
v -0.450000 0.531504 0.525000
v -0.450000 0.531504 0.575000
v -0.475000 0.531504 0.550000
v -0.425000 0.531504 0.550000
v -0.550000 0.531504 0.525000
v -0.550000 0.531504 0.575000
v -0.575000 0.531504 0.550000
v -0.525000 0.531504 0.550000
v -0.550000 0.531504 0.425000
v -0.550000 0.531504 0.475000
v -0.575000 0.531504 0.450000
v -0.525000 0.531504 0.450000
v -0.250000 0.531504 0.525000
v -0.250000 0.531504 0.575000
v -0.275000 0.531504 0.550000
v -0.225000 0.531504 0.550000
v -0.350000 0.531504 0.525000
v -0.350000 0.531504 0.575000
v -0.375000 0.531504 0.550000
v -0.325000 0.531504 0.550000
v -0.350000 0.531504 0.425000
v -0.350000 0.531504 0.475000
v -0.375000 0.531504 0.450000
v -0.325000 0.531504 0.450000
v -0.050000 0.531504 0.525000
v -0.050000 0.531504 0.575000
v -0.075000 0.531504 0.550000
v -0.025000 0.531504 0.550000
v -0.150000 0.531504 0.525000
v -0.150000 0.531504 0.575000
v -0.175000 0.531504 0.550000
v -0.125000 0.531504 0.550000
v -0.150000 0.531504 0.425000
v -0.150000 0.531504 0.475000
v -0.175000 0.531504 0.450000
v -0.125000 0.531504 0.450000
v 0.150000 0.531504 0.525000
v 0.150000 0.531504 0.575000
v 0.125000 0.531504 0.550000
v 0.175000 0.531504 0.550000
v 0.050000 0.531504 0.525000
v 0.050000 0.531504 0.575000
v 0.025000 0.531504 0.550000
v 0.075000 0.531504 0.550000
v 0.050000 0.531504 0.425000
v 0.050000 0.531504 0.475000
v 0.025000 0.531504 0.450000
v 0.075000 0.531504 0.450000
v 0.350000 0.531504 0.525000
v 0.350000 0.531504 0.575000
v 0.325000 0.531504 0.550000
v 0.375000 0.531504 0.550000
v 0.250000 0.531504 0.525000
v 0.250000 0.531504 0.575000
v 0.225000 0.531504 0.550000
v 0.275000 0.531504 0.550000
v 0.250000 0.531504 0.425000
v 0.250000 0.531504 0.475000
v 0.225000 0.531504 0.450000
v 0.275000 0.531504 0.450000
v 0.550000 0.531504 0.525000
v 0.550000 0.531504 0.575000
v 0.525000 0.531504 0.550000
v 0.575000 0.531504 0.550000
v 0.450000 0.531504 0.525000
v 0.450000 0.531504 0.575000
v 0.425000 0.531504 0.550000
v 0.475000 0.531504 0.550000
v 0.450000 0.531504 0.425000
v 0.450000 0.531504 0.475000
v 0.425000 0.531504 0.450000
v 0.475000 0.531504 0.450000
v 0.750000 0.531504 0.525000
v 0.750000 0.531504 0.575000
v 0.725000 0.531504 0.550000
v 0.775000 0.531504 0.550000
v 0.650000 0.531504 0.525000
v 0.650000 0.531504 0.575000
v 0.625000 0.531504 0.550000
v 0.675000 0.531504 0.550000
v 0.650000 0.531504 0.425000
v 0.650000 0.531504 0.475000
v 0.625000 0.531504 0.450000
v 0.675000 0.531504 0.450000
v 0.950000 0.531504 0.525000
v 0.950000 0.531504 0.575000
v 0.925000 0.531504 0.550000
v 0.975000 0.531504 0.550000
v 0.850000 0.531504 0.525000
v 0.850000 0.531504 0.575000
v 0.825000 0.531504 0.550000
v 0.875000 0.531504 0.550000
v 0.850000 0.531504 0.425000
v 0.850000 0.531504 0.475000
v 0.825000 0.531504 0.450000
v 0.875000 0.531504 0.450000
v -0.850000 0.531504 0.325000
v -0.850000 0.531504 0.375000
v -0.875000 0.531504 0.350000
v -0.825000 0.531504 0.350000
v -0.950000 0.531504 0.325000
v -0.950000 0.531504 0.375000
v -0.975000 0.531504 0.350000
v -0.925000 0.531504 0.350000
v -0.950000 0.531504 0.225000
v -0.950000 0.531504 0.275000
v -0.975000 0.531504 0.250000
v -0.925000 0.531504 0.250000
v -0.650000 0.531504 0.325000
v -0.650000 0.531504 0.375000
v -0.675000 0.531504 0.350000
v -0.625000 0.531504 0.350000
v -0.750000 0.531504 0.325000
v -0.750000 0.531504 0.375000
v -0.775000 0.531504 0.350000
v -0.725000 0.531504 0.350000
v -0.750000 0.531504 0.225000
v -0.750000 0.531504 0.275000
v -0.775000 0.531504 0.250000
v -0.725000 0.531504 0.250000
v -0.450000 0.531504 0.325000
v -0.450000 0.531504 0.375000
v -0.475000 0.531504 0.350000
v -0.425000 0.531504 0.350000
v -0.550000 0.531504 0.325000
v -0.550000 0.531504 0.375000
v -0.575000 0.531504 0.350000
v -0.525000 0.531504 0.350000
v -0.550000 0.531504 0.225000
v -0.550000 0.531504 0.275000
v -0.575000 0.531504 0.250000
v -0.525000 0.531504 0.250000
v -0.250000 0.531504 0.325000
v -0.250000 0.531504 0.375000
v -0.275000 0.531504 0.350000
v -0.225000 0.531504 0.350000
v -0.350000 0.531504 0.325000
v -0.350000 0.531504 0.375000
v -0.375000 0.531504 0.350000
v -0.325000 0.531504 0.350000
v -0.350000 0.531504 0.225000
v -0.350000 0.531504 0.275000
v -0.375000 0.531504 0.250000
v -0.325000 0.531504 0.250000
v -0.050000 0.531504 0.325000
v -0.050000 0.531504 0.375000
v -0.075000 0.531504 0.350000
v -0.025000 0.531504 0.350000
v -0.150000 0.531504 0.325000
v -0.150000 0.531504 0.375000
v -0.175000 0.531504 0.350000
v -0.125000 0.531504 0.350000
v -0.150000 0.531504 0.225000
v -0.150000 0.531504 0.275000
v -0.175000 0.531504 0.250000
v -0.125000 0.531504 0.250000
v 0.150000 0.531504 0.325000
v 0.150000 0.531504 0.375000
v 0.125000 0.531504 0.350000
v 0.175000 0.531504 0.350000
v 0.050000 0.531504 0.325000
v 0.050000 0.531504 0.375000
v 0.025000 0.531504 0.350000
v 0.075000 0.531504 0.350000
v 0.050000 0.531504 0.225000
v 0.050000 0.531504 0.275000
v 0.025000 0.531504 0.250000
v 0.075000 0.531504 0.250000
v 0.350000 0.531504 0.325000
v 0.350000 0.531504 0.375000
v 0.325000 0.531504 0.350000
v 0.375000 0.531504 0.350000
v 0.250000 0.531504 0.325000
v 0.250000 0.531504 0.375000
v 0.225000 0.531504 0.350000
v 0.275000 0.531504 0.350000
v 0.250000 0.531504 0.225000
v 0.250000 0.531504 0.275000
v 0.225000 0.531504 0.250000
v 0.275000 0.531504 0.250000
v 0.550000 0.531504 0.325000
v 0.550000 0.531504 0.375000
v 0.525000 0.531504 0.350000
v 0.575000 0.531504 0.350000
v 0.450000 0.531504 0.325000
v 0.450000 0.531504 0.375000
v 0.425000 0.531504 0.350000
v 0.475000 0.531504 0.350000
v 0.450000 0.531504 0.225000
v 0.450000 0.531504 0.275000
v 0.425000 0.531504 0.250000
v 0.475000 0.531504 0.250000
v 0.750000 0.531504 0.325000
v 0.750000 0.531504 0.375000
v 0.725000 0.531504 0.350000
v 0.775000 0.531504 0.350000
v 0.650000 0.531504 0.325000
v 0.650000 0.531504 0.375000
v 0.625000 0.531504 0.350000
v 0.675000 0.531504 0.350000
v 0.650000 0.531504 0.225000
v 0.650000 0.531504 0.275000
v 0.625000 0.531504 0.250000
v 0.675000 0.531504 0.250000
v 0.950000 0.531504 0.325000
v 0.950000 0.531504 0.375000
v 0.925000 0.531504 0.350000
v 0.975000 0.531504 0.350000
v 0.850000 0.531504 0.325000
v 0.850000 0.531504 0.375000
v 0.825000 0.531504 0.350000
v 0.875000 0.531504 0.350000
v 0.850000 0.531504 0.225000
v 0.850000 0.531504 0.275000
v 0.825000 0.531504 0.250000
v 0.875000 0.531504 0.250000
v -0.850000 0.531504 0.125000
v -0.850000 0.531504 0.175000
v -0.875000 0.531504 0.150000
v -0.825000 0.531504 0.150000
v -0.950000 0.531504 0.125000
v -0.950000 0.531504 0.175000
v -0.975000 0.531504 0.150000
v -0.925000 0.531504 0.150000
v -0.950000 0.531504 0.025000
v -0.950000 0.531504 0.075000
v -0.975000 0.531504 0.050000
v -0.925000 0.531504 0.050000
v -0.650000 0.531504 0.125000
v -0.650000 0.531504 0.175000
v -0.675000 0.531504 0.150000
v -0.625000 0.531504 0.150000
v -0.750000 0.531504 0.125000
v -0.750000 0.531504 0.175000
v -0.775000 0.531504 0.150000
v -0.725000 0.531504 0.150000
v -0.750000 0.531504 0.025000
v -0.750000 0.531504 0.075000
v -0.775000 0.531504 0.050000
v -0.725000 0.531504 0.050000
v -0.450000 0.531504 0.125000
v -0.450000 0.531504 0.175000
v -0.475000 0.531504 0.150000
v -0.425000 0.531504 0.150000
v -0.550000 0.531504 0.125000
v -0.550000 0.531504 0.175000
v -0.575000 0.531504 0.150000
v -0.525000 0.531504 0.150000
v -0.550000 0.531504 0.025000
v -0.550000 0.531504 0.075000
v -0.575000 0.531504 0.050000
v -0.525000 0.531504 0.050000
v -0.250000 0.531504 0.125000
v -0.250000 0.531504 0.175000
v -0.275000 0.531504 0.150000
v -0.225000 0.531504 0.150000
v -0.350000 0.531504 0.125000
v -0.350000 0.531504 0.175000
v -0.375000 0.531504 0.150000
v -0.325000 0.531504 0.150000
v -0.350000 0.531504 0.025000
v -0.350000 0.531504 0.075000
v -0.375000 0.531504 0.050000
v -0.325000 0.531504 0.050000
v -0.050000 0.531504 0.125000
v -0.050000 0.531504 0.175000
v -0.075000 0.531504 0.150000
v -0.025000 0.531504 0.150000
v -0.150000 0.531504 0.125000
v -0.150000 0.531504 0.175000
v -0.175000 0.531504 0.150000
v -0.125000 0.531504 0.150000
v -0.150000 0.531504 0.025000
v -0.150000 0.531504 0.075000
v -0.175000 0.531504 0.050000
v -0.125000 0.531504 0.050000
v 0.150000 0.531504 0.125000
v 0.150000 0.531504 0.175000
v 0.125000 0.531504 0.150000
v 0.175000 0.531504 0.150000
v 0.050000 0.531504 0.125000
v 0.050000 0.531504 0.175000
v 0.025000 0.531504 0.150000
v 0.075000 0.531504 0.150000
v 0.050000 0.531504 0.025000
v 0.050000 0.531504 0.075000
v 0.025000 0.531504 0.050000
v 0.075000 0.531504 0.050000
v 0.350000 0.531504 0.125000
v 0.350000 0.531504 0.175000
v 0.325000 0.531504 0.150000
v 0.375000 0.531504 0.150000
v 0.250000 0.531504 0.125000
v 0.250000 0.531504 0.175000
v 0.225000 0.531504 0.150000
v 0.275000 0.531504 0.150000
v 0.250000 0.531504 0.025000
v 0.250000 0.531504 0.075000
v 0.225000 0.531504 0.050000
v 0.275000 0.531504 0.050000
v 0.550000 0.531504 0.125000
v 0.550000 0.531504 0.175000
v 0.525000 0.531504 0.150000
v 0.575000 0.531504 0.150000
v 0.450000 0.531504 0.125000
v 0.450000 0.531504 0.175000
v 0.425000 0.531504 0.150000
v 0.475000 0.531504 0.150000
v 0.450000 0.531504 0.025000
v 0.450000 0.531504 0.075000
v 0.425000 0.531504 0.050000
v 0.475000 0.531504 0.050000
v 0.750000 0.531504 0.125000
v 0.750000 0.531504 0.175000
v 0.725000 0.531504 0.150000
v 0.775000 0.531504 0.150000
v 0.650000 0.531504 0.125000
v 0.650000 0.531504 0.175000
v 0.625000 0.531504 0.150000
v 0.675000 0.531504 0.150000
v 0.650000 0.531504 0.025000
v 0.650000 0.531504 0.075000
v 0.625000 0.531504 0.050000
v 0.675000 0.531504 0.050000
v 0.950000 0.531504 0.125000
v 0.950000 0.531504 0.175000
v 0.925000 0.531504 0.150000
v 0.975000 0.531504 0.150000
v 0.850000 0.531504 0.125000
v 0.850000 0.531504 0.175000
v 0.825000 0.531504 0.150000
v 0.875000 0.531504 0.150000
v 0.850000 0.531504 0.025000
v 0.850000 0.531504 0.075000
v 0.825000 0.531504 0.050000
v 0.875000 0.531504 0.050000
v -0.850000 0.531504 -0.075000
v -0.850000 0.531504 -0.025000
v -0.875000 0.531504 -0.050000
v -0.825000 0.531504 -0.050000
v -0.950000 0.531504 -0.075000
v -0.950000 0.531504 -0.025000
v -0.975000 0.531504 -0.050000
v -0.925000 0.531504 -0.050000
v -0.950000 0.531504 -0.175000
v -0.950000 0.531504 -0.125000
v -0.975000 0.531504 -0.150000
v -0.925000 0.531504 -0.150000
v -0.650000 0.531504 -0.075000
v -0.650000 0.531504 -0.025000
v -0.675000 0.531504 -0.050000
v -0.625000 0.531504 -0.050000
v -0.750000 0.531504 -0.075000
v -0.750000 0.531504 -0.025000
v -0.775000 0.531504 -0.050000
v -0.725000 0.531504 -0.050000
v -0.750000 0.531504 -0.175000
v -0.750000 0.531504 -0.125000
v -0.775000 0.531504 -0.150000
v -0.725000 0.531504 -0.150000
v -0.450000 0.531504 -0.075000
v -0.450000 0.531504 -0.025000
v -0.475000 0.531504 -0.050000
v -0.425000 0.531504 -0.050000
v -0.550000 0.531504 -0.075000
v -0.550000 0.531504 -0.025000
v -0.575000 0.531504 -0.050000
v -0.525000 0.531504 -0.050000
v -0.550000 0.531504 -0.175000
v -0.550000 0.531504 -0.125000
v -0.575000 0.531504 -0.150000
v -0.525000 0.531504 -0.150000
v -0.250000 0.531504 -0.075000
v -0.250000 0.531504 -0.025000
v -0.275000 0.531504 -0.050000
v -0.225000 0.531504 -0.050000
v -0.350000 0.531504 -0.075000
v -0.350000 0.531504 -0.025000
v -0.375000 0.531504 -0.050000
v -0.325000 0.531504 -0.050000
v -0.350000 0.531504 -0.175000
v -0.350000 0.531504 -0.125000
v -0.375000 0.531504 -0.150000
v -0.325000 0.531504 -0.150000
v -0.050000 0.531504 -0.075000
v -0.050000 0.531504 -0.025000
v -0.075000 0.531504 -0.050000
v -0.025000 0.531504 -0.050000
v -0.150000 0.531504 -0.075000
v -0.150000 0.531504 -0.025000
v -0.175000 0.531504 -0.050000
v -0.125000 0.531504 -0.050000
v -0.150000 0.531504 -0.175000
v -0.150000 0.531504 -0.125000
v -0.175000 0.531504 -0.150000
v -0.125000 0.531504 -0.150000
v 0.150000 0.531504 -0.075000
v 0.150000 0.531504 -0.025000
v 0.125000 0.531504 -0.050000
v 0.175000 0.531504 -0.050000
v 0.050000 0.531504 -0.075000
v 0.050000 0.531504 -0.025000
v 0.025000 0.531504 -0.050000
v 0.075000 0.531504 -0.050000
v 0.050000 0.531504 -0.175000
v 0.050000 0.531504 -0.125000
v 0.025000 0.531504 -0.150000
v 0.075000 0.531504 -0.150000
v 0.350000 0.531504 -0.075000
v 0.350000 0.531504 -0.025000
v 0.325000 0.531504 -0.050000
v 0.375000 0.531504 -0.050000
v 0.250000 0.531504 -0.075000
v 0.250000 0.531504 -0.025000
v 0.225000 0.531504 -0.050000
v 0.275000 0.531504 -0.050000
v 0.250000 0.531504 -0.175000
v 0.250000 0.531504 -0.125000
v 0.225000 0.531504 -0.150000
v 0.275000 0.531504 -0.150000
v 0.550000 0.531504 -0.075000
v 0.550000 0.531504 -0.025000
v 0.525000 0.531504 -0.050000
v 0.575000 0.531504 -0.050000
v 0.450000 0.531504 -0.075000
v 0.450000 0.531504 -0.025000
v 0.425000 0.531504 -0.050000
v 0.475000 0.531504 -0.050000
v 0.450000 0.531504 -0.175000
v 0.450000 0.531504 -0.125000
v 0.425000 0.531504 -0.150000
v 0.475000 0.531504 -0.150000
v 0.750000 0.531504 -0.075000
v 0.750000 0.531504 -0.025000
v 0.725000 0.531504 -0.050000
v 0.775000 0.531504 -0.050000
v 0.650000 0.531504 -0.075000
v 0.650000 0.531504 -0.025000
v 0.625000 0.531504 -0.050000
v 0.675000 0.531504 -0.050000
v 0.650000 0.531504 -0.175000
v 0.650000 0.531504 -0.125000
v 0.625000 0.531504 -0.150000
v 0.675000 0.531504 -0.150000
v 0.950000 0.531504 -0.075000
v 0.950000 0.531504 -0.025000
v 0.925000 0.531504 -0.050000
v 0.975000 0.531504 -0.050000
v 0.850000 0.531504 -0.075000
v 0.850000 0.531504 -0.025000
v 0.825000 0.531504 -0.050000
v 0.875000 0.531504 -0.050000
v 0.850000 0.531504 -0.175000
v 0.850000 0.531504 -0.125000
v 0.825000 0.531504 -0.150000
v 0.875000 0.531504 -0.150000
v -0.850000 0.531504 -0.275000
v -0.850000 0.531504 -0.225000
v -0.875000 0.531504 -0.250000
v -0.825000 0.531504 -0.250000
v -0.950000 0.531504 -0.275000
v -0.950000 0.531504 -0.225000
v -0.975000 0.531504 -0.250000
v -0.925000 0.531504 -0.250000
v -0.950000 0.531504 -0.375000
v -0.950000 0.531504 -0.325000
v -0.975000 0.531504 -0.350000
v -0.925000 0.531504 -0.350000
v -0.650000 0.531504 -0.275000
v -0.650000 0.531504 -0.225000
v -0.675000 0.531504 -0.250000
v -0.625000 0.531504 -0.250000
v -0.750000 0.531504 -0.275000
v -0.750000 0.531504 -0.225000
v -0.775000 0.531504 -0.250000
v -0.725000 0.531504 -0.250000
v -0.750000 0.531504 -0.375000
v -0.750000 0.531504 -0.325000
v -0.775000 0.531504 -0.350000
v -0.725000 0.531504 -0.350000
v -0.450000 0.531504 -0.275000
v -0.450000 0.531504 -0.225000
v -0.475000 0.531504 -0.250000
v -0.425000 0.531504 -0.250000
v -0.550000 0.531504 -0.275000
v -0.550000 0.531504 -0.225000
v -0.575000 0.531504 -0.250000
v -0.525000 0.531504 -0.250000
v -0.550000 0.531504 -0.375000
v -0.550000 0.531504 -0.325000
v -0.575000 0.531504 -0.350000
v -0.525000 0.531504 -0.350000
v -0.250000 0.531504 -0.275000
v -0.250000 0.531504 -0.225000
v -0.275000 0.531504 -0.250000
v -0.225000 0.531504 -0.250000
v -0.350000 0.531504 -0.275000
v -0.350000 0.531504 -0.225000
v -0.375000 0.531504 -0.250000
v -0.325000 0.531504 -0.250000
v -0.350000 0.531504 -0.375000
v -0.350000 0.531504 -0.325000
v -0.375000 0.531504 -0.350000
v -0.325000 0.531504 -0.350000
v -0.050000 0.531504 -0.275000
v -0.050000 0.531504 -0.225000
v -0.075000 0.531504 -0.250000
v -0.025000 0.531504 -0.250000
v -0.150000 0.531504 -0.275000
v -0.150000 0.531504 -0.225000
v -0.175000 0.531504 -0.250000
v -0.125000 0.531504 -0.250000
v -0.150000 0.531504 -0.375000
v -0.150000 0.531504 -0.325000
v -0.175000 0.531504 -0.350000
v -0.125000 0.531504 -0.350000
v 0.150000 0.531504 -0.275000
v 0.150000 0.531504 -0.225000
v 0.125000 0.531504 -0.250000
v 0.175000 0.531504 -0.250000
v 0.050000 0.531504 -0.275000
v 0.050000 0.531504 -0.225000
v 0.025000 0.531504 -0.250000
v 0.075000 0.531504 -0.250000
v 0.050000 0.531504 -0.375000
v 0.050000 0.531504 -0.325000
v 0.025000 0.531504 -0.350000
v 0.075000 0.531504 -0.350000
v 0.350000 0.531504 -0.275000
v 0.350000 0.531504 -0.225000
v 0.325000 0.531504 -0.250000
v 0.375000 0.531504 -0.250000
v 0.250000 0.531504 -0.275000
v 0.250000 0.531504 -0.225000
v 0.225000 0.531504 -0.250000
v 0.275000 0.531504 -0.250000
v 0.250000 0.531504 -0.375000
v 0.250000 0.531504 -0.325000
v 0.225000 0.531504 -0.350000
v 0.275000 0.531504 -0.350000
v 0.550000 0.531504 -0.275000
v 0.550000 0.531504 -0.225000
v 0.525000 0.531504 -0.250000
v 0.575000 0.531504 -0.250000
v 0.450000 0.531504 -0.275000
v 0.450000 0.531504 -0.225000
v 0.425000 0.531504 -0.250000
v 0.475000 0.531504 -0.250000
v 0.450000 0.531504 -0.375000
v 0.450000 0.531504 -0.325000
v 0.425000 0.531504 -0.350000
v 0.475000 0.531504 -0.350000
v 0.750000 0.531504 -0.275000
v 0.750000 0.531504 -0.225000
v 0.725000 0.531504 -0.250000
v 0.775000 0.531504 -0.250000
v 0.650000 0.531504 -0.275000
v 0.650000 0.531504 -0.225000
v 0.625000 0.531504 -0.250000
v 0.675000 0.531504 -0.250000
v 0.650000 0.531504 -0.375000
v 0.650000 0.531504 -0.325000
v 0.625000 0.531504 -0.350000
v 0.675000 0.531504 -0.350000
v 0.950000 0.531504 -0.275000
v 0.950000 0.531504 -0.225000
v 0.925000 0.531504 -0.250000
v 0.975000 0.531504 -0.250000
v 0.850000 0.531504 -0.275000
v 0.850000 0.531504 -0.225000
v 0.825000 0.531504 -0.250000
v 0.875000 0.531504 -0.250000
v 0.850000 0.531504 -0.375000
v 0.850000 0.531504 -0.325000
v 0.825000 0.531504 -0.350000
v 0.875000 0.531504 -0.350000
v -0.850000 0.531504 -0.475000
v -0.850000 0.531504 -0.425000
v -0.875000 0.531504 -0.450000
v -0.825000 0.531504 -0.450000
v -0.950000 0.531504 -0.475000
v -0.950000 0.531504 -0.425000
v -0.975000 0.531504 -0.450000
v -0.925000 0.531504 -0.450000
v -0.950000 0.531504 -0.575000
v -0.950000 0.531504 -0.525000
v -0.975000 0.531504 -0.550000
v -0.925000 0.531504 -0.550000
v -0.650000 0.531504 -0.475000
v -0.650000 0.531504 -0.425000
v -0.675000 0.531504 -0.450000
v -0.625000 0.531504 -0.450000
v -0.750000 0.531504 -0.475000
v -0.750000 0.531504 -0.425000
v -0.775000 0.531504 -0.450000
v -0.725000 0.531504 -0.450000
v -0.750000 0.531504 -0.575000
v -0.750000 0.531504 -0.525000
v -0.775000 0.531504 -0.550000
v -0.725000 0.531504 -0.550000
v -0.450000 0.531504 -0.475000
v -0.450000 0.531504 -0.425000
v -0.475000 0.531504 -0.450000
v -0.425000 0.531504 -0.450000
v -0.550000 0.531504 -0.475000
v -0.550000 0.531504 -0.425000
v -0.575000 0.531504 -0.450000
v -0.525000 0.531504 -0.450000
v -0.550000 0.531504 -0.575000
v -0.550000 0.531504 -0.525000
v -0.575000 0.531504 -0.550000
v -0.525000 0.531504 -0.550000
v -0.250000 0.531504 -0.475000
v -0.250000 0.531504 -0.425000
v -0.275000 0.531504 -0.450000
v -0.225000 0.531504 -0.450000
v -0.350000 0.531504 -0.475000
v -0.350000 0.531504 -0.425000
v -0.375000 0.531504 -0.450000
v -0.325000 0.531504 -0.450000
v -0.350000 0.531504 -0.575000
v -0.350000 0.531504 -0.525000
v -0.375000 0.531504 -0.550000
v -0.325000 0.531504 -0.550000
v -0.050000 0.531504 -0.475000
v -0.050000 0.531504 -0.425000
v -0.075000 0.531504 -0.450000
v -0.025000 0.531504 -0.450000
v -0.150000 0.531504 -0.475000
v -0.150000 0.531504 -0.425000
v -0.175000 0.531504 -0.450000
v -0.125000 0.531504 -0.450000
v -0.150000 0.531504 -0.575000
v -0.150000 0.531504 -0.525000
v -0.175000 0.531504 -0.550000
v -0.125000 0.531504 -0.550000
v 0.150000 0.531504 -0.475000
v 0.150000 0.531504 -0.425000
v 0.125000 0.531504 -0.450000
v 0.175000 0.531504 -0.450000
v 0.050000 0.531504 -0.475000
v 0.050000 0.531504 -0.425000
v 0.025000 0.531504 -0.450000
v 0.075000 0.531504 -0.450000
v 0.050000 0.531504 -0.575000
v 0.050000 0.531504 -0.525000
v 0.025000 0.531504 -0.550000
v 0.075000 0.531504 -0.550000
v 0.350000 0.531504 -0.475000
v 0.350000 0.531504 -0.425000
v 0.325000 0.531504 -0.450000
v 0.375000 0.531504 -0.450000
v 0.250000 0.531504 -0.475000
v 0.250000 0.531504 -0.425000
v 0.225000 0.531504 -0.450000
v 0.275000 0.531504 -0.450000
v 0.250000 0.531504 -0.575000
v 0.250000 0.531504 -0.525000
v 0.225000 0.531504 -0.550000
v 0.275000 0.531504 -0.550000
v 0.550000 0.531504 -0.475000
v 0.550000 0.531504 -0.425000
v 0.525000 0.531504 -0.450000
v 0.575000 0.531504 -0.450000
v 0.450000 0.531504 -0.475000
v 0.450000 0.531504 -0.425000
v 0.425000 0.531504 -0.450000
v 0.475000 0.531504 -0.450000
v 0.450000 0.531504 -0.575000
v 0.450000 0.531504 -0.525000
v 0.425000 0.531504 -0.550000
v 0.475000 0.531504 -0.550000
v 0.750000 0.531504 -0.475000
v 0.750000 0.531504 -0.425000
v 0.725000 0.531504 -0.450000
v 0.775000 0.531504 -0.450000
v 0.650000 0.531504 -0.475000
v 0.650000 0.531504 -0.425000
v 0.625000 0.531504 -0.450000
v 0.675000 0.531504 -0.450000
v 0.650000 0.531504 -0.575000
v 0.650000 0.531504 -0.525000
v 0.625000 0.531504 -0.550000
v 0.675000 0.531504 -0.550000
v 0.950000 0.531504 -0.475000
v 0.950000 0.531504 -0.425000
v 0.925000 0.531504 -0.450000
v 0.975000 0.531504 -0.450000
v 0.850000 0.531504 -0.475000
v 0.850000 0.531504 -0.425000
v 0.825000 0.531504 -0.450000
v 0.875000 0.531504 -0.450000
v 0.850000 0.531504 -0.575000
v 0.850000 0.531504 -0.525000
v 0.825000 0.531504 -0.550000
v 0.875000 0.531504 -0.550000
v -0.850000 0.531504 -0.675000
v -0.850000 0.531504 -0.625000
v -0.875000 0.531504 -0.650000
v -0.825000 0.531504 -0.650000
v -0.950000 0.531504 -0.675000
v -0.950000 0.531504 -0.625000
v -0.975000 0.531504 -0.650000
v -0.925000 0.531504 -0.650000
v -0.950000 0.531504 -0.775000
v -0.950000 0.531504 -0.725000
v -0.975000 0.531504 -0.750000
v -0.925000 0.531504 -0.750000
v -0.650000 0.531504 -0.675000
v -0.650000 0.531504 -0.625000
v -0.675000 0.531504 -0.650000
v -0.625000 0.531504 -0.650000
v -0.750000 0.531504 -0.675000
v -0.750000 0.531504 -0.625000
v -0.775000 0.531504 -0.650000
v -0.725000 0.531504 -0.650000
v -0.750000 0.531504 -0.775000
v -0.750000 0.531504 -0.725000
v -0.775000 0.531504 -0.750000
v -0.725000 0.531504 -0.750000
v -0.450000 0.531504 -0.675000
v -0.450000 0.531504 -0.625000
v -0.475000 0.531504 -0.650000
v -0.425000 0.531504 -0.650000
v -0.550000 0.531504 -0.675000
v -0.550000 0.531504 -0.625000
v -0.575000 0.531504 -0.650000
v -0.525000 0.531504 -0.650000
v -0.550000 0.531504 -0.775000
v -0.550000 0.531504 -0.725000
v -0.575000 0.531504 -0.750000
v -0.525000 0.531504 -0.750000
v -0.250000 0.531504 -0.675000
v -0.250000 0.531504 -0.625000
v -0.275000 0.531504 -0.650000
v -0.225000 0.531504 -0.650000
v -0.350000 0.531504 -0.675000
v -0.350000 0.531504 -0.625000
v -0.375000 0.531504 -0.650000
v -0.325000 0.531504 -0.650000
v -0.350000 0.531504 -0.775000
v -0.350000 0.531504 -0.725000
v -0.375000 0.531504 -0.750000
v -0.325000 0.531504 -0.750000
v -0.050000 0.531504 -0.675000
v -0.050000 0.531504 -0.625000
v -0.075000 0.531504 -0.650000
v -0.025000 0.531504 -0.650000
v -0.150000 0.531504 -0.675000
v -0.150000 0.531504 -0.625000
v -0.175000 0.531504 -0.650000
v -0.125000 0.531504 -0.650000
v -0.150000 0.531504 -0.775000
v -0.150000 0.531504 -0.725000
v -0.175000 0.531504 -0.750000
v -0.125000 0.531504 -0.750000
v 0.150000 0.531504 -0.675000
v 0.150000 0.531504 -0.625000
v 0.125000 0.531504 -0.650000
v 0.175000 0.531504 -0.650000
v 0.050000 0.531504 -0.675000
v 0.050000 0.531504 -0.625000
v 0.025000 0.531504 -0.650000
v 0.075000 0.531504 -0.650000
v 0.050000 0.531504 -0.775000
v 0.050000 0.531504 -0.725000
v 0.025000 0.531504 -0.750000
v 0.075000 0.531504 -0.750000
v 0.350000 0.531504 -0.675000
v 0.350000 0.531504 -0.625000
v 0.325000 0.531504 -0.650000
v 0.375000 0.531504 -0.650000
v 0.250000 0.531504 -0.675000
v 0.250000 0.531504 -0.625000
v 0.225000 0.531504 -0.650000
v 0.275000 0.531504 -0.650000
v 0.250000 0.531504 -0.775000
v 0.250000 0.531504 -0.725000
v 0.225000 0.531504 -0.750000
v 0.275000 0.531504 -0.750000
v 0.550000 0.531504 -0.675000
v 0.550000 0.531504 -0.625000
v 0.525000 0.531504 -0.650000
v 0.575000 0.531504 -0.650000
v 0.450000 0.531504 -0.675000
v 0.450000 0.531504 -0.625000
v 0.425000 0.531504 -0.650000
v 0.475000 0.531504 -0.650000
v 0.450000 0.531504 -0.775000
v 0.450000 0.531504 -0.725000
v 0.425000 0.531504 -0.750000
v 0.475000 0.531504 -0.750000
v 0.750000 0.531504 -0.675000
v 0.750000 0.531504 -0.625000
v 0.725000 0.531504 -0.650000
v 0.775000 0.531504 -0.650000
v 0.650000 0.531504 -0.675000
v 0.650000 0.531504 -0.625000
v 0.625000 0.531504 -0.650000
v 0.675000 0.531504 -0.650000
v 0.650000 0.531504 -0.775000
v 0.650000 0.531504 -0.725000
v 0.625000 0.531504 -0.750000
v 0.675000 0.531504 -0.750000
v 0.950000 0.531504 -0.675000
v 0.950000 0.531504 -0.625000
v 0.925000 0.531504 -0.650000
v 0.975000 0.531504 -0.650000
v 0.850000 0.531504 -0.675000
v 0.850000 0.531504 -0.625000
v 0.825000 0.531504 -0.650000
v 0.875000 0.531504 -0.650000
v 0.850000 0.531504 -0.775000
v 0.850000 0.531504 -0.725000
v 0.825000 0.531504 -0.750000
v 0.875000 0.531504 -0.750000
v -0.850000 0.531504 -0.875000
v -0.850000 0.531504 -0.825000
v -0.875000 0.531504 -0.850000
v -0.825000 0.531504 -0.850000
v -0.950000 0.531504 -0.875000
v -0.950000 0.531504 -0.825000
v -0.975000 0.531504 -0.850000
v -0.925000 0.531504 -0.850000
v -0.950000 0.531504 -0.975000
v -0.950000 0.531504 -0.925000
v -0.975000 0.531504 -0.950000
v -0.925000 0.531504 -0.950000
v -0.650000 0.531504 -0.875000
v -0.650000 0.531504 -0.825000
v -0.675000 0.531504 -0.850000
v -0.625000 0.531504 -0.850000
v -0.750000 0.531504 -0.875000
v -0.750000 0.531504 -0.825000
v -0.775000 0.531504 -0.850000
v -0.725000 0.531504 -0.850000
v -0.750000 0.531504 -0.975000
v -0.750000 0.531504 -0.925000
v -0.775000 0.531504 -0.950000
v -0.725000 0.531504 -0.950000
v -0.450000 0.531504 -0.875000
v -0.450000 0.531504 -0.825000
v -0.475000 0.531504 -0.850000
v -0.425000 0.531504 -0.850000
v -0.550000 0.531504 -0.875000
v -0.550000 0.531504 -0.825000
v -0.575000 0.531504 -0.850000
v -0.525000 0.531504 -0.850000
v -0.550000 0.531504 -0.975000
v -0.550000 0.531504 -0.925000
v -0.575000 0.531504 -0.950000
v -0.525000 0.531504 -0.950000
v -0.250000 0.531504 -0.875000
v -0.250000 0.531504 -0.825000
v -0.275000 0.531504 -0.850000
v -0.225000 0.531504 -0.850000
v -0.350000 0.531504 -0.875000
v -0.350000 0.531504 -0.825000
v -0.375000 0.531504 -0.850000
v -0.325000 0.531504 -0.850000
v -0.350000 0.531504 -0.975000
v -0.350000 0.531504 -0.925000
v -0.375000 0.531504 -0.950000
v -0.325000 0.531504 -0.950000
v -0.050000 0.531504 -0.875000
v -0.050000 0.531504 -0.825000
v -0.075000 0.531504 -0.850000
v -0.025000 0.531504 -0.850000
v -0.150000 0.531504 -0.875000
v -0.150000 0.531504 -0.825000
v -0.175000 0.531504 -0.850000
v -0.125000 0.531504 -0.850000
v -0.150000 0.531504 -0.975000
v -0.150000 0.531504 -0.925000
v -0.175000 0.531504 -0.950000
v -0.125000 0.531504 -0.950000
v 0.150000 0.531504 -0.875000
v 0.150000 0.531504 -0.825000
v 0.125000 0.531504 -0.850000
v 0.175000 0.531504 -0.850000
v 0.050000 0.531504 -0.875000
v 0.050000 0.531504 -0.825000
v 0.025000 0.531504 -0.850000
v 0.075000 0.531504 -0.850000
v 0.050000 0.531504 -0.975000
v 0.050000 0.531504 -0.925000
v 0.025000 0.531504 -0.950000
v 0.075000 0.531504 -0.950000
v 0.350000 0.531504 -0.875000
v 0.350000 0.531504 -0.825000
v 0.325000 0.531504 -0.850000
v 0.375000 0.531504 -0.850000
v 0.250000 0.531504 -0.875000
v 0.250000 0.531504 -0.825000
v 0.225000 0.531504 -0.850000
v 0.275000 0.531504 -0.850000
v 0.250000 0.531504 -0.975000
v 0.250000 0.531504 -0.925000
v 0.225000 0.531504 -0.950000
v 0.275000 0.531504 -0.950000
v 0.550000 0.531504 -0.875000
v 0.550000 0.531504 -0.825000
v 0.525000 0.531504 -0.850000
v 0.575000 0.531504 -0.850000
v 0.450000 0.531504 -0.875000
v 0.450000 0.531504 -0.825000
v 0.425000 0.531504 -0.850000
v 0.475000 0.531504 -0.850000
v 0.450000 0.531504 -0.975000
v 0.450000 0.531504 -0.925000
v 0.425000 0.531504 -0.950000
v 0.475000 0.531504 -0.950000
v 0.750000 0.531504 -0.875000
v 0.750000 0.531504 -0.825000
v 0.725000 0.531504 -0.850000
v 0.775000 0.531504 -0.850000
v 0.650000 0.531504 -0.875000
v 0.650000 0.531504 -0.825000
v 0.625000 0.531504 -0.850000
v 0.675000 0.531504 -0.850000
v 0.650000 0.531504 -0.975000
v 0.650000 0.531504 -0.925000
v 0.625000 0.531504 -0.950000
v 0.675000 0.531504 -0.950000
v 0.950000 0.531504 -0.875000
v 0.950000 0.531504 -0.825000
v 0.925000 0.531504 -0.850000
v 0.975000 0.531504 -0.850000
v 0.850000 0.531504 -0.875000
v 0.850000 0.531504 -0.825000
v 0.825000 0.531504 -0.850000
v 0.875000 0.531504 -0.850000
v 0.850000 0.531504 -0.975000
v 0.850000 0.531504 -0.925000
v 0.825000 0.531504 -0.950000
v 0.875000 0.531504 -0.950000
v 0.950000 0.531504 -0.975000
v 0.950000 0.531504 -0.925000
v 0.925000 0.531504 -0.950000
v 0.975000 0.531504 -0.950000
v 0.750000 0.531504 -0.975000
v 0.750000 0.531504 -0.925000
v 0.725000 0.531504 -0.950000
v 0.775000 0.531504 -0.950000
v 0.550000 0.531504 -0.975000
v 0.550000 0.531504 -0.925000
v 0.525000 0.531504 -0.950000
v 0.575000 0.531504 -0.950000
v 0.350000 0.531504 -0.975000
v 0.350000 0.531504 -0.925000
v 0.325000 0.531504 -0.950000
v 0.375000 0.531504 -0.950000
v 0.150000 0.531504 -0.975000
v 0.150000 0.531504 -0.925000
v 0.125000 0.531504 -0.950000
v 0.175000 0.531504 -0.950000
v -0.050000 0.531504 -0.975000
v -0.050000 0.531504 -0.925000
v -0.075000 0.531504 -0.950000
v -0.025000 0.531504 -0.950000
v -0.250000 0.531504 -0.975000
v -0.250000 0.531504 -0.925000
v -0.275000 0.531504 -0.950000
v -0.225000 0.531504 -0.950000
v -0.450000 0.531504 -0.975000
v -0.450000 0.531504 -0.925000
v -0.475000 0.531504 -0.950000
v -0.425000 0.531504 -0.950000
v -0.650000 0.531504 -0.975000
v -0.650000 0.531504 -0.925000
v -0.675000 0.531504 -0.950000
v -0.625000 0.531504 -0.950000
v -0.850000 0.531504 -0.975000
v -0.850000 0.531504 -0.925000
v -0.875000 0.531504 -0.950000
v -0.825000 0.531504 -0.950000
v 0.950000 0.531504 -0.775000
v 0.950000 0.531504 -0.725000
v 0.925000 0.531504 -0.750000
v 0.975000 0.531504 -0.750000
v 0.750000 0.531504 -0.775000
v 0.750000 0.531504 -0.725000
v 0.725000 0.531504 -0.750000
v 0.775000 0.531504 -0.750000
v 0.550000 0.531504 -0.775000
v 0.550000 0.531504 -0.725000
v 0.525000 0.531504 -0.750000
v 0.575000 0.531504 -0.750000
v 0.350000 0.531504 -0.775000
v 0.350000 0.531504 -0.725000
v 0.325000 0.531504 -0.750000
v 0.375000 0.531504 -0.750000
v 0.150000 0.531504 -0.775000
v 0.150000 0.531504 -0.725000
v 0.125000 0.531504 -0.750000
v 0.175000 0.531504 -0.750000
v -0.050000 0.531504 -0.775000
v -0.050000 0.531504 -0.725000
v -0.075000 0.531504 -0.750000
v -0.025000 0.531504 -0.750000
v -0.250000 0.531504 -0.775000
v -0.250000 0.531504 -0.725000
v -0.275000 0.531504 -0.750000
v -0.225000 0.531504 -0.750000
v -0.450000 0.531504 -0.775000
v -0.450000 0.531504 -0.725000
v -0.475000 0.531504 -0.750000
v -0.425000 0.531504 -0.750000
v -0.650000 0.531504 -0.775000
v -0.650000 0.531504 -0.725000
v -0.675000 0.531504 -0.750000
v -0.625000 0.531504 -0.750000
v -0.850000 0.531504 -0.775000
v -0.850000 0.531504 -0.725000
v -0.875000 0.531504 -0.750000
v -0.825000 0.531504 -0.750000
v 0.950000 0.531504 -0.575000
v 0.950000 0.531504 -0.525000
v 0.925000 0.531504 -0.550000
v 0.975000 0.531504 -0.550000
v 0.750000 0.531504 -0.575000
v 0.750000 0.531504 -0.525000
v 0.725000 0.531504 -0.550000
v 0.775000 0.531504 -0.550000
v 0.550000 0.531504 -0.575000
v 0.550000 0.531504 -0.525000
v 0.525000 0.531504 -0.550000
v 0.575000 0.531504 -0.550000
v 0.350000 0.531504 -0.575000
v 0.350000 0.531504 -0.525000
v 0.325000 0.531504 -0.550000
v 0.375000 0.531504 -0.550000
v 0.150000 0.531504 -0.575000
v 0.150000 0.531504 -0.525000
v 0.125000 0.531504 -0.550000
v 0.175000 0.531504 -0.550000
v -0.050000 0.531504 -0.575000
v -0.050000 0.531504 -0.525000
v -0.075000 0.531504 -0.550000
v -0.025000 0.531504 -0.550000
v -0.250000 0.531504 -0.575000
v -0.250000 0.531504 -0.525000
v -0.275000 0.531504 -0.550000
v -0.225000 0.531504 -0.550000
v -0.450000 0.531504 -0.575000
v -0.450000 0.531504 -0.525000
v -0.475000 0.531504 -0.550000
v -0.425000 0.531504 -0.550000
v -0.650000 0.531504 -0.575000
v -0.650000 0.531504 -0.525000
v -0.675000 0.531504 -0.550000
v -0.625000 0.531504 -0.550000
v -0.850000 0.531504 -0.575000
v -0.850000 0.531504 -0.525000
v -0.875000 0.531504 -0.550000
v -0.825000 0.531504 -0.550000
v 0.950000 0.531504 -0.375000
v 0.950000 0.531504 -0.325000
v 0.925000 0.531504 -0.350000
v 0.975000 0.531504 -0.350000
v 0.750000 0.531504 -0.375000
v 0.750000 0.531504 -0.325000
v 0.725000 0.531504 -0.350000
v 0.775000 0.531504 -0.350000
v 0.550000 0.531504 -0.375000
v 0.550000 0.531504 -0.325000
v 0.525000 0.531504 -0.350000
v 0.575000 0.531504 -0.350000
v 0.350000 0.531504 -0.375000
v 0.350000 0.531504 -0.325000
v 0.325000 0.531504 -0.350000
v 0.375000 0.531504 -0.350000
v 0.150000 0.531504 -0.375000
v 0.150000 0.531504 -0.325000
v 0.125000 0.531504 -0.350000
v 0.175000 0.531504 -0.350000
v -0.050000 0.531504 -0.375000
v -0.050000 0.531504 -0.325000
v -0.075000 0.531504 -0.350000
v -0.025000 0.531504 -0.350000
v -0.250000 0.531504 -0.375000
v -0.250000 0.531504 -0.325000
v -0.275000 0.531504 -0.350000
v -0.225000 0.531504 -0.350000
v -0.450000 0.531504 -0.375000
v -0.450000 0.531504 -0.325000
v -0.475000 0.531504 -0.350000
v -0.425000 0.531504 -0.350000
v -0.650000 0.531504 -0.375000
v -0.650000 0.531504 -0.325000
v -0.675000 0.531504 -0.350000
v -0.625000 0.531504 -0.350000
v -0.850000 0.531504 -0.375000
v -0.850000 0.531504 -0.325000
v -0.875000 0.531504 -0.350000
v -0.825000 0.531504 -0.350000
v 0.950000 0.531504 -0.175000
v 0.950000 0.531504 -0.125000
v 0.925000 0.531504 -0.150000
v 0.975000 0.531504 -0.150000
v 0.750000 0.531504 -0.175000
v 0.750000 0.531504 -0.125000
v 0.725000 0.531504 -0.150000
v 0.775000 0.531504 -0.150000
v 0.550000 0.531504 -0.175000
v 0.550000 0.531504 -0.125000
v 0.525000 0.531504 -0.150000
v 0.575000 0.531504 -0.150000
v 0.350000 0.531504 -0.175000
v 0.350000 0.531504 -0.125000
v 0.325000 0.531504 -0.150000
v 0.375000 0.531504 -0.150000
v 0.150000 0.531504 -0.175000
v 0.150000 0.531504 -0.125000
v 0.125000 0.531504 -0.150000
v 0.175000 0.531504 -0.150000
v -0.050000 0.531504 -0.175000
v -0.050000 0.531504 -0.125000
v -0.075000 0.531504 -0.150000
v -0.025000 0.531504 -0.150000
v -0.250000 0.531504 -0.175000
v -0.250000 0.531504 -0.125000
v -0.275000 0.531504 -0.150000
v -0.225000 0.531504 -0.150000
v -0.450000 0.531504 -0.175000
v -0.450000 0.531504 -0.125000
v -0.475000 0.531504 -0.150000
v -0.425000 0.531504 -0.150000
v -0.650000 0.531504 -0.175000
v -0.650000 0.531504 -0.125000
v -0.675000 0.531504 -0.150000
v -0.625000 0.531504 -0.150000
v -0.850000 0.531504 -0.175000
v -0.850000 0.531504 -0.125000
v -0.875000 0.531504 -0.150000
v -0.825000 0.531504 -0.150000
v 0.950000 0.531504 0.025000
v 0.950000 0.531504 0.075000
v 0.925000 0.531504 0.050000
v 0.975000 0.531504 0.050000
v 0.750000 0.531504 0.025000
v 0.750000 0.531504 0.075000
v 0.725000 0.531504 0.050000
v 0.775000 0.531504 0.050000
v 0.550000 0.531504 0.025000
v 0.550000 0.531504 0.075000
v 0.525000 0.531504 0.050000
v 0.575000 0.531504 0.050000
v 0.350000 0.531504 0.025000
v 0.350000 0.531504 0.075000
v 0.325000 0.531504 0.050000
v 0.375000 0.531504 0.050000
v 0.150000 0.531504 0.025000
v 0.150000 0.531504 0.075000
v 0.125000 0.531504 0.050000
v 0.175000 0.531504 0.050000
v -0.050000 0.531504 0.025000
v -0.050000 0.531504 0.075000
v -0.075000 0.531504 0.050000
v -0.025000 0.531504 0.050000
v -0.250000 0.531504 0.025000
v -0.250000 0.531504 0.075000
v -0.275000 0.531504 0.050000
v -0.225000 0.531504 0.050000
v -0.450000 0.531504 0.025000
v -0.450000 0.531504 0.075000
v -0.475000 0.531504 0.050000
v -0.425000 0.531504 0.050000
v -0.650000 0.531504 0.025000
v -0.650000 0.531504 0.075000
v -0.675000 0.531504 0.050000
v -0.625000 0.531504 0.050000
v -0.850000 0.531504 0.025000
v -0.850000 0.531504 0.075000
v -0.875000 0.531504 0.050000
v -0.825000 0.531504 0.050000
v 0.950000 0.531504 0.225000
v 0.950000 0.531504 0.275000
v 0.925000 0.531504 0.250000
v 0.975000 0.531504 0.250000
v 0.750000 0.531504 0.225000
v 0.750000 0.531504 0.275000
v 0.725000 0.531504 0.250000
v 0.775000 0.531504 0.250000
v 0.550000 0.531504 0.225000
v 0.550000 0.531504 0.275000
v 0.525000 0.531504 0.250000
v 0.575000 0.531504 0.250000
v 0.350000 0.531504 0.225000
v 0.350000 0.531504 0.275000
v 0.325000 0.531504 0.250000
v 0.375000 0.531504 0.250000
v 0.150000 0.531504 0.225000
v 0.150000 0.531504 0.275000
v 0.125000 0.531504 0.250000
v 0.175000 0.531504 0.250000
v -0.050000 0.531504 0.225000
v -0.050000 0.531504 0.275000
v -0.075000 0.531504 0.250000
v -0.025000 0.531504 0.250000
v -0.250000 0.531504 0.225000
v -0.250000 0.531504 0.275000
v -0.275000 0.531504 0.250000
v -0.225000 0.531504 0.250000
v -0.450000 0.531504 0.225000
v -0.450000 0.531504 0.275000
v -0.475000 0.531504 0.250000
v -0.425000 0.531504 0.250000
v -0.650000 0.531504 0.225000
v -0.650000 0.531504 0.275000
v -0.675000 0.531504 0.250000
v -0.625000 0.531504 0.250000
v -0.850000 0.531504 0.225000
v -0.850000 0.531504 0.275000
v -0.875000 0.531504 0.250000
v -0.825000 0.531504 0.250000
v 0.950000 0.531504 0.425000
v 0.950000 0.531504 0.475000
v 0.925000 0.531504 0.450000
v 0.975000 0.531504 0.450000
v 0.750000 0.531504 0.425000
v 0.750000 0.531504 0.475000
v 0.725000 0.531504 0.450000
v 0.775000 0.531504 0.450000
v 0.550000 0.531504 0.425000
v 0.550000 0.531504 0.475000
v 0.525000 0.531504 0.450000
v 0.575000 0.531504 0.450000
v 0.350000 0.531504 0.425000
v 0.350000 0.531504 0.475000
v 0.325000 0.531504 0.450000
v 0.375000 0.531504 0.450000
v 0.150000 0.531504 0.425000
v 0.150000 0.531504 0.475000
v 0.125000 0.531504 0.450000
v 0.175000 0.531504 0.450000
v -0.050000 0.531504 0.425000
v -0.050000 0.531504 0.475000
v -0.075000 0.531504 0.450000
v -0.025000 0.531504 0.450000
v -0.250000 0.531504 0.425000
v -0.250000 0.531504 0.475000
v -0.275000 0.531504 0.450000
v -0.225000 0.531504 0.450000
v -0.450000 0.531504 0.425000
v -0.450000 0.531504 0.475000
v -0.475000 0.531504 0.450000
v -0.425000 0.531504 0.450000
v -0.650000 0.531504 0.425000
v -0.650000 0.531504 0.475000
v -0.675000 0.531504 0.450000
v -0.625000 0.531504 0.450000
v -0.850000 0.531504 0.425000
v -0.850000 0.531504 0.475000
v -0.875000 0.531504 0.450000
v -0.825000 0.531504 0.450000
v 0.950000 0.531504 0.625000
v 0.950000 0.531504 0.675000
v 0.925000 0.531504 0.650000
v 0.975000 0.531504 0.650000
v 0.750000 0.531504 0.625000
v 0.750000 0.531504 0.675000
v 0.725000 0.531504 0.650000
v 0.775000 0.531504 0.650000
v 0.550000 0.531504 0.625000
v 0.550000 0.531504 0.675000
v 0.525000 0.531504 0.650000
v 0.575000 0.531504 0.650000
v 0.350000 0.531504 0.625000
v 0.350000 0.531504 0.675000
v 0.325000 0.531504 0.650000
v 0.375000 0.531504 0.650000
v 0.150000 0.531504 0.625000
v 0.150000 0.531504 0.675000
v 0.125000 0.531504 0.650000
v 0.175000 0.531504 0.650000
v -0.050000 0.531504 0.625000
v -0.050000 0.531504 0.675000
v -0.075000 0.531504 0.650000
v -0.025000 0.531504 0.650000
v -0.250000 0.531504 0.625000
v -0.250000 0.531504 0.675000
v -0.275000 0.531504 0.650000
v -0.225000 0.531504 0.650000
v -0.450000 0.531504 0.625000
v -0.450000 0.531504 0.675000
v -0.475000 0.531504 0.650000
v -0.425000 0.531504 0.650000
v -0.650000 0.531504 0.625000
v -0.650000 0.531504 0.675000
v -0.675000 0.531504 0.650000
v -0.625000 0.531504 0.650000
v -0.850000 0.531504 0.625000
v -0.850000 0.531504 0.675000
v -0.875000 0.531504 0.650000
v -0.825000 0.531504 0.650000
v 0.950000 0.531504 0.825000
v 0.950000 0.531504 0.875000
v 0.925000 0.531504 0.850000
v 0.975000 0.531504 0.850000
v 0.750000 0.531504 0.825000
v 0.750000 0.531504 0.875000
v 0.725000 0.531504 0.850000
v 0.775000 0.531504 0.850000
v 0.550000 0.531504 0.825000
v 0.550000 0.531504 0.875000
v 0.525000 0.531504 0.850000
v 0.575000 0.531504 0.850000
v 0.350000 0.531504 0.825000
v 0.350000 0.531504 0.875000
v 0.325000 0.531504 0.850000
v 0.375000 0.531504 0.850000
v 0.150000 0.531504 0.825000
v 0.150000 0.531504 0.875000
v 0.125000 0.531504 0.850000
v 0.175000 0.531504 0.850000
v -0.050000 0.531504 0.825000
v -0.050000 0.531504 0.875000
v -0.075000 0.531504 0.850000
v -0.025000 0.531504 0.850000
v -0.250000 0.531504 0.825000
v -0.250000 0.531504 0.875000
v -0.275000 0.531504 0.850000
v -0.225000 0.531504 0.850000
v -0.450000 0.531504 0.825000
v -0.450000 0.531504 0.875000
v -0.475000 0.531504 0.850000
v -0.425000 0.531504 0.850000
v -0.650000 0.531504 0.825000
v -0.650000 0.531504 0.875000
v -0.675000 0.531504 0.850000
v -0.625000 0.531504 0.850000
v -0.850000 0.531504 0.825000
v -0.850000 0.531504 0.875000
v -0.875000 0.531504 0.850000
v -0.825000 0.531504 0.850000
v -0.825000 0.531504 0.875000
v -0.875000 0.531504 0.875000
v -0.875000 0.531504 0.825000
v -0.625000 0.531504 0.875000
v -0.675000 0.531504 0.875000
v -0.675000 0.531504 0.825000
v -0.425000 0.531504 0.875000
v -0.475000 0.531504 0.875000
v -0.475000 0.531504 0.825000
v -0.225000 0.531504 0.875000
v -0.275000 0.531504 0.875000
v -0.275000 0.531504 0.825000
v -0.025000 0.531504 0.875000
v -0.075000 0.531504 0.875000
v -0.075000 0.531504 0.825000
v 0.175000 0.531504 0.875000
v 0.125000 0.531504 0.875000
v 0.125000 0.531504 0.825000
v 0.375000 0.531504 0.875000
v 0.325000 0.531504 0.875000
v 0.325000 0.531504 0.825000
v 0.575000 0.531504 0.875000
v 0.525000 0.531504 0.875000
v 0.525000 0.531504 0.825000
v 0.775000 0.531504 0.875000
v 0.725000 0.531504 0.875000
v 0.725000 0.531504 0.825000
v 0.975000 0.531504 0.875000
v 0.925000 0.531504 0.875000
v 0.925000 0.531504 0.825000
v -0.825000 0.531504 0.675000
v -0.875000 0.531504 0.675000
v -0.875000 0.531504 0.625000
v -0.625000 0.531504 0.675000
v -0.675000 0.531504 0.675000
v -0.675000 0.531504 0.625000
v -0.425000 0.531504 0.675000
v -0.475000 0.531504 0.675000
v -0.475000 0.531504 0.625000
v -0.225000 0.531504 0.675000
v -0.275000 0.531504 0.675000
v -0.275000 0.531504 0.625000
v -0.025000 0.531504 0.675000
v -0.075000 0.531504 0.675000
v -0.075000 0.531504 0.625000
v 0.175000 0.531504 0.675000
v 0.125000 0.531504 0.675000
v 0.125000 0.531504 0.625000
v 0.375000 0.531504 0.675000
v 0.325000 0.531504 0.675000
v 0.325000 0.531504 0.625000
v 0.575000 0.531504 0.675000
v 0.525000 0.531504 0.675000
v 0.525000 0.531504 0.625000
v 0.775000 0.531504 0.675000
v 0.725000 0.531504 0.675000
v 0.725000 0.531504 0.625000
v 0.975000 0.531504 0.675000
v 0.925000 0.531504 0.675000
v 0.925000 0.531504 0.625000
v -0.825000 0.531504 0.475000
v -0.875000 0.531504 0.475000
v -0.875000 0.531504 0.425000
v -0.625000 0.531504 0.475000
v -0.675000 0.531504 0.475000
v -0.675000 0.531504 0.425000
v -0.425000 0.531504 0.475000
v -0.475000 0.531504 0.475000
v -0.475000 0.531504 0.425000
v -0.225000 0.531504 0.475000
v -0.275000 0.531504 0.475000
v -0.275000 0.531504 0.425000
v -0.025000 0.531504 0.475000
v -0.075000 0.531504 0.475000
v -0.075000 0.531504 0.425000
v 0.175000 0.531504 0.475000
v 0.125000 0.531504 0.475000
v 0.125000 0.531504 0.425000
v 0.375000 0.531504 0.475000
v 0.325000 0.531504 0.475000
v 0.325000 0.531504 0.425000
v 0.575000 0.531504 0.475000
v 0.525000 0.531504 0.475000
v 0.525000 0.531504 0.425000
v 0.775000 0.531504 0.475000
v 0.725000 0.531504 0.475000
v 0.725000 0.531504 0.425000
v 0.975000 0.531504 0.475000
v 0.925000 0.531504 0.475000
v 0.925000 0.531504 0.425000
v -0.825000 0.531504 0.275000
v -0.875000 0.531504 0.275000
v -0.875000 0.531504 0.225000
v -0.625000 0.531504 0.275000
v -0.675000 0.531504 0.275000
v -0.675000 0.531504 0.225000
v -0.425000 0.531504 0.275000
v -0.475000 0.531504 0.275000
v -0.475000 0.531504 0.225000
v -0.225000 0.531504 0.275000
v -0.275000 0.531504 0.275000
v -0.275000 0.531504 0.225000
v -0.025000 0.531504 0.275000
v -0.075000 0.531504 0.275000
v -0.075000 0.531504 0.225000
v 0.175000 0.531504 0.275000
v 0.125000 0.531504 0.275000
v 0.125000 0.531504 0.225000
v 0.375000 0.531504 0.275000
v 0.325000 0.531504 0.275000
v 0.325000 0.531504 0.225000
v 0.575000 0.531504 0.275000
v 0.525000 0.531504 0.275000
v 0.525000 0.531504 0.225000
v 0.775000 0.531504 0.275000
v 0.725000 0.531504 0.275000
v 0.725000 0.531504 0.225000
v 0.975000 0.531504 0.275000
v 0.925000 0.531504 0.275000
v 0.925000 0.531504 0.225000
v -0.825000 0.531504 0.075000
v -0.875000 0.531504 0.075000
v -0.875000 0.531504 0.025000
v -0.625000 0.531504 0.075000
v -0.675000 0.531504 0.075000
v -0.675000 0.531504 0.025000
v -0.425000 0.531504 0.075000
v -0.475000 0.531504 0.075000
v -0.475000 0.531504 0.025000
v -0.225000 0.531504 0.075000
v -0.275000 0.531504 0.075000
v -0.275000 0.531504 0.025000
v -0.025000 0.531504 0.075000
v -0.075000 0.531504 0.075000
v -0.075000 0.531504 0.025000
v 0.175000 0.531504 0.075000
v 0.125000 0.531504 0.075000
v 0.125000 0.531504 0.025000
v 0.375000 0.531504 0.075000
v 0.325000 0.531504 0.075000
v 0.325000 0.531504 0.025000
v 0.575000 0.531504 0.075000
v 0.525000 0.531504 0.075000
v 0.525000 0.531504 0.025000
v 0.775000 0.531504 0.075000
v 0.725000 0.531504 0.075000
v 0.725000 0.531504 0.025000
v 0.975000 0.531504 0.075000
v 0.925000 0.531504 0.075000
v 0.925000 0.531504 0.025000
v -0.825000 0.531504 -0.125000
v -0.875000 0.531504 -0.125000
v -0.875000 0.531504 -0.175000
v -0.625000 0.531504 -0.125000
v -0.675000 0.531504 -0.125000
v -0.675000 0.531504 -0.175000
v -0.425000 0.531504 -0.125000
v -0.475000 0.531504 -0.125000
v -0.475000 0.531504 -0.175000
v -0.225000 0.531504 -0.125000
v -0.275000 0.531504 -0.125000
v -0.275000 0.531504 -0.175000
v -0.025000 0.531504 -0.125000
v -0.075000 0.531504 -0.125000
v -0.075000 0.531504 -0.175000
v 0.175000 0.531504 -0.125000
v 0.125000 0.531504 -0.125000
v 0.125000 0.531504 -0.175000
v 0.375000 0.531504 -0.125000
v 0.325000 0.531504 -0.125000
v 0.325000 0.531504 -0.175000
v 0.575000 0.531504 -0.125000
v 0.525000 0.531504 -0.125000
v 0.525000 0.531504 -0.175000
v 0.775000 0.531504 -0.125000
v 0.725000 0.531504 -0.125000
v 0.725000 0.531504 -0.175000
v 0.975000 0.531504 -0.125000
v 0.925000 0.531504 -0.125000
v 0.925000 0.531504 -0.175000
v -0.825000 0.531504 -0.325000
v -0.875000 0.531504 -0.325000
v -0.875000 0.531504 -0.375000
v -0.625000 0.531504 -0.325000
v -0.675000 0.531504 -0.325000
v -0.675000 0.531504 -0.375000
v -0.425000 0.531504 -0.325000
v -0.475000 0.531504 -0.325000
v -0.475000 0.531504 -0.375000
v -0.225000 0.531504 -0.325000
v -0.275000 0.531504 -0.325000
v -0.275000 0.531504 -0.375000
v -0.025000 0.531504 -0.325000
v -0.075000 0.531504 -0.325000
v -0.075000 0.531504 -0.375000
v 0.175000 0.531504 -0.325000
v 0.125000 0.531504 -0.325000
v 0.125000 0.531504 -0.375000
v 0.375000 0.531504 -0.325000
v 0.325000 0.531504 -0.325000
v 0.325000 0.531504 -0.375000
v 0.575000 0.531504 -0.325000
v 0.525000 0.531504 -0.325000
v 0.525000 0.531504 -0.375000
v 0.775000 0.531504 -0.325000
v 0.725000 0.531504 -0.325000
v 0.725000 0.531504 -0.375000
v 0.975000 0.531504 -0.325000
v 0.925000 0.531504 -0.325000
v 0.925000 0.531504 -0.375000
v -0.825000 0.531504 -0.525000
v -0.875000 0.531504 -0.525000
v -0.875000 0.531504 -0.575000
v -0.625000 0.531504 -0.525000
v -0.675000 0.531504 -0.525000
v -0.675000 0.531504 -0.575000
v -0.425000 0.531504 -0.525000
v -0.475000 0.531504 -0.525000
v -0.475000 0.531504 -0.575000
v -0.225000 0.531504 -0.525000
v -0.275000 0.531504 -0.525000
v -0.275000 0.531504 -0.575000
v -0.025000 0.531504 -0.525000
v -0.075000 0.531504 -0.525000
v -0.075000 0.531504 -0.575000
v 0.175000 0.531504 -0.525000
v 0.125000 0.531504 -0.525000
v 0.125000 0.531504 -0.575000
v 0.375000 0.531504 -0.525000
v 0.325000 0.531504 -0.525000
v 0.325000 0.531504 -0.575000
v 0.575000 0.531504 -0.525000
v 0.525000 0.531504 -0.525000
v 0.525000 0.531504 -0.575000
v 0.775000 0.531504 -0.525000
v 0.725000 0.531504 -0.525000
v 0.725000 0.531504 -0.575000
v 0.975000 0.531504 -0.525000
v 0.925000 0.531504 -0.525000
v 0.925000 0.531504 -0.575000
v -0.825000 0.531504 -0.725000
v -0.875000 0.531504 -0.725000
v -0.875000 0.531504 -0.775000
v -0.625000 0.531504 -0.725000
v -0.675000 0.531504 -0.725000
v -0.675000 0.531504 -0.775000
v -0.425000 0.531504 -0.725000
v -0.475000 0.531504 -0.725000
v -0.475000 0.531504 -0.775000
v -0.225000 0.531504 -0.725000
v -0.275000 0.531504 -0.725000
v -0.275000 0.531504 -0.775000
v -0.025000 0.531504 -0.725000
v -0.075000 0.531504 -0.725000
v -0.075000 0.531504 -0.775000
v 0.175000 0.531504 -0.725000
v 0.125000 0.531504 -0.725000
v 0.125000 0.531504 -0.775000
v 0.375000 0.531504 -0.725000
v 0.325000 0.531504 -0.725000
v 0.325000 0.531504 -0.775000
v 0.575000 0.531504 -0.725000
v 0.525000 0.531504 -0.725000
v 0.525000 0.531504 -0.775000
v 0.775000 0.531504 -0.725000
v 0.725000 0.531504 -0.725000
v 0.725000 0.531504 -0.775000
v 0.975000 0.531504 -0.725000
v 0.925000 0.531504 -0.725000
v 0.925000 0.531504 -0.775000
v -0.825000 0.531504 -0.925000
v -0.875000 0.531504 -0.925000
v -0.875000 0.531504 -0.975000
v -0.625000 0.531504 -0.925000
v -0.675000 0.531504 -0.925000
v -0.675000 0.531504 -0.975000
v -0.425000 0.531504 -0.925000
v -0.475000 0.531504 -0.925000
v -0.475000 0.531504 -0.975000
v -0.225000 0.531504 -0.925000
v -0.275000 0.531504 -0.925000
v -0.275000 0.531504 -0.975000
v -0.025000 0.531504 -0.925000
v -0.075000 0.531504 -0.925000
v -0.075000 0.531504 -0.975000
v 0.175000 0.531504 -0.925000
v 0.125000 0.531504 -0.925000
v 0.125000 0.531504 -0.975000
v 0.375000 0.531504 -0.925000
v 0.325000 0.531504 -0.925000
v 0.325000 0.531504 -0.975000
v 0.575000 0.531504 -0.925000
v 0.525000 0.531504 -0.925000
v 0.525000 0.531504 -0.975000
v 0.775000 0.531504 -0.925000
v 0.725000 0.531504 -0.925000
v 0.725000 0.531504 -0.975000
v 0.975000 0.531504 -0.925000
v 0.925000 0.531504 -0.925000
v 0.925000 0.531504 -0.975000
v 0.875000 0.531504 -0.925000
v 0.825000 0.531504 -0.925000
v 0.825000 0.531504 -0.975000
v 0.875000 0.531504 -0.825000
v 0.825000 0.531504 -0.825000
v 0.825000 0.531504 -0.875000
v 0.975000 0.531504 -0.825000
v 0.925000 0.531504 -0.825000
v 0.925000 0.531504 -0.875000
v 0.675000 0.531504 -0.925000
v 0.625000 0.531504 -0.925000
v 0.625000 0.531504 -0.975000
v 0.675000 0.531504 -0.825000
v 0.625000 0.531504 -0.825000
v 0.625000 0.531504 -0.875000
v 0.775000 0.531504 -0.825000
v 0.725000 0.531504 -0.825000
v 0.725000 0.531504 -0.875000
v 0.475000 0.531504 -0.925000
v 0.425000 0.531504 -0.925000
v 0.425000 0.531504 -0.975000
v 0.475000 0.531504 -0.825000
v 0.425000 0.531504 -0.825000
v 0.425000 0.531504 -0.875000
v 0.575000 0.531504 -0.825000
v 0.525000 0.531504 -0.825000
v 0.525000 0.531504 -0.875000
v 0.275000 0.531504 -0.925000
v 0.225000 0.531504 -0.925000
v 0.225000 0.531504 -0.975000
v 0.275000 0.531504 -0.825000
v 0.225000 0.531504 -0.825000
v 0.225000 0.531504 -0.875000
v 0.375000 0.531504 -0.825000
v 0.325000 0.531504 -0.825000
v 0.325000 0.531504 -0.875000
v 0.075000 0.531504 -0.925000
v 0.025000 0.531504 -0.925000
v 0.025000 0.531504 -0.975000
v 0.075000 0.531504 -0.825000
v 0.025000 0.531504 -0.825000
v 0.025000 0.531504 -0.875000
v 0.175000 0.531504 -0.825000
v 0.125000 0.531504 -0.825000
v 0.125000 0.531504 -0.875000
v -0.125000 0.531504 -0.925000
v -0.175000 0.531504 -0.925000
v -0.175000 0.531504 -0.975000
v -0.125000 0.531504 -0.825000
v -0.175000 0.531504 -0.825000
v -0.175000 0.531504 -0.875000
v -0.025000 0.531504 -0.825000
v -0.075000 0.531504 -0.825000
v -0.075000 0.531504 -0.875000
v -0.325000 0.531504 -0.925000
v -0.375000 0.531504 -0.925000
v -0.375000 0.531504 -0.975000
v -0.325000 0.531504 -0.825000
v -0.375000 0.531504 -0.825000
v -0.375000 0.531504 -0.875000
v -0.225000 0.531504 -0.825000
v -0.275000 0.531504 -0.825000
v -0.275000 0.531504 -0.875000
v -0.525000 0.531504 -0.925000
v -0.575000 0.531504 -0.925000
v -0.575000 0.531504 -0.975000
v -0.525000 0.531504 -0.825000
v -0.575000 0.531504 -0.825000
v -0.575000 0.531504 -0.875000
v -0.425000 0.531504 -0.825000
v -0.475000 0.531504 -0.825000
v -0.475000 0.531504 -0.875000
v -0.725000 0.531504 -0.925000
v -0.775000 0.531504 -0.925000
v -0.775000 0.531504 -0.975000
v -0.725000 0.531504 -0.825000
v -0.775000 0.531504 -0.825000
v -0.775000 0.531504 -0.875000
v -0.625000 0.531504 -0.825000
v -0.675000 0.531504 -0.825000
v -0.675000 0.531504 -0.875000
v -0.925000 0.531504 -0.925000
v -0.975000 0.531504 -0.925000
v -0.975000 0.531504 -0.975000
v -0.925000 0.531504 -0.825000
v -0.975000 0.531504 -0.825000
v -0.975000 0.531504 -0.875000
v -0.825000 0.531504 -0.825000
v -0.875000 0.531504 -0.825000
v -0.875000 0.531504 -0.875000
v 0.875000 0.531504 -0.725000
v 0.825000 0.531504 -0.725000
v 0.825000 0.531504 -0.775000
v 0.875000 0.531504 -0.625000
v 0.825000 0.531504 -0.625000
v 0.825000 0.531504 -0.675000
v 0.975000 0.531504 -0.625000
v 0.925000 0.531504 -0.625000
v 0.925000 0.531504 -0.675000
v 0.675000 0.531504 -0.725000
v 0.625000 0.531504 -0.725000
v 0.625000 0.531504 -0.775000
v 0.675000 0.531504 -0.625000
v 0.625000 0.531504 -0.625000
v 0.625000 0.531504 -0.675000
v 0.775000 0.531504 -0.625000
v 0.725000 0.531504 -0.625000
v 0.725000 0.531504 -0.675000
v 0.475000 0.531504 -0.725000
v 0.425000 0.531504 -0.725000
v 0.425000 0.531504 -0.775000
v 0.475000 0.531504 -0.625000
v 0.425000 0.531504 -0.625000
v 0.425000 0.531504 -0.675000
v 0.575000 0.531504 -0.625000
v 0.525000 0.531504 -0.625000
v 0.525000 0.531504 -0.675000
v 0.275000 0.531504 -0.725000
v 0.225000 0.531504 -0.725000
v 0.225000 0.531504 -0.775000
v 0.275000 0.531504 -0.625000
v 0.225000 0.531504 -0.625000
v 0.225000 0.531504 -0.675000
v 0.375000 0.531504 -0.625000
v 0.325000 0.531504 -0.625000
v 0.325000 0.531504 -0.675000
v 0.075000 0.531504 -0.725000
v 0.025000 0.531504 -0.725000
v 0.025000 0.531504 -0.775000
v 0.075000 0.531504 -0.625000
v 0.025000 0.531504 -0.625000
v 0.025000 0.531504 -0.675000
v 0.175000 0.531504 -0.625000
v 0.125000 0.531504 -0.625000
v 0.125000 0.531504 -0.675000
v -0.125000 0.531504 -0.725000
v -0.175000 0.531504 -0.725000
v -0.175000 0.531504 -0.775000
v -0.125000 0.531504 -0.625000
v -0.175000 0.531504 -0.625000
v -0.175000 0.531504 -0.675000
v -0.025000 0.531504 -0.625000
v -0.075000 0.531504 -0.625000
v -0.075000 0.531504 -0.675000
v -0.325000 0.531504 -0.725000
v -0.375000 0.531504 -0.725000
v -0.375000 0.531504 -0.775000
v -0.325000 0.531504 -0.625000
v -0.375000 0.531504 -0.625000
v -0.375000 0.531504 -0.675000
v -0.225000 0.531504 -0.625000
v -0.275000 0.531504 -0.625000
v -0.275000 0.531504 -0.675000
v -0.525000 0.531504 -0.725000
v -0.575000 0.531504 -0.725000
v -0.575000 0.531504 -0.775000
v -0.525000 0.531504 -0.625000
v -0.575000 0.531504 -0.625000
v -0.575000 0.531504 -0.675000
v -0.425000 0.531504 -0.625000
v -0.475000 0.531504 -0.625000
v -0.475000 0.531504 -0.675000
v -0.725000 0.531504 -0.725000
v -0.775000 0.531504 -0.725000
v -0.775000 0.531504 -0.775000
v -0.725000 0.531504 -0.625000
v -0.775000 0.531504 -0.625000
v -0.775000 0.531504 -0.675000
v -0.625000 0.531504 -0.625000
v -0.675000 0.531504 -0.625000
v -0.675000 0.531504 -0.675000
v -0.925000 0.531504 -0.725000
v -0.975000 0.531504 -0.725000
v -0.975000 0.531504 -0.775000
v -0.925000 0.531504 -0.625000
v -0.975000 0.531504 -0.625000
v -0.975000 0.531504 -0.675000
v -0.825000 0.531504 -0.625000
v -0.875000 0.531504 -0.625000
v -0.875000 0.531504 -0.675000
v 0.875000 0.531504 -0.525000
v 0.825000 0.531504 -0.525000
v 0.825000 0.531504 -0.575000
v 0.875000 0.531504 -0.425000
v 0.825000 0.531504 -0.425000
v 0.825000 0.531504 -0.475000
v 0.975000 0.531504 -0.425000
v 0.925000 0.531504 -0.425000
v 0.925000 0.531504 -0.475000
v 0.675000 0.531504 -0.525000
v 0.625000 0.531504 -0.525000
v 0.625000 0.531504 -0.575000
v 0.675000 0.531504 -0.425000
v 0.625000 0.531504 -0.425000
v 0.625000 0.531504 -0.475000
v 0.775000 0.531504 -0.425000
v 0.725000 0.531504 -0.425000
v 0.725000 0.531504 -0.475000
v 0.475000 0.531504 -0.525000
v 0.425000 0.531504 -0.525000
v 0.425000 0.531504 -0.575000
v 0.475000 0.531504 -0.425000
v 0.425000 0.531504 -0.425000
v 0.425000 0.531504 -0.475000
v 0.575000 0.531504 -0.425000
v 0.525000 0.531504 -0.425000
v 0.525000 0.531504 -0.475000
v 0.275000 0.531504 -0.525000
v 0.225000 0.531504 -0.525000
v 0.225000 0.531504 -0.575000
v 0.275000 0.531504 -0.425000
v 0.225000 0.531504 -0.425000
v 0.225000 0.531504 -0.475000
v 0.375000 0.531504 -0.425000
v 0.325000 0.531504 -0.425000
v 0.325000 0.531504 -0.475000
v 0.075000 0.531504 -0.525000
v 0.025000 0.531504 -0.525000
v 0.025000 0.531504 -0.575000
v 0.075000 0.531504 -0.425000
v 0.025000 0.531504 -0.425000
v 0.025000 0.531504 -0.475000
v 0.175000 0.531504 -0.425000
v 0.125000 0.531504 -0.425000
v 0.125000 0.531504 -0.475000
v -0.125000 0.531504 -0.525000
v -0.175000 0.531504 -0.525000
v -0.175000 0.531504 -0.575000
v -0.125000 0.531504 -0.425000
v -0.175000 0.531504 -0.425000
v -0.175000 0.531504 -0.475000
v -0.025000 0.531504 -0.425000
v -0.075000 0.531504 -0.425000
v -0.075000 0.531504 -0.475000
v -0.325000 0.531504 -0.525000
v -0.375000 0.531504 -0.525000
v -0.375000 0.531504 -0.575000
v -0.325000 0.531504 -0.425000
v -0.375000 0.531504 -0.425000
v -0.375000 0.531504 -0.475000
v -0.225000 0.531504 -0.425000
v -0.275000 0.531504 -0.425000
v -0.275000 0.531504 -0.475000
v -0.525000 0.531504 -0.525000
v -0.575000 0.531504 -0.525000
v -0.575000 0.531504 -0.575000
v -0.525000 0.531504 -0.425000
v -0.575000 0.531504 -0.425000
v -0.575000 0.531504 -0.475000
v -0.425000 0.531504 -0.425000
v -0.475000 0.531504 -0.425000
v -0.475000 0.531504 -0.475000
v -0.725000 0.531504 -0.525000
v -0.775000 0.531504 -0.525000
v -0.775000 0.531504 -0.575000
v -0.725000 0.531504 -0.425000
v -0.775000 0.531504 -0.425000
v -0.775000 0.531504 -0.475000
v -0.625000 0.531504 -0.425000
v -0.675000 0.531504 -0.425000
v -0.675000 0.531504 -0.475000
v -0.925000 0.531504 -0.525000
v -0.975000 0.531504 -0.525000
v -0.975000 0.531504 -0.575000
v -0.925000 0.531504 -0.425000
v -0.975000 0.531504 -0.425000
v -0.975000 0.531504 -0.475000
v -0.825000 0.531504 -0.425000
v -0.875000 0.531504 -0.425000
v -0.875000 0.531504 -0.475000
v 0.875000 0.531504 -0.325000
v 0.825000 0.531504 -0.325000
v 0.825000 0.531504 -0.375000
v 0.875000 0.531504 -0.225000
v 0.825000 0.531504 -0.225000
v 0.825000 0.531504 -0.275000
v 0.975000 0.531504 -0.225000
v 0.925000 0.531504 -0.225000
v 0.925000 0.531504 -0.275000
v 0.675000 0.531504 -0.325000
v 0.625000 0.531504 -0.325000
v 0.625000 0.531504 -0.375000
v 0.675000 0.531504 -0.225000
v 0.625000 0.531504 -0.225000
v 0.625000 0.531504 -0.275000
v 0.775000 0.531504 -0.225000
v 0.725000 0.531504 -0.225000
v 0.725000 0.531504 -0.275000
v 0.475000 0.531504 -0.325000
v 0.425000 0.531504 -0.325000
v 0.425000 0.531504 -0.375000
v 0.475000 0.531504 -0.225000
v 0.425000 0.531504 -0.225000
v 0.425000 0.531504 -0.275000
v 0.575000 0.531504 -0.225000
v 0.525000 0.531504 -0.225000
v 0.525000 0.531504 -0.275000
v 0.275000 0.531504 -0.325000
v 0.225000 0.531504 -0.325000
v 0.225000 0.531504 -0.375000
v 0.275000 0.531504 -0.225000
v 0.225000 0.531504 -0.225000
v 0.225000 0.531504 -0.275000
v 0.375000 0.531504 -0.225000
v 0.325000 0.531504 -0.225000
v 0.325000 0.531504 -0.275000
v 0.075000 0.531504 -0.325000
v 0.025000 0.531504 -0.325000
v 0.025000 0.531504 -0.375000
v 0.075000 0.531504 -0.225000
v 0.025000 0.531504 -0.225000
v 0.025000 0.531504 -0.275000
v 0.175000 0.531504 -0.225000
v 0.125000 0.531504 -0.225000
v 0.125000 0.531504 -0.275000
v -0.125000 0.531504 -0.325000
v -0.175000 0.531504 -0.325000
v -0.175000 0.531504 -0.375000
v -0.125000 0.531504 -0.225000
v -0.175000 0.531504 -0.225000
v -0.175000 0.531504 -0.275000
v -0.025000 0.531504 -0.225000
v -0.075000 0.531504 -0.225000
v -0.075000 0.531504 -0.275000
v -0.325000 0.531504 -0.325000
v -0.375000 0.531504 -0.325000
v -0.375000 0.531504 -0.375000
v -0.325000 0.531504 -0.225000
v -0.375000 0.531504 -0.225000
v -0.375000 0.531504 -0.275000
v -0.225000 0.531504 -0.225000
v -0.275000 0.531504 -0.225000
v -0.275000 0.531504 -0.275000
v -0.525000 0.531504 -0.325000
v -0.575000 0.531504 -0.325000
v -0.575000 0.531504 -0.375000
v -0.525000 0.531504 -0.225000
v -0.575000 0.531504 -0.225000
v -0.575000 0.531504 -0.275000
v -0.425000 0.531504 -0.225000
v -0.475000 0.531504 -0.225000
v -0.475000 0.531504 -0.275000
v -0.725000 0.531504 -0.325000
v -0.775000 0.531504 -0.325000
v -0.775000 0.531504 -0.375000
v -0.725000 0.531504 -0.225000
v -0.775000 0.531504 -0.225000
v -0.775000 0.531504 -0.275000
v -0.625000 0.531504 -0.225000
v -0.675000 0.531504 -0.225000
v -0.675000 0.531504 -0.275000
v -0.925000 0.531504 -0.325000
v -0.975000 0.531504 -0.325000
v -0.975000 0.531504 -0.375000
v -0.925000 0.531504 -0.225000
v -0.975000 0.531504 -0.225000
v -0.975000 0.531504 -0.275000
v -0.825000 0.531504 -0.225000
v -0.875000 0.531504 -0.225000
v -0.875000 0.531504 -0.275000
v 0.875000 0.531504 -0.125000
v 0.825000 0.531504 -0.125000
v 0.825000 0.531504 -0.175000
v 0.875000 0.531504 -0.025000
v 0.825000 0.531504 -0.025000
v 0.825000 0.531504 -0.075000
v 0.975000 0.531504 -0.025000
v 0.925000 0.531504 -0.025000
v 0.925000 0.531504 -0.075000
v 0.675000 0.531504 -0.125000
v 0.625000 0.531504 -0.125000
v 0.625000 0.531504 -0.175000
v 0.675000 0.531504 -0.025000
v 0.625000 0.531504 -0.025000
v 0.625000 0.531504 -0.075000
v 0.775000 0.531504 -0.025000
v 0.725000 0.531504 -0.025000
v 0.725000 0.531504 -0.075000
v 0.475000 0.531504 -0.125000
v 0.425000 0.531504 -0.125000
v 0.425000 0.531504 -0.175000
v 0.475000 0.531504 -0.025000
v 0.425000 0.531504 -0.025000
v 0.425000 0.531504 -0.075000
v 0.575000 0.531504 -0.025000
v 0.525000 0.531504 -0.025000
v 0.525000 0.531504 -0.075000
v 0.275000 0.531504 -0.125000
v 0.225000 0.531504 -0.125000
v 0.225000 0.531504 -0.175000
v 0.275000 0.531504 -0.025000
v 0.225000 0.531504 -0.025000
v 0.225000 0.531504 -0.075000
v 0.375000 0.531504 -0.025000
v 0.325000 0.531504 -0.025000
v 0.325000 0.531504 -0.075000
v 0.075000 0.531504 -0.125000
v 0.025000 0.531504 -0.125000
v 0.025000 0.531504 -0.175000
v 0.075000 0.531504 -0.025000
v 0.025000 0.531504 -0.025000
v 0.025000 0.531504 -0.075000
v 0.175000 0.531504 -0.025000
v 0.125000 0.531504 -0.025000
v 0.125000 0.531504 -0.075000
v -0.125000 0.531504 -0.125000
v -0.175000 0.531504 -0.125000
v -0.175000 0.531504 -0.175000
v -0.125000 0.531504 -0.025000
v -0.175000 0.531504 -0.025000
v -0.175000 0.531504 -0.075000
v -0.025000 0.531504 -0.025000
v -0.075000 0.531504 -0.025000
v -0.075000 0.531504 -0.075000
v -0.325000 0.531504 -0.125000
v -0.375000 0.531504 -0.125000
v -0.375000 0.531504 -0.175000
v -0.325000 0.531504 -0.025000
v -0.375000 0.531504 -0.025000
v -0.375000 0.531504 -0.075000
v -0.225000 0.531504 -0.025000
v -0.275000 0.531504 -0.025000
v -0.275000 0.531504 -0.075000
v -0.525000 0.531504 -0.125000
v -0.575000 0.531504 -0.125000
v -0.575000 0.531504 -0.175000
v -0.525000 0.531504 -0.025000
v -0.575000 0.531504 -0.025000
v -0.575000 0.531504 -0.075000
v -0.425000 0.531504 -0.025000
v -0.475000 0.531504 -0.025000
v -0.475000 0.531504 -0.075000
v -0.725000 0.531504 -0.125000
v -0.775000 0.531504 -0.125000
v -0.775000 0.531504 -0.175000
v -0.725000 0.531504 -0.025000
v -0.775000 0.531504 -0.025000
v -0.775000 0.531504 -0.075000
v -0.625000 0.531504 -0.025000
v -0.675000 0.531504 -0.025000
v -0.675000 0.531504 -0.075000
v -0.925000 0.531504 -0.125000
v -0.975000 0.531504 -0.125000
v -0.975000 0.531504 -0.175000
v -0.925000 0.531504 -0.025000
v -0.975000 0.531504 -0.025000
v -0.975000 0.531504 -0.075000
v -0.825000 0.531504 -0.025000
v -0.875000 0.531504 -0.025000
v -0.875000 0.531504 -0.075000
v 0.875000 0.531504 0.075000
v 0.825000 0.531504 0.075000
v 0.825000 0.531504 0.025000
v 0.875000 0.531504 0.175000
v 0.825000 0.531504 0.175000
v 0.825000 0.531504 0.125000
v 0.975000 0.531504 0.175000
v 0.925000 0.531504 0.175000
v 0.925000 0.531504 0.125000
v 0.675000 0.531504 0.075000
v 0.625000 0.531504 0.075000
v 0.625000 0.531504 0.025000
v 0.675000 0.531504 0.175000
v 0.625000 0.531504 0.175000
v 0.625000 0.531504 0.125000
v 0.775000 0.531504 0.175000
v 0.725000 0.531504 0.175000
v 0.725000 0.531504 0.125000
v 0.475000 0.531504 0.075000
v 0.425000 0.531504 0.075000
v 0.425000 0.531504 0.025000
v 0.475000 0.531504 0.175000
v 0.425000 0.531504 0.175000
v 0.425000 0.531504 0.125000
v 0.575000 0.531504 0.175000
v 0.525000 0.531504 0.175000
v 0.525000 0.531504 0.125000
v 0.275000 0.531504 0.075000
v 0.225000 0.531504 0.075000
v 0.225000 0.531504 0.025000
v 0.275000 0.531504 0.175000
v 0.225000 0.531504 0.175000
v 0.225000 0.531504 0.125000
v 0.375000 0.531504 0.175000
v 0.325000 0.531504 0.175000
v 0.325000 0.531504 0.125000
v 0.075000 0.531504 0.075000
v 0.025000 0.531504 0.075000
v 0.025000 0.531504 0.025000
v 0.075000 0.531504 0.175000
v 0.025000 0.531504 0.175000
v 0.025000 0.531504 0.125000
v 0.175000 0.531504 0.175000
v 0.125000 0.531504 0.175000
v 0.125000 0.531504 0.125000
v -0.125000 0.531504 0.075000
v -0.175000 0.531504 0.075000
v -0.175000 0.531504 0.025000
v -0.125000 0.531504 0.175000
v -0.175000 0.531504 0.175000
v -0.175000 0.531504 0.125000
v -0.025000 0.531504 0.175000
v -0.075000 0.531504 0.175000
v -0.075000 0.531504 0.125000
v -0.325000 0.531504 0.075000
v -0.375000 0.531504 0.075000
v -0.375000 0.531504 0.025000
v -0.325000 0.531504 0.175000
v -0.375000 0.531504 0.175000
v -0.375000 0.531504 0.125000
v -0.225000 0.531504 0.175000
v -0.275000 0.531504 0.175000
v -0.275000 0.531504 0.125000
v -0.525000 0.531504 0.075000
v -0.575000 0.531504 0.075000
v -0.575000 0.531504 0.025000
v -0.525000 0.531504 0.175000
v -0.575000 0.531504 0.175000
v -0.575000 0.531504 0.125000
v -0.425000 0.531504 0.175000
v -0.475000 0.531504 0.175000
v -0.475000 0.531504 0.125000
v -0.725000 0.531504 0.075000
v -0.775000 0.531504 0.075000
v -0.775000 0.531504 0.025000
v -0.725000 0.531504 0.175000
v -0.775000 0.531504 0.175000
v -0.775000 0.531504 0.125000
v -0.625000 0.531504 0.175000
v -0.675000 0.531504 0.175000
v -0.675000 0.531504 0.125000
v -0.925000 0.531504 0.075000
v -0.975000 0.531504 0.075000
v -0.975000 0.531504 0.025000
v -0.925000 0.531504 0.175000
v -0.975000 0.531504 0.175000
v -0.975000 0.531504 0.125000
v -0.825000 0.531504 0.175000
v -0.875000 0.531504 0.175000
v -0.875000 0.531504 0.125000
v 0.875000 0.531504 0.275000
v 0.825000 0.531504 0.275000
v 0.825000 0.531504 0.225000
v 0.875000 0.531504 0.375000
v 0.825000 0.531504 0.375000
v 0.825000 0.531504 0.325000
v 0.975000 0.531504 0.375000
v 0.925000 0.531504 0.375000
v 0.925000 0.531504 0.325000
v 0.675000 0.531504 0.275000
v 0.625000 0.531504 0.275000
v 0.625000 0.531504 0.225000
v 0.675000 0.531504 0.375000
v 0.625000 0.531504 0.375000
v 0.625000 0.531504 0.325000
v 0.775000 0.531504 0.375000
v 0.725000 0.531504 0.375000
v 0.725000 0.531504 0.325000
v 0.475000 0.531504 0.275000
v 0.425000 0.531504 0.275000
v 0.425000 0.531504 0.225000
v 0.475000 0.531504 0.375000
v 0.425000 0.531504 0.375000
v 0.425000 0.531504 0.325000
v 0.575000 0.531504 0.375000
v 0.525000 0.531504 0.375000
v 0.525000 0.531504 0.325000
v 0.275000 0.531504 0.275000
v 0.225000 0.531504 0.275000
v 0.225000 0.531504 0.225000
v 0.275000 0.531504 0.375000
v 0.225000 0.531504 0.375000
v 0.225000 0.531504 0.325000
v 0.375000 0.531504 0.375000
v 0.325000 0.531504 0.375000
v 0.325000 0.531504 0.325000
v 0.075000 0.531504 0.275000
v 0.025000 0.531504 0.275000
v 0.025000 0.531504 0.225000
v 0.075000 0.531504 0.375000
v 0.025000 0.531504 0.375000
v 0.025000 0.531504 0.325000
v 0.175000 0.531504 0.375000
v 0.125000 0.531504 0.375000
v 0.125000 0.531504 0.325000
v -0.125000 0.531504 0.275000
v -0.175000 0.531504 0.275000
v -0.175000 0.531504 0.225000
v -0.125000 0.531504 0.375000
v -0.175000 0.531504 0.375000
v -0.175000 0.531504 0.325000
v -0.025000 0.531504 0.375000
v -0.075000 0.531504 0.375000
v -0.075000 0.531504 0.325000
v -0.325000 0.531504 0.275000
v -0.375000 0.531504 0.275000
v -0.375000 0.531504 0.225000
v -0.325000 0.531504 0.375000
v -0.375000 0.531504 0.375000
v -0.375000 0.531504 0.325000
v -0.225000 0.531504 0.375000
v -0.275000 0.531504 0.375000
v -0.275000 0.531504 0.325000
v -0.525000 0.531504 0.275000
v -0.575000 0.531504 0.275000
v -0.575000 0.531504 0.225000
v -0.525000 0.531504 0.375000
v -0.575000 0.531504 0.375000
v -0.575000 0.531504 0.325000
v -0.425000 0.531504 0.375000
v -0.475000 0.531504 0.375000
v -0.475000 0.531504 0.325000
v -0.725000 0.531504 0.275000
v -0.775000 0.531504 0.275000
v -0.775000 0.531504 0.225000
v -0.725000 0.531504 0.375000
v -0.775000 0.531504 0.375000
v -0.775000 0.531504 0.325000
v -0.625000 0.531504 0.375000
v -0.675000 0.531504 0.375000
v -0.675000 0.531504 0.325000
v -0.925000 0.531504 0.275000
v -0.975000 0.531504 0.275000
v -0.975000 0.531504 0.225000
v -0.925000 0.531504 0.375000
v -0.975000 0.531504 0.375000
v -0.975000 0.531504 0.325000
v -0.825000 0.531504 0.375000
v -0.875000 0.531504 0.375000
v -0.875000 0.531504 0.325000
v 0.875000 0.531504 0.475000
v 0.825000 0.531504 0.475000
v 0.825000 0.531504 0.425000
v 0.875000 0.531504 0.575000
v 0.825000 0.531504 0.575000
v 0.825000 0.531504 0.525000
v 0.975000 0.531504 0.575000
v 0.925000 0.531504 0.575000
v 0.925000 0.531504 0.525000
v 0.675000 0.531504 0.475000
v 0.625000 0.531504 0.475000
v 0.625000 0.531504 0.425000
v 0.675000 0.531504 0.575000
v 0.625000 0.531504 0.575000
v 0.625000 0.531504 0.525000
v 0.775000 0.531504 0.575000
v 0.725000 0.531504 0.575000
v 0.725000 0.531504 0.525000
v 0.475000 0.531504 0.475000
v 0.425000 0.531504 0.475000
v 0.425000 0.531504 0.425000
v 0.475000 0.531504 0.575000
v 0.425000 0.531504 0.575000
v 0.425000 0.531504 0.525000
v 0.575000 0.531504 0.575000
v 0.525000 0.531504 0.575000
v 0.525000 0.531504 0.525000
v 0.275000 0.531504 0.475000
v 0.225000 0.531504 0.475000
v 0.225000 0.531504 0.425000
v 0.275000 0.531504 0.575000
v 0.225000 0.531504 0.575000
v 0.225000 0.531504 0.525000
v 0.375000 0.531504 0.575000
v 0.325000 0.531504 0.575000
v 0.325000 0.531504 0.525000
v 0.075000 0.531504 0.475000
v 0.025000 0.531504 0.475000
v 0.025000 0.531504 0.425000
v 0.075000 0.531504 0.575000
v 0.025000 0.531504 0.575000
v 0.025000 0.531504 0.525000
v 0.175000 0.531504 0.575000
v 0.125000 0.531504 0.575000
v 0.125000 0.531504 0.525000
v -0.125000 0.531504 0.475000
v -0.175000 0.531504 0.475000
v -0.175000 0.531504 0.425000
v -0.125000 0.531504 0.575000
v -0.175000 0.531504 0.575000
v -0.175000 0.531504 0.525000
v -0.025000 0.531504 0.575000
v -0.075000 0.531504 0.575000
v -0.075000 0.531504 0.525000
v -0.325000 0.531504 0.475000
v -0.375000 0.531504 0.475000
v -0.375000 0.531504 0.425000
v -0.325000 0.531504 0.575000
v -0.375000 0.531504 0.575000
v -0.375000 0.531504 0.525000
v -0.225000 0.531504 0.575000
v -0.275000 0.531504 0.575000
v -0.275000 0.531504 0.525000
v -0.525000 0.531504 0.475000
v -0.575000 0.531504 0.475000
v -0.575000 0.531504 0.425000
v -0.525000 0.531504 0.575000
v -0.575000 0.531504 0.575000
v -0.575000 0.531504 0.525000
v -0.425000 0.531504 0.575000
v -0.475000 0.531504 0.575000
v -0.475000 0.531504 0.525000
v -0.725000 0.531504 0.475000
v -0.775000 0.531504 0.475000
v -0.775000 0.531504 0.425000
v -0.725000 0.531504 0.575000
v -0.775000 0.531504 0.575000
v -0.775000 0.531504 0.525000
v -0.625000 0.531504 0.575000
v -0.675000 0.531504 0.575000
v -0.675000 0.531504 0.525000
v -0.925000 0.531504 0.475000
v -0.975000 0.531504 0.475000
v -0.975000 0.531504 0.425000
v -0.925000 0.531504 0.575000
v -0.975000 0.531504 0.575000
v -0.975000 0.531504 0.525000
v -0.825000 0.531504 0.575000
v -0.875000 0.531504 0.575000
v -0.875000 0.531504 0.525000
v 0.875000 0.531504 0.675000
v 0.825000 0.531504 0.675000
v 0.825000 0.531504 0.625000
v 0.875000 0.531504 0.775000
v 0.825000 0.531504 0.775000
v 0.825000 0.531504 0.725000
v 0.975000 0.531504 0.775000
v 0.925000 0.531504 0.775000
v 0.925000 0.531504 0.725000
v 0.675000 0.531504 0.675000
v 0.625000 0.531504 0.675000
v 0.625000 0.531504 0.625000
v 0.675000 0.531504 0.775000
v 0.625000 0.531504 0.775000
v 0.625000 0.531504 0.725000
v 0.775000 0.531504 0.775000
v 0.725000 0.531504 0.775000
v 0.725000 0.531504 0.725000
v 0.475000 0.531504 0.675000
v 0.425000 0.531504 0.675000
v 0.425000 0.531504 0.625000
v 0.475000 0.531504 0.775000
v 0.425000 0.531504 0.775000
v 0.425000 0.531504 0.725000
v 0.575000 0.531504 0.775000
v 0.525000 0.531504 0.775000
v 0.525000 0.531504 0.725000
v 0.275000 0.531504 0.675000
v 0.225000 0.531504 0.675000
v 0.225000 0.531504 0.625000
v 0.275000 0.531504 0.775000
v 0.225000 0.531504 0.775000
v 0.225000 0.531504 0.725000
v 0.375000 0.531504 0.775000
v 0.325000 0.531504 0.775000
v 0.325000 0.531504 0.725000
v 0.075000 0.531504 0.675000
v 0.025000 0.531504 0.675000
v 0.025000 0.531504 0.625000
v 0.075000 0.531504 0.775000
v 0.025000 0.531504 0.775000
v 0.025000 0.531504 0.725000
v 0.175000 0.531504 0.775000
v 0.125000 0.531504 0.775000
v 0.125000 0.531504 0.725000
v -0.125000 0.531504 0.675000
v -0.175000 0.531504 0.675000
v -0.175000 0.531504 0.625000
v -0.125000 0.531504 0.775000
v -0.175000 0.531504 0.775000
v -0.175000 0.531504 0.725000
v -0.025000 0.531504 0.775000
v -0.075000 0.531504 0.775000
v -0.075000 0.531504 0.725000
v -0.325000 0.531504 0.675000
v -0.375000 0.531504 0.675000
v -0.375000 0.531504 0.625000
v -0.325000 0.531504 0.775000
v -0.375000 0.531504 0.775000
v -0.375000 0.531504 0.725000
v -0.225000 0.531504 0.775000
v -0.275000 0.531504 0.775000
v -0.275000 0.531504 0.725000
v -0.525000 0.531504 0.675000
v -0.575000 0.531504 0.675000
v -0.575000 0.531504 0.625000
v -0.525000 0.531504 0.775000
v -0.575000 0.531504 0.775000
v -0.575000 0.531504 0.725000
v -0.425000 0.531504 0.775000
v -0.475000 0.531504 0.775000
v -0.475000 0.531504 0.725000
v -0.725000 0.531504 0.675000
v -0.775000 0.531504 0.675000
v -0.775000 0.531504 0.625000
v -0.725000 0.531504 0.775000
v -0.775000 0.531504 0.775000
v -0.775000 0.531504 0.725000
v -0.625000 0.531504 0.775000
v -0.675000 0.531504 0.775000
v -0.675000 0.531504 0.725000
v -0.925000 0.531504 0.675000
v -0.975000 0.531504 0.675000
v -0.975000 0.531504 0.625000
v -0.925000 0.531504 0.775000
v -0.975000 0.531504 0.775000
v -0.975000 0.531504 0.725000
v -0.825000 0.531504 0.775000
v -0.875000 0.531504 0.775000
v -0.875000 0.531504 0.725000
v 0.875000 0.531504 0.875000
v 0.825000 0.531504 0.875000
v 0.825000 0.531504 0.825000
v 0.875000 0.531504 0.975000
v 0.825000 0.531504 0.975000
v 0.825000 0.531504 0.925000
v 0.975000 0.531504 0.975000
v 0.925000 0.531504 0.975000
v 0.925000 0.531504 0.925000
v 0.675000 0.531504 0.875000
v 0.625000 0.531504 0.875000
v 0.625000 0.531504 0.825000
v 0.675000 0.531504 0.975000
v 0.625000 0.531504 0.975000
v 0.625000 0.531504 0.925000
v 0.775000 0.531504 0.975000
v 0.725000 0.531504 0.975000
v 0.725000 0.531504 0.925000
v 0.475000 0.531504 0.875000
v 0.425000 0.531504 0.875000
v 0.425000 0.531504 0.825000
v 0.475000 0.531504 0.975000
v 0.425000 0.531504 0.975000
v 0.425000 0.531504 0.925000
v 0.575000 0.531504 0.975000
v 0.525000 0.531504 0.975000
v 0.525000 0.531504 0.925000
v 0.275000 0.531504 0.875000
v 0.225000 0.531504 0.875000
v 0.225000 0.531504 0.825000
v 0.275000 0.531504 0.975000
v 0.225000 0.531504 0.975000
v 0.225000 0.531504 0.925000
v 0.375000 0.531504 0.975000
v 0.325000 0.531504 0.975000
v 0.325000 0.531504 0.925000
v 0.075000 0.531504 0.875000
v 0.025000 0.531504 0.875000
v 0.025000 0.531504 0.825000
v 0.075000 0.531504 0.975000
v 0.025000 0.531504 0.975000
v 0.025000 0.531504 0.925000
v 0.175000 0.531504 0.975000
v 0.125000 0.531504 0.975000
v 0.125000 0.531504 0.925000
v -0.125000 0.531504 0.875000
v -0.175000 0.531504 0.875000
v -0.175000 0.531504 0.825000
v -0.125000 0.531504 0.975000
v -0.175000 0.531504 0.975000
v -0.175000 0.531504 0.925000
v -0.025000 0.531504 0.975000
v -0.075000 0.531504 0.975000
v -0.075000 0.531504 0.925000
v -0.325000 0.531504 0.875000
v -0.375000 0.531504 0.875000
v -0.375000 0.531504 0.825000
v -0.325000 0.531504 0.975000
v -0.375000 0.531504 0.975000
v -0.375000 0.531504 0.925000
v -0.225000 0.531504 0.975000
v -0.275000 0.531504 0.975000
v -0.275000 0.531504 0.925000
v -0.525000 0.531504 0.875000
v -0.575000 0.531504 0.875000
v -0.575000 0.531504 0.825000
v -0.525000 0.531504 0.975000
v -0.575000 0.531504 0.975000
v -0.575000 0.531504 0.925000
v -0.425000 0.531504 0.975000
v -0.475000 0.531504 0.975000
v -0.475000 0.531504 0.925000
v -0.725000 0.531504 0.875000
v -0.775000 0.531504 0.875000
v -0.775000 0.531504 0.825000
v -0.725000 0.531504 0.975000
v -0.775000 0.531504 0.975000
v -0.775000 0.531504 0.925000
v -0.625000 0.531504 0.975000
v -0.675000 0.531504 0.975000
v -0.675000 0.531504 0.925000
v -0.925000 0.531504 0.875000
v -0.975000 0.531504 0.875000
v -0.975000 0.531504 0.825000
v -0.925000 0.531504 0.975000
v -0.975000 0.531504 0.975000
v -0.975000 0.531504 0.925000
v -0.825000 0.531504 0.975000
v -0.875000 0.531504 0.975000
v -0.875000 0.531504 0.925000
v -0.825000 0.531504 0.925000
v -0.925000 0.531504 0.925000
v -0.925000 0.531504 0.825000
v -0.625000 0.531504 0.925000
v -0.725000 0.531504 0.925000
v -0.725000 0.531504 0.825000
v -0.425000 0.531504 0.925000
v -0.525000 0.531504 0.925000
v -0.525000 0.531504 0.825000
v -0.225000 0.531504 0.925000
v -0.325000 0.531504 0.925000
v -0.325000 0.531504 0.825000
v -0.025000 0.531504 0.925000
v -0.125000 0.531504 0.925000
v -0.125000 0.531504 0.825000
v 0.175000 0.531504 0.925000
v 0.075000 0.531504 0.925000
v 0.075000 0.531504 0.825000
v 0.375000 0.531504 0.925000
v 0.275000 0.531504 0.925000
v 0.275000 0.531504 0.825000
v 0.575000 0.531504 0.925000
v 0.475000 0.531504 0.925000
v 0.475000 0.531504 0.825000
v 0.775000 0.531504 0.925000
v 0.675000 0.531504 0.925000
v 0.675000 0.531504 0.825000
v 0.975000 0.531504 0.925000
v 0.875000 0.531504 0.925000
v 0.875000 0.531504 0.825000
v -0.825000 0.531504 0.725000
v -0.925000 0.531504 0.725000
v -0.925000 0.531504 0.625000
v -0.625000 0.531504 0.725000
v -0.725000 0.531504 0.725000
v -0.725000 0.531504 0.625000
v -0.425000 0.531504 0.725000
v -0.525000 0.531504 0.725000
v -0.525000 0.531504 0.625000
v -0.225000 0.531504 0.725000
v -0.325000 0.531504 0.725000
v -0.325000 0.531504 0.625000
v -0.025000 0.531504 0.725000
v -0.125000 0.531504 0.725000
v -0.125000 0.531504 0.625000
v 0.175000 0.531504 0.725000
v 0.075000 0.531504 0.725000
v 0.075000 0.531504 0.625000
v 0.375000 0.531504 0.725000
v 0.275000 0.531504 0.725000
v 0.275000 0.531504 0.625000
v 0.575000 0.531504 0.725000
v 0.475000 0.531504 0.725000
v 0.475000 0.531504 0.625000
v 0.775000 0.531504 0.725000
v 0.675000 0.531504 0.725000
v 0.675000 0.531504 0.625000
v 0.975000 0.531504 0.725000
v 0.875000 0.531504 0.725000
v 0.875000 0.531504 0.625000
v -0.825000 0.531504 0.525000
v -0.925000 0.531504 0.525000
v -0.925000 0.531504 0.425000
v -0.625000 0.531504 0.525000
v -0.725000 0.531504 0.525000
v -0.725000 0.531504 0.425000
v -0.425000 0.531504 0.525000
v -0.525000 0.531504 0.525000
v -0.525000 0.531504 0.425000
v -0.225000 0.531504 0.525000
v -0.325000 0.531504 0.525000
v -0.325000 0.531504 0.425000
v -0.025000 0.531504 0.525000
v -0.125000 0.531504 0.525000
v -0.125000 0.531504 0.425000
v 0.175000 0.531504 0.525000
v 0.075000 0.531504 0.525000
v 0.075000 0.531504 0.425000
v 0.375000 0.531504 0.525000
v 0.275000 0.531504 0.525000
v 0.275000 0.531504 0.425000
v 0.575000 0.531504 0.525000
v 0.475000 0.531504 0.525000
v 0.475000 0.531504 0.425000
v 0.775000 0.531504 0.525000
v 0.675000 0.531504 0.525000
v 0.675000 0.531504 0.425000
v 0.975000 0.531504 0.525000
v 0.875000 0.531504 0.525000
v 0.875000 0.531504 0.425000
v -0.825000 0.531504 0.325000
v -0.925000 0.531504 0.325000
v -0.925000 0.531504 0.225000
v -0.625000 0.531504 0.325000
v -0.725000 0.531504 0.325000
v -0.725000 0.531504 0.225000
v -0.425000 0.531504 0.325000
v -0.525000 0.531504 0.325000
v -0.525000 0.531504 0.225000
v -0.225000 0.531504 0.325000
v -0.325000 0.531504 0.325000
v -0.325000 0.531504 0.225000
v -0.025000 0.531504 0.325000
v -0.125000 0.531504 0.325000
v -0.125000 0.531504 0.225000
v 0.175000 0.531504 0.325000
v 0.075000 0.531504 0.325000
v 0.075000 0.531504 0.225000
v 0.375000 0.531504 0.325000
v 0.275000 0.531504 0.325000
v 0.275000 0.531504 0.225000
v 0.575000 0.531504 0.325000
v 0.475000 0.531504 0.325000
v 0.475000 0.531504 0.225000
v 0.775000 0.531504 0.325000
v 0.675000 0.531504 0.325000
v 0.675000 0.531504 0.225000
v 0.975000 0.531504 0.325000
v 0.875000 0.531504 0.325000
v 0.875000 0.531504 0.225000
v -0.825000 0.531504 0.125000
v -0.925000 0.531504 0.125000
v -0.925000 0.531504 0.025000
v -0.625000 0.531504 0.125000
v -0.725000 0.531504 0.125000
v -0.725000 0.531504 0.025000
v -0.425000 0.531504 0.125000
v -0.525000 0.531504 0.125000
v -0.525000 0.531504 0.025000
v -0.225000 0.531504 0.125000
v -0.325000 0.531504 0.125000
v -0.325000 0.531504 0.025000
v -0.025000 0.531504 0.125000
v -0.125000 0.531504 0.125000
v -0.125000 0.531504 0.025000
v 0.175000 0.531504 0.125000
v 0.075000 0.531504 0.125000
v 0.075000 0.531504 0.025000
v 0.375000 0.531504 0.125000
v 0.275000 0.531504 0.125000
v 0.275000 0.531504 0.025000
v 0.575000 0.531504 0.125000
v 0.475000 0.531504 0.125000
v 0.475000 0.531504 0.025000
v 0.775000 0.531504 0.125000
v 0.675000 0.531504 0.125000
v 0.675000 0.531504 0.025000
v 0.975000 0.531504 0.125000
v 0.875000 0.531504 0.125000
v 0.875000 0.531504 0.025000
v -0.825000 0.531504 -0.075000
v -0.925000 0.531504 -0.075000
v -0.925000 0.531504 -0.175000
v -0.625000 0.531504 -0.075000
v -0.725000 0.531504 -0.075000
v -0.725000 0.531504 -0.175000
v -0.425000 0.531504 -0.075000
v -0.525000 0.531504 -0.075000
v -0.525000 0.531504 -0.175000
v -0.225000 0.531504 -0.075000
v -0.325000 0.531504 -0.075000
v -0.325000 0.531504 -0.175000
v -0.025000 0.531504 -0.075000
v -0.125000 0.531504 -0.075000
v -0.125000 0.531504 -0.175000
v 0.175000 0.531504 -0.075000
v 0.075000 0.531504 -0.075000
v 0.075000 0.531504 -0.175000
v 0.375000 0.531504 -0.075000
v 0.275000 0.531504 -0.075000
v 0.275000 0.531504 -0.175000
v 0.575000 0.531504 -0.075000
v 0.475000 0.531504 -0.075000
v 0.475000 0.531504 -0.175000
v 0.775000 0.531504 -0.075000
v 0.675000 0.531504 -0.075000
v 0.675000 0.531504 -0.175000
v 0.975000 0.531504 -0.075000
v 0.875000 0.531504 -0.075000
v 0.875000 0.531504 -0.175000
v -0.825000 0.531504 -0.275000
v -0.925000 0.531504 -0.275000
v -0.925000 0.531504 -0.375000
v -0.625000 0.531504 -0.275000
v -0.725000 0.531504 -0.275000
v -0.725000 0.531504 -0.375000
v -0.425000 0.531504 -0.275000
v -0.525000 0.531504 -0.275000
v -0.525000 0.531504 -0.375000
v -0.225000 0.531504 -0.275000
v -0.325000 0.531504 -0.275000
v -0.325000 0.531504 -0.375000
v -0.025000 0.531504 -0.275000
v -0.125000 0.531504 -0.275000
v -0.125000 0.531504 -0.375000
v 0.175000 0.531504 -0.275000
v 0.075000 0.531504 -0.275000
v 0.075000 0.531504 -0.375000
v 0.375000 0.531504 -0.275000
v 0.275000 0.531504 -0.275000
v 0.275000 0.531504 -0.375000
v 0.575000 0.531504 -0.275000
v 0.475000 0.531504 -0.275000
v 0.475000 0.531504 -0.375000
v 0.775000 0.531504 -0.275000
v 0.675000 0.531504 -0.275000
v 0.675000 0.531504 -0.375000
v 0.975000 0.531504 -0.275000
v 0.875000 0.531504 -0.275000
v 0.875000 0.531504 -0.375000
v -0.825000 0.531504 -0.475000
v -0.925000 0.531504 -0.475000
v -0.925000 0.531504 -0.575000
v -0.625000 0.531504 -0.475000
v -0.725000 0.531504 -0.475000
v -0.725000 0.531504 -0.575000
v -0.425000 0.531504 -0.475000
v -0.525000 0.531504 -0.475000
v -0.525000 0.531504 -0.575000
v -0.225000 0.531504 -0.475000
v -0.325000 0.531504 -0.475000
v -0.325000 0.531504 -0.575000
v -0.025000 0.531504 -0.475000
v -0.125000 0.531504 -0.475000
v -0.125000 0.531504 -0.575000
v 0.175000 0.531504 -0.475000
v 0.075000 0.531504 -0.475000
v 0.075000 0.531504 -0.575000
v 0.375000 0.531504 -0.475000
v 0.275000 0.531504 -0.475000
v 0.275000 0.531504 -0.575000
v 0.575000 0.531504 -0.475000
v 0.475000 0.531504 -0.475000
v 0.475000 0.531504 -0.575000
v 0.775000 0.531504 -0.475000
v 0.675000 0.531504 -0.475000
v 0.675000 0.531504 -0.575000
v 0.975000 0.531504 -0.475000
v 0.875000 0.531504 -0.475000
v 0.875000 0.531504 -0.575000
v -0.825000 0.531504 -0.675000
v -0.925000 0.531504 -0.675000
v -0.925000 0.531504 -0.775000
v -0.625000 0.531504 -0.675000
v -0.725000 0.531504 -0.675000
v -0.725000 0.531504 -0.775000
v -0.425000 0.531504 -0.675000
v -0.525000 0.531504 -0.675000
v -0.525000 0.531504 -0.775000
v -0.225000 0.531504 -0.675000
v -0.325000 0.531504 -0.675000
v -0.325000 0.531504 -0.775000
v -0.025000 0.531504 -0.675000
v -0.125000 0.531504 -0.675000
v -0.125000 0.531504 -0.775000
v 0.175000 0.531504 -0.675000
v 0.075000 0.531504 -0.675000
v 0.075000 0.531504 -0.775000
v 0.375000 0.531504 -0.675000
v 0.275000 0.531504 -0.675000
v 0.275000 0.531504 -0.775000
v 0.575000 0.531504 -0.675000
v 0.475000 0.531504 -0.675000
v 0.475000 0.531504 -0.775000
v 0.775000 0.531504 -0.675000
v 0.675000 0.531504 -0.675000
v 0.675000 0.531504 -0.775000
v 0.975000 0.531504 -0.675000
v 0.875000 0.531504 -0.675000
v 0.875000 0.531504 -0.775000
v -0.825000 0.531504 -0.875000
v -0.925000 0.531504 -0.875000
v -0.925000 0.531504 -0.975000
v -0.625000 0.531504 -0.875000
v -0.725000 0.531504 -0.875000
v -0.725000 0.531504 -0.975000
v -0.425000 0.531504 -0.875000
v -0.525000 0.531504 -0.875000
v -0.525000 0.531504 -0.975000
v -0.225000 0.531504 -0.875000
v -0.325000 0.531504 -0.875000
v -0.325000 0.531504 -0.975000
v -0.025000 0.531504 -0.875000
v -0.125000 0.531504 -0.875000
v -0.125000 0.531504 -0.975000
v 0.175000 0.531504 -0.875000
v 0.075000 0.531504 -0.875000
v 0.075000 0.531504 -0.975000
v 0.375000 0.531504 -0.875000
v 0.275000 0.531504 -0.875000
v 0.275000 0.531504 -0.975000
v 0.575000 0.531504 -0.875000
v 0.475000 0.531504 -0.875000
v 0.475000 0.531504 -0.975000
v 0.775000 0.531504 -0.875000
v 0.675000 0.531504 -0.875000
v 0.675000 0.531504 -0.975000
v 0.975000 0.531504 -0.875000
v 0.875000 0.531504 -0.875000
v 0.875000 0.531504 -0.975000
v 0.975000 0.531504 -0.975000
v 0.775000 0.531504 -0.975000
v 0.575000 0.531504 -0.975000
v 0.375000 0.531504 -0.975000
v 0.175000 0.531504 -0.975000
v -0.025000 0.531504 -0.975000
v -0.225000 0.531504 -0.975000
v -0.425000 0.531504 -0.975000
v -0.625000 0.531504 -0.975000
v -0.825000 0.531504 -0.975000
v 0.975000 0.531504 -0.775000
v 0.775000 0.531504 -0.775000
v 0.575000 0.531504 -0.775000
v 0.375000 0.531504 -0.775000
v 0.175000 0.531504 -0.775000
v -0.025000 0.531504 -0.775000
v -0.225000 0.531504 -0.775000
v -0.425000 0.531504 -0.775000
v -0.625000 0.531504 -0.775000
v -0.825000 0.531504 -0.775000
v 0.975000 0.531504 -0.575000
v 0.775000 0.531504 -0.575000
v 0.575000 0.531504 -0.575000
v 0.375000 0.531504 -0.575000
v 0.175000 0.531504 -0.575000
v -0.025000 0.531504 -0.575000
v -0.225000 0.531504 -0.575000
v -0.425000 0.531504 -0.575000
v -0.625000 0.531504 -0.575000
v -0.825000 0.531504 -0.575000
v 0.975000 0.531504 -0.375000
v 0.775000 0.531504 -0.375000
v 0.575000 0.531504 -0.375000
v 0.375000 0.531504 -0.375000
v 0.175000 0.531504 -0.375000
v -0.025000 0.531504 -0.375000
v -0.225000 0.531504 -0.375000
v -0.425000 0.531504 -0.375000
v -0.625000 0.531504 -0.375000
v -0.825000 0.531504 -0.375000
v 0.975000 0.531504 -0.175000
v 0.775000 0.531504 -0.175000
v 0.575000 0.531504 -0.175000
v 0.375000 0.531504 -0.175000
v 0.175000 0.531504 -0.175000
v -0.025000 0.531504 -0.175000
v -0.225000 0.531504 -0.175000
v -0.425000 0.531504 -0.175000
v -0.625000 0.531504 -0.175000
v -0.825000 0.531504 -0.175000
v 0.975000 0.531504 0.025000
v 0.775000 0.531504 0.025000
v 0.575000 0.531504 0.025000
v 0.375000 0.531504 0.025000
v 0.175000 0.531504 0.025000
v -0.025000 0.531504 0.025000
v -0.225000 0.531504 0.025000
v -0.425000 0.531504 0.025000
v -0.625000 0.531504 0.025000
v -0.825000 0.531504 0.025000
v 0.975000 0.531504 0.225000
v 0.775000 0.531504 0.225000
v 0.575000 0.531504 0.225000
v 0.375000 0.531504 0.225000
v 0.175000 0.531504 0.225000
v -0.025000 0.531504 0.225000
v -0.225000 0.531504 0.225000
v -0.425000 0.531504 0.225000
v -0.625000 0.531504 0.225000
v -0.825000 0.531504 0.225000
v 0.975000 0.531504 0.425000
v 0.775000 0.531504 0.425000
v 0.575000 0.531504 0.425000
v 0.375000 0.531504 0.425000
v 0.175000 0.531504 0.425000
v -0.025000 0.531504 0.425000
v -0.225000 0.531504 0.425000
v -0.425000 0.531504 0.425000
v -0.625000 0.531504 0.425000
v -0.825000 0.531504 0.425000
v 0.975000 0.531504 0.625000
v 0.775000 0.531504 0.625000
v 0.575000 0.531504 0.625000
v 0.375000 0.531504 0.625000
v 0.175000 0.531504 0.625000
v -0.025000 0.531504 0.625000
v -0.225000 0.531504 0.625000
v -0.425000 0.531504 0.625000
v -0.625000 0.531504 0.625000
v -0.825000 0.531504 0.625000
v 0.975000 0.531504 0.825000
v 0.775000 0.531504 0.825000
v 0.575000 0.531504 0.825000
v 0.375000 0.531504 0.825000
v 0.175000 0.531504 0.825000
v -0.025000 0.531504 0.825000
v -0.225000 0.531504 0.825000
v -0.425000 0.531504 0.825000
v -0.625000 0.531504 0.825000
v -0.825000 0.531504 0.825000
vn -0.0000 1.0000 -0.0000
vt 0.100000 0.087500
vt 0.087500 0.100000
vt 0.087500 0.087500
vt 0.200000 0.087500
vt 0.187500 0.100000
vt 0.187500 0.087500
vt 0.300000 0.087500
vt 0.287500 0.100000
vt 0.287500 0.087500
vt 0.400000 0.087500
vt 0.387500 0.100000
vt 0.387500 0.087500
vt 0.500000 0.087500
vt 0.487500 0.100000
vt 0.487500 0.087500
vt 0.600000 0.087500
vt 0.587500 0.100000
vt 0.587500 0.087500
vt 0.700000 0.087500
vt 0.687500 0.100000
vt 0.687500 0.087500
vt 0.800000 0.087500
vt 0.787500 0.100000
vt 0.787500 0.087500
vt 0.900000 0.087500
vt 0.887500 0.100000
vt 0.887500 0.087500
vt 1.000000 0.087500
vt 0.987500 0.100000
vt 0.987500 0.087500
vt 0.100000 0.187500
vt 0.087500 0.200000
vt 0.087500 0.187500
vt 0.200000 0.187500
vt 0.187500 0.200000
vt 0.187500 0.187500
vt 0.300000 0.187500
vt 0.287500 0.200000
vt 0.287500 0.187500
vt 0.400000 0.187500
vt 0.387500 0.200000
vt 0.387500 0.187500
vt 0.500000 0.187500
vt 0.487500 0.200000
vt 0.487500 0.187500
vt 0.600000 0.187500
vt 0.587500 0.200000
vt 0.587500 0.187500
vt 0.700000 0.187500
vt 0.687500 0.200000
vt 0.687500 0.187500
vt 0.800000 0.187500
vt 0.787500 0.200000
vt 0.787500 0.187500
vt 0.900000 0.187500
vt 0.887500 0.200000
vt 0.887500 0.187500
vt 1.000000 0.187500
vt 0.987500 0.200000
vt 0.987500 0.187500
vt 0.100000 0.287500
vt 0.087500 0.300000
vt 0.087500 0.287500
vt 0.200000 0.287500
vt 0.187500 0.300000
vt 0.187500 0.287500
vt 0.300000 0.287500
vt 0.287500 0.300000
vt 0.287500 0.287500
vt 0.400000 0.287500
vt 0.387500 0.300000
vt 0.387500 0.287500
vt 0.500000 0.287500
vt 0.487500 0.300000
vt 0.487500 0.287500
vt 0.600000 0.287500
vt 0.587500 0.300000
vt 0.587500 0.287500
vt 0.700000 0.287500
vt 0.687500 0.300000
vt 0.687500 0.287500
vt 0.800000 0.287500
vt 0.787500 0.300000
vt 0.787500 0.287500
vt 0.900000 0.287500
vt 0.887500 0.300000
vt 0.887500 0.287500
vt 1.000000 0.287500
vt 0.987500 0.300000
vt 0.987500 0.287500
vt 0.100000 0.387500
vt 0.087500 0.400000
vt 0.087500 0.387500
vt 0.200000 0.387500
vt 0.187500 0.400000
vt 0.187500 0.387500
vt 0.300000 0.387500
vt 0.287500 0.400000
vt 0.287500 0.387500
vt 0.400000 0.387500
vt 0.387500 0.400000
vt 0.387500 0.387500
vt 0.500000 0.387500
vt 0.487500 0.400000
vt 0.487500 0.387500
vt 0.600000 0.387500
vt 0.587500 0.400000
vt 0.587500 0.387500
vt 0.700000 0.387500
vt 0.687500 0.400000
vt 0.687500 0.387500
vt 0.800000 0.387500
vt 0.787500 0.400000
vt 0.787500 0.387500
vt 0.900000 0.387500
vt 0.887500 0.400000
vt 0.887500 0.387500
vt 1.000000 0.387500
vt 0.987500 0.400000
vt 0.987500 0.387500
vt 0.100000 0.487500
vt 0.087500 0.500000
vt 0.087500 0.487500
vt 0.200000 0.487500
vt 0.187500 0.500000
vt 0.187500 0.487500
vt 0.300000 0.487500
vt 0.287500 0.500000
vt 0.287500 0.487500
vt 0.400000 0.487500
vt 0.387500 0.500000
vt 0.387500 0.487500
vt 0.500000 0.487500
vt 0.487500 0.500000
vt 0.487500 0.487500
vt 0.600000 0.487500
vt 0.587500 0.500000
vt 0.587500 0.487500
vt 0.700000 0.487500
vt 0.687500 0.500000
vt 0.687500 0.487500
vt 0.800000 0.487500
vt 0.787500 0.500000
vt 0.787500 0.487500
vt 0.900000 0.487500
vt 0.887500 0.500000
vt 0.887500 0.487500
vt 1.000000 0.487500
vt 0.987500 0.500000
vt 0.987500 0.487500
vt 0.100000 0.587500
vt 0.087500 0.600000
vt 0.087500 0.587500
vt 0.200000 0.587500
vt 0.187500 0.600000
vt 0.187500 0.587500
vt 0.300000 0.587500
vt 0.287500 0.600000
vt 0.287500 0.587500
vt 0.400000 0.587500
vt 0.387500 0.600000
vt 0.387500 0.587500
vt 0.500000 0.587500
vt 0.487500 0.600000
vt 0.487500 0.587500
vt 0.600000 0.587500
vt 0.587500 0.600000
vt 0.587500 0.587500
vt 0.700000 0.587500
vt 0.687500 0.600000
vt 0.687500 0.587500
vt 0.800000 0.587500
vt 0.787500 0.600000
vt 0.787500 0.587500
vt 0.900000 0.587500
vt 0.887500 0.600000
vt 0.887500 0.587500
vt 1.000000 0.587500
vt 0.987500 0.600000
vt 0.987500 0.587500
vt 0.100000 0.687500
vt 0.087500 0.700000
vt 0.087500 0.687500
vt 0.200000 0.687500
vt 0.187500 0.700000
vt 0.187500 0.687500
vt 0.300000 0.687500
vt 0.287500 0.700000
vt 0.287500 0.687500
vt 0.400000 0.687500
vt 0.387500 0.700000
vt 0.387500 0.687500
vt 0.500000 0.687500
vt 0.487500 0.700000
vt 0.487500 0.687500
vt 0.600000 0.687500
vt 0.587500 0.700000
vt 0.587500 0.687500
vt 0.700000 0.687500
vt 0.687500 0.700000
vt 0.687500 0.687500
vt 0.800000 0.687500
vt 0.787500 0.700000
vt 0.787500 0.687500
vt 0.900000 0.687500
vt 0.887500 0.700000
vt 0.887500 0.687500
vt 1.000000 0.687500
vt 0.987500 0.700000
vt 0.987500 0.687500
vt 0.100000 0.787500
vt 0.087500 0.800000
vt 0.087500 0.787500
vt 0.200000 0.787500
vt 0.187500 0.800000
vt 0.187500 0.787500
vt 0.300000 0.787500
vt 0.287500 0.800000
vt 0.287500 0.787500
vt 0.400000 0.787500
vt 0.387500 0.800000
vt 0.387500 0.787500
vt 0.500000 0.787500
vt 0.487500 0.800000
vt 0.487500 0.787500
vt 0.600000 0.787500
vt 0.587500 0.800000
vt 0.587500 0.787500
vt 0.700000 0.787500
vt 0.687500 0.800000
vt 0.687500 0.787500
vt 0.800000 0.787500
vt 0.787500 0.800000
vt 0.787500 0.787500
vt 0.900000 0.787500
vt 0.887500 0.800000
vt 0.887500 0.787500
vt 1.000000 0.787500
vt 0.987500 0.800000
vt 0.987500 0.787500
vt 0.100000 0.887500
vt 0.087500 0.900000
vt 0.087500 0.887500
vt 0.200000 0.887500
vt 0.187500 0.900000
vt 0.187500 0.887500
vt 0.300000 0.887500
vt 0.287500 0.900000
vt 0.287500 0.887500
vt 0.400000 0.887500
vt 0.387500 0.900000
vt 0.387500 0.887500
vt 0.500000 0.887500
vt 0.487500 0.900000
vt 0.487500 0.887500
vt 0.600000 0.887500
vt 0.587500 0.900000
vt 0.587500 0.887500
vt 0.700000 0.887500
vt 0.687500 0.900000
vt 0.687500 0.887500
vt 0.800000 0.887500
vt 0.787500 0.900000
vt 0.787500 0.887500
vt 0.900000 0.887500
vt 0.887500 0.900000
vt 0.887500 0.887500
vt 1.000000 0.887500
vt 0.987500 0.900000
vt 0.987500 0.887500
vt 0.100000 0.987500
vt 0.087500 1.000000
vt 0.087500 0.987500
vt 0.200000 0.987500
vt 0.187500 1.000000
vt 0.187500 0.987500
vt 0.300000 0.987500
vt 0.287500 1.000000
vt 0.287500 0.987500
vt 0.400000 0.987500
vt 0.387500 1.000000
vt 0.387500 0.987500
vt 0.500000 0.987500
vt 0.487500 1.000000
vt 0.487500 0.987500
vt 0.600000 0.987500
vt 0.587500 1.000000
vt 0.587500 0.987500
vt 0.700000 0.987500
vt 0.687500 1.000000
vt 0.687500 0.987500
vt 0.800000 0.987500
vt 0.787500 1.000000
vt 0.787500 0.987500
vt 0.900000 0.987500
vt 0.887500 1.000000
vt 0.887500 0.987500
vt 1.000000 0.987500
vt 0.987500 1.000000
vt 0.987500 0.987500
vt 0.950000 0.987500
vt 0.937500 1.000000
vt 0.937500 0.987500
vt 0.950000 0.937500
vt 0.937500 0.950000
vt 0.937500 0.937500
vt 1.000000 0.937500
vt 0.987500 0.950000
vt 0.987500 0.937500
vt 0.850000 0.987500
vt 0.837500 1.000000
vt 0.837500 0.987500
vt 0.850000 0.937500
vt 0.837500 0.950000
vt 0.837500 0.937500
vt 0.900000 0.937500
vt 0.887500 0.950000
vt 0.887500 0.937500
vt 0.750000 0.987500
vt 0.737500 1.000000
vt 0.737500 0.987500
vt 0.750000 0.937500
vt 0.737500 0.950000
vt 0.737500 0.937500
vt 0.800000 0.937500
vt 0.787500 0.950000
vt 0.787500 0.937500
vt 0.650000 0.987500
vt 0.637500 1.000000
vt 0.637500 0.987500
vt 0.650000 0.937500
vt 0.637500 0.950000
vt 0.637500 0.937500
vt 0.700000 0.937500
vt 0.687500 0.950000
vt 0.687500 0.937500
vt 0.550000 0.987500
vt 0.537500 1.000000
vt 0.537500 0.987500
vt 0.550000 0.937500
vt 0.537500 0.950000
vt 0.537500 0.937500
vt 0.600000 0.937500
vt 0.587500 0.950000
vt 0.587500 0.937500
vt 0.450000 0.987500
vt 0.437500 1.000000
vt 0.437500 0.987500
vt 0.450000 0.937500
vt 0.437500 0.950000
vt 0.437500 0.937500
vt 0.500000 0.937500
vt 0.487500 0.950000
vt 0.487500 0.937500
vt 0.350000 0.987500
vt 0.337500 1.000000
vt 0.337500 0.987500
vt 0.350000 0.937500
vt 0.337500 0.950000
vt 0.337500 0.937500
vt 0.400000 0.937500
vt 0.387500 0.950000
vt 0.387500 0.937500
vt 0.250000 0.987500
vt 0.237500 1.000000
vt 0.237500 0.987500
vt 0.250000 0.937500
vt 0.237500 0.950000
vt 0.237500 0.937500
vt 0.300000 0.937500
vt 0.287500 0.950000
vt 0.287500 0.937500
vt 0.150000 0.987500
vt 0.137500 1.000000
vt 0.137500 0.987500
vt 0.150000 0.937500
vt 0.137500 0.950000
vt 0.137500 0.937500
vt 0.200000 0.937500
vt 0.187500 0.950000
vt 0.187500 0.937500
vt 0.050000 0.987500
vt 0.037500 1.000000
vt 0.037500 0.987500
vt 0.050000 0.937500
vt 0.037500 0.950000
vt 0.037500 0.937500
vt 0.100000 0.937500
vt 0.087500 0.950000
vt 0.087500 0.937500
vt 0.950000 0.887500
vt 0.937500 0.900000
vt 0.937500 0.887500
vt 0.950000 0.837500
vt 0.937500 0.850000
vt 0.937500 0.837500
vt 1.000000 0.837500
vt 0.987500 0.850000
vt 0.987500 0.837500
vt 0.850000 0.887500
vt 0.837500 0.900000
vt 0.837500 0.887500
vt 0.850000 0.837500
vt 0.837500 0.850000
vt 0.837500 0.837500
vt 0.900000 0.837500
vt 0.887500 0.850000
vt 0.887500 0.837500
vt 0.750000 0.887500
vt 0.737500 0.900000
vt 0.737500 0.887500
vt 0.750000 0.837500
vt 0.737500 0.850000
vt 0.737500 0.837500
vt 0.800000 0.837500
vt 0.787500 0.850000
vt 0.787500 0.837500
vt 0.650000 0.887500
vt 0.637500 0.900000
vt 0.637500 0.887500
vt 0.650000 0.837500
vt 0.637500 0.850000
vt 0.637500 0.837500
vt 0.700000 0.837500
vt 0.687500 0.850000
vt 0.687500 0.837500
vt 0.550000 0.887500
vt 0.537500 0.900000
vt 0.537500 0.887500
vt 0.550000 0.837500
vt 0.537500 0.850000
vt 0.537500 0.837500
vt 0.600000 0.837500
vt 0.587500 0.850000
vt 0.587500 0.837500
vt 0.450000 0.887500
vt 0.437500 0.900000
vt 0.437500 0.887500
vt 0.450000 0.837500
vt 0.437500 0.850000
vt 0.437500 0.837500
vt 0.500000 0.837500
vt 0.487500 0.850000
vt 0.487500 0.837500
vt 0.350000 0.887500
vt 0.337500 0.900000
vt 0.337500 0.887500
vt 0.350000 0.837500
vt 0.337500 0.850000
vt 0.337500 0.837500
vt 0.400000 0.837500
vt 0.387500 0.850000
vt 0.387500 0.837500
vt 0.250000 0.887500
vt 0.237500 0.900000
vt 0.237500 0.887500
vt 0.250000 0.837500
vt 0.237500 0.850000
vt 0.237500 0.837500
vt 0.300000 0.837500
vt 0.287500 0.850000
vt 0.287500 0.837500
vt 0.150000 0.887500
vt 0.137500 0.900000
vt 0.137500 0.887500
vt 0.150000 0.837500
vt 0.137500 0.850000
vt 0.137500 0.837500
vt 0.200000 0.837500
vt 0.187500 0.850000
vt 0.187500 0.837500
vt 0.050000 0.887500
vt 0.037500 0.900000
vt 0.037500 0.887500
vt 0.050000 0.837500
vt 0.037500 0.850000
vt 0.037500 0.837500
vt 0.100000 0.837500
vt 0.087500 0.850000
vt 0.087500 0.837500
vt 0.950000 0.787500
vt 0.937500 0.800000
vt 0.937500 0.787500
vt 0.950000 0.737500
vt 0.937500 0.750000
vt 0.937500 0.737500
vt 1.000000 0.737500
vt 0.987500 0.750000
vt 0.987500 0.737500
vt 0.850000 0.787500
vt 0.837500 0.800000
vt 0.837500 0.787500
vt 0.850000 0.737500
vt 0.837500 0.750000
vt 0.837500 0.737500
vt 0.900000 0.737500
vt 0.887500 0.750000
vt 0.887500 0.737500
vt 0.750000 0.787500
vt 0.737500 0.800000
vt 0.737500 0.787500
vt 0.750000 0.737500
vt 0.737500 0.750000
vt 0.737500 0.737500
vt 0.800000 0.737500
vt 0.787500 0.750000
vt 0.787500 0.737500
vt 0.650000 0.787500
vt 0.637500 0.800000
vt 0.637500 0.787500
vt 0.650000 0.737500
vt 0.637500 0.750000
vt 0.637500 0.737500
vt 0.700000 0.737500
vt 0.687500 0.750000
vt 0.687500 0.737500
vt 0.550000 0.787500
vt 0.537500 0.800000
vt 0.537500 0.787500
vt 0.550000 0.737500
vt 0.537500 0.750000
vt 0.537500 0.737500
vt 0.600000 0.737500
vt 0.587500 0.750000
vt 0.587500 0.737500
vt 0.450000 0.787500
vt 0.437500 0.800000
vt 0.437500 0.787500
vt 0.450000 0.737500
vt 0.437500 0.750000
vt 0.437500 0.737500
vt 0.500000 0.737500
vt 0.487500 0.750000
vt 0.487500 0.737500
vt 0.350000 0.787500
vt 0.337500 0.800000
vt 0.337500 0.787500
vt 0.350000 0.737500
vt 0.337500 0.750000
vt 0.337500 0.737500
vt 0.400000 0.737500
vt 0.387500 0.750000
vt 0.387500 0.737500
vt 0.250000 0.787500
vt 0.237500 0.800000
vt 0.237500 0.787500
vt 0.250000 0.737500
vt 0.237500 0.750000
vt 0.237500 0.737500
vt 0.300000 0.737500
vt 0.287500 0.750000
vt 0.287500 0.737500
vt 0.150000 0.787500
vt 0.137500 0.800000
vt 0.137500 0.787500
vt 0.150000 0.737500
vt 0.137500 0.750000
vt 0.137500 0.737500
vt 0.200000 0.737500
vt 0.187500 0.750000
vt 0.187500 0.737500
vt 0.050000 0.787500
vt 0.037500 0.800000
vt 0.037500 0.787500
vt 0.050000 0.737500
vt 0.037500 0.750000
vt 0.037500 0.737500
vt 0.100000 0.737500
vt 0.087500 0.750000
vt 0.087500 0.737500
vt 0.950000 0.687500
vt 0.937500 0.700000
vt 0.937500 0.687500
vt 0.950000 0.637500
vt 0.937500 0.650000
vt 0.937500 0.637500
vt 1.000000 0.637500
vt 0.987500 0.650000
vt 0.987500 0.637500
vt 0.850000 0.687500
vt 0.837500 0.700000
vt 0.837500 0.687500
vt 0.850000 0.637500
vt 0.837500 0.650000
vt 0.837500 0.637500
vt 0.900000 0.637500
vt 0.887500 0.650000
vt 0.887500 0.637500
vt 0.750000 0.687500
vt 0.737500 0.700000
vt 0.737500 0.687500
vt 0.750000 0.637500
vt 0.737500 0.650000
vt 0.737500 0.637500
vt 0.800000 0.637500
vt 0.787500 0.650000
vt 0.787500 0.637500
vt 0.650000 0.687500
vt 0.637500 0.700000
vt 0.637500 0.687500
vt 0.650000 0.637500
vt 0.637500 0.650000
vt 0.637500 0.637500
vt 0.700000 0.637500
vt 0.687500 0.650000
vt 0.687500 0.637500
vt 0.550000 0.687500
vt 0.537500 0.700000
vt 0.537500 0.687500
vt 0.550000 0.637500
vt 0.537500 0.650000
vt 0.537500 0.637500
vt 0.600000 0.637500
vt 0.587500 0.650000
vt 0.587500 0.637500
vt 0.450000 0.687500
vt 0.437500 0.700000
vt 0.437500 0.687500
vt 0.450000 0.637500
vt 0.437500 0.650000
vt 0.437500 0.637500
vt 0.500000 0.637500
vt 0.487500 0.650000
vt 0.487500 0.637500
vt 0.350000 0.687500
vt 0.337500 0.700000
vt 0.337500 0.687500
vt 0.350000 0.637500
vt 0.337500 0.650000
vt 0.337500 0.637500
vt 0.400000 0.637500
vt 0.387500 0.650000
vt 0.387500 0.637500
vt 0.250000 0.687500
vt 0.237500 0.700000
vt 0.237500 0.687500
vt 0.250000 0.637500
vt 0.237500 0.650000
vt 0.237500 0.637500
vt 0.300000 0.637500
vt 0.287500 0.650000
vt 0.287500 0.637500
vt 0.150000 0.687500
vt 0.137500 0.700000
vt 0.137500 0.687500
vt 0.150000 0.637500
vt 0.137500 0.650000
vt 0.137500 0.637500
vt 0.200000 0.637500
vt 0.187500 0.650000
vt 0.187500 0.637500
vt 0.050000 0.687500
vt 0.037500 0.700000
vt 0.037500 0.687500
vt 0.050000 0.637500
vt 0.037500 0.650000
vt 0.037500 0.637500
vt 0.100000 0.637500
vt 0.087500 0.650000
vt 0.087500 0.637500
vt 0.950000 0.587500
vt 0.937500 0.600000
vt 0.937500 0.587500
vt 0.950000 0.537500
vt 0.937500 0.550000
vt 0.937500 0.537500
vt 1.000000 0.537500
vt 0.987500 0.550000
vt 0.987500 0.537500
vt 0.850000 0.587500
vt 0.837500 0.600000
vt 0.837500 0.587500
vt 0.850000 0.537500
vt 0.837500 0.550000
vt 0.837500 0.537500
vt 0.900000 0.537500
vt 0.887500 0.550000
vt 0.887500 0.537500
vt 0.750000 0.587500
vt 0.737500 0.600000
vt 0.737500 0.587500
vt 0.750000 0.537500
vt 0.737500 0.550000
vt 0.737500 0.537500
vt 0.800000 0.537500
vt 0.787500 0.550000
vt 0.787500 0.537500
vt 0.650000 0.587500
vt 0.637500 0.600000
vt 0.637500 0.587500
vt 0.650000 0.537500
vt 0.637500 0.550000
vt 0.637500 0.537500
vt 0.700000 0.537500
vt 0.687500 0.550000
vt 0.687500 0.537500
vt 0.550000 0.587500
vt 0.537500 0.600000
vt 0.537500 0.587500
vt 0.550000 0.537500
vt 0.537500 0.550000
vt 0.537500 0.537500
vt 0.600000 0.537500
vt 0.587500 0.550000
vt 0.587500 0.537500
vt 0.450000 0.587500
vt 0.437500 0.600000
vt 0.437500 0.587500
vt 0.450000 0.537500
vt 0.437500 0.550000
vt 0.437500 0.537500
vt 0.500000 0.537500
vt 0.487500 0.550000
vt 0.487500 0.537500
vt 0.350000 0.587500
vt 0.337500 0.600000
vt 0.337500 0.587500
vt 0.350000 0.537500
vt 0.337500 0.550000
vt 0.337500 0.537500
vt 0.400000 0.537500
vt 0.387500 0.550000
vt 0.387500 0.537500
vt 0.250000 0.587500
vt 0.237500 0.600000
vt 0.237500 0.587500
vt 0.250000 0.537500
vt 0.237500 0.550000
vt 0.237500 0.537500
vt 0.300000 0.537500
vt 0.287500 0.550000
vt 0.287500 0.537500
vt 0.150000 0.587500
vt 0.137500 0.600000
vt 0.137500 0.587500
vt 0.150000 0.537500
vt 0.137500 0.550000
vt 0.137500 0.537500
vt 0.200000 0.537500
vt 0.187500 0.550000
vt 0.187500 0.537500
vt 0.050000 0.587500
vt 0.037500 0.600000
vt 0.037500 0.587500
vt 0.050000 0.537500
vt 0.037500 0.550000
vt 0.037500 0.537500
vt 0.100000 0.537500
vt 0.087500 0.550000
vt 0.087500 0.537500
vt 0.950000 0.487500
vt 0.937500 0.500000
vt 0.937500 0.487500
vt 0.950000 0.437500
vt 0.937500 0.450000
vt 0.937500 0.437500
vt 1.000000 0.437500
vt 0.987500 0.450000
vt 0.987500 0.437500
vt 0.850000 0.487500
vt 0.837500 0.500000
vt 0.837500 0.487500
vt 0.850000 0.437500
vt 0.837500 0.450000
vt 0.837500 0.437500
vt 0.900000 0.437500
vt 0.887500 0.450000
vt 0.887500 0.437500
vt 0.750000 0.487500
vt 0.737500 0.500000
vt 0.737500 0.487500
vt 0.750000 0.437500
vt 0.737500 0.450000
vt 0.737500 0.437500
vt 0.800000 0.437500
vt 0.787500 0.450000
vt 0.787500 0.437500
vt 0.650000 0.487500
vt 0.637500 0.500000
vt 0.637500 0.487500
vt 0.650000 0.437500
vt 0.637500 0.450000
vt 0.637500 0.437500
vt 0.700000 0.437500
vt 0.687500 0.450000
vt 0.687500 0.437500
vt 0.550000 0.487500
vt 0.537500 0.500000
vt 0.537500 0.487500
vt 0.550000 0.437500
vt 0.537500 0.450000
vt 0.537500 0.437500
vt 0.600000 0.437500
vt 0.587500 0.450000
vt 0.587500 0.437500
vt 0.450000 0.487500
vt 0.437500 0.500000
vt 0.437500 0.487500
vt 0.450000 0.437500
vt 0.437500 0.450000
vt 0.437500 0.437500
vt 0.500000 0.437500
vt 0.487500 0.450000
vt 0.487500 0.437500
vt 0.350000 0.487500
vt 0.337500 0.500000
vt 0.337500 0.487500
vt 0.350000 0.437500
vt 0.337500 0.450000
vt 0.337500 0.437500
vt 0.400000 0.437500
vt 0.387500 0.450000
vt 0.387500 0.437500
vt 0.250000 0.487500
vt 0.237500 0.500000
vt 0.237500 0.487500
vt 0.250000 0.437500
vt 0.237500 0.450000
vt 0.237500 0.437500
vt 0.300000 0.437500
vt 0.287500 0.450000
vt 0.287500 0.437500
vt 0.150000 0.487500
vt 0.137500 0.500000
vt 0.137500 0.487500
vt 0.150000 0.437500
vt 0.137500 0.450000
vt 0.137500 0.437500
vt 0.200000 0.437500
vt 0.187500 0.450000
vt 0.187500 0.437500
vt 0.050000 0.487500
vt 0.037500 0.500000
vt 0.037500 0.487500
vt 0.050000 0.437500
vt 0.037500 0.450000
vt 0.037500 0.437500
vt 0.100000 0.437500
vt 0.087500 0.450000
vt 0.087500 0.437500
vt 0.950000 0.387500
vt 0.937500 0.400000
vt 0.937500 0.387500
vt 0.950000 0.337500
vt 0.937500 0.350000
vt 0.937500 0.337500
vt 1.000000 0.337500
vt 0.987500 0.350000
vt 0.987500 0.337500
vt 0.850000 0.387500
vt 0.837500 0.400000
vt 0.837500 0.387500
vt 0.850000 0.337500
vt 0.837500 0.350000
vt 0.837500 0.337500
vt 0.900000 0.337500
vt 0.887500 0.350000
vt 0.887500 0.337500
vt 0.750000 0.387500
vt 0.737500 0.400000
vt 0.737500 0.387500
vt 0.750000 0.337500
vt 0.737500 0.350000
vt 0.737500 0.337500
vt 0.800000 0.337500
vt 0.787500 0.350000
vt 0.787500 0.337500
vt 0.650000 0.387500
vt 0.637500 0.400000
vt 0.637500 0.387500
vt 0.650000 0.337500
vt 0.637500 0.350000
vt 0.637500 0.337500
vt 0.700000 0.337500
vt 0.687500 0.350000
vt 0.687500 0.337500
vt 0.550000 0.387500
vt 0.537500 0.400000
vt 0.537500 0.387500
vt 0.550000 0.337500
vt 0.537500 0.350000
vt 0.537500 0.337500
vt 0.600000 0.337500
vt 0.587500 0.350000
vt 0.587500 0.337500
vt 0.450000 0.387500
vt 0.437500 0.400000
vt 0.437500 0.387500
vt 0.450000 0.337500
vt 0.437500 0.350000
vt 0.437500 0.337500
vt 0.500000 0.337500
vt 0.487500 0.350000
vt 0.487500 0.337500
vt 0.350000 0.387500
vt 0.337500 0.400000
vt 0.337500 0.387500
vt 0.350000 0.337500
vt 0.337500 0.350000
vt 0.337500 0.337500
vt 0.400000 0.337500
vt 0.387500 0.350000
vt 0.387500 0.337500
vt 0.250000 0.387500
vt 0.237500 0.400000
vt 0.237500 0.387500
vt 0.250000 0.337500
vt 0.237500 0.350000
vt 0.237500 0.337500
vt 0.300000 0.337500
vt 0.287500 0.350000
vt 0.287500 0.337500
vt 0.150000 0.387500
vt 0.137500 0.400000
vt 0.137500 0.387500
vt 0.150000 0.337500
vt 0.137500 0.350000
vt 0.137500 0.337500
vt 0.200000 0.337500
vt 0.187500 0.350000
vt 0.187500 0.337500
vt 0.050000 0.387500
vt 0.037500 0.400000
vt 0.037500 0.387500
vt 0.050000 0.337500
vt 0.037500 0.350000
vt 0.037500 0.337500
vt 0.100000 0.337500
vt 0.087500 0.350000
vt 0.087500 0.337500
vt 0.950000 0.287500
vt 0.937500 0.300000
vt 0.937500 0.287500
vt 0.950000 0.237500
vt 0.937500 0.250000
vt 0.937500 0.237500
vt 1.000000 0.237500
vt 0.987500 0.250000
vt 0.987500 0.237500
vt 0.850000 0.287500
vt 0.837500 0.300000
vt 0.837500 0.287500
vt 0.850000 0.237500
vt 0.837500 0.250000
vt 0.837500 0.237500
vt 0.900000 0.237500
vt 0.887500 0.250000
vt 0.887500 0.237500
vt 0.750000 0.287500
vt 0.737500 0.300000
vt 0.737500 0.287500
vt 0.750000 0.237500
vt 0.737500 0.250000
vt 0.737500 0.237500
vt 0.800000 0.237500
vt 0.787500 0.250000
vt 0.787500 0.237500
vt 0.650000 0.287500
vt 0.637500 0.300000
vt 0.637500 0.287500
vt 0.650000 0.237500
vt 0.637500 0.250000
vt 0.637500 0.237500
vt 0.700000 0.237500
vt 0.687500 0.250000
vt 0.687500 0.237500
vt 0.550000 0.287500
vt 0.537500 0.300000
vt 0.537500 0.287500
vt 0.550000 0.237500
vt 0.537500 0.250000
vt 0.537500 0.237500
vt 0.600000 0.237500
vt 0.587500 0.250000
vt 0.587500 0.237500
vt 0.450000 0.287500
vt 0.437500 0.300000
vt 0.437500 0.287500
vt 0.450000 0.237500
vt 0.437500 0.250000
vt 0.437500 0.237500
vt 0.500000 0.237500
vt 0.487500 0.250000
vt 0.487500 0.237500
vt 0.350000 0.287500
vt 0.337500 0.300000
vt 0.337500 0.287500
vt 0.350000 0.237500
vt 0.337500 0.250000
vt 0.337500 0.237500
vt 0.400000 0.237500
vt 0.387500 0.250000
vt 0.387500 0.237500
vt 0.250000 0.287500
vt 0.237500 0.300000
vt 0.237500 0.287500
vt 0.250000 0.237500
vt 0.237500 0.250000
vt 0.237500 0.237500
vt 0.300000 0.237500
vt 0.287500 0.250000
vt 0.287500 0.237500
vt 0.150000 0.287500
vt 0.137500 0.300000
vt 0.137500 0.287500
vt 0.150000 0.237500
vt 0.137500 0.250000
vt 0.137500 0.237500
vt 0.200000 0.237500
vt 0.187500 0.250000
vt 0.187500 0.237500
vt 0.050000 0.287500
vt 0.037500 0.300000
vt 0.037500 0.287500
vt 0.050000 0.237500
vt 0.037500 0.250000
vt 0.037500 0.237500
vt 0.100000 0.237500
vt 0.087500 0.250000
vt 0.087500 0.237500
vt 0.950000 0.187500
vt 0.937500 0.200000
vt 0.937500 0.187500
vt 0.950000 0.137500
vt 0.937500 0.150000
vt 0.937500 0.137500
vt 1.000000 0.137500
vt 0.987500 0.150000
vt 0.987500 0.137500
vt 0.850000 0.187500
vt 0.837500 0.200000
vt 0.837500 0.187500
vt 0.850000 0.137500
vt 0.837500 0.150000
vt 0.837500 0.137500
vt 0.900000 0.137500
vt 0.887500 0.150000
vt 0.887500 0.137500
vt 0.750000 0.187500
vt 0.737500 0.200000
vt 0.737500 0.187500
vt 0.750000 0.137500
vt 0.737500 0.150000
vt 0.737500 0.137500
vt 0.800000 0.137500
vt 0.787500 0.150000
vt 0.787500 0.137500
vt 0.650000 0.187500
vt 0.637500 0.200000
vt 0.637500 0.187500
vt 0.650000 0.137500
vt 0.637500 0.150000
vt 0.637500 0.137500
vt 0.700000 0.137500
vt 0.687500 0.150000
vt 0.687500 0.137500
vt 0.550000 0.187500
vt 0.537500 0.200000
vt 0.537500 0.187500
vt 0.550000 0.137500
vt 0.537500 0.150000
vt 0.537500 0.137500
vt 0.600000 0.137500
vt 0.587500 0.150000
vt 0.587500 0.137500
vt 0.450000 0.187500
vt 0.437500 0.200000
vt 0.437500 0.187500
vt 0.450000 0.137500
vt 0.437500 0.150000
vt 0.437500 0.137500
vt 0.500000 0.137500
vt 0.487500 0.150000
vt 0.487500 0.137500
vt 0.350000 0.187500
vt 0.337500 0.200000
vt 0.337500 0.187500
vt 0.350000 0.137500
vt 0.337500 0.150000
vt 0.337500 0.137500
vt 0.400000 0.137500
vt 0.387500 0.150000
vt 0.387500 0.137500
vt 0.250000 0.187500
vt 0.237500 0.200000
vt 0.237500 0.187500
vt 0.250000 0.137500
vt 0.237500 0.150000
vt 0.237500 0.137500
vt 0.300000 0.137500
vt 0.287500 0.150000
vt 0.287500 0.137500
vt 0.150000 0.187500
vt 0.137500 0.200000
vt 0.137500 0.187500
vt 0.150000 0.137500
vt 0.137500 0.150000
vt 0.137500 0.137500
vt 0.200000 0.137500
vt 0.187500 0.150000
vt 0.187500 0.137500
vt 0.050000 0.187500
vt 0.037500 0.200000
vt 0.037500 0.187500
vt 0.050000 0.137500
vt 0.037500 0.150000
vt 0.037500 0.137500
vt 0.100000 0.137500
vt 0.087500 0.150000
vt 0.087500 0.137500
vt 0.950000 0.087500
vt 0.937500 0.100000
vt 0.937500 0.087500
vt 0.950000 0.037500
vt 0.937500 0.050000
vt 0.937500 0.037500
vt 1.000000 0.037500
vt 0.987500 0.050000
vt 0.987500 0.037500
vt 0.850000 0.087500
vt 0.837500 0.100000
vt 0.837500 0.087500
vt 0.850000 0.037500
vt 0.837500 0.050000
vt 0.837500 0.037500
vt 0.900000 0.037500
vt 0.887500 0.050000
vt 0.887500 0.037500
vt 0.750000 0.087500
vt 0.737500 0.100000
vt 0.737500 0.087500
vt 0.750000 0.037500
vt 0.737500 0.050000
vt 0.737500 0.037500
vt 0.800000 0.037500
vt 0.787500 0.050000
vt 0.787500 0.037500
vt 0.650000 0.087500
vt 0.637500 0.100000
vt 0.637500 0.087500
vt 0.650000 0.037500
vt 0.637500 0.050000
vt 0.637500 0.037500
vt 0.700000 0.037500
vt 0.687500 0.050000
vt 0.687500 0.037500
vt 0.550000 0.087500
vt 0.537500 0.100000
vt 0.537500 0.087500
vt 0.550000 0.037500
vt 0.537500 0.050000
vt 0.537500 0.037500
vt 0.600000 0.037500
vt 0.587500 0.050000
vt 0.587500 0.037500
vt 0.450000 0.087500
vt 0.437500 0.100000
vt 0.437500 0.087500
vt 0.450000 0.037500
vt 0.437500 0.050000
vt 0.437500 0.037500
vt 0.500000 0.037500
vt 0.487500 0.050000
vt 0.487500 0.037500
vt 0.350000 0.087500
vt 0.337500 0.100000
vt 0.337500 0.087500
vt 0.350000 0.037500
vt 0.337500 0.050000
vt 0.337500 0.037500
vt 0.400000 0.037500
vt 0.387500 0.050000
vt 0.387500 0.037500
vt 0.250000 0.087500
vt 0.237500 0.100000
vt 0.237500 0.087500
vt 0.250000 0.037500
vt 0.237500 0.050000
vt 0.237500 0.037500
vt 0.300000 0.037500
vt 0.287500 0.050000
vt 0.287500 0.037500
vt 0.150000 0.087500
vt 0.137500 0.100000
vt 0.137500 0.087500
vt 0.150000 0.037500
vt 0.137500 0.050000
vt 0.137500 0.037500
vt 0.200000 0.037500
vt 0.187500 0.050000
vt 0.187500 0.037500
vt 0.050000 0.087500
vt 0.037500 0.100000
vt 0.037500 0.087500
vt 0.050000 0.037500
vt 0.037500 0.050000
vt 0.037500 0.037500
vt 0.100000 0.037500
vt 0.087500 0.050000
vt 0.087500 0.037500
vt 0.075000 0.037500
vt 0.062500 0.050000
vt 0.062500 0.037500
vt 0.075000 0.012500
vt 0.062500 0.025000
vt 0.062500 0.012500
vt 0.100000 0.012500
vt 0.087500 0.025000
vt 0.087500 0.012500
vt 0.025000 0.037500
vt 0.012500 0.050000
vt 0.012500 0.037500
vt 0.025000 0.012500
vt 0.012500 0.025000
vt 0.012500 0.012500
vt 0.050000 0.012500
vt 0.037500 0.025000
vt 0.037500 0.012500
vt 0.025000 0.087500
vt 0.012500 0.100000
vt 0.012500 0.087500
vt 0.025000 0.062500
vt 0.012500 0.075000
vt 0.012500 0.062500
vt 0.050000 0.062500
vt 0.037500 0.075000
vt 0.037500 0.062500
vt 0.175000 0.037500
vt 0.162500 0.050000
vt 0.162500 0.037500
vt 0.175000 0.012500
vt 0.162500 0.025000
vt 0.162500 0.012500
vt 0.200000 0.012500
vt 0.187500 0.025000
vt 0.187500 0.012500
vt 0.125000 0.037500
vt 0.112500 0.050000
vt 0.112500 0.037500
vt 0.125000 0.012500
vt 0.112500 0.025000
vt 0.112500 0.012500
vt 0.150000 0.012500
vt 0.137500 0.025000
vt 0.137500 0.012500
vt 0.125000 0.087500
vt 0.112500 0.100000
vt 0.112500 0.087500
vt 0.125000 0.062500
vt 0.112500 0.075000
vt 0.112500 0.062500
vt 0.150000 0.062500
vt 0.137500 0.075000
vt 0.137500 0.062500
vt 0.275000 0.037500
vt 0.262500 0.050000
vt 0.262500 0.037500
vt 0.275000 0.012500
vt 0.262500 0.025000
vt 0.262500 0.012500
vt 0.300000 0.012500
vt 0.287500 0.025000
vt 0.287500 0.012500
vt 0.225000 0.037500
vt 0.212500 0.050000
vt 0.212500 0.037500
vt 0.225000 0.012500
vt 0.212500 0.025000
vt 0.212500 0.012500
vt 0.250000 0.012500
vt 0.237500 0.025000
vt 0.237500 0.012500
vt 0.225000 0.087500
vt 0.212500 0.100000
vt 0.212500 0.087500
vt 0.225000 0.062500
vt 0.212500 0.075000
vt 0.212500 0.062500
vt 0.250000 0.062500
vt 0.237500 0.075000
vt 0.237500 0.062500
vt 0.375000 0.037500
vt 0.362500 0.050000
vt 0.362500 0.037500
vt 0.375000 0.012500
vt 0.362500 0.025000
vt 0.362500 0.012500
vt 0.400000 0.012500
vt 0.387500 0.025000
vt 0.387500 0.012500
vt 0.325000 0.037500
vt 0.312500 0.050000
vt 0.312500 0.037500
vt 0.325000 0.012500
vt 0.312500 0.025000
vt 0.312500 0.012500
vt 0.350000 0.012500
vt 0.337500 0.025000
vt 0.337500 0.012500
vt 0.325000 0.087500
vt 0.312500 0.100000
vt 0.312500 0.087500
vt 0.325000 0.062500
vt 0.312500 0.075000
vt 0.312500 0.062500
vt 0.350000 0.062500
vt 0.337500 0.075000
vt 0.337500 0.062500
vt 0.475000 0.037500
vt 0.462500 0.050000
vt 0.462500 0.037500
vt 0.475000 0.012500
vt 0.462500 0.025000
vt 0.462500 0.012500
vt 0.500000 0.012500
vt 0.487500 0.025000
vt 0.487500 0.012500
vt 0.425000 0.037500
vt 0.412500 0.050000
vt 0.412500 0.037500
vt 0.425000 0.012500
vt 0.412500 0.025000
vt 0.412500 0.012500
vt 0.450000 0.012500
vt 0.437500 0.025000
vt 0.437500 0.012500
vt 0.425000 0.087500
vt 0.412500 0.100000
vt 0.412500 0.087500
vt 0.425000 0.062500
vt 0.412500 0.075000
vt 0.412500 0.062500
vt 0.450000 0.062500
vt 0.437500 0.075000
vt 0.437500 0.062500
vt 0.575000 0.037500
vt 0.562500 0.050000
vt 0.562500 0.037500
vt 0.575000 0.012500
vt 0.562500 0.025000
vt 0.562500 0.012500
vt 0.600000 0.012500
vt 0.587500 0.025000
vt 0.587500 0.012500
vt 0.525000 0.037500
vt 0.512500 0.050000
vt 0.512500 0.037500
vt 0.525000 0.012500
vt 0.512500 0.025000
vt 0.512500 0.012500
vt 0.550000 0.012500
vt 0.537500 0.025000
vt 0.537500 0.012500
vt 0.525000 0.087500
vt 0.512500 0.100000
vt 0.512500 0.087500
vt 0.525000 0.062500
vt 0.512500 0.075000
vt 0.512500 0.062500
vt 0.550000 0.062500
vt 0.537500 0.075000
vt 0.537500 0.062500
vt 0.675000 0.037500
vt 0.662500 0.050000
vt 0.662500 0.037500
vt 0.675000 0.012500
vt 0.662500 0.025000
vt 0.662500 0.012500
vt 0.700000 0.012500
vt 0.687500 0.025000
vt 0.687500 0.012500
vt 0.625000 0.037500
vt 0.612500 0.050000
vt 0.612500 0.037500
vt 0.625000 0.012500
vt 0.612500 0.025000
vt 0.612500 0.012500
vt 0.650000 0.012500
vt 0.637500 0.025000
vt 0.637500 0.012500
vt 0.625000 0.087500
vt 0.612500 0.100000
vt 0.612500 0.087500
vt 0.625000 0.062500
vt 0.612500 0.075000
vt 0.612500 0.062500
vt 0.650000 0.062500
vt 0.637500 0.075000
vt 0.637500 0.062500
vt 0.775000 0.037500
vt 0.762500 0.050000
vt 0.762500 0.037500
vt 0.775000 0.012500
vt 0.762500 0.025000
vt 0.762500 0.012500
vt 0.800000 0.012500
vt 0.787500 0.025000
vt 0.787500 0.012500
vt 0.725000 0.037500
vt 0.712500 0.050000
vt 0.712500 0.037500
vt 0.725000 0.012500
vt 0.712500 0.025000
vt 0.712500 0.012500
vt 0.750000 0.012500
vt 0.737500 0.025000
vt 0.737500 0.012500
vt 0.725000 0.087500
vt 0.712500 0.100000
vt 0.712500 0.087500
vt 0.725000 0.062500
vt 0.712500 0.075000
vt 0.712500 0.062500
vt 0.750000 0.062500
vt 0.737500 0.075000
vt 0.737500 0.062500
vt 0.875000 0.037500
vt 0.862500 0.050000
vt 0.862500 0.037500
vt 0.875000 0.012500
vt 0.862500 0.025000
vt 0.862500 0.012500
vt 0.900000 0.012500
vt 0.887500 0.025000
vt 0.887500 0.012500
vt 0.825000 0.037500
vt 0.812500 0.050000
vt 0.812500 0.037500
vt 0.825000 0.012500
vt 0.812500 0.025000
vt 0.812500 0.012500
vt 0.850000 0.012500
vt 0.837500 0.025000
vt 0.837500 0.012500
vt 0.825000 0.087500
vt 0.812500 0.100000
vt 0.812500 0.087500
vt 0.825000 0.062500
vt 0.812500 0.075000
vt 0.812500 0.062500
vt 0.850000 0.062500
vt 0.837500 0.075000
vt 0.837500 0.062500
vt 0.975000 0.037500
vt 0.962500 0.050000
vt 0.962500 0.037500
vt 0.975000 0.012500
vt 0.962500 0.025000
vt 0.962500 0.012500
vt 1.000000 0.012500
vt 0.987500 0.025000
vt 0.987500 0.012500
vt 0.925000 0.037500
vt 0.912500 0.050000
vt 0.912500 0.037500
vt 0.925000 0.012500
vt 0.912500 0.025000
vt 0.912500 0.012500
vt 0.950000 0.012500
vt 0.937500 0.025000
vt 0.937500 0.012500
vt 0.925000 0.087500
vt 0.912500 0.100000
vt 0.912500 0.087500
vt 0.925000 0.062500
vt 0.912500 0.075000
vt 0.912500 0.062500
vt 0.950000 0.062500
vt 0.937500 0.075000
vt 0.937500 0.062500
vt 0.075000 0.137500
vt 0.062500 0.150000
vt 0.062500 0.137500
vt 0.075000 0.112500
vt 0.062500 0.125000
vt 0.062500 0.112500
vt 0.100000 0.112500
vt 0.087500 0.125000
vt 0.087500 0.112500
vt 0.025000 0.137500
vt 0.012500 0.150000
vt 0.012500 0.137500
vt 0.025000 0.112500
vt 0.012500 0.125000
vt 0.012500 0.112500
vt 0.050000 0.112500
vt 0.037500 0.125000
vt 0.037500 0.112500
vt 0.025000 0.187500
vt 0.012500 0.200000
vt 0.012500 0.187500
vt 0.025000 0.162500
vt 0.012500 0.175000
vt 0.012500 0.162500
vt 0.050000 0.162500
vt 0.037500 0.175000
vt 0.037500 0.162500
vt 0.175000 0.137500
vt 0.162500 0.150000
vt 0.162500 0.137500
vt 0.175000 0.112500
vt 0.162500 0.125000
vt 0.162500 0.112500
vt 0.200000 0.112500
vt 0.187500 0.125000
vt 0.187500 0.112500
vt 0.125000 0.137500
vt 0.112500 0.150000
vt 0.112500 0.137500
vt 0.125000 0.112500
vt 0.112500 0.125000
vt 0.112500 0.112500
vt 0.150000 0.112500
vt 0.137500 0.125000
vt 0.137500 0.112500
vt 0.125000 0.187500
vt 0.112500 0.200000
vt 0.112500 0.187500
vt 0.125000 0.162500
vt 0.112500 0.175000
vt 0.112500 0.162500
vt 0.150000 0.162500
vt 0.137500 0.175000
vt 0.137500 0.162500
vt 0.275000 0.137500
vt 0.262500 0.150000
vt 0.262500 0.137500
vt 0.275000 0.112500
vt 0.262500 0.125000
vt 0.262500 0.112500
vt 0.300000 0.112500
vt 0.287500 0.125000
vt 0.287500 0.112500
vt 0.225000 0.137500
vt 0.212500 0.150000
vt 0.212500 0.137500
vt 0.225000 0.112500
vt 0.212500 0.125000
vt 0.212500 0.112500
vt 0.250000 0.112500
vt 0.237500 0.125000
vt 0.237500 0.112500
vt 0.225000 0.187500
vt 0.212500 0.200000
vt 0.212500 0.187500
vt 0.225000 0.162500
vt 0.212500 0.175000
vt 0.212500 0.162500
vt 0.250000 0.162500
vt 0.237500 0.175000
vt 0.237500 0.162500
vt 0.375000 0.137500
vt 0.362500 0.150000
vt 0.362500 0.137500
vt 0.375000 0.112500
vt 0.362500 0.125000
vt 0.362500 0.112500
vt 0.400000 0.112500
vt 0.387500 0.125000
vt 0.387500 0.112500
vt 0.325000 0.137500
vt 0.312500 0.150000
vt 0.312500 0.137500
vt 0.325000 0.112500
vt 0.312500 0.125000
vt 0.312500 0.112500
vt 0.350000 0.112500
vt 0.337500 0.125000
vt 0.337500 0.112500
vt 0.325000 0.187500
vt 0.312500 0.200000
vt 0.312500 0.187500
vt 0.325000 0.162500
vt 0.312500 0.175000
vt 0.312500 0.162500
vt 0.350000 0.162500
vt 0.337500 0.175000
vt 0.337500 0.162500
vt 0.475000 0.137500
vt 0.462500 0.150000
vt 0.462500 0.137500
vt 0.475000 0.112500
vt 0.462500 0.125000
vt 0.462500 0.112500
vt 0.500000 0.112500
vt 0.487500 0.125000
vt 0.487500 0.112500
vt 0.425000 0.137500
vt 0.412500 0.150000
vt 0.412500 0.137500
vt 0.425000 0.112500
vt 0.412500 0.125000
vt 0.412500 0.112500
vt 0.450000 0.112500
vt 0.437500 0.125000
vt 0.437500 0.112500
vt 0.425000 0.187500
vt 0.412500 0.200000
vt 0.412500 0.187500
vt 0.425000 0.162500
vt 0.412500 0.175000
vt 0.412500 0.162500
vt 0.450000 0.162500
vt 0.437500 0.175000
vt 0.437500 0.162500
vt 0.575000 0.137500
vt 0.562500 0.150000
vt 0.562500 0.137500
vt 0.575000 0.112500
vt 0.562500 0.125000
vt 0.562500 0.112500
vt 0.600000 0.112500
vt 0.587500 0.125000
vt 0.587500 0.112500
vt 0.525000 0.137500
vt 0.512500 0.150000
vt 0.512500 0.137500
vt 0.525000 0.112500
vt 0.512500 0.125000
vt 0.512500 0.112500
vt 0.550000 0.112500
vt 0.537500 0.125000
vt 0.537500 0.112500
vt 0.525000 0.187500
vt 0.512500 0.200000
vt 0.512500 0.187500
vt 0.525000 0.162500
vt 0.512500 0.175000
vt 0.512500 0.162500
vt 0.550000 0.162500
vt 0.537500 0.175000
vt 0.537500 0.162500
vt 0.675000 0.137500
vt 0.662500 0.150000
vt 0.662500 0.137500
vt 0.675000 0.112500
vt 0.662500 0.125000
vt 0.662500 0.112500
vt 0.700000 0.112500
vt 0.687500 0.125000
vt 0.687500 0.112500
vt 0.625000 0.137500
vt 0.612500 0.150000
vt 0.612500 0.137500
vt 0.625000 0.112500
vt 0.612500 0.125000
vt 0.612500 0.112500
vt 0.650000 0.112500
vt 0.637500 0.125000
vt 0.637500 0.112500
vt 0.625000 0.187500
vt 0.612500 0.200000
vt 0.612500 0.187500
vt 0.625000 0.162500
vt 0.612500 0.175000
vt 0.612500 0.162500
vt 0.650000 0.162500
vt 0.637500 0.175000
vt 0.637500 0.162500
vt 0.775000 0.137500
vt 0.762500 0.150000
vt 0.762500 0.137500
vt 0.775000 0.112500
vt 0.762500 0.125000
vt 0.762500 0.112500
vt 0.800000 0.112500
vt 0.787500 0.125000
vt 0.787500 0.112500
vt 0.725000 0.137500
vt 0.712500 0.150000
vt 0.712500 0.137500
vt 0.725000 0.112500
vt 0.712500 0.125000
vt 0.712500 0.112500
vt 0.750000 0.112500
vt 0.737500 0.125000
vt 0.737500 0.112500
vt 0.725000 0.187500
vt 0.712500 0.200000
vt 0.712500 0.187500
vt 0.725000 0.162500
vt 0.712500 0.175000
vt 0.712500 0.162500
vt 0.750000 0.162500
vt 0.737500 0.175000
vt 0.737500 0.162500
vt 0.875000 0.137500
vt 0.862500 0.150000
vt 0.862500 0.137500
vt 0.875000 0.112500
vt 0.862500 0.125000
vt 0.862500 0.112500
vt 0.900000 0.112500
vt 0.887500 0.125000
vt 0.887500 0.112500
vt 0.825000 0.137500
vt 0.812500 0.150000
vt 0.812500 0.137500
vt 0.825000 0.112500
vt 0.812500 0.125000
vt 0.812500 0.112500
vt 0.850000 0.112500
vt 0.837500 0.125000
vt 0.837500 0.112500
vt 0.825000 0.187500
vt 0.812500 0.200000
vt 0.812500 0.187500
vt 0.825000 0.162500
vt 0.812500 0.175000
vt 0.812500 0.162500
vt 0.850000 0.162500
vt 0.837500 0.175000
vt 0.837500 0.162500
vt 0.975000 0.137500
vt 0.962500 0.150000
vt 0.962500 0.137500
vt 0.975000 0.112500
vt 0.962500 0.125000
vt 0.962500 0.112500
vt 1.000000 0.112500
vt 0.987500 0.125000
vt 0.987500 0.112500
vt 0.925000 0.137500
vt 0.912500 0.150000
vt 0.912500 0.137500
vt 0.925000 0.112500
vt 0.912500 0.125000
vt 0.912500 0.112500
vt 0.950000 0.112500
vt 0.937500 0.125000
vt 0.937500 0.112500
vt 0.925000 0.187500
vt 0.912500 0.200000
vt 0.912500 0.187500
vt 0.925000 0.162500
vt 0.912500 0.175000
vt 0.912500 0.162500
vt 0.950000 0.162500
vt 0.937500 0.175000
vt 0.937500 0.162500
vt 0.075000 0.237500
vt 0.062500 0.250000
vt 0.062500 0.237500
vt 0.075000 0.212500
vt 0.062500 0.225000
vt 0.062500 0.212500
vt 0.100000 0.212500
vt 0.087500 0.225000
vt 0.087500 0.212500
vt 0.025000 0.237500
vt 0.012500 0.250000
vt 0.012500 0.237500
vt 0.025000 0.212500
vt 0.012500 0.225000
vt 0.012500 0.212500
vt 0.050000 0.212500
vt 0.037500 0.225000
vt 0.037500 0.212500
vt 0.025000 0.287500
vt 0.012500 0.300000
vt 0.012500 0.287500
vt 0.025000 0.262500
vt 0.012500 0.275000
vt 0.012500 0.262500
vt 0.050000 0.262500
vt 0.037500 0.275000
vt 0.037500 0.262500
vt 0.175000 0.237500
vt 0.162500 0.250000
vt 0.162500 0.237500
vt 0.175000 0.212500
vt 0.162500 0.225000
vt 0.162500 0.212500
vt 0.200000 0.212500
vt 0.187500 0.225000
vt 0.187500 0.212500
vt 0.125000 0.237500
vt 0.112500 0.250000
vt 0.112500 0.237500
vt 0.125000 0.212500
vt 0.112500 0.225000
vt 0.112500 0.212500
vt 0.150000 0.212500
vt 0.137500 0.225000
vt 0.137500 0.212500
vt 0.125000 0.287500
vt 0.112500 0.300000
vt 0.112500 0.287500
vt 0.125000 0.262500
vt 0.112500 0.275000
vt 0.112500 0.262500
vt 0.150000 0.262500
vt 0.137500 0.275000
vt 0.137500 0.262500
vt 0.275000 0.237500
vt 0.262500 0.250000
vt 0.262500 0.237500
vt 0.275000 0.212500
vt 0.262500 0.225000
vt 0.262500 0.212500
vt 0.300000 0.212500
vt 0.287500 0.225000
vt 0.287500 0.212500
vt 0.225000 0.237500
vt 0.212500 0.250000
vt 0.212500 0.237500
vt 0.225000 0.212500
vt 0.212500 0.225000
vt 0.212500 0.212500
vt 0.250000 0.212500
vt 0.237500 0.225000
vt 0.237500 0.212500
vt 0.225000 0.287500
vt 0.212500 0.300000
vt 0.212500 0.287500
vt 0.225000 0.262500
vt 0.212500 0.275000
vt 0.212500 0.262500
vt 0.250000 0.262500
vt 0.237500 0.275000
vt 0.237500 0.262500
vt 0.375000 0.237500
vt 0.362500 0.250000
vt 0.362500 0.237500
vt 0.375000 0.212500
vt 0.362500 0.225000
vt 0.362500 0.212500
vt 0.400000 0.212500
vt 0.387500 0.225000
vt 0.387500 0.212500
vt 0.325000 0.237500
vt 0.312500 0.250000
vt 0.312500 0.237500
vt 0.325000 0.212500
vt 0.312500 0.225000
vt 0.312500 0.212500
vt 0.350000 0.212500
vt 0.337500 0.225000
vt 0.337500 0.212500
vt 0.325000 0.287500
vt 0.312500 0.300000
vt 0.312500 0.287500
vt 0.325000 0.262500
vt 0.312500 0.275000
vt 0.312500 0.262500
vt 0.350000 0.262500
vt 0.337500 0.275000
vt 0.337500 0.262500
vt 0.475000 0.237500
vt 0.462500 0.250000
vt 0.462500 0.237500
vt 0.475000 0.212500
vt 0.462500 0.225000
vt 0.462500 0.212500
vt 0.500000 0.212500
vt 0.487500 0.225000
vt 0.487500 0.212500
vt 0.425000 0.237500
vt 0.412500 0.250000
vt 0.412500 0.237500
vt 0.425000 0.212500
vt 0.412500 0.225000
vt 0.412500 0.212500
vt 0.450000 0.212500
vt 0.437500 0.225000
vt 0.437500 0.212500
vt 0.425000 0.287500
vt 0.412500 0.300000
vt 0.412500 0.287500
vt 0.425000 0.262500
vt 0.412500 0.275000
vt 0.412500 0.262500
vt 0.450000 0.262500
vt 0.437500 0.275000
vt 0.437500 0.262500
vt 0.575000 0.237500
vt 0.562500 0.250000
vt 0.562500 0.237500
vt 0.575000 0.212500
vt 0.562500 0.225000
vt 0.562500 0.212500
vt 0.600000 0.212500
vt 0.587500 0.225000
vt 0.587500 0.212500
vt 0.525000 0.237500
vt 0.512500 0.250000
vt 0.512500 0.237500
vt 0.525000 0.212500
vt 0.512500 0.225000
vt 0.512500 0.212500
vt 0.550000 0.212500
vt 0.537500 0.225000
vt 0.537500 0.212500
vt 0.525000 0.287500
vt 0.512500 0.300000
vt 0.512500 0.287500
vt 0.525000 0.262500
vt 0.512500 0.275000
vt 0.512500 0.262500
vt 0.550000 0.262500
vt 0.537500 0.275000
vt 0.537500 0.262500
vt 0.675000 0.237500
vt 0.662500 0.250000
vt 0.662500 0.237500
vt 0.675000 0.212500
vt 0.662500 0.225000
vt 0.662500 0.212500
vt 0.700000 0.212500
vt 0.687500 0.225000
vt 0.687500 0.212500
vt 0.625000 0.237500
vt 0.612500 0.250000
vt 0.612500 0.237500
vt 0.625000 0.212500
vt 0.612500 0.225000
vt 0.612500 0.212500
vt 0.650000 0.212500
vt 0.637500 0.225000
vt 0.637500 0.212500
vt 0.625000 0.287500
vt 0.612500 0.300000
vt 0.612500 0.287500
vt 0.625000 0.262500
vt 0.612500 0.275000
vt 0.612500 0.262500
vt 0.650000 0.262500
vt 0.637500 0.275000
vt 0.637500 0.262500
vt 0.775000 0.237500
vt 0.762500 0.250000
vt 0.762500 0.237500
vt 0.775000 0.212500
vt 0.762500 0.225000
vt 0.762500 0.212500
vt 0.800000 0.212500
vt 0.787500 0.225000
vt 0.787500 0.212500
vt 0.725000 0.237500
vt 0.712500 0.250000
vt 0.712500 0.237500
vt 0.725000 0.212500
vt 0.712500 0.225000
vt 0.712500 0.212500
vt 0.750000 0.212500
vt 0.737500 0.225000
vt 0.737500 0.212500
vt 0.725000 0.287500
vt 0.712500 0.300000
vt 0.712500 0.287500
vt 0.725000 0.262500
vt 0.712500 0.275000
vt 0.712500 0.262500
vt 0.750000 0.262500
vt 0.737500 0.275000
vt 0.737500 0.262500
vt 0.875000 0.237500
vt 0.862500 0.250000
vt 0.862500 0.237500
vt 0.875000 0.212500
vt 0.862500 0.225000
vt 0.862500 0.212500
vt 0.900000 0.212500
vt 0.887500 0.225000
vt 0.887500 0.212500
vt 0.825000 0.237500
vt 0.812500 0.250000
vt 0.812500 0.237500
vt 0.825000 0.212500
vt 0.812500 0.225000
vt 0.812500 0.212500
vt 0.850000 0.212500
vt 0.837500 0.225000
vt 0.837500 0.212500
vt 0.825000 0.287500
vt 0.812500 0.300000
vt 0.812500 0.287500
vt 0.825000 0.262500
vt 0.812500 0.275000
vt 0.812500 0.262500
vt 0.850000 0.262500
vt 0.837500 0.275000
vt 0.837500 0.262500
vt 0.975000 0.237500
vt 0.962500 0.250000
vt 0.962500 0.237500
vt 0.975000 0.212500
vt 0.962500 0.225000
vt 0.962500 0.212500
vt 1.000000 0.212500
vt 0.987500 0.225000
vt 0.987500 0.212500
vt 0.925000 0.237500
vt 0.912500 0.250000
vt 0.912500 0.237500
vt 0.925000 0.212500
vt 0.912500 0.225000
vt 0.912500 0.212500
vt 0.950000 0.212500
vt 0.937500 0.225000
vt 0.937500 0.212500
vt 0.925000 0.287500
vt 0.912500 0.300000
vt 0.912500 0.287500
vt 0.925000 0.262500
vt 0.912500 0.275000
vt 0.912500 0.262500
vt 0.950000 0.262500
vt 0.937500 0.275000
vt 0.937500 0.262500
vt 0.075000 0.337500
vt 0.062500 0.350000
vt 0.062500 0.337500
vt 0.075000 0.312500
vt 0.062500 0.325000
vt 0.062500 0.312500
vt 0.100000 0.312500
vt 0.087500 0.325000
vt 0.087500 0.312500
vt 0.025000 0.337500
vt 0.012500 0.350000
vt 0.012500 0.337500
vt 0.025000 0.312500
vt 0.012500 0.325000
vt 0.012500 0.312500
vt 0.050000 0.312500
vt 0.037500 0.325000
vt 0.037500 0.312500
vt 0.025000 0.387500
vt 0.012500 0.400000
vt 0.012500 0.387500
vt 0.025000 0.362500
vt 0.012500 0.375000
vt 0.012500 0.362500
vt 0.050000 0.362500
vt 0.037500 0.375000
vt 0.037500 0.362500
vt 0.175000 0.337500
vt 0.162500 0.350000
vt 0.162500 0.337500
vt 0.175000 0.312500
vt 0.162500 0.325000
vt 0.162500 0.312500
vt 0.200000 0.312500
vt 0.187500 0.325000
vt 0.187500 0.312500
vt 0.125000 0.337500
vt 0.112500 0.350000
vt 0.112500 0.337500
vt 0.125000 0.312500
vt 0.112500 0.325000
vt 0.112500 0.312500
vt 0.150000 0.312500
vt 0.137500 0.325000
vt 0.137500 0.312500
vt 0.125000 0.387500
vt 0.112500 0.400000
vt 0.112500 0.387500
vt 0.125000 0.362500
vt 0.112500 0.375000
vt 0.112500 0.362500
vt 0.150000 0.362500
vt 0.137500 0.375000
vt 0.137500 0.362500
vt 0.275000 0.337500
vt 0.262500 0.350000
vt 0.262500 0.337500
vt 0.275000 0.312500
vt 0.262500 0.325000
vt 0.262500 0.312500
vt 0.300000 0.312500
vt 0.287500 0.325000
vt 0.287500 0.312500
vt 0.225000 0.337500
vt 0.212500 0.350000
vt 0.212500 0.337500
vt 0.225000 0.312500
vt 0.212500 0.325000
vt 0.212500 0.312500
vt 0.250000 0.312500
vt 0.237500 0.325000
vt 0.237500 0.312500
vt 0.225000 0.387500
vt 0.212500 0.400000
vt 0.212500 0.387500
vt 0.225000 0.362500
vt 0.212500 0.375000
vt 0.212500 0.362500
vt 0.250000 0.362500
vt 0.237500 0.375000
vt 0.237500 0.362500
vt 0.375000 0.337500
vt 0.362500 0.350000
vt 0.362500 0.337500
vt 0.375000 0.312500
vt 0.362500 0.325000
vt 0.362500 0.312500
vt 0.400000 0.312500
vt 0.387500 0.325000
vt 0.387500 0.312500
vt 0.325000 0.337500
vt 0.312500 0.350000
vt 0.312500 0.337500
vt 0.325000 0.312500
vt 0.312500 0.325000
vt 0.312500 0.312500
vt 0.350000 0.312500
vt 0.337500 0.325000
vt 0.337500 0.312500
vt 0.325000 0.387500
vt 0.312500 0.400000
vt 0.312500 0.387500
vt 0.325000 0.362500
vt 0.312500 0.375000
vt 0.312500 0.362500
vt 0.350000 0.362500
vt 0.337500 0.375000
vt 0.337500 0.362500
vt 0.475000 0.337500
vt 0.462500 0.350000
vt 0.462500 0.337500
vt 0.475000 0.312500
vt 0.462500 0.325000
vt 0.462500 0.312500
vt 0.500000 0.312500
vt 0.487500 0.325000
vt 0.487500 0.312500
vt 0.425000 0.337500
vt 0.412500 0.350000
vt 0.412500 0.337500
vt 0.425000 0.312500
vt 0.412500 0.325000
vt 0.412500 0.312500
vt 0.450000 0.312500
vt 0.437500 0.325000
vt 0.437500 0.312500
vt 0.425000 0.387500
vt 0.412500 0.400000
vt 0.412500 0.387500
vt 0.425000 0.362500
vt 0.412500 0.375000
vt 0.412500 0.362500
vt 0.450000 0.362500
vt 0.437500 0.375000
vt 0.437500 0.362500
vt 0.575000 0.337500
vt 0.562500 0.350000
vt 0.562500 0.337500
vt 0.575000 0.312500
vt 0.562500 0.325000
vt 0.562500 0.312500
vt 0.600000 0.312500
vt 0.587500 0.325000
vt 0.587500 0.312500
vt 0.525000 0.337500
vt 0.512500 0.350000
vt 0.512500 0.337500
vt 0.525000 0.312500
vt 0.512500 0.325000
vt 0.512500 0.312500
vt 0.550000 0.312500
vt 0.537500 0.325000
vt 0.537500 0.312500
vt 0.525000 0.387500
vt 0.512500 0.400000
vt 0.512500 0.387500
vt 0.525000 0.362500
vt 0.512500 0.375000
vt 0.512500 0.362500
vt 0.550000 0.362500
vt 0.537500 0.375000
vt 0.537500 0.362500
vt 0.675000 0.337500
vt 0.662500 0.350000
vt 0.662500 0.337500
vt 0.675000 0.312500
vt 0.662500 0.325000
vt 0.662500 0.312500
vt 0.700000 0.312500
vt 0.687500 0.325000
vt 0.687500 0.312500
vt 0.625000 0.337500
vt 0.612500 0.350000
vt 0.612500 0.337500
vt 0.625000 0.312500
vt 0.612500 0.325000
vt 0.612500 0.312500
vt 0.650000 0.312500
vt 0.637500 0.325000
vt 0.637500 0.312500
vt 0.625000 0.387500
vt 0.612500 0.400000
vt 0.612500 0.387500
vt 0.625000 0.362500
vt 0.612500 0.375000
vt 0.612500 0.362500
vt 0.650000 0.362500
vt 0.637500 0.375000
vt 0.637500 0.362500
vt 0.775000 0.337500
vt 0.762500 0.350000
vt 0.762500 0.337500
vt 0.775000 0.312500
vt 0.762500 0.325000
vt 0.762500 0.312500
vt 0.800000 0.312500
vt 0.787500 0.325000
vt 0.787500 0.312500
vt 0.725000 0.337500
vt 0.712500 0.350000
vt 0.712500 0.337500
vt 0.725000 0.312500
vt 0.712500 0.325000
vt 0.712500 0.312500
vt 0.750000 0.312500
vt 0.737500 0.325000
vt 0.737500 0.312500
vt 0.725000 0.387500
vt 0.712500 0.400000
vt 0.712500 0.387500
vt 0.725000 0.362500
vt 0.712500 0.375000
vt 0.712500 0.362500
vt 0.750000 0.362500
vt 0.737500 0.375000
vt 0.737500 0.362500
vt 0.875000 0.337500
vt 0.862500 0.350000
vt 0.862500 0.337500
vt 0.875000 0.312500
vt 0.862500 0.325000
vt 0.862500 0.312500
vt 0.900000 0.312500
vt 0.887500 0.325000
vt 0.887500 0.312500
vt 0.825000 0.337500
vt 0.812500 0.350000
vt 0.812500 0.337500
vt 0.825000 0.312500
vt 0.812500 0.325000
vt 0.812500 0.312500
vt 0.850000 0.312500
vt 0.837500 0.325000
vt 0.837500 0.312500
vt 0.825000 0.387500
vt 0.812500 0.400000
vt 0.812500 0.387500
vt 0.825000 0.362500
vt 0.812500 0.375000
vt 0.812500 0.362500
vt 0.850000 0.362500
vt 0.837500 0.375000
vt 0.837500 0.362500
vt 0.975000 0.337500
vt 0.962500 0.350000
vt 0.962500 0.337500
vt 0.975000 0.312500
vt 0.962500 0.325000
vt 0.962500 0.312500
vt 1.000000 0.312500
vt 0.987500 0.325000
vt 0.987500 0.312500
vt 0.925000 0.337500
vt 0.912500 0.350000
vt 0.912500 0.337500
vt 0.925000 0.312500
vt 0.912500 0.325000
vt 0.912500 0.312500
vt 0.950000 0.312500
vt 0.937500 0.325000
vt 0.937500 0.312500
vt 0.925000 0.387500
vt 0.912500 0.400000
vt 0.912500 0.387500
vt 0.925000 0.362500
vt 0.912500 0.375000
vt 0.912500 0.362500
vt 0.950000 0.362500
vt 0.937500 0.375000
vt 0.937500 0.362500
vt 0.075000 0.437500
vt 0.062500 0.450000
vt 0.062500 0.437500
vt 0.075000 0.412500
vt 0.062500 0.425000
vt 0.062500 0.412500
vt 0.100000 0.412500
vt 0.087500 0.425000
vt 0.087500 0.412500
vt 0.025000 0.437500
vt 0.012500 0.450000
vt 0.012500 0.437500
vt 0.025000 0.412500
vt 0.012500 0.425000
vt 0.012500 0.412500
vt 0.050000 0.412500
vt 0.037500 0.425000
vt 0.037500 0.412500
vt 0.025000 0.487500
vt 0.012500 0.500000
vt 0.012500 0.487500
vt 0.025000 0.462500
vt 0.012500 0.475000
vt 0.012500 0.462500
vt 0.050000 0.462500
vt 0.037500 0.475000
vt 0.037500 0.462500
vt 0.175000 0.437500
vt 0.162500 0.450000
vt 0.162500 0.437500
vt 0.175000 0.412500
vt 0.162500 0.425000
vt 0.162500 0.412500
vt 0.200000 0.412500
vt 0.187500 0.425000
vt 0.187500 0.412500
vt 0.125000 0.437500
vt 0.112500 0.450000
vt 0.112500 0.437500
vt 0.125000 0.412500
vt 0.112500 0.425000
vt 0.112500 0.412500
vt 0.150000 0.412500
vt 0.137500 0.425000
vt 0.137500 0.412500
vt 0.125000 0.487500
vt 0.112500 0.500000
vt 0.112500 0.487500
vt 0.125000 0.462500
vt 0.112500 0.475000
vt 0.112500 0.462500
vt 0.150000 0.462500
vt 0.137500 0.475000
vt 0.137500 0.462500
vt 0.275000 0.437500
vt 0.262500 0.450000
vt 0.262500 0.437500
vt 0.275000 0.412500
vt 0.262500 0.425000
vt 0.262500 0.412500
vt 0.300000 0.412500
vt 0.287500 0.425000
vt 0.287500 0.412500
vt 0.225000 0.437500
vt 0.212500 0.450000
vt 0.212500 0.437500
vt 0.225000 0.412500
vt 0.212500 0.425000
vt 0.212500 0.412500
vt 0.250000 0.412500
vt 0.237500 0.425000
vt 0.237500 0.412500
vt 0.225000 0.487500
vt 0.212500 0.500000
vt 0.212500 0.487500
vt 0.225000 0.462500
vt 0.212500 0.475000
vt 0.212500 0.462500
vt 0.250000 0.462500
vt 0.237500 0.475000
vt 0.237500 0.462500
vt 0.375000 0.437500
vt 0.362500 0.450000
vt 0.362500 0.437500
vt 0.375000 0.412500
vt 0.362500 0.425000
vt 0.362500 0.412500
vt 0.400000 0.412500
vt 0.387500 0.425000
vt 0.387500 0.412500
vt 0.325000 0.437500
vt 0.312500 0.450000
vt 0.312500 0.437500
vt 0.325000 0.412500
vt 0.312500 0.425000
vt 0.312500 0.412500
vt 0.350000 0.412500
vt 0.337500 0.425000
vt 0.337500 0.412500
vt 0.325000 0.487500
vt 0.312500 0.500000
vt 0.312500 0.487500
vt 0.325000 0.462500
vt 0.312500 0.475000
vt 0.312500 0.462500
vt 0.350000 0.462500
vt 0.337500 0.475000
vt 0.337500 0.462500
vt 0.475000 0.437500
vt 0.462500 0.450000
vt 0.462500 0.437500
vt 0.475000 0.412500
vt 0.462500 0.425000
vt 0.462500 0.412500
vt 0.500000 0.412500
vt 0.487500 0.425000
vt 0.487500 0.412500
vt 0.425000 0.437500
vt 0.412500 0.450000
vt 0.412500 0.437500
vt 0.425000 0.412500
vt 0.412500 0.425000
vt 0.412500 0.412500
vt 0.450000 0.412500
vt 0.437500 0.425000
vt 0.437500 0.412500
vt 0.425000 0.487500
vt 0.412500 0.500000
vt 0.412500 0.487500
vt 0.425000 0.462500
vt 0.412500 0.475000
vt 0.412500 0.462500
vt 0.450000 0.462500
vt 0.437500 0.475000
vt 0.437500 0.462500
vt 0.575000 0.437500
vt 0.562500 0.450000
vt 0.562500 0.437500
vt 0.575000 0.412500
vt 0.562500 0.425000
vt 0.562500 0.412500
vt 0.600000 0.412500
vt 0.587500 0.425000
vt 0.587500 0.412500
vt 0.525000 0.437500
vt 0.512500 0.450000
vt 0.512500 0.437500
vt 0.525000 0.412500
vt 0.512500 0.425000
vt 0.512500 0.412500
vt 0.550000 0.412500
vt 0.537500 0.425000
vt 0.537500 0.412500
vt 0.525000 0.487500
vt 0.512500 0.500000
vt 0.512500 0.487500
vt 0.525000 0.462500
vt 0.512500 0.475000
vt 0.512500 0.462500
vt 0.550000 0.462500
vt 0.537500 0.475000
vt 0.537500 0.462500
vt 0.675000 0.437500
vt 0.662500 0.450000
vt 0.662500 0.437500
vt 0.675000 0.412500
vt 0.662500 0.425000
vt 0.662500 0.412500
vt 0.700000 0.412500
vt 0.687500 0.425000
vt 0.687500 0.412500
vt 0.625000 0.437500
vt 0.612500 0.450000
vt 0.612500 0.437500
vt 0.625000 0.412500
vt 0.612500 0.425000
vt 0.612500 0.412500
vt 0.650000 0.412500
vt 0.637500 0.425000
vt 0.637500 0.412500
vt 0.625000 0.487500
vt 0.612500 0.500000
vt 0.612500 0.487500
vt 0.625000 0.462500
vt 0.612500 0.475000
vt 0.612500 0.462500
vt 0.650000 0.462500
vt 0.637500 0.475000
vt 0.637500 0.462500
vt 0.775000 0.437500
vt 0.762500 0.450000
vt 0.762500 0.437500
vt 0.775000 0.412500
vt 0.762500 0.425000
vt 0.762500 0.412500
vt 0.800000 0.412500
vt 0.787500 0.425000
vt 0.787500 0.412500
vt 0.725000 0.437500
vt 0.712500 0.450000
vt 0.712500 0.437500
vt 0.725000 0.412500
vt 0.712500 0.425000
vt 0.712500 0.412500
vt 0.750000 0.412500
vt 0.737500 0.425000
vt 0.737500 0.412500
vt 0.725000 0.487500
vt 0.712500 0.500000
vt 0.712500 0.487500
vt 0.725000 0.462500
vt 0.712500 0.475000
vt 0.712500 0.462500
vt 0.750000 0.462500
vt 0.737500 0.475000
vt 0.737500 0.462500
vt 0.875000 0.437500
vt 0.862500 0.450000
vt 0.862500 0.437500
vt 0.875000 0.412500
vt 0.862500 0.425000
vt 0.862500 0.412500
vt 0.900000 0.412500
vt 0.887500 0.425000
vt 0.887500 0.412500
vt 0.825000 0.437500
vt 0.812500 0.450000
vt 0.812500 0.437500
vt 0.825000 0.412500
vt 0.812500 0.425000
vt 0.812500 0.412500
vt 0.850000 0.412500
vt 0.837500 0.425000
vt 0.837500 0.412500
vt 0.825000 0.487500
vt 0.812500 0.500000
vt 0.812500 0.487500
vt 0.825000 0.462500
vt 0.812500 0.475000
vt 0.812500 0.462500
vt 0.850000 0.462500
vt 0.837500 0.475000
vt 0.837500 0.462500
vt 0.975000 0.437500
vt 0.962500 0.450000
vt 0.962500 0.437500
vt 0.975000 0.412500
vt 0.962500 0.425000
vt 0.962500 0.412500
vt 1.000000 0.412500
vt 0.987500 0.425000
vt 0.987500 0.412500
vt 0.925000 0.437500
vt 0.912500 0.450000
vt 0.912500 0.437500
vt 0.925000 0.412500
vt 0.912500 0.425000
vt 0.912500 0.412500
vt 0.950000 0.412500
vt 0.937500 0.425000
vt 0.937500 0.412500
vt 0.925000 0.487500
vt 0.912500 0.500000
vt 0.912500 0.487500
vt 0.925000 0.462500
vt 0.912500 0.475000
vt 0.912500 0.462500
vt 0.950000 0.462500
vt 0.937500 0.475000
vt 0.937500 0.462500
vt 0.075000 0.537500
vt 0.062500 0.550000
vt 0.062500 0.537500
vt 0.075000 0.512500
vt 0.062500 0.525000
vt 0.062500 0.512500
vt 0.100000 0.512500
vt 0.087500 0.525000
vt 0.087500 0.512500
vt 0.025000 0.537500
vt 0.012500 0.550000
vt 0.012500 0.537500
vt 0.025000 0.512500
vt 0.012500 0.525000
vt 0.012500 0.512500
vt 0.050000 0.512500
vt 0.037500 0.525000
vt 0.037500 0.512500
vt 0.025000 0.587500
vt 0.012500 0.600000
vt 0.012500 0.587500
vt 0.025000 0.562500
vt 0.012500 0.575000
vt 0.012500 0.562500
vt 0.050000 0.562500
vt 0.037500 0.575000
vt 0.037500 0.562500
vt 0.175000 0.537500
vt 0.162500 0.550000
vt 0.162500 0.537500
vt 0.175000 0.512500
vt 0.162500 0.525000
vt 0.162500 0.512500
vt 0.200000 0.512500
vt 0.187500 0.525000
vt 0.187500 0.512500
vt 0.125000 0.537500
vt 0.112500 0.550000
vt 0.112500 0.537500
vt 0.125000 0.512500
vt 0.112500 0.525000
vt 0.112500 0.512500
vt 0.150000 0.512500
vt 0.137500 0.525000
vt 0.137500 0.512500
vt 0.125000 0.587500
vt 0.112500 0.600000
vt 0.112500 0.587500
vt 0.125000 0.562500
vt 0.112500 0.575000
vt 0.112500 0.562500
vt 0.150000 0.562500
vt 0.137500 0.575000
vt 0.137500 0.562500
vt 0.275000 0.537500
vt 0.262500 0.550000
vt 0.262500 0.537500
vt 0.275000 0.512500
vt 0.262500 0.525000
vt 0.262500 0.512500
vt 0.300000 0.512500
vt 0.287500 0.525000
vt 0.287500 0.512500
vt 0.225000 0.537500
vt 0.212500 0.550000
vt 0.212500 0.537500
vt 0.225000 0.512500
vt 0.212500 0.525000
vt 0.212500 0.512500
vt 0.250000 0.512500
vt 0.237500 0.525000
vt 0.237500 0.512500
vt 0.225000 0.587500
vt 0.212500 0.600000
vt 0.212500 0.587500
vt 0.225000 0.562500
vt 0.212500 0.575000
vt 0.212500 0.562500
vt 0.250000 0.562500
vt 0.237500 0.575000
vt 0.237500 0.562500
vt 0.375000 0.537500
vt 0.362500 0.550000
vt 0.362500 0.537500
vt 0.375000 0.512500
vt 0.362500 0.525000
vt 0.362500 0.512500
vt 0.400000 0.512500
vt 0.387500 0.525000
vt 0.387500 0.512500
vt 0.325000 0.537500
vt 0.312500 0.550000
vt 0.312500 0.537500
vt 0.325000 0.512500
vt 0.312500 0.525000
vt 0.312500 0.512500
vt 0.350000 0.512500
vt 0.337500 0.525000
vt 0.337500 0.512500
vt 0.325000 0.587500
vt 0.312500 0.600000
vt 0.312500 0.587500
vt 0.325000 0.562500
vt 0.312500 0.575000
vt 0.312500 0.562500
vt 0.350000 0.562500
vt 0.337500 0.575000
vt 0.337500 0.562500
vt 0.475000 0.537500
vt 0.462500 0.550000
vt 0.462500 0.537500
vt 0.475000 0.512500
vt 0.462500 0.525000
vt 0.462500 0.512500
vt 0.500000 0.512500
vt 0.487500 0.525000
vt 0.487500 0.512500
vt 0.425000 0.537500
vt 0.412500 0.550000
vt 0.412500 0.537500
vt 0.425000 0.512500
vt 0.412500 0.525000
vt 0.412500 0.512500
vt 0.450000 0.512500
vt 0.437500 0.525000
vt 0.437500 0.512500
vt 0.425000 0.587500
vt 0.412500 0.600000
vt 0.412500 0.587500
vt 0.425000 0.562500
vt 0.412500 0.575000
vt 0.412500 0.562500
vt 0.450000 0.562500
vt 0.437500 0.575000
vt 0.437500 0.562500
vt 0.575000 0.537500
vt 0.562500 0.550000
vt 0.562500 0.537500
vt 0.575000 0.512500
vt 0.562500 0.525000
vt 0.562500 0.512500
vt 0.600000 0.512500
vt 0.587500 0.525000
vt 0.587500 0.512500
vt 0.525000 0.537500
vt 0.512500 0.550000
vt 0.512500 0.537500
vt 0.525000 0.512500
vt 0.512500 0.525000
vt 0.512500 0.512500
vt 0.550000 0.512500
vt 0.537500 0.525000
vt 0.537500 0.512500
vt 0.525000 0.587500
vt 0.512500 0.600000
vt 0.512500 0.587500
vt 0.525000 0.562500
vt 0.512500 0.575000
vt 0.512500 0.562500
vt 0.550000 0.562500
vt 0.537500 0.575000
vt 0.537500 0.562500
vt 0.675000 0.537500
vt 0.662500 0.550000
vt 0.662500 0.537500
vt 0.675000 0.512500
vt 0.662500 0.525000
vt 0.662500 0.512500
vt 0.700000 0.512500
vt 0.687500 0.525000
vt 0.687500 0.512500
vt 0.625000 0.537500
vt 0.612500 0.550000
vt 0.612500 0.537500
vt 0.625000 0.512500
vt 0.612500 0.525000
vt 0.612500 0.512500
vt 0.650000 0.512500
vt 0.637500 0.525000
vt 0.637500 0.512500
vt 0.625000 0.587500
vt 0.612500 0.600000
vt 0.612500 0.587500
vt 0.625000 0.562500
vt 0.612500 0.575000
vt 0.612500 0.562500
vt 0.650000 0.562500
vt 0.637500 0.575000
vt 0.637500 0.562500
vt 0.775000 0.537500
vt 0.762500 0.550000
vt 0.762500 0.537500
vt 0.775000 0.512500
vt 0.762500 0.525000
vt 0.762500 0.512500
vt 0.800000 0.512500
vt 0.787500 0.525000
vt 0.787500 0.512500
vt 0.725000 0.537500
vt 0.712500 0.550000
vt 0.712500 0.537500
vt 0.725000 0.512500
vt 0.712500 0.525000
vt 0.712500 0.512500
vt 0.750000 0.512500
vt 0.737500 0.525000
vt 0.737500 0.512500
vt 0.725000 0.587500
vt 0.712500 0.600000
vt 0.712500 0.587500
vt 0.725000 0.562500
vt 0.712500 0.575000
vt 0.712500 0.562500
vt 0.750000 0.562500
vt 0.737500 0.575000
vt 0.737500 0.562500
vt 0.875000 0.537500
vt 0.862500 0.550000
vt 0.862500 0.537500
vt 0.875000 0.512500
vt 0.862500 0.525000
vt 0.862500 0.512500
vt 0.900000 0.512500
vt 0.887500 0.525000
vt 0.887500 0.512500
vt 0.825000 0.537500
vt 0.812500 0.550000
vt 0.812500 0.537500
vt 0.825000 0.512500
vt 0.812500 0.525000
vt 0.812500 0.512500
vt 0.850000 0.512500
vt 0.837500 0.525000
vt 0.837500 0.512500
vt 0.825000 0.587500
vt 0.812500 0.600000
vt 0.812500 0.587500
vt 0.825000 0.562500
vt 0.812500 0.575000
vt 0.812500 0.562500
vt 0.850000 0.562500
vt 0.837500 0.575000
vt 0.837500 0.562500
vt 0.975000 0.537500
vt 0.962500 0.550000
vt 0.962500 0.537500
vt 0.975000 0.512500
vt 0.962500 0.525000
vt 0.962500 0.512500
vt 1.000000 0.512500
vt 0.987500 0.525000
vt 0.987500 0.512500
vt 0.925000 0.537500
vt 0.912500 0.550000
vt 0.912500 0.537500
vt 0.925000 0.512500
vt 0.912500 0.525000
vt 0.912500 0.512500
vt 0.950000 0.512500
vt 0.937500 0.525000
vt 0.937500 0.512500
vt 0.925000 0.587500
vt 0.912500 0.600000
vt 0.912500 0.587500
vt 0.925000 0.562500
vt 0.912500 0.575000
vt 0.912500 0.562500
vt 0.950000 0.562500
vt 0.937500 0.575000
vt 0.937500 0.562500
vt 0.075000 0.637500
vt 0.062500 0.650000
vt 0.062500 0.637500
vt 0.075000 0.612500
vt 0.062500 0.625000
vt 0.062500 0.612500
vt 0.100000 0.612500
vt 0.087500 0.625000
vt 0.087500 0.612500
vt 0.025000 0.637500
vt 0.012500 0.650000
vt 0.012500 0.637500
vt 0.025000 0.612500
vt 0.012500 0.625000
vt 0.012500 0.612500
vt 0.050000 0.612500
vt 0.037500 0.625000
vt 0.037500 0.612500
vt 0.025000 0.687500
vt 0.012500 0.700000
vt 0.012500 0.687500
vt 0.025000 0.662500
vt 0.012500 0.675000
vt 0.012500 0.662500
vt 0.050000 0.662500
vt 0.037500 0.675000
vt 0.037500 0.662500
vt 0.175000 0.637500
vt 0.162500 0.650000
vt 0.162500 0.637500
vt 0.175000 0.612500
vt 0.162500 0.625000
vt 0.162500 0.612500
vt 0.200000 0.612500
vt 0.187500 0.625000
vt 0.187500 0.612500
vt 0.125000 0.637500
vt 0.112500 0.650000
vt 0.112500 0.637500
vt 0.125000 0.612500
vt 0.112500 0.625000
vt 0.112500 0.612500
vt 0.150000 0.612500
vt 0.137500 0.625000
vt 0.137500 0.612500
vt 0.125000 0.687500
vt 0.112500 0.700000
vt 0.112500 0.687500
vt 0.125000 0.662500
vt 0.112500 0.675000
vt 0.112500 0.662500
vt 0.150000 0.662500
vt 0.137500 0.675000
vt 0.137500 0.662500
vt 0.275000 0.637500
vt 0.262500 0.650000
vt 0.262500 0.637500
vt 0.275000 0.612500
vt 0.262500 0.625000
vt 0.262500 0.612500
vt 0.300000 0.612500
vt 0.287500 0.625000
vt 0.287500 0.612500
vt 0.225000 0.637500
vt 0.212500 0.650000
vt 0.212500 0.637500
vt 0.225000 0.612500
vt 0.212500 0.625000
vt 0.212500 0.612500
vt 0.250000 0.612500
vt 0.237500 0.625000
vt 0.237500 0.612500
vt 0.225000 0.687500
vt 0.212500 0.700000
vt 0.212500 0.687500
vt 0.225000 0.662500
vt 0.212500 0.675000
vt 0.212500 0.662500
vt 0.250000 0.662500
vt 0.237500 0.675000
vt 0.237500 0.662500
vt 0.375000 0.637500
vt 0.362500 0.650000
vt 0.362500 0.637500
vt 0.375000 0.612500
vt 0.362500 0.625000
vt 0.362500 0.612500
vt 0.400000 0.612500
vt 0.387500 0.625000
vt 0.387500 0.612500
vt 0.325000 0.637500
vt 0.312500 0.650000
vt 0.312500 0.637500
vt 0.325000 0.612500
vt 0.312500 0.625000
vt 0.312500 0.612500
vt 0.350000 0.612500
vt 0.337500 0.625000
vt 0.337500 0.612500
vt 0.325000 0.687500
vt 0.312500 0.700000
vt 0.312500 0.687500
vt 0.325000 0.662500
vt 0.312500 0.675000
vt 0.312500 0.662500
vt 0.350000 0.662500
vt 0.337500 0.675000
vt 0.337500 0.662500
vt 0.475000 0.637500
vt 0.462500 0.650000
vt 0.462500 0.637500
vt 0.475000 0.612500
vt 0.462500 0.625000
vt 0.462500 0.612500
vt 0.500000 0.612500
vt 0.487500 0.625000
vt 0.487500 0.612500
vt 0.425000 0.637500
vt 0.412500 0.650000
vt 0.412500 0.637500
vt 0.425000 0.612500
vt 0.412500 0.625000
vt 0.412500 0.612500
vt 0.450000 0.612500
vt 0.437500 0.625000
vt 0.437500 0.612500
vt 0.425000 0.687500
vt 0.412500 0.700000
vt 0.412500 0.687500
vt 0.425000 0.662500
vt 0.412500 0.675000
vt 0.412500 0.662500
vt 0.450000 0.662500
vt 0.437500 0.675000
vt 0.437500 0.662500
vt 0.575000 0.637500
vt 0.562500 0.650000
vt 0.562500 0.637500
vt 0.575000 0.612500
vt 0.562500 0.625000
vt 0.562500 0.612500
vt 0.600000 0.612500
vt 0.587500 0.625000
vt 0.587500 0.612500
vt 0.525000 0.637500
vt 0.512500 0.650000
vt 0.512500 0.637500
vt 0.525000 0.612500
vt 0.512500 0.625000
vt 0.512500 0.612500
vt 0.550000 0.612500
vt 0.537500 0.625000
vt 0.537500 0.612500
vt 0.525000 0.687500
vt 0.512500 0.700000
vt 0.512500 0.687500
vt 0.525000 0.662500
vt 0.512500 0.675000
vt 0.512500 0.662500
vt 0.550000 0.662500
vt 0.537500 0.675000
vt 0.537500 0.662500
vt 0.675000 0.637500
vt 0.662500 0.650000
vt 0.662500 0.637500
vt 0.675000 0.612500
vt 0.662500 0.625000
vt 0.662500 0.612500
vt 0.700000 0.612500
vt 0.687500 0.625000
vt 0.687500 0.612500
vt 0.625000 0.637500
vt 0.612500 0.650000
vt 0.612500 0.637500
vt 0.625000 0.612500
vt 0.612500 0.625000
vt 0.612500 0.612500
vt 0.650000 0.612500
vt 0.637500 0.625000
vt 0.637500 0.612500
vt 0.625000 0.687500
vt 0.612500 0.700000
vt 0.612500 0.687500
vt 0.625000 0.662500
vt 0.612500 0.675000
vt 0.612500 0.662500
vt 0.650000 0.662500
vt 0.637500 0.675000
vt 0.637500 0.662500
vt 0.775000 0.637500
vt 0.762500 0.650000
vt 0.762500 0.637500
vt 0.775000 0.612500
vt 0.762500 0.625000
vt 0.762500 0.612500
vt 0.800000 0.612500
vt 0.787500 0.625000
vt 0.787500 0.612500
vt 0.725000 0.637500
vt 0.712500 0.650000
vt 0.712500 0.637500
vt 0.725000 0.612500
vt 0.712500 0.625000
vt 0.712500 0.612500
vt 0.750000 0.612500
vt 0.737500 0.625000
vt 0.737500 0.612500
vt 0.725000 0.687500
vt 0.712500 0.700000
vt 0.712500 0.687500
vt 0.725000 0.662500
vt 0.712500 0.675000
vt 0.712500 0.662500
vt 0.750000 0.662500
vt 0.737500 0.675000
vt 0.737500 0.662500
vt 0.875000 0.637500
vt 0.862500 0.650000
vt 0.862500 0.637500
vt 0.875000 0.612500
vt 0.862500 0.625000
vt 0.862500 0.612500
vt 0.900000 0.612500
vt 0.887500 0.625000
vt 0.887500 0.612500
vt 0.825000 0.637500
vt 0.812500 0.650000
vt 0.812500 0.637500
vt 0.825000 0.612500
vt 0.812500 0.625000
vt 0.812500 0.612500
vt 0.850000 0.612500
vt 0.837500 0.625000
vt 0.837500 0.612500
vt 0.825000 0.687500
vt 0.812500 0.700000
vt 0.812500 0.687500
vt 0.825000 0.662500
vt 0.812500 0.675000
vt 0.812500 0.662500
vt 0.850000 0.662500
vt 0.837500 0.675000
vt 0.837500 0.662500
vt 0.975000 0.637500
vt 0.962500 0.650000
vt 0.962500 0.637500
vt 0.975000 0.612500
vt 0.962500 0.625000
vt 0.962500 0.612500
vt 1.000000 0.612500
vt 0.987500 0.625000
vt 0.987500 0.612500
vt 0.925000 0.637500
vt 0.912500 0.650000
vt 0.912500 0.637500
vt 0.925000 0.612500
vt 0.912500 0.625000
vt 0.912500 0.612500
vt 0.950000 0.612500
vt 0.937500 0.625000
vt 0.937500 0.612500
vt 0.925000 0.687500
vt 0.912500 0.700000
vt 0.912500 0.687500
vt 0.925000 0.662500
vt 0.912500 0.675000
vt 0.912500 0.662500
vt 0.950000 0.662500
vt 0.937500 0.675000
vt 0.937500 0.662500
vt 0.075000 0.737500
vt 0.062500 0.750000
vt 0.062500 0.737500
vt 0.075000 0.712500
vt 0.062500 0.725000
vt 0.062500 0.712500
vt 0.100000 0.712500
vt 0.087500 0.725000
vt 0.087500 0.712500
vt 0.025000 0.737500
vt 0.012500 0.750000
vt 0.012500 0.737500
vt 0.025000 0.712500
vt 0.012500 0.725000
vt 0.012500 0.712500
vt 0.050000 0.712500
vt 0.037500 0.725000
vt 0.037500 0.712500
vt 0.025000 0.787500
vt 0.012500 0.800000
vt 0.012500 0.787500
vt 0.025000 0.762500
vt 0.012500 0.775000
vt 0.012500 0.762500
vt 0.050000 0.762500
vt 0.037500 0.775000
vt 0.037500 0.762500
vt 0.175000 0.737500
vt 0.162500 0.750000
vt 0.162500 0.737500
vt 0.175000 0.712500
vt 0.162500 0.725000
vt 0.162500 0.712500
vt 0.200000 0.712500
vt 0.187500 0.725000
vt 0.187500 0.712500
vt 0.125000 0.737500
vt 0.112500 0.750000
vt 0.112500 0.737500
vt 0.125000 0.712500
vt 0.112500 0.725000
vt 0.112500 0.712500
vt 0.150000 0.712500
vt 0.137500 0.725000
vt 0.137500 0.712500
vt 0.125000 0.787500
vt 0.112500 0.800000
vt 0.112500 0.787500
vt 0.125000 0.762500
vt 0.112500 0.775000
vt 0.112500 0.762500
vt 0.150000 0.762500
vt 0.137500 0.775000
vt 0.137500 0.762500
vt 0.275000 0.737500
vt 0.262500 0.750000
vt 0.262500 0.737500
vt 0.275000 0.712500
vt 0.262500 0.725000
vt 0.262500 0.712500
vt 0.300000 0.712500
vt 0.287500 0.725000
vt 0.287500 0.712500
vt 0.225000 0.737500
vt 0.212500 0.750000
vt 0.212500 0.737500
vt 0.225000 0.712500
vt 0.212500 0.725000
vt 0.212500 0.712500
vt 0.250000 0.712500
vt 0.237500 0.725000
vt 0.237500 0.712500
vt 0.225000 0.787500
vt 0.212500 0.800000
vt 0.212500 0.787500
vt 0.225000 0.762500
vt 0.212500 0.775000
vt 0.212500 0.762500
vt 0.250000 0.762500
vt 0.237500 0.775000
vt 0.237500 0.762500
vt 0.375000 0.737500
vt 0.362500 0.750000
vt 0.362500 0.737500
vt 0.375000 0.712500
vt 0.362500 0.725000
vt 0.362500 0.712500
vt 0.400000 0.712500
vt 0.387500 0.725000
vt 0.387500 0.712500
vt 0.325000 0.737500
vt 0.312500 0.750000
vt 0.312500 0.737500
vt 0.325000 0.712500
vt 0.312500 0.725000
vt 0.312500 0.712500
vt 0.350000 0.712500
vt 0.337500 0.725000
vt 0.337500 0.712500
vt 0.325000 0.787500
vt 0.312500 0.800000
vt 0.312500 0.787500
vt 0.325000 0.762500
vt 0.312500 0.775000
vt 0.312500 0.762500
vt 0.350000 0.762500
vt 0.337500 0.775000
vt 0.337500 0.762500
vt 0.475000 0.737500
vt 0.462500 0.750000
vt 0.462500 0.737500
vt 0.475000 0.712500
vt 0.462500 0.725000
vt 0.462500 0.712500
vt 0.500000 0.712500
vt 0.487500 0.725000
vt 0.487500 0.712500
vt 0.425000 0.737500
vt 0.412500 0.750000
vt 0.412500 0.737500
vt 0.425000 0.712500
vt 0.412500 0.725000
vt 0.412500 0.712500
vt 0.450000 0.712500
vt 0.437500 0.725000
vt 0.437500 0.712500
vt 0.425000 0.787500
vt 0.412500 0.800000
vt 0.412500 0.787500
vt 0.425000 0.762500
vt 0.412500 0.775000
vt 0.412500 0.762500
vt 0.450000 0.762500
vt 0.437500 0.775000
vt 0.437500 0.762500
vt 0.575000 0.737500
vt 0.562500 0.750000
vt 0.562500 0.737500
vt 0.575000 0.712500
vt 0.562500 0.725000
vt 0.562500 0.712500
vt 0.600000 0.712500
vt 0.587500 0.725000
vt 0.587500 0.712500
vt 0.525000 0.737500
vt 0.512500 0.750000
vt 0.512500 0.737500
vt 0.525000 0.712500
vt 0.512500 0.725000
vt 0.512500 0.712500
vt 0.550000 0.712500
vt 0.537500 0.725000
vt 0.537500 0.712500
vt 0.525000 0.787500
vt 0.512500 0.800000
vt 0.512500 0.787500
vt 0.525000 0.762500
vt 0.512500 0.775000
vt 0.512500 0.762500
vt 0.550000 0.762500
vt 0.537500 0.775000
vt 0.537500 0.762500
vt 0.675000 0.737500
vt 0.662500 0.750000
vt 0.662500 0.737500
vt 0.675000 0.712500
vt 0.662500 0.725000
vt 0.662500 0.712500
vt 0.700000 0.712500
vt 0.687500 0.725000
vt 0.687500 0.712500
vt 0.625000 0.737500
vt 0.612500 0.750000
vt 0.612500 0.737500
vt 0.625000 0.712500
vt 0.612500 0.725000
vt 0.612500 0.712500
vt 0.650000 0.712500
vt 0.637500 0.725000
vt 0.637500 0.712500
vt 0.625000 0.787500
vt 0.612500 0.800000
vt 0.612500 0.787500
vt 0.625000 0.762500
vt 0.612500 0.775000
vt 0.612500 0.762500
vt 0.650000 0.762500
vt 0.637500 0.775000
vt 0.637500 0.762500
vt 0.775000 0.737500
vt 0.762500 0.750000
vt 0.762500 0.737500
vt 0.775000 0.712500
vt 0.762500 0.725000
vt 0.762500 0.712500
vt 0.800000 0.712500
vt 0.787500 0.725000
vt 0.787500 0.712500
vt 0.725000 0.737500
vt 0.712500 0.750000
vt 0.712500 0.737500
vt 0.725000 0.712500
vt 0.712500 0.725000
vt 0.712500 0.712500
vt 0.750000 0.712500
vt 0.737500 0.725000
vt 0.737500 0.712500
vt 0.725000 0.787500
vt 0.712500 0.800000
vt 0.712500 0.787500
vt 0.725000 0.762500
vt 0.712500 0.775000
vt 0.712500 0.762500
vt 0.750000 0.762500
vt 0.737500 0.775000
vt 0.737500 0.762500
vt 0.875000 0.737500
vt 0.862500 0.750000
vt 0.862500 0.737500
vt 0.875000 0.712500
vt 0.862500 0.725000
vt 0.862500 0.712500
vt 0.900000 0.712500
vt 0.887500 0.725000
vt 0.887500 0.712500
vt 0.825000 0.737500
vt 0.812500 0.750000
vt 0.812500 0.737500
vt 0.825000 0.712500
vt 0.812500 0.725000
vt 0.812500 0.712500
vt 0.850000 0.712500
vt 0.837500 0.725000
vt 0.837500 0.712500
vt 0.825000 0.787500
vt 0.812500 0.800000
vt 0.812500 0.787500
vt 0.825000 0.762500
vt 0.812500 0.775000
vt 0.812500 0.762500
vt 0.850000 0.762500
vt 0.837500 0.775000
vt 0.837500 0.762500
vt 0.975000 0.737500
vt 0.962500 0.750000
vt 0.962500 0.737500
vt 0.975000 0.712500
vt 0.962500 0.725000
vt 0.962500 0.712500
vt 1.000000 0.712500
vt 0.987500 0.725000
vt 0.987500 0.712500
vt 0.925000 0.737500
vt 0.912500 0.750000
vt 0.912500 0.737500
vt 0.925000 0.712500
vt 0.912500 0.725000
vt 0.912500 0.712500
vt 0.950000 0.712500
vt 0.937500 0.725000
vt 0.937500 0.712500
vt 0.925000 0.787500
vt 0.912500 0.800000
vt 0.912500 0.787500
vt 0.925000 0.762500
vt 0.912500 0.775000
vt 0.912500 0.762500
vt 0.950000 0.762500
vt 0.937500 0.775000
vt 0.937500 0.762500
vt 0.075000 0.837500
vt 0.062500 0.850000
vt 0.062500 0.837500
vt 0.075000 0.812500
vt 0.062500 0.825000
vt 0.062500 0.812500
vt 0.100000 0.812500
vt 0.087500 0.825000
vt 0.087500 0.812500
vt 0.025000 0.837500
vt 0.012500 0.850000
vt 0.012500 0.837500
vt 0.025000 0.812500
vt 0.012500 0.825000
vt 0.012500 0.812500
vt 0.050000 0.812500
vt 0.037500 0.825000
vt 0.037500 0.812500
vt 0.025000 0.887500
vt 0.012500 0.900000
vt 0.012500 0.887500
vt 0.025000 0.862500
vt 0.012500 0.875000
vt 0.012500 0.862500
vt 0.050000 0.862500
vt 0.037500 0.875000
vt 0.037500 0.862500
vt 0.175000 0.837500
vt 0.162500 0.850000
vt 0.162500 0.837500
vt 0.175000 0.812500
vt 0.162500 0.825000
vt 0.162500 0.812500
vt 0.200000 0.812500
vt 0.187500 0.825000
vt 0.187500 0.812500
vt 0.125000 0.837500
vt 0.112500 0.850000
vt 0.112500 0.837500
vt 0.125000 0.812500
vt 0.112500 0.825000
vt 0.112500 0.812500
vt 0.150000 0.812500
vt 0.137500 0.825000
vt 0.137500 0.812500
vt 0.125000 0.887500
vt 0.112500 0.900000
vt 0.112500 0.887500
vt 0.125000 0.862500
vt 0.112500 0.875000
vt 0.112500 0.862500
vt 0.150000 0.862500
vt 0.137500 0.875000
vt 0.137500 0.862500
vt 0.275000 0.837500
vt 0.262500 0.850000
vt 0.262500 0.837500
vt 0.275000 0.812500
vt 0.262500 0.825000
vt 0.262500 0.812500
vt 0.300000 0.812500
vt 0.287500 0.825000
vt 0.287500 0.812500
vt 0.225000 0.837500
vt 0.212500 0.850000
vt 0.212500 0.837500
vt 0.225000 0.812500
vt 0.212500 0.825000
vt 0.212500 0.812500
vt 0.250000 0.812500
vt 0.237500 0.825000
vt 0.237500 0.812500
vt 0.225000 0.887500
vt 0.212500 0.900000
vt 0.212500 0.887500
vt 0.225000 0.862500
vt 0.212500 0.875000
vt 0.212500 0.862500
vt 0.250000 0.862500
vt 0.237500 0.875000
vt 0.237500 0.862500
vt 0.375000 0.837500
vt 0.362500 0.850000
vt 0.362500 0.837500
vt 0.375000 0.812500
vt 0.362500 0.825000
vt 0.362500 0.812500
vt 0.400000 0.812500
vt 0.387500 0.825000
vt 0.387500 0.812500
vt 0.325000 0.837500
vt 0.312500 0.850000
vt 0.312500 0.837500
vt 0.325000 0.812500
vt 0.312500 0.825000
vt 0.312500 0.812500
vt 0.350000 0.812500
vt 0.337500 0.825000
vt 0.337500 0.812500
vt 0.325000 0.887500
vt 0.312500 0.900000
vt 0.312500 0.887500
vt 0.325000 0.862500
vt 0.312500 0.875000
vt 0.312500 0.862500
vt 0.350000 0.862500
vt 0.337500 0.875000
vt 0.337500 0.862500
vt 0.475000 0.837500
vt 0.462500 0.850000
vt 0.462500 0.837500
vt 0.475000 0.812500
vt 0.462500 0.825000
vt 0.462500 0.812500
vt 0.500000 0.812500
vt 0.487500 0.825000
vt 0.487500 0.812500
vt 0.425000 0.837500
vt 0.412500 0.850000
vt 0.412500 0.837500
vt 0.425000 0.812500
vt 0.412500 0.825000
vt 0.412500 0.812500
vt 0.450000 0.812500
vt 0.437500 0.825000
vt 0.437500 0.812500
vt 0.425000 0.887500
vt 0.412500 0.900000
vt 0.412500 0.887500
vt 0.425000 0.862500
vt 0.412500 0.875000
vt 0.412500 0.862500
vt 0.450000 0.862500
vt 0.437500 0.875000
vt 0.437500 0.862500
vt 0.575000 0.837500
vt 0.562500 0.850000
vt 0.562500 0.837500
vt 0.575000 0.812500
vt 0.562500 0.825000
vt 0.562500 0.812500
vt 0.600000 0.812500
vt 0.587500 0.825000
vt 0.587500 0.812500
vt 0.525000 0.837500
vt 0.512500 0.850000
vt 0.512500 0.837500
vt 0.525000 0.812500
vt 0.512500 0.825000
vt 0.512500 0.812500
vt 0.550000 0.812500
vt 0.537500 0.825000
vt 0.537500 0.812500
vt 0.525000 0.887500
vt 0.512500 0.900000
vt 0.512500 0.887500
vt 0.525000 0.862500
vt 0.512500 0.875000
vt 0.512500 0.862500
vt 0.550000 0.862500
vt 0.537500 0.875000
vt 0.537500 0.862500
vt 0.675000 0.837500
vt 0.662500 0.850000
vt 0.662500 0.837500
vt 0.675000 0.812500
vt 0.662500 0.825000
vt 0.662500 0.812500
vt 0.700000 0.812500
vt 0.687500 0.825000
vt 0.687500 0.812500
vt 0.625000 0.837500
vt 0.612500 0.850000
vt 0.612500 0.837500
vt 0.625000 0.812500
vt 0.612500 0.825000
vt 0.612500 0.812500
vt 0.650000 0.812500
vt 0.637500 0.825000
vt 0.637500 0.812500
vt 0.625000 0.887500
vt 0.612500 0.900000
vt 0.612500 0.887500
vt 0.625000 0.862500
vt 0.612500 0.875000
vt 0.612500 0.862500
vt 0.650000 0.862500
vt 0.637500 0.875000
vt 0.637500 0.862500
vt 0.775000 0.837500
vt 0.762500 0.850000
vt 0.762500 0.837500
vt 0.775000 0.812500
vt 0.762500 0.825000
vt 0.762500 0.812500
vt 0.800000 0.812500
vt 0.787500 0.825000
vt 0.787500 0.812500
vt 0.725000 0.837500
vt 0.712500 0.850000
vt 0.712500 0.837500
vt 0.725000 0.812500
vt 0.712500 0.825000
vt 0.712500 0.812500
vt 0.750000 0.812500
vt 0.737500 0.825000
vt 0.737500 0.812500
vt 0.725000 0.887500
vt 0.712500 0.900000
vt 0.712500 0.887500
vt 0.725000 0.862500
vt 0.712500 0.875000
vt 0.712500 0.862500
vt 0.750000 0.862500
vt 0.737500 0.875000
vt 0.737500 0.862500
vt 0.875000 0.837500
vt 0.862500 0.850000
vt 0.862500 0.837500
vt 0.875000 0.812500
vt 0.862500 0.825000
vt 0.862500 0.812500
vt 0.900000 0.812500
vt 0.887500 0.825000
vt 0.887500 0.812500
vt 0.825000 0.837500
vt 0.812500 0.850000
vt 0.812500 0.837500
vt 0.825000 0.812500
vt 0.812500 0.825000
vt 0.812500 0.812500
vt 0.850000 0.812500
vt 0.837500 0.825000
vt 0.837500 0.812500
vt 0.825000 0.887500
vt 0.812500 0.900000
vt 0.812500 0.887500
vt 0.825000 0.862500
vt 0.812500 0.875000
vt 0.812500 0.862500
vt 0.850000 0.862500
vt 0.837500 0.875000
vt 0.837500 0.862500
vt 0.975000 0.837500
vt 0.962500 0.850000
vt 0.962500 0.837500
vt 0.975000 0.812500
vt 0.962500 0.825000
vt 0.962500 0.812500
vt 1.000000 0.812500
vt 0.987500 0.825000
vt 0.987500 0.812500
vt 0.925000 0.837500
vt 0.912500 0.850000
vt 0.912500 0.837500
vt 0.925000 0.812500
vt 0.912500 0.825000
vt 0.912500 0.812500
vt 0.950000 0.812500
vt 0.937500 0.825000
vt 0.937500 0.812500
vt 0.925000 0.887500
vt 0.912500 0.900000
vt 0.912500 0.887500
vt 0.925000 0.862500
vt 0.912500 0.875000
vt 0.912500 0.862500
vt 0.950000 0.862500
vt 0.937500 0.875000
vt 0.937500 0.862500
vt 0.075000 0.937500
vt 0.062500 0.950000
vt 0.062500 0.937500
vt 0.075000 0.912500
vt 0.062500 0.925000
vt 0.062500 0.912500
vt 0.100000 0.912500
vt 0.087500 0.925000
vt 0.087500 0.912500
vt 0.025000 0.937500
vt 0.012500 0.950000
vt 0.012500 0.937500
vt 0.025000 0.912500
vt 0.012500 0.925000
vt 0.012500 0.912500
vt 0.050000 0.912500
vt 0.037500 0.925000
vt 0.037500 0.912500
vt 0.025000 0.987500
vt 0.012500 1.000000
vt 0.012500 0.987500
vt 0.025000 0.962500
vt 0.012500 0.975000
vt 0.012500 0.962500
vt 0.050000 0.962500
vt 0.037500 0.975000
vt 0.037500 0.962500
vt 0.175000 0.937500
vt 0.162500 0.950000
vt 0.162500 0.937500
vt 0.175000 0.912500
vt 0.162500 0.925000
vt 0.162500 0.912500
vt 0.200000 0.912500
vt 0.187500 0.925000
vt 0.187500 0.912500
vt 0.125000 0.937500
vt 0.112500 0.950000
vt 0.112500 0.937500
vt 0.125000 0.912500
vt 0.112500 0.925000
vt 0.112500 0.912500
vt 0.150000 0.912500
vt 0.137500 0.925000
vt 0.137500 0.912500
vt 0.125000 0.987500
vt 0.112500 1.000000
vt 0.112500 0.987500
vt 0.125000 0.962500
vt 0.112500 0.975000
vt 0.112500 0.962500
vt 0.150000 0.962500
vt 0.137500 0.975000
vt 0.137500 0.962500
vt 0.275000 0.937500
vt 0.262500 0.950000
vt 0.262500 0.937500
vt 0.275000 0.912500
vt 0.262500 0.925000
vt 0.262500 0.912500
vt 0.300000 0.912500
vt 0.287500 0.925000
vt 0.287500 0.912500
vt 0.225000 0.937500
vt 0.212500 0.950000
vt 0.212500 0.937500
vt 0.225000 0.912500
vt 0.212500 0.925000
vt 0.212500 0.912500
vt 0.250000 0.912500
vt 0.237500 0.925000
vt 0.237500 0.912500
vt 0.225000 0.987500
vt 0.212500 1.000000
vt 0.212500 0.987500
vt 0.225000 0.962500
vt 0.212500 0.975000
vt 0.212500 0.962500
vt 0.250000 0.962500
vt 0.237500 0.975000
vt 0.237500 0.962500
vt 0.375000 0.937500
vt 0.362500 0.950000
vt 0.362500 0.937500
vt 0.375000 0.912500
vt 0.362500 0.925000
vt 0.362500 0.912500
vt 0.400000 0.912500
vt 0.387500 0.925000
vt 0.387500 0.912500
vt 0.325000 0.937500
vt 0.312500 0.950000
vt 0.312500 0.937500
vt 0.325000 0.912500
vt 0.312500 0.925000
vt 0.312500 0.912500
vt 0.350000 0.912500
vt 0.337500 0.925000
vt 0.337500 0.912500
vt 0.325000 0.987500
vt 0.312500 1.000000
vt 0.312500 0.987500
vt 0.325000 0.962500
vt 0.312500 0.975000
vt 0.312500 0.962500
vt 0.350000 0.962500
vt 0.337500 0.975000
vt 0.337500 0.962500
vt 0.475000 0.937500
vt 0.462500 0.950000
vt 0.462500 0.937500
vt 0.475000 0.912500
vt 0.462500 0.925000
vt 0.462500 0.912500
vt 0.500000 0.912500
vt 0.487500 0.925000
vt 0.487500 0.912500
vt 0.425000 0.937500
vt 0.412500 0.950000
vt 0.412500 0.937500
vt 0.425000 0.912500
vt 0.412500 0.925000
vt 0.412500 0.912500
vt 0.450000 0.912500
vt 0.437500 0.925000
vt 0.437500 0.912500
vt 0.425000 0.987500
vt 0.412500 1.000000
vt 0.412500 0.987500
vt 0.425000 0.962500
vt 0.412500 0.975000
vt 0.412500 0.962500
vt 0.450000 0.962500
vt 0.437500 0.975000
vt 0.437500 0.962500
vt 0.575000 0.937500
vt 0.562500 0.950000
vt 0.562500 0.937500
vt 0.575000 0.912500
vt 0.562500 0.925000
vt 0.562500 0.912500
vt 0.600000 0.912500
vt 0.587500 0.925000
vt 0.587500 0.912500
vt 0.525000 0.937500
vt 0.512500 0.950000
vt 0.512500 0.937500
vt 0.525000 0.912500
vt 0.512500 0.925000
vt 0.512500 0.912500
vt 0.550000 0.912500
vt 0.537500 0.925000
vt 0.537500 0.912500
vt 0.525000 0.987500
vt 0.512500 1.000000
vt 0.512500 0.987500
vt 0.525000 0.962500
vt 0.512500 0.975000
vt 0.512500 0.962500
vt 0.550000 0.962500
vt 0.537500 0.975000
vt 0.537500 0.962500
vt 0.675000 0.937500
vt 0.662500 0.950000
vt 0.662500 0.937500
vt 0.675000 0.912500
vt 0.662500 0.925000
vt 0.662500 0.912500
vt 0.700000 0.912500
vt 0.687500 0.925000
vt 0.687500 0.912500
vt 0.625000 0.937500
vt 0.612500 0.950000
vt 0.612500 0.937500
vt 0.625000 0.912500
vt 0.612500 0.925000
vt 0.612500 0.912500
vt 0.650000 0.912500
vt 0.637500 0.925000
vt 0.637500 0.912500
vt 0.625000 0.987500
vt 0.612500 1.000000
vt 0.612500 0.987500
vt 0.625000 0.962500
vt 0.612500 0.975000
vt 0.612500 0.962500
vt 0.650000 0.962500
vt 0.637500 0.975000
vt 0.637500 0.962500
vt 0.775000 0.937500
vt 0.762500 0.950000
vt 0.762500 0.937500
vt 0.775000 0.912500
vt 0.762500 0.925000
vt 0.762500 0.912500
vt 0.800000 0.912500
vt 0.787500 0.925000
vt 0.787500 0.912500
vt 0.725000 0.937500
vt 0.712500 0.950000
vt 0.712500 0.937500
vt 0.725000 0.912500
vt 0.712500 0.925000
vt 0.712500 0.912500
vt 0.750000 0.912500
vt 0.737500 0.925000
vt 0.737500 0.912500
vt 0.725000 0.987500
vt 0.712500 1.000000
vt 0.712500 0.987500
vt 0.725000 0.962500
vt 0.712500 0.975000
vt 0.712500 0.962500
vt 0.750000 0.962500
vt 0.737500 0.975000
vt 0.737500 0.962500
vt 0.875000 0.937500
vt 0.862500 0.950000
vt 0.862500 0.937500
vt 0.875000 0.912500
vt 0.862500 0.925000
vt 0.862500 0.912500
vt 0.900000 0.912500
vt 0.887500 0.925000
vt 0.887500 0.912500
vt 0.825000 0.937500
vt 0.812500 0.950000
vt 0.812500 0.937500
vt 0.825000 0.912500
vt 0.812500 0.925000
vt 0.812500 0.912500
vt 0.850000 0.912500
vt 0.837500 0.925000
vt 0.837500 0.912500
vt 0.825000 0.987500
vt 0.812500 1.000000
vt 0.812500 0.987500
vt 0.825000 0.962500
vt 0.812500 0.975000
vt 0.812500 0.962500
vt 0.850000 0.962500
vt 0.837500 0.975000
vt 0.837500 0.962500
vt 0.975000 0.937500
vt 0.962500 0.950000
vt 0.962500 0.937500
vt 0.975000 0.912500
vt 0.962500 0.925000
vt 0.962500 0.912500
vt 1.000000 0.912500
vt 0.987500 0.925000
vt 0.987500 0.912500
vt 0.925000 0.937500
vt 0.912500 0.950000
vt 0.912500 0.937500
vt 0.925000 0.912500
vt 0.912500 0.925000
vt 0.912500 0.912500
vt 0.950000 0.912500
vt 0.937500 0.925000
vt 0.937500 0.912500
vt 0.925000 0.987500
vt 0.912500 1.000000
vt 0.912500 0.987500
vt 0.925000 0.962500
vt 0.912500 0.975000
vt 0.912500 0.962500
vt 0.950000 0.962500
vt 0.937500 0.975000
vt 0.937500 0.962500
vt 0.975000 0.987500
vt 0.962500 1.000000
vt 0.962500 0.987500
vt 0.975000 0.962500
vt 0.962500 0.975000
vt 0.962500 0.962500
vt 1.000000 0.962500
vt 0.987500 0.975000
vt 0.987500 0.962500
vt 0.875000 0.987500
vt 0.862500 1.000000
vt 0.862500 0.987500
vt 0.875000 0.962500
vt 0.862500 0.975000
vt 0.862500 0.962500
vt 0.900000 0.962500
vt 0.887500 0.975000
vt 0.887500 0.962500
vt 0.775000 0.987500
vt 0.762500 1.000000
vt 0.762500 0.987500
vt 0.775000 0.962500
vt 0.762500 0.975000
vt 0.762500 0.962500
vt 0.800000 0.962500
vt 0.787500 0.975000
vt 0.787500 0.962500
vt 0.675000 0.987500
vt 0.662500 1.000000
vt 0.662500 0.987500
vt 0.675000 0.962500
vt 0.662500 0.975000
vt 0.662500 0.962500
vt 0.700000 0.962500
vt 0.687500 0.975000
vt 0.687500 0.962500
vt 0.575000 0.987500
vt 0.562500 1.000000
vt 0.562500 0.987500
vt 0.575000 0.962500
vt 0.562500 0.975000
vt 0.562500 0.962500
vt 0.600000 0.962500
vt 0.587500 0.975000
vt 0.587500 0.962500
vt 0.475000 0.987500
vt 0.462500 1.000000
vt 0.462500 0.987500
vt 0.475000 0.962500
vt 0.462500 0.975000
vt 0.462500 0.962500
vt 0.500000 0.962500
vt 0.487500 0.975000
vt 0.487500 0.962500
vt 0.375000 0.987500
vt 0.362500 1.000000
vt 0.362500 0.987500
vt 0.375000 0.962500
vt 0.362500 0.975000
vt 0.362500 0.962500
vt 0.400000 0.962500
vt 0.387500 0.975000
vt 0.387500 0.962500
vt 0.275000 0.987500
vt 0.262500 1.000000
vt 0.262500 0.987500
vt 0.275000 0.962500
vt 0.262500 0.975000
vt 0.262500 0.962500
vt 0.300000 0.962500
vt 0.287500 0.975000
vt 0.287500 0.962500
vt 0.175000 0.987500
vt 0.162500 1.000000
vt 0.162500 0.987500
vt 0.175000 0.962500
vt 0.162500 0.975000
vt 0.162500 0.962500
vt 0.200000 0.962500
vt 0.187500 0.975000
vt 0.187500 0.962500
vt 0.075000 0.987500
vt 0.062500 1.000000
vt 0.062500 0.987500
vt 0.075000 0.962500
vt 0.062500 0.975000
vt 0.062500 0.962500
vt 0.100000 0.962500
vt 0.087500 0.975000
vt 0.087500 0.962500
vt 0.975000 0.887500
vt 0.962500 0.900000
vt 0.962500 0.887500
vt 0.975000 0.862500
vt 0.962500 0.875000
vt 0.962500 0.862500
vt 1.000000 0.862500
vt 0.987500 0.875000
vt 0.987500 0.862500
vt 0.875000 0.887500
vt 0.862500 0.900000
vt 0.862500 0.887500
vt 0.875000 0.862500
vt 0.862500 0.875000
vt 0.862500 0.862500
vt 0.900000 0.862500
vt 0.887500 0.875000
vt 0.887500 0.862500
vt 0.775000 0.887500
vt 0.762500 0.900000
vt 0.762500 0.887500
vt 0.775000 0.862500
vt 0.762500 0.875000
vt 0.762500 0.862500
vt 0.800000 0.862500
vt 0.787500 0.875000
vt 0.787500 0.862500
vt 0.675000 0.887500
vt 0.662500 0.900000
vt 0.662500 0.887500
vt 0.675000 0.862500
vt 0.662500 0.875000
vt 0.662500 0.862500
vt 0.700000 0.862500
vt 0.687500 0.875000
vt 0.687500 0.862500
vt 0.575000 0.887500
vt 0.562500 0.900000
vt 0.562500 0.887500
vt 0.575000 0.862500
vt 0.562500 0.875000
vt 0.562500 0.862500
vt 0.600000 0.862500
vt 0.587500 0.875000
vt 0.587500 0.862500
vt 0.475000 0.887500
vt 0.462500 0.900000
vt 0.462500 0.887500
vt 0.475000 0.862500
vt 0.462500 0.875000
vt 0.462500 0.862500
vt 0.500000 0.862500
vt 0.487500 0.875000
vt 0.487500 0.862500
vt 0.375000 0.887500
vt 0.362500 0.900000
vt 0.362500 0.887500
vt 0.375000 0.862500
vt 0.362500 0.875000
vt 0.362500 0.862500
vt 0.400000 0.862500
vt 0.387500 0.875000
vt 0.387500 0.862500
vt 0.275000 0.887500
vt 0.262500 0.900000
vt 0.262500 0.887500
vt 0.275000 0.862500
vt 0.262500 0.875000
vt 0.262500 0.862500
vt 0.300000 0.862500
vt 0.287500 0.875000
vt 0.287500 0.862500
vt 0.175000 0.887500
vt 0.162500 0.900000
vt 0.162500 0.887500
vt 0.175000 0.862500
vt 0.162500 0.875000
vt 0.162500 0.862500
vt 0.200000 0.862500
vt 0.187500 0.875000
vt 0.187500 0.862500
vt 0.075000 0.887500
vt 0.062500 0.900000
vt 0.062500 0.887500
vt 0.075000 0.862500
vt 0.062500 0.875000
vt 0.062500 0.862500
vt 0.100000 0.862500
vt 0.087500 0.875000
vt 0.087500 0.862500
vt 0.975000 0.787500
vt 0.962500 0.800000
vt 0.962500 0.787500
vt 0.975000 0.762500
vt 0.962500 0.775000
vt 0.962500 0.762500
vt 1.000000 0.762500
vt 0.987500 0.775000
vt 0.987500 0.762500
vt 0.875000 0.787500
vt 0.862500 0.800000
vt 0.862500 0.787500
vt 0.875000 0.762500
vt 0.862500 0.775000
vt 0.862500 0.762500
vt 0.900000 0.762500
vt 0.887500 0.775000
vt 0.887500 0.762500
vt 0.775000 0.787500
vt 0.762500 0.800000
vt 0.762500 0.787500
vt 0.775000 0.762500
vt 0.762500 0.775000
vt 0.762500 0.762500
vt 0.800000 0.762500
vt 0.787500 0.775000
vt 0.787500 0.762500
vt 0.675000 0.787500
vt 0.662500 0.800000
vt 0.662500 0.787500
vt 0.675000 0.762500
vt 0.662500 0.775000
vt 0.662500 0.762500
vt 0.700000 0.762500
vt 0.687500 0.775000
vt 0.687500 0.762500
vt 0.575000 0.787500
vt 0.562500 0.800000
vt 0.562500 0.787500
vt 0.575000 0.762500
vt 0.562500 0.775000
vt 0.562500 0.762500
vt 0.600000 0.762500
vt 0.587500 0.775000
vt 0.587500 0.762500
vt 0.475000 0.787500
vt 0.462500 0.800000
vt 0.462500 0.787500
vt 0.475000 0.762500
vt 0.462500 0.775000
vt 0.462500 0.762500
vt 0.500000 0.762500
vt 0.487500 0.775000
vt 0.487500 0.762500
vt 0.375000 0.787500
vt 0.362500 0.800000
vt 0.362500 0.787500
vt 0.375000 0.762500
vt 0.362500 0.775000
vt 0.362500 0.762500
vt 0.400000 0.762500
vt 0.387500 0.775000
vt 0.387500 0.762500
vt 0.275000 0.787500
vt 0.262500 0.800000
vt 0.262500 0.787500
vt 0.275000 0.762500
vt 0.262500 0.775000
vt 0.262500 0.762500
vt 0.300000 0.762500
vt 0.287500 0.775000
vt 0.287500 0.762500
vt 0.175000 0.787500
vt 0.162500 0.800000
vt 0.162500 0.787500
vt 0.175000 0.762500
vt 0.162500 0.775000
vt 0.162500 0.762500
vt 0.200000 0.762500
vt 0.187500 0.775000
vt 0.187500 0.762500
vt 0.075000 0.787500
vt 0.062500 0.800000
vt 0.062500 0.787500
vt 0.075000 0.762500
vt 0.062500 0.775000
vt 0.062500 0.762500
vt 0.100000 0.762500
vt 0.087500 0.775000
vt 0.087500 0.762500
vt 0.975000 0.687500
vt 0.962500 0.700000
vt 0.962500 0.687500
vt 0.975000 0.662500
vt 0.962500 0.675000
vt 0.962500 0.662500
vt 1.000000 0.662500
vt 0.987500 0.675000
vt 0.987500 0.662500
vt 0.875000 0.687500
vt 0.862500 0.700000
vt 0.862500 0.687500
vt 0.875000 0.662500
vt 0.862500 0.675000
vt 0.862500 0.662500
vt 0.900000 0.662500
vt 0.887500 0.675000
vt 0.887500 0.662500
vt 0.775000 0.687500
vt 0.762500 0.700000
vt 0.762500 0.687500
vt 0.775000 0.662500
vt 0.762500 0.675000
vt 0.762500 0.662500
vt 0.800000 0.662500
vt 0.787500 0.675000
vt 0.787500 0.662500
vt 0.675000 0.687500
vt 0.662500 0.700000
vt 0.662500 0.687500
vt 0.675000 0.662500
vt 0.662500 0.675000
vt 0.662500 0.662500
vt 0.700000 0.662500
vt 0.687500 0.675000
vt 0.687500 0.662500
vt 0.575000 0.687500
vt 0.562500 0.700000
vt 0.562500 0.687500
vt 0.575000 0.662500
vt 0.562500 0.675000
vt 0.562500 0.662500
vt 0.600000 0.662500
vt 0.587500 0.675000
vt 0.587500 0.662500
vt 0.475000 0.687500
vt 0.462500 0.700000
vt 0.462500 0.687500
vt 0.475000 0.662500
vt 0.462500 0.675000
vt 0.462500 0.662500
vt 0.500000 0.662500
vt 0.487500 0.675000
vt 0.487500 0.662500
vt 0.375000 0.687500
vt 0.362500 0.700000
vt 0.362500 0.687500
vt 0.375000 0.662500
vt 0.362500 0.675000
vt 0.362500 0.662500
vt 0.400000 0.662500
vt 0.387500 0.675000
vt 0.387500 0.662500
vt 0.275000 0.687500
vt 0.262500 0.700000
vt 0.262500 0.687500
vt 0.275000 0.662500
vt 0.262500 0.675000
vt 0.262500 0.662500
vt 0.300000 0.662500
vt 0.287500 0.675000
vt 0.287500 0.662500
vt 0.175000 0.687500
vt 0.162500 0.700000
vt 0.162500 0.687500
vt 0.175000 0.662500
vt 0.162500 0.675000
vt 0.162500 0.662500
vt 0.200000 0.662500
vt 0.187500 0.675000
vt 0.187500 0.662500
vt 0.075000 0.687500
vt 0.062500 0.700000
vt 0.062500 0.687500
vt 0.075000 0.662500
vt 0.062500 0.675000
vt 0.062500 0.662500
vt 0.100000 0.662500
vt 0.087500 0.675000
vt 0.087500 0.662500
vt 0.975000 0.587500
vt 0.962500 0.600000
vt 0.962500 0.587500
vt 0.975000 0.562500
vt 0.962500 0.575000
vt 0.962500 0.562500
vt 1.000000 0.562500
vt 0.987500 0.575000
vt 0.987500 0.562500
vt 0.875000 0.587500
vt 0.862500 0.600000
vt 0.862500 0.587500
vt 0.875000 0.562500
vt 0.862500 0.575000
vt 0.862500 0.562500
vt 0.900000 0.562500
vt 0.887500 0.575000
vt 0.887500 0.562500
vt 0.775000 0.587500
vt 0.762500 0.600000
vt 0.762500 0.587500
vt 0.775000 0.562500
vt 0.762500 0.575000
vt 0.762500 0.562500
vt 0.800000 0.562500
vt 0.787500 0.575000
vt 0.787500 0.562500
vt 0.675000 0.587500
vt 0.662500 0.600000
vt 0.662500 0.587500
vt 0.675000 0.562500
vt 0.662500 0.575000
vt 0.662500 0.562500
vt 0.700000 0.562500
vt 0.687500 0.575000
vt 0.687500 0.562500
vt 0.575000 0.587500
vt 0.562500 0.600000
vt 0.562500 0.587500
vt 0.575000 0.562500
vt 0.562500 0.575000
vt 0.562500 0.562500
vt 0.600000 0.562500
vt 0.587500 0.575000
vt 0.587500 0.562500
vt 0.475000 0.587500
vt 0.462500 0.600000
vt 0.462500 0.587500
vt 0.475000 0.562500
vt 0.462500 0.575000
vt 0.462500 0.562500
vt 0.500000 0.562500
vt 0.487500 0.575000
vt 0.487500 0.562500
vt 0.375000 0.587500
vt 0.362500 0.600000
vt 0.362500 0.587500
vt 0.375000 0.562500
vt 0.362500 0.575000
vt 0.362500 0.562500
vt 0.400000 0.562500
vt 0.387500 0.575000
vt 0.387500 0.562500
vt 0.275000 0.587500
vt 0.262500 0.600000
vt 0.262500 0.587500
vt 0.275000 0.562500
vt 0.262500 0.575000
vt 0.262500 0.562500
vt 0.300000 0.562500
vt 0.287500 0.575000
vt 0.287500 0.562500
vt 0.175000 0.587500
vt 0.162500 0.600000
vt 0.162500 0.587500
vt 0.175000 0.562500
vt 0.162500 0.575000
vt 0.162500 0.562500
vt 0.200000 0.562500
vt 0.187500 0.575000
vt 0.187500 0.562500
vt 0.075000 0.587500
vt 0.062500 0.600000
vt 0.062500 0.587500
vt 0.075000 0.562500
vt 0.062500 0.575000
vt 0.062500 0.562500
vt 0.100000 0.562500
vt 0.087500 0.575000
vt 0.087500 0.562500
vt 0.975000 0.487500
vt 0.962500 0.500000
vt 0.962500 0.487500
vt 0.975000 0.462500
vt 0.962500 0.475000
vt 0.962500 0.462500
vt 1.000000 0.462500
vt 0.987500 0.475000
vt 0.987500 0.462500
vt 0.875000 0.487500
vt 0.862500 0.500000
vt 0.862500 0.487500
vt 0.875000 0.462500
vt 0.862500 0.475000
vt 0.862500 0.462500
vt 0.900000 0.462500
vt 0.887500 0.475000
vt 0.887500 0.462500
vt 0.775000 0.487500
vt 0.762500 0.500000
vt 0.762500 0.487500
vt 0.775000 0.462500
vt 0.762500 0.475000
vt 0.762500 0.462500
vt 0.800000 0.462500
vt 0.787500 0.475000
vt 0.787500 0.462500
vt 0.675000 0.487500
vt 0.662500 0.500000
vt 0.662500 0.487500
vt 0.675000 0.462500
vt 0.662500 0.475000
vt 0.662500 0.462500
vt 0.700000 0.462500
vt 0.687500 0.475000
vt 0.687500 0.462500
vt 0.575000 0.487500
vt 0.562500 0.500000
vt 0.562500 0.487500
vt 0.575000 0.462500
vt 0.562500 0.475000
vt 0.562500 0.462500
vt 0.600000 0.462500
vt 0.587500 0.475000
vt 0.587500 0.462500
vt 0.475000 0.487500
vt 0.462500 0.500000
vt 0.462500 0.487500
vt 0.475000 0.462500
vt 0.462500 0.475000
vt 0.462500 0.462500
vt 0.500000 0.462500
vt 0.487500 0.475000
vt 0.487500 0.462500
vt 0.375000 0.487500
vt 0.362500 0.500000
vt 0.362500 0.487500
vt 0.375000 0.462500
vt 0.362500 0.475000
vt 0.362500 0.462500
vt 0.400000 0.462500
vt 0.387500 0.475000
vt 0.387500 0.462500
vt 0.275000 0.487500
vt 0.262500 0.500000
vt 0.262500 0.487500
vt 0.275000 0.462500
vt 0.262500 0.475000
vt 0.262500 0.462500
vt 0.300000 0.462500
vt 0.287500 0.475000
vt 0.287500 0.462500
vt 0.175000 0.487500
vt 0.162500 0.500000
vt 0.162500 0.487500
vt 0.175000 0.462500
vt 0.162500 0.475000
vt 0.162500 0.462500
vt 0.200000 0.462500
vt 0.187500 0.475000
vt 0.187500 0.462500
vt 0.075000 0.487500
vt 0.062500 0.500000
vt 0.062500 0.487500
vt 0.075000 0.462500
vt 0.062500 0.475000
vt 0.062500 0.462500
vt 0.100000 0.462500
vt 0.087500 0.475000
vt 0.087500 0.462500
vt 0.975000 0.387500
vt 0.962500 0.400000
vt 0.962500 0.387500
vt 0.975000 0.362500
vt 0.962500 0.375000
vt 0.962500 0.362500
vt 1.000000 0.362500
vt 0.987500 0.375000
vt 0.987500 0.362500
vt 0.875000 0.387500
vt 0.862500 0.400000
vt 0.862500 0.387500
vt 0.875000 0.362500
vt 0.862500 0.375000
vt 0.862500 0.362500
vt 0.900000 0.362500
vt 0.887500 0.375000
vt 0.887500 0.362500
vt 0.775000 0.387500
vt 0.762500 0.400000
vt 0.762500 0.387500
vt 0.775000 0.362500
vt 0.762500 0.375000
vt 0.762500 0.362500
vt 0.800000 0.362500
vt 0.787500 0.375000
vt 0.787500 0.362500
vt 0.675000 0.387500
vt 0.662500 0.400000
vt 0.662500 0.387500
vt 0.675000 0.362500
vt 0.662500 0.375000
vt 0.662500 0.362500
vt 0.700000 0.362500
vt 0.687500 0.375000
vt 0.687500 0.362500
vt 0.575000 0.387500
vt 0.562500 0.400000
vt 0.562500 0.387500
vt 0.575000 0.362500
vt 0.562500 0.375000
vt 0.562500 0.362500
vt 0.600000 0.362500
vt 0.587500 0.375000
vt 0.587500 0.362500
vt 0.475000 0.387500
vt 0.462500 0.400000
vt 0.462500 0.387500
vt 0.475000 0.362500
vt 0.462500 0.375000
vt 0.462500 0.362500
vt 0.500000 0.362500
vt 0.487500 0.375000
vt 0.487500 0.362500
vt 0.375000 0.387500
vt 0.362500 0.400000
vt 0.362500 0.387500
vt 0.375000 0.362500
vt 0.362500 0.375000
vt 0.362500 0.362500
vt 0.400000 0.362500
vt 0.387500 0.375000
vt 0.387500 0.362500
vt 0.275000 0.387500
vt 0.262500 0.400000
vt 0.262500 0.387500
vt 0.275000 0.362500
vt 0.262500 0.375000
vt 0.262500 0.362500
vt 0.300000 0.362500
vt 0.287500 0.375000
vt 0.287500 0.362500
vt 0.175000 0.387500
vt 0.162500 0.400000
vt 0.162500 0.387500
vt 0.175000 0.362500
vt 0.162500 0.375000
vt 0.162500 0.362500
vt 0.200000 0.362500
vt 0.187500 0.375000
vt 0.187500 0.362500
vt 0.075000 0.387500
vt 0.062500 0.400000
vt 0.062500 0.387500
vt 0.075000 0.362500
vt 0.062500 0.375000
vt 0.062500 0.362500
vt 0.100000 0.362500
vt 0.087500 0.375000
vt 0.087500 0.362500
vt 0.975000 0.287500
vt 0.962500 0.300000
vt 0.962500 0.287500
vt 0.975000 0.262500
vt 0.962500 0.275000
vt 0.962500 0.262500
vt 1.000000 0.262500
vt 0.987500 0.275000
vt 0.987500 0.262500
vt 0.875000 0.287500
vt 0.862500 0.300000
vt 0.862500 0.287500
vt 0.875000 0.262500
vt 0.862500 0.275000
vt 0.862500 0.262500
vt 0.900000 0.262500
vt 0.887500 0.275000
vt 0.887500 0.262500
vt 0.775000 0.287500
vt 0.762500 0.300000
vt 0.762500 0.287500
vt 0.775000 0.262500
vt 0.762500 0.275000
vt 0.762500 0.262500
vt 0.800000 0.262500
vt 0.787500 0.275000
vt 0.787500 0.262500
vt 0.675000 0.287500
vt 0.662500 0.300000
vt 0.662500 0.287500
vt 0.675000 0.262500
vt 0.662500 0.275000
vt 0.662500 0.262500
vt 0.700000 0.262500
vt 0.687500 0.275000
vt 0.687500 0.262500
vt 0.575000 0.287500
vt 0.562500 0.300000
vt 0.562500 0.287500
vt 0.575000 0.262500
vt 0.562500 0.275000
vt 0.562500 0.262500
vt 0.600000 0.262500
vt 0.587500 0.275000
vt 0.587500 0.262500
vt 0.475000 0.287500
vt 0.462500 0.300000
vt 0.462500 0.287500
vt 0.475000 0.262500
vt 0.462500 0.275000
vt 0.462500 0.262500
vt 0.500000 0.262500
vt 0.487500 0.275000
vt 0.487500 0.262500
vt 0.375000 0.287500
vt 0.362500 0.300000
vt 0.362500 0.287500
vt 0.375000 0.262500
vt 0.362500 0.275000
vt 0.362500 0.262500
vt 0.400000 0.262500
vt 0.387500 0.275000
vt 0.387500 0.262500
vt 0.275000 0.287500
vt 0.262500 0.300000
vt 0.262500 0.287500
vt 0.275000 0.262500
vt 0.262500 0.275000
vt 0.262500 0.262500
vt 0.300000 0.262500
vt 0.287500 0.275000
vt 0.287500 0.262500
vt 0.175000 0.287500
vt 0.162500 0.300000
vt 0.162500 0.287500
vt 0.175000 0.262500
vt 0.162500 0.275000
vt 0.162500 0.262500
vt 0.200000 0.262500
vt 0.187500 0.275000
vt 0.187500 0.262500
vt 0.075000 0.287500
vt 0.062500 0.300000
vt 0.062500 0.287500
vt 0.075000 0.262500
vt 0.062500 0.275000
vt 0.062500 0.262500
vt 0.100000 0.262500
vt 0.087500 0.275000
vt 0.087500 0.262500
vt 0.975000 0.187500
vt 0.962500 0.200000
vt 0.962500 0.187500
vt 0.975000 0.162500
vt 0.962500 0.175000
vt 0.962500 0.162500
vt 1.000000 0.162500
vt 0.987500 0.175000
vt 0.987500 0.162500
vt 0.875000 0.187500
vt 0.862500 0.200000
vt 0.862500 0.187500
vt 0.875000 0.162500
vt 0.862500 0.175000
vt 0.862500 0.162500
vt 0.900000 0.162500
vt 0.887500 0.175000
vt 0.887500 0.162500
vt 0.775000 0.187500
vt 0.762500 0.200000
vt 0.762500 0.187500
vt 0.775000 0.162500
vt 0.762500 0.175000
vt 0.762500 0.162500
vt 0.800000 0.162500
vt 0.787500 0.175000
vt 0.787500 0.162500
vt 0.675000 0.187500
vt 0.662500 0.200000
vt 0.662500 0.187500
vt 0.675000 0.162500
vt 0.662500 0.175000
vt 0.662500 0.162500
vt 0.700000 0.162500
vt 0.687500 0.175000
vt 0.687500 0.162500
vt 0.575000 0.187500
vt 0.562500 0.200000
vt 0.562500 0.187500
vt 0.575000 0.162500
vt 0.562500 0.175000
vt 0.562500 0.162500
vt 0.600000 0.162500
vt 0.587500 0.175000
vt 0.587500 0.162500
vt 0.475000 0.187500
vt 0.462500 0.200000
vt 0.462500 0.187500
vt 0.475000 0.162500
vt 0.462500 0.175000
vt 0.462500 0.162500
vt 0.500000 0.162500
vt 0.487500 0.175000
vt 0.487500 0.162500
vt 0.375000 0.187500
vt 0.362500 0.200000
vt 0.362500 0.187500
vt 0.375000 0.162500
vt 0.362500 0.175000
vt 0.362500 0.162500
vt 0.400000 0.162500
vt 0.387500 0.175000
vt 0.387500 0.162500
vt 0.275000 0.187500
vt 0.262500 0.200000
vt 0.262500 0.187500
vt 0.275000 0.162500
vt 0.262500 0.175000
vt 0.262500 0.162500
vt 0.300000 0.162500
vt 0.287500 0.175000
vt 0.287500 0.162500
vt 0.175000 0.187500
vt 0.162500 0.200000
vt 0.162500 0.187500
vt 0.175000 0.162500
vt 0.162500 0.175000
vt 0.162500 0.162500
vt 0.200000 0.162500
vt 0.187500 0.175000
vt 0.187500 0.162500
vt 0.075000 0.187500
vt 0.062500 0.200000
vt 0.062500 0.187500
vt 0.075000 0.162500
vt 0.062500 0.175000
vt 0.062500 0.162500
vt 0.100000 0.162500
vt 0.087500 0.175000
vt 0.087500 0.162500
vt 0.975000 0.087500
vt 0.962500 0.100000
vt 0.962500 0.087500
vt 0.975000 0.062500
vt 0.962500 0.075000
vt 0.962500 0.062500
vt 1.000000 0.062500
vt 0.987500 0.075000
vt 0.987500 0.062500
vt 0.875000 0.087500
vt 0.862500 0.100000
vt 0.862500 0.087500
vt 0.875000 0.062500
vt 0.862500 0.075000
vt 0.862500 0.062500
vt 0.900000 0.062500
vt 0.887500 0.075000
vt 0.887500 0.062500
vt 0.775000 0.087500
vt 0.762500 0.100000
vt 0.762500 0.087500
vt 0.775000 0.062500
vt 0.762500 0.075000
vt 0.762500 0.062500
vt 0.800000 0.062500
vt 0.787500 0.075000
vt 0.787500 0.062500
vt 0.675000 0.087500
vt 0.662500 0.100000
vt 0.662500 0.087500
vt 0.675000 0.062500
vt 0.662500 0.075000
vt 0.662500 0.062500
vt 0.700000 0.062500
vt 0.687500 0.075000
vt 0.687500 0.062500
vt 0.575000 0.087500
vt 0.562500 0.100000
vt 0.562500 0.087500
vt 0.575000 0.062500
vt 0.562500 0.075000
vt 0.562500 0.062500
vt 0.600000 0.062500
vt 0.587500 0.075000
vt 0.587500 0.062500
vt 0.475000 0.087500
vt 0.462500 0.100000
vt 0.462500 0.087500
vt 0.475000 0.062500
vt 0.462500 0.075000
vt 0.462500 0.062500
vt 0.500000 0.062500
vt 0.487500 0.075000
vt 0.487500 0.062500
vt 0.375000 0.087500
vt 0.362500 0.100000
vt 0.362500 0.087500
vt 0.375000 0.062500
vt 0.362500 0.075000
vt 0.362500 0.062500
vt 0.400000 0.062500
vt 0.387500 0.075000
vt 0.387500 0.062500
vt 0.275000 0.087500
vt 0.262500 0.100000
vt 0.262500 0.087500
vt 0.275000 0.062500
vt 0.262500 0.075000
vt 0.262500 0.062500
vt 0.300000 0.062500
vt 0.287500 0.075000
vt 0.287500 0.062500
vt 0.175000 0.087500
vt 0.162500 0.100000
vt 0.162500 0.087500
vt 0.175000 0.062500
vt 0.162500 0.075000
vt 0.162500 0.062500
vt 0.200000 0.062500
vt 0.187500 0.075000
vt 0.187500 0.062500
vt 0.075000 0.087500
vt 0.062500 0.100000
vt 0.062500 0.087500
vt 0.075000 0.062500
vt 0.062500 0.075000
vt 0.062500 0.062500
vt 0.100000 0.062500
vt 0.087500 0.075000
vt 0.087500 0.062500
vt 0.075000 0.075000
vt 0.075000 0.050000
vt 0.100000 0.050000
vt 0.050000 0.075000
vt 0.050000 0.050000
vt 0.050000 0.100000
vt 0.175000 0.075000
vt 0.175000 0.050000
vt 0.200000 0.050000
vt 0.150000 0.075000
vt 0.150000 0.050000
vt 0.150000 0.100000
vt 0.275000 0.075000
vt 0.275000 0.050000
vt 0.300000 0.050000
vt 0.250000 0.075000
vt 0.250000 0.050000
vt 0.250000 0.100000
vt 0.375000 0.075000
vt 0.375000 0.050000
vt 0.400000 0.050000
vt 0.350000 0.075000
vt 0.350000 0.050000
vt 0.350000 0.100000
vt 0.475000 0.075000
vt 0.475000 0.050000
vt 0.500000 0.050000
vt 0.450000 0.075000
vt 0.450000 0.050000
vt 0.450000 0.100000
vt 0.575000 0.075000
vt 0.575000 0.050000
vt 0.600000 0.050000
vt 0.550000 0.075000
vt 0.550000 0.050000
vt 0.550000 0.100000
vt 0.675000 0.075000
vt 0.675000 0.050000
vt 0.700000 0.050000
vt 0.650000 0.075000
vt 0.650000 0.050000
vt 0.650000 0.100000
vt 0.775000 0.075000
vt 0.775000 0.050000
vt 0.800000 0.050000
vt 0.750000 0.075000
vt 0.750000 0.050000
vt 0.750000 0.100000
vt 0.875000 0.075000
vt 0.875000 0.050000
vt 0.900000 0.050000
vt 0.850000 0.075000
vt 0.850000 0.050000
vt 0.850000 0.100000
vt 0.975000 0.075000
vt 0.975000 0.050000
vt 1.000000 0.050000
vt 0.950000 0.075000
vt 0.950000 0.050000
vt 0.950000 0.100000
vt 0.075000 0.175000
vt 0.075000 0.150000
vt 0.100000 0.150000
vt 0.050000 0.175000
vt 0.050000 0.150000
vt 0.050000 0.200000
vt 0.175000 0.175000
vt 0.175000 0.150000
vt 0.200000 0.150000
vt 0.150000 0.175000
vt 0.150000 0.150000
vt 0.150000 0.200000
vt 0.275000 0.175000
vt 0.275000 0.150000
vt 0.300000 0.150000
vt 0.250000 0.175000
vt 0.250000 0.150000
vt 0.250000 0.200000
vt 0.375000 0.175000
vt 0.375000 0.150000
vt 0.400000 0.150000
vt 0.350000 0.175000
vt 0.350000 0.150000
vt 0.350000 0.200000
vt 0.475000 0.175000
vt 0.475000 0.150000
vt 0.500000 0.150000
vt 0.450000 0.175000
vt 0.450000 0.150000
vt 0.450000 0.200000
vt 0.575000 0.175000
vt 0.575000 0.150000
vt 0.600000 0.150000
vt 0.550000 0.175000
vt 0.550000 0.150000
vt 0.550000 0.200000
vt 0.675000 0.175000
vt 0.675000 0.150000
vt 0.700000 0.150000
vt 0.650000 0.175000
vt 0.650000 0.150000
vt 0.650000 0.200000
vt 0.775000 0.175000
vt 0.775000 0.150000
vt 0.800000 0.150000
vt 0.750000 0.175000
vt 0.750000 0.150000
vt 0.750000 0.200000
vt 0.875000 0.175000
vt 0.875000 0.150000
vt 0.900000 0.150000
vt 0.850000 0.175000
vt 0.850000 0.150000
vt 0.850000 0.200000
vt 0.975000 0.175000
vt 0.975000 0.150000
vt 1.000000 0.150000
vt 0.950000 0.175000
vt 0.950000 0.150000
vt 0.950000 0.200000
vt 0.075000 0.275000
vt 0.075000 0.250000
vt 0.100000 0.250000
vt 0.050000 0.275000
vt 0.050000 0.250000
vt 0.050000 0.300000
vt 0.175000 0.275000
vt 0.175000 0.250000
vt 0.200000 0.250000
vt 0.150000 0.275000
vt 0.150000 0.250000
vt 0.150000 0.300000
vt 0.275000 0.275000
vt 0.275000 0.250000
vt 0.300000 0.250000
vt 0.250000 0.275000
vt 0.250000 0.250000
vt 0.250000 0.300000
vt 0.375000 0.275000
vt 0.375000 0.250000
vt 0.400000 0.250000
vt 0.350000 0.275000
vt 0.350000 0.250000
vt 0.350000 0.300000
vt 0.475000 0.275000
vt 0.475000 0.250000
vt 0.500000 0.250000
vt 0.450000 0.275000
vt 0.450000 0.250000
vt 0.450000 0.300000
vt 0.575000 0.275000
vt 0.575000 0.250000
vt 0.600000 0.250000
vt 0.550000 0.275000
vt 0.550000 0.250000
vt 0.550000 0.300000
vt 0.675000 0.275000
vt 0.675000 0.250000
vt 0.700000 0.250000
vt 0.650000 0.275000
vt 0.650000 0.250000
vt 0.650000 0.300000
vt 0.775000 0.275000
vt 0.775000 0.250000
vt 0.800000 0.250000
vt 0.750000 0.275000
vt 0.750000 0.250000
vt 0.750000 0.300000
vt 0.875000 0.275000
vt 0.875000 0.250000
vt 0.900000 0.250000
vt 0.850000 0.275000
vt 0.850000 0.250000
vt 0.850000 0.300000
vt 0.975000 0.275000
vt 0.975000 0.250000
vt 1.000000 0.250000
vt 0.950000 0.275000
vt 0.950000 0.250000
vt 0.950000 0.300000
vt 0.075000 0.375000
vt 0.075000 0.350000
vt 0.100000 0.350000
vt 0.050000 0.375000
vt 0.050000 0.350000
vt 0.050000 0.400000
vt 0.175000 0.375000
vt 0.175000 0.350000
vt 0.200000 0.350000
vt 0.150000 0.375000
vt 0.150000 0.350000
vt 0.150000 0.400000
vt 0.275000 0.375000
vt 0.275000 0.350000
vt 0.300000 0.350000
vt 0.250000 0.375000
vt 0.250000 0.350000
vt 0.250000 0.400000
vt 0.375000 0.375000
vt 0.375000 0.350000
vt 0.400000 0.350000
vt 0.350000 0.375000
vt 0.350000 0.350000
vt 0.350000 0.400000
vt 0.475000 0.375000
vt 0.475000 0.350000
vt 0.500000 0.350000
vt 0.450000 0.375000
vt 0.450000 0.350000
vt 0.450000 0.400000
vt 0.575000 0.375000
vt 0.575000 0.350000
vt 0.600000 0.350000
vt 0.550000 0.375000
vt 0.550000 0.350000
vt 0.550000 0.400000
vt 0.675000 0.375000
vt 0.675000 0.350000
vt 0.700000 0.350000
vt 0.650000 0.375000
vt 0.650000 0.350000
vt 0.650000 0.400000
vt 0.775000 0.375000
vt 0.775000 0.350000
vt 0.800000 0.350000
vt 0.750000 0.375000
vt 0.750000 0.350000
vt 0.750000 0.400000
vt 0.875000 0.375000
vt 0.875000 0.350000
vt 0.900000 0.350000
vt 0.850000 0.375000
vt 0.850000 0.350000
vt 0.850000 0.400000
vt 0.975000 0.375000
vt 0.975000 0.350000
vt 1.000000 0.350000
vt 0.950000 0.375000
vt 0.950000 0.350000
vt 0.950000 0.400000
vt 0.075000 0.475000
vt 0.075000 0.450000
vt 0.100000 0.450000
vt 0.050000 0.475000
vt 0.050000 0.450000
vt 0.050000 0.500000
vt 0.175000 0.475000
vt 0.175000 0.450000
vt 0.200000 0.450000
vt 0.150000 0.475000
vt 0.150000 0.450000
vt 0.150000 0.500000
vt 0.275000 0.475000
vt 0.275000 0.450000
vt 0.300000 0.450000
vt 0.250000 0.475000
vt 0.250000 0.450000
vt 0.250000 0.500000
vt 0.375000 0.475000
vt 0.375000 0.450000
vt 0.400000 0.450000
vt 0.350000 0.475000
vt 0.350000 0.450000
vt 0.350000 0.500000
vt 0.475000 0.475000
vt 0.475000 0.450000
vt 0.500000 0.450000
vt 0.450000 0.475000
vt 0.450000 0.450000
vt 0.450000 0.500000
vt 0.575000 0.475000
vt 0.575000 0.450000
vt 0.600000 0.450000
vt 0.550000 0.475000
vt 0.550000 0.450000
vt 0.550000 0.500000
vt 0.675000 0.475000
vt 0.675000 0.450000
vt 0.700000 0.450000
vt 0.650000 0.475000
vt 0.650000 0.450000
vt 0.650000 0.500000
vt 0.775000 0.475000
vt 0.775000 0.450000
vt 0.800000 0.450000
vt 0.750000 0.475000
vt 0.750000 0.450000
vt 0.750000 0.500000
vt 0.875000 0.475000
vt 0.875000 0.450000
vt 0.900000 0.450000
vt 0.850000 0.475000
vt 0.850000 0.450000
vt 0.850000 0.500000
vt 0.975000 0.475000
vt 0.975000 0.450000
vt 1.000000 0.450000
vt 0.950000 0.475000
vt 0.950000 0.450000
vt 0.950000 0.500000
vt 0.075000 0.575000
vt 0.075000 0.550000
vt 0.100000 0.550000
vt 0.050000 0.575000
vt 0.050000 0.550000
vt 0.050000 0.600000
vt 0.175000 0.575000
vt 0.175000 0.550000
vt 0.200000 0.550000
vt 0.150000 0.575000
vt 0.150000 0.550000
vt 0.150000 0.600000
vt 0.275000 0.575000
vt 0.275000 0.550000
vt 0.300000 0.550000
vt 0.250000 0.575000
vt 0.250000 0.550000
vt 0.250000 0.600000
vt 0.375000 0.575000
vt 0.375000 0.550000
vt 0.400000 0.550000
vt 0.350000 0.575000
vt 0.350000 0.550000
vt 0.350000 0.600000
vt 0.475000 0.575000
vt 0.475000 0.550000
vt 0.500000 0.550000
vt 0.450000 0.575000
vt 0.450000 0.550000
vt 0.450000 0.600000
vt 0.575000 0.575000
vt 0.575000 0.550000
vt 0.600000 0.550000
vt 0.550000 0.575000
vt 0.550000 0.550000
vt 0.550000 0.600000
vt 0.675000 0.575000
vt 0.675000 0.550000
vt 0.700000 0.550000
vt 0.650000 0.575000
vt 0.650000 0.550000
vt 0.650000 0.600000
vt 0.775000 0.575000
vt 0.775000 0.550000
vt 0.800000 0.550000
vt 0.750000 0.575000
vt 0.750000 0.550000
vt 0.750000 0.600000
vt 0.875000 0.575000
vt 0.875000 0.550000
vt 0.900000 0.550000
vt 0.850000 0.575000
vt 0.850000 0.550000
vt 0.850000 0.600000
vt 0.975000 0.575000
vt 0.975000 0.550000
vt 1.000000 0.550000
vt 0.950000 0.575000
vt 0.950000 0.550000
vt 0.950000 0.600000
vt 0.075000 0.675000
vt 0.075000 0.650000
vt 0.100000 0.650000
vt 0.050000 0.675000
vt 0.050000 0.650000
vt 0.050000 0.700000
vt 0.175000 0.675000
vt 0.175000 0.650000
vt 0.200000 0.650000
vt 0.150000 0.675000
vt 0.150000 0.650000
vt 0.150000 0.700000
vt 0.275000 0.675000
vt 0.275000 0.650000
vt 0.300000 0.650000
vt 0.250000 0.675000
vt 0.250000 0.650000
vt 0.250000 0.700000
vt 0.375000 0.675000
vt 0.375000 0.650000
vt 0.400000 0.650000
vt 0.350000 0.675000
vt 0.350000 0.650000
vt 0.350000 0.700000
vt 0.475000 0.675000
vt 0.475000 0.650000
vt 0.500000 0.650000
vt 0.450000 0.675000
vt 0.450000 0.650000
vt 0.450000 0.700000
vt 0.575000 0.675000
vt 0.575000 0.650000
vt 0.600000 0.650000
vt 0.550000 0.675000
vt 0.550000 0.650000
vt 0.550000 0.700000
vt 0.675000 0.675000
vt 0.675000 0.650000
vt 0.700000 0.650000
vt 0.650000 0.675000
vt 0.650000 0.650000
vt 0.650000 0.700000
vt 0.775000 0.675000
vt 0.775000 0.650000
vt 0.800000 0.650000
vt 0.750000 0.675000
vt 0.750000 0.650000
vt 0.750000 0.700000
vt 0.875000 0.675000
vt 0.875000 0.650000
vt 0.900000 0.650000
vt 0.850000 0.675000
vt 0.850000 0.650000
vt 0.850000 0.700000
vt 0.975000 0.675000
vt 0.975000 0.650000
vt 1.000000 0.650000
vt 0.950000 0.675000
vt 0.950000 0.650000
vt 0.950000 0.700000
vt 0.075000 0.775000
vt 0.075000 0.750000
vt 0.100000 0.750000
vt 0.050000 0.775000
vt 0.050000 0.750000
vt 0.050000 0.800000
vt 0.175000 0.775000
vt 0.175000 0.750000
vt 0.200000 0.750000
vt 0.150000 0.775000
vt 0.150000 0.750000
vt 0.150000 0.800000
vt 0.275000 0.775000
vt 0.275000 0.750000
vt 0.300000 0.750000
vt 0.250000 0.775000
vt 0.250000 0.750000
vt 0.250000 0.800000
vt 0.375000 0.775000
vt 0.375000 0.750000
vt 0.400000 0.750000
vt 0.350000 0.775000
vt 0.350000 0.750000
vt 0.350000 0.800000
vt 0.475000 0.775000
vt 0.475000 0.750000
vt 0.500000 0.750000
vt 0.450000 0.775000
vt 0.450000 0.750000
vt 0.450000 0.800000
vt 0.575000 0.775000
vt 0.575000 0.750000
vt 0.600000 0.750000
vt 0.550000 0.775000
vt 0.550000 0.750000
vt 0.550000 0.800000
vt 0.675000 0.775000
vt 0.675000 0.750000
vt 0.700000 0.750000
vt 0.650000 0.775000
vt 0.650000 0.750000
vt 0.650000 0.800000
vt 0.775000 0.775000
vt 0.775000 0.750000
vt 0.800000 0.750000
vt 0.750000 0.775000
vt 0.750000 0.750000
vt 0.750000 0.800000
vt 0.875000 0.775000
vt 0.875000 0.750000
vt 0.900000 0.750000
vt 0.850000 0.775000
vt 0.850000 0.750000
vt 0.850000 0.800000
vt 0.975000 0.775000
vt 0.975000 0.750000
vt 1.000000 0.750000
vt 0.950000 0.775000
vt 0.950000 0.750000
vt 0.950000 0.800000
vt 0.075000 0.875000
vt 0.075000 0.850000
vt 0.100000 0.850000
vt 0.050000 0.875000
vt 0.050000 0.850000
vt 0.050000 0.900000
vt 0.175000 0.875000
vt 0.175000 0.850000
vt 0.200000 0.850000
vt 0.150000 0.875000
vt 0.150000 0.850000
vt 0.150000 0.900000
vt 0.275000 0.875000
vt 0.275000 0.850000
vt 0.300000 0.850000
vt 0.250000 0.875000
vt 0.250000 0.850000
vt 0.250000 0.900000
vt 0.375000 0.875000
vt 0.375000 0.850000
vt 0.400000 0.850000
vt 0.350000 0.875000
vt 0.350000 0.850000
vt 0.350000 0.900000
vt 0.475000 0.875000
vt 0.475000 0.850000
vt 0.500000 0.850000
vt 0.450000 0.875000
vt 0.450000 0.850000
vt 0.450000 0.900000
vt 0.575000 0.875000
vt 0.575000 0.850000
vt 0.600000 0.850000
vt 0.550000 0.875000
vt 0.550000 0.850000
vt 0.550000 0.900000
vt 0.675000 0.875000
vt 0.675000 0.850000
vt 0.700000 0.850000
vt 0.650000 0.875000
vt 0.650000 0.850000
vt 0.650000 0.900000
vt 0.775000 0.875000
vt 0.775000 0.850000
vt 0.800000 0.850000
vt 0.750000 0.875000
vt 0.750000 0.850000
vt 0.750000 0.900000
vt 0.875000 0.875000
vt 0.875000 0.850000
vt 0.900000 0.850000
vt 0.850000 0.875000
vt 0.850000 0.850000
vt 0.850000 0.900000
vt 0.975000 0.875000
vt 0.975000 0.850000
vt 1.000000 0.850000
vt 0.950000 0.875000
vt 0.950000 0.850000
vt 0.950000 0.900000
vt 0.075000 0.975000
vt 0.075000 0.950000
vt 0.100000 0.950000
vt 0.050000 0.975000
vt 0.050000 0.950000
vt 0.050000 1.000000
vt 0.175000 0.975000
vt 0.175000 0.950000
vt 0.200000 0.950000
vt 0.150000 0.975000
vt 0.150000 0.950000
vt 0.150000 1.000000
vt 0.275000 0.975000
vt 0.275000 0.950000
vt 0.300000 0.950000
vt 0.250000 0.975000
vt 0.250000 0.950000
vt 0.250000 1.000000
vt 0.375000 0.975000
vt 0.375000 0.950000
vt 0.400000 0.950000
vt 0.350000 0.975000
vt 0.350000 0.950000
vt 0.350000 1.000000
vt 0.475000 0.975000
vt 0.475000 0.950000
vt 0.500000 0.950000
vt 0.450000 0.975000
vt 0.450000 0.950000
vt 0.450000 1.000000
vt 0.575000 0.975000
vt 0.575000 0.950000
vt 0.600000 0.950000
vt 0.550000 0.975000
vt 0.550000 0.950000
vt 0.550000 1.000000
vt 0.675000 0.975000
vt 0.675000 0.950000
vt 0.700000 0.950000
vt 0.650000 0.975000
vt 0.650000 0.950000
vt 0.650000 1.000000
vt 0.775000 0.975000
vt 0.775000 0.950000
vt 0.800000 0.950000
vt 0.750000 0.975000
vt 0.750000 0.950000
vt 0.750000 1.000000
vt 0.875000 0.975000
vt 0.875000 0.950000
vt 0.900000 0.950000
vt 0.850000 0.975000
vt 0.850000 0.950000
vt 0.850000 1.000000
vt 0.975000 0.975000
vt 0.975000 0.950000
vt 1.000000 0.950000
vt 0.950000 0.975000
vt 0.950000 0.950000
vt 0.950000 1.000000
vt 0.925000 0.975000
vt 0.925000 0.950000
vt 0.900000 0.975000
vt 0.900000 1.000000
vt 0.925000 0.925000
vt 0.925000 0.900000
vt 0.900000 0.925000
vt 0.900000 0.900000
vt 0.975000 0.925000
vt 0.975000 0.900000
vt 1.000000 0.900000
vt 0.950000 0.925000
vt 0.825000 0.975000
vt 0.825000 0.950000
vt 0.800000 0.975000
vt 0.800000 1.000000
vt 0.825000 0.925000
vt 0.825000 0.900000
vt 0.800000 0.925000
vt 0.800000 0.900000
vt 0.875000 0.925000
vt 0.875000 0.900000
vt 0.850000 0.925000
vt 0.725000 0.975000
vt 0.725000 0.950000
vt 0.700000 0.975000
vt 0.700000 1.000000
vt 0.725000 0.925000
vt 0.725000 0.900000
vt 0.700000 0.925000
vt 0.700000 0.900000
vt 0.775000 0.925000
vt 0.775000 0.900000
vt 0.750000 0.925000
vt 0.625000 0.975000
vt 0.625000 0.950000
vt 0.600000 0.975000
vt 0.600000 1.000000
vt 0.625000 0.925000
vt 0.625000 0.900000
vt 0.600000 0.925000
vt 0.600000 0.900000
vt 0.675000 0.925000
vt 0.675000 0.900000
vt 0.650000 0.925000
vt 0.525000 0.975000
vt 0.525000 0.950000
vt 0.500000 0.975000
vt 0.500000 1.000000
vt 0.525000 0.925000
vt 0.525000 0.900000
vt 0.500000 0.925000
vt 0.500000 0.900000
vt 0.575000 0.925000
vt 0.575000 0.900000
vt 0.550000 0.925000
vt 0.425000 0.975000
vt 0.425000 0.950000
vt 0.400000 0.975000
vt 0.400000 1.000000
vt 0.425000 0.925000
vt 0.425000 0.900000
vt 0.400000 0.925000
vt 0.400000 0.900000
vt 0.475000 0.925000
vt 0.475000 0.900000
vt 0.450000 0.925000
vt 0.325000 0.975000
vt 0.325000 0.950000
vt 0.300000 0.975000
vt 0.300000 1.000000
vt 0.325000 0.925000
vt 0.325000 0.900000
vt 0.300000 0.925000
vt 0.300000 0.900000
vt 0.375000 0.925000
vt 0.375000 0.900000
vt 0.350000 0.925000
vt 0.225000 0.975000
vt 0.225000 0.950000
vt 0.200000 0.975000
vt 0.200000 1.000000
vt 0.225000 0.925000
vt 0.225000 0.900000
vt 0.200000 0.925000
vt 0.200000 0.900000
vt 0.275000 0.925000
vt 0.275000 0.900000
vt 0.250000 0.925000
vt 0.125000 0.975000
vt 0.125000 0.950000
vt 0.100000 0.975000
vt 0.100000 1.000000
vt 0.125000 0.925000
vt 0.125000 0.900000
vt 0.100000 0.925000
vt 0.100000 0.900000
vt 0.175000 0.925000
vt 0.175000 0.900000
vt 0.150000 0.925000
vt 0.025000 0.975000
vt 0.025000 0.950000
vt 0.000000 0.975000
vt 0.000000 0.962500
vt 0.000000 0.950000
vt 0.000000 1.000000
vt 0.000000 0.987500
vt 0.025000 0.925000
vt 0.025000 0.900000
vt 0.000000 0.925000
vt 0.000000 0.912500
vt 0.000000 0.900000
vt 0.000000 0.937500
vt 0.075000 0.925000
vt 0.075000 0.900000
vt 0.050000 0.925000
vt 0.925000 0.875000
vt 0.925000 0.850000
vt 0.900000 0.875000
vt 0.925000 0.825000
vt 0.925000 0.800000
vt 0.900000 0.825000
vt 0.900000 0.800000
vt 0.975000 0.825000
vt 0.975000 0.800000
vt 1.000000 0.800000
vt 0.950000 0.825000
vt 0.825000 0.875000
vt 0.825000 0.850000
vt 0.800000 0.875000
vt 0.825000 0.825000
vt 0.825000 0.800000
vt 0.800000 0.825000
vt 0.800000 0.800000
vt 0.875000 0.825000
vt 0.875000 0.800000
vt 0.850000 0.825000
vt 0.725000 0.875000
vt 0.725000 0.850000
vt 0.700000 0.875000
vt 0.725000 0.825000
vt 0.725000 0.800000
vt 0.700000 0.825000
vt 0.700000 0.800000
vt 0.775000 0.825000
vt 0.775000 0.800000
vt 0.750000 0.825000
vt 0.625000 0.875000
vt 0.625000 0.850000
vt 0.600000 0.875000
vt 0.625000 0.825000
vt 0.625000 0.800000
vt 0.600000 0.825000
vt 0.600000 0.800000
vt 0.675000 0.825000
vt 0.675000 0.800000
vt 0.650000 0.825000
vt 0.525000 0.875000
vt 0.525000 0.850000
vt 0.500000 0.875000
vt 0.525000 0.825000
vt 0.525000 0.800000
vt 0.500000 0.825000
vt 0.500000 0.800000
vt 0.575000 0.825000
vt 0.575000 0.800000
vt 0.550000 0.825000
vt 0.425000 0.875000
vt 0.425000 0.850000
vt 0.400000 0.875000
vt 0.425000 0.825000
vt 0.425000 0.800000
vt 0.400000 0.825000
vt 0.400000 0.800000
vt 0.475000 0.825000
vt 0.475000 0.800000
vt 0.450000 0.825000
vt 0.325000 0.875000
vt 0.325000 0.850000
vt 0.300000 0.875000
vt 0.325000 0.825000
vt 0.325000 0.800000
vt 0.300000 0.825000
vt 0.300000 0.800000
vt 0.375000 0.825000
vt 0.375000 0.800000
vt 0.350000 0.825000
vt 0.225000 0.875000
vt 0.225000 0.850000
vt 0.200000 0.875000
vt 0.225000 0.825000
vt 0.225000 0.800000
vt 0.200000 0.825000
vt 0.200000 0.800000
vt 0.275000 0.825000
vt 0.275000 0.800000
vt 0.250000 0.825000
vt 0.125000 0.875000
vt 0.125000 0.850000
vt 0.100000 0.875000
vt 0.125000 0.825000
vt 0.125000 0.800000
vt 0.100000 0.825000
vt 0.100000 0.800000
vt 0.175000 0.825000
vt 0.175000 0.800000
vt 0.150000 0.825000
vt 0.025000 0.875000
vt 0.025000 0.850000
vt 0.000000 0.875000
vt 0.000000 0.862500
vt 0.000000 0.850000
vt 0.000000 0.887500
vt 0.025000 0.825000
vt 0.025000 0.800000
vt 0.000000 0.825000
vt 0.000000 0.812500
vt 0.000000 0.800000
vt 0.000000 0.837500
vt 0.075000 0.825000
vt 0.075000 0.800000
vt 0.050000 0.825000
vt 0.925000 0.775000
vt 0.925000 0.750000
vt 0.900000 0.775000
vt 0.925000 0.725000
vt 0.925000 0.700000
vt 0.900000 0.725000
vt 0.900000 0.700000
vt 0.975000 0.725000
vt 0.975000 0.700000
vt 1.000000 0.700000
vt 0.950000 0.725000
vt 0.825000 0.775000
vt 0.825000 0.750000
vt 0.800000 0.775000
vt 0.825000 0.725000
vt 0.825000 0.700000
vt 0.800000 0.725000
vt 0.800000 0.700000
vt 0.875000 0.725000
vt 0.875000 0.700000
vt 0.850000 0.725000
vt 0.725000 0.775000
vt 0.725000 0.750000
vt 0.700000 0.775000
vt 0.725000 0.725000
vt 0.725000 0.700000
vt 0.700000 0.725000
vt 0.700000 0.700000
vt 0.775000 0.725000
vt 0.775000 0.700000
vt 0.750000 0.725000
vt 0.625000 0.775000
vt 0.625000 0.750000
vt 0.600000 0.775000
vt 0.625000 0.725000
vt 0.625000 0.700000
vt 0.600000 0.725000
vt 0.600000 0.700000
vt 0.675000 0.725000
vt 0.675000 0.700000
vt 0.650000 0.725000
vt 0.525000 0.775000
vt 0.525000 0.750000
vt 0.500000 0.775000
vt 0.525000 0.725000
vt 0.525000 0.700000
vt 0.500000 0.725000
vt 0.500000 0.700000
vt 0.575000 0.725000
vt 0.575000 0.700000
vt 0.550000 0.725000
vt 0.425000 0.775000
vt 0.425000 0.750000
vt 0.400000 0.775000
vt 0.425000 0.725000
vt 0.425000 0.700000
vt 0.400000 0.725000
vt 0.400000 0.700000
vt 0.475000 0.725000
vt 0.475000 0.700000
vt 0.450000 0.725000
vt 0.325000 0.775000
vt 0.325000 0.750000
vt 0.300000 0.775000
vt 0.325000 0.725000
vt 0.325000 0.700000
vt 0.300000 0.725000
vt 0.300000 0.700000
vt 0.375000 0.725000
vt 0.375000 0.700000
vt 0.350000 0.725000
vt 0.225000 0.775000
vt 0.225000 0.750000
vt 0.200000 0.775000
vt 0.225000 0.725000
vt 0.225000 0.700000
vt 0.200000 0.725000
vt 0.200000 0.700000
vt 0.275000 0.725000
vt 0.275000 0.700000
vt 0.250000 0.725000
vt 0.125000 0.775000
vt 0.125000 0.750000
vt 0.100000 0.775000
vt 0.125000 0.725000
vt 0.125000 0.700000
vt 0.100000 0.725000
vt 0.100000 0.700000
vt 0.175000 0.725000
vt 0.175000 0.700000
vt 0.150000 0.725000
vt 0.025000 0.775000
vt 0.025000 0.750000
vt 0.000000 0.775000
vt 0.000000 0.762500
vt 0.000000 0.750000
vt 0.000000 0.787500
vt 0.025000 0.725000
vt 0.025000 0.700000
vt 0.000000 0.725000
vt 0.000000 0.712500
vt 0.000000 0.700000
vt 0.000000 0.737500
vt 0.075000 0.725000
vt 0.075000 0.700000
vt 0.050000 0.725000
vt 0.925000 0.675000
vt 0.925000 0.650000
vt 0.900000 0.675000
vt 0.925000 0.625000
vt 0.925000 0.600000
vt 0.900000 0.625000
vt 0.900000 0.600000
vt 0.975000 0.625000
vt 0.975000 0.600000
vt 1.000000 0.600000
vt 0.950000 0.625000
vt 0.825000 0.675000
vt 0.825000 0.650000
vt 0.800000 0.675000
vt 0.825000 0.625000
vt 0.825000 0.600000
vt 0.800000 0.625000
vt 0.800000 0.600000
vt 0.875000 0.625000
vt 0.875000 0.600000
vt 0.850000 0.625000
vt 0.725000 0.675000
vt 0.725000 0.650000
vt 0.700000 0.675000
vt 0.725000 0.625000
vt 0.725000 0.600000
vt 0.700000 0.625000
vt 0.700000 0.600000
vt 0.775000 0.625000
vt 0.775000 0.600000
vt 0.750000 0.625000
vt 0.625000 0.675000
vt 0.625000 0.650000
vt 0.600000 0.675000
vt 0.625000 0.625000
vt 0.625000 0.600000
vt 0.600000 0.625000
vt 0.600000 0.600000
vt 0.675000 0.625000
vt 0.675000 0.600000
vt 0.650000 0.625000
vt 0.525000 0.675000
vt 0.525000 0.650000
vt 0.500000 0.675000
vt 0.525000 0.625000
vt 0.525000 0.600000
vt 0.500000 0.625000
vt 0.500000 0.600000
vt 0.575000 0.625000
vt 0.575000 0.600000
vt 0.550000 0.625000
vt 0.425000 0.675000
vt 0.425000 0.650000
vt 0.400000 0.675000
vt 0.425000 0.625000
vt 0.425000 0.600000
vt 0.400000 0.625000
vt 0.400000 0.600000
vt 0.475000 0.625000
vt 0.475000 0.600000
vt 0.450000 0.625000
vt 0.325000 0.675000
vt 0.325000 0.650000
vt 0.300000 0.675000
vt 0.325000 0.625000
vt 0.325000 0.600000
vt 0.300000 0.625000
vt 0.300000 0.600000
vt 0.375000 0.625000
vt 0.375000 0.600000
vt 0.350000 0.625000
vt 0.225000 0.675000
vt 0.225000 0.650000
vt 0.200000 0.675000
vt 0.225000 0.625000
vt 0.225000 0.600000
vt 0.200000 0.625000
vt 0.200000 0.600000
vt 0.275000 0.625000
vt 0.275000 0.600000
vt 0.250000 0.625000
vt 0.125000 0.675000
vt 0.125000 0.650000
vt 0.100000 0.675000
vt 0.125000 0.625000
vt 0.125000 0.600000
vt 0.100000 0.625000
vt 0.100000 0.600000
vt 0.175000 0.625000
vt 0.175000 0.600000
vt 0.150000 0.625000
vt 0.025000 0.675000
vt 0.025000 0.650000
vt 0.000000 0.675000
vt 0.000000 0.662500
vt 0.000000 0.650000
vt 0.000000 0.687500
vt 0.025000 0.625000
vt 0.025000 0.600000
vt 0.000000 0.625000
vt 0.000000 0.612500
vt 0.000000 0.600000
vt 0.000000 0.637500
vt 0.075000 0.625000
vt 0.075000 0.600000
vt 0.050000 0.625000
vt 0.925000 0.575000
vt 0.925000 0.550000
vt 0.900000 0.575000
vt 0.925000 0.525000
vt 0.925000 0.500000
vt 0.900000 0.525000
vt 0.900000 0.500000
vt 0.975000 0.525000
vt 0.975000 0.500000
vt 1.000000 0.500000
vt 0.950000 0.525000
vt 0.825000 0.575000
vt 0.825000 0.550000
vt 0.800000 0.575000
vt 0.825000 0.525000
vt 0.825000 0.500000
vt 0.800000 0.525000
vt 0.800000 0.500000
vt 0.875000 0.525000
vt 0.875000 0.500000
vt 0.850000 0.525000
vt 0.725000 0.575000
vt 0.725000 0.550000
vt 0.700000 0.575000
vt 0.725000 0.525000
vt 0.725000 0.500000
vt 0.700000 0.525000
vt 0.700000 0.500000
vt 0.775000 0.525000
vt 0.775000 0.500000
vt 0.750000 0.525000
vt 0.625000 0.575000
vt 0.625000 0.550000
vt 0.600000 0.575000
vt 0.625000 0.525000
vt 0.625000 0.500000
vt 0.600000 0.525000
vt 0.600000 0.500000
vt 0.675000 0.525000
vt 0.675000 0.500000
vt 0.650000 0.525000
vt 0.525000 0.575000
vt 0.525000 0.550000
vt 0.500000 0.575000
vt 0.525000 0.525000
vt 0.525000 0.500000
vt 0.500000 0.525000
vt 0.500000 0.500000
vt 0.575000 0.525000
vt 0.575000 0.500000
vt 0.550000 0.525000
vt 0.425000 0.575000
vt 0.425000 0.550000
vt 0.400000 0.575000
vt 0.425000 0.525000
vt 0.425000 0.500000
vt 0.400000 0.525000
vt 0.400000 0.500000
vt 0.475000 0.525000
vt 0.475000 0.500000
vt 0.450000 0.525000
vt 0.325000 0.575000
vt 0.325000 0.550000
vt 0.300000 0.575000
vt 0.325000 0.525000
vt 0.325000 0.500000
vt 0.300000 0.525000
vt 0.300000 0.500000
vt 0.375000 0.525000
vt 0.375000 0.500000
vt 0.350000 0.525000
vt 0.225000 0.575000
vt 0.225000 0.550000
vt 0.200000 0.575000
vt 0.225000 0.525000
vt 0.225000 0.500000
vt 0.200000 0.525000
vt 0.200000 0.500000
vt 0.275000 0.525000
vt 0.275000 0.500000
vt 0.250000 0.525000
vt 0.125000 0.575000
vt 0.125000 0.550000
vt 0.100000 0.575000
vt 0.125000 0.525000
vt 0.125000 0.500000
vt 0.100000 0.525000
vt 0.100000 0.500000
vt 0.175000 0.525000
vt 0.175000 0.500000
vt 0.150000 0.525000
vt 0.025000 0.575000
vt 0.025000 0.550000
vt 0.000000 0.575000
vt 0.000000 0.562500
vt 0.000000 0.550000
vt 0.000000 0.587500
vt 0.025000 0.525000
vt 0.025000 0.500000
vt 0.000000 0.525000
vt 0.000000 0.512500
vt 0.000000 0.500000
vt 0.000000 0.537500
vt 0.075000 0.525000
vt 0.075000 0.500000
vt 0.050000 0.525000
vt 0.925000 0.475000
vt 0.925000 0.450000
vt 0.900000 0.475000
vt 0.925000 0.425000
vt 0.925000 0.400000
vt 0.900000 0.425000
vt 0.900000 0.400000
vt 0.975000 0.425000
vt 0.975000 0.400000
vt 1.000000 0.400000
vt 0.950000 0.425000
vt 0.825000 0.475000
vt 0.825000 0.450000
vt 0.800000 0.475000
vt 0.825000 0.425000
vt 0.825000 0.400000
vt 0.800000 0.425000
vt 0.800000 0.400000
vt 0.875000 0.425000
vt 0.875000 0.400000
vt 0.850000 0.425000
vt 0.725000 0.475000
vt 0.725000 0.450000
vt 0.700000 0.475000
vt 0.725000 0.425000
vt 0.725000 0.400000
vt 0.700000 0.425000
vt 0.700000 0.400000
vt 0.775000 0.425000
vt 0.775000 0.400000
vt 0.750000 0.425000
vt 0.625000 0.475000
vt 0.625000 0.450000
vt 0.600000 0.475000
vt 0.625000 0.425000
vt 0.625000 0.400000
vt 0.600000 0.425000
vt 0.600000 0.400000
vt 0.675000 0.425000
vt 0.675000 0.400000
vt 0.650000 0.425000
vt 0.525000 0.475000
vt 0.525000 0.450000
vt 0.500000 0.475000
vt 0.525000 0.425000
vt 0.525000 0.400000
vt 0.500000 0.425000
vt 0.500000 0.400000
vt 0.575000 0.425000
vt 0.575000 0.400000
vt 0.550000 0.425000
vt 0.425000 0.475000
vt 0.425000 0.450000
vt 0.400000 0.475000
vt 0.425000 0.425000
vt 0.425000 0.400000
vt 0.400000 0.425000
vt 0.400000 0.400000
vt 0.475000 0.425000
vt 0.475000 0.400000
vt 0.450000 0.425000
vt 0.325000 0.475000
vt 0.325000 0.450000
vt 0.300000 0.475000
vt 0.325000 0.425000
vt 0.325000 0.400000
vt 0.300000 0.425000
vt 0.300000 0.400000
vt 0.375000 0.425000
vt 0.375000 0.400000
vt 0.350000 0.425000
vt 0.225000 0.475000
vt 0.225000 0.450000
vt 0.200000 0.475000
vt 0.225000 0.425000
vt 0.225000 0.400000
vt 0.200000 0.425000
vt 0.200000 0.400000
vt 0.275000 0.425000
vt 0.275000 0.400000
vt 0.250000 0.425000
vt 0.125000 0.475000
vt 0.125000 0.450000
vt 0.100000 0.475000
vt 0.125000 0.425000
vt 0.125000 0.400000
vt 0.100000 0.425000
vt 0.100000 0.400000
vt 0.175000 0.425000
vt 0.175000 0.400000
vt 0.150000 0.425000
vt 0.025000 0.475000
vt 0.025000 0.450000
vt 0.000000 0.475000
vt 0.000000 0.462500
vt 0.000000 0.450000
vt 0.000000 0.487500
vt 0.025000 0.425000
vt 0.025000 0.400000
vt 0.000000 0.425000
vt 0.000000 0.412500
vt 0.000000 0.400000
vt 0.000000 0.437500
vt 0.075000 0.425000
vt 0.075000 0.400000
vt 0.050000 0.425000
vt 0.925000 0.375000
vt 0.925000 0.350000
vt 0.900000 0.375000
vt 0.925000 0.325000
vt 0.925000 0.300000
vt 0.900000 0.325000
vt 0.900000 0.300000
vt 0.975000 0.325000
vt 0.975000 0.300000
vt 1.000000 0.300000
vt 0.950000 0.325000
vt 0.825000 0.375000
vt 0.825000 0.350000
vt 0.800000 0.375000
vt 0.825000 0.325000
vt 0.825000 0.300000
vt 0.800000 0.325000
vt 0.800000 0.300000
vt 0.875000 0.325000
vt 0.875000 0.300000
vt 0.850000 0.325000
vt 0.725000 0.375000
vt 0.725000 0.350000
vt 0.700000 0.375000
vt 0.725000 0.325000
vt 0.725000 0.300000
vt 0.700000 0.325000
vt 0.700000 0.300000
vt 0.775000 0.325000
vt 0.775000 0.300000
vt 0.750000 0.325000
vt 0.625000 0.375000
vt 0.625000 0.350000
vt 0.600000 0.375000
vt 0.625000 0.325000
vt 0.625000 0.300000
vt 0.600000 0.325000
vt 0.600000 0.300000
vt 0.675000 0.325000
vt 0.675000 0.300000
vt 0.650000 0.325000
vt 0.525000 0.375000
vt 0.525000 0.350000
vt 0.500000 0.375000
vt 0.525000 0.325000
vt 0.525000 0.300000
vt 0.500000 0.325000
vt 0.500000 0.300000
vt 0.575000 0.325000
vt 0.575000 0.300000
vt 0.550000 0.325000
vt 0.425000 0.375000
vt 0.425000 0.350000
vt 0.400000 0.375000
vt 0.425000 0.325000
vt 0.425000 0.300000
vt 0.400000 0.325000
vt 0.400000 0.300000
vt 0.475000 0.325000
vt 0.475000 0.300000
vt 0.450000 0.325000
vt 0.325000 0.375000
vt 0.325000 0.350000
vt 0.300000 0.375000
vt 0.325000 0.325000
vt 0.325000 0.300000
vt 0.300000 0.325000
vt 0.300000 0.300000
vt 0.375000 0.325000
vt 0.375000 0.300000
vt 0.350000 0.325000
vt 0.225000 0.375000
vt 0.225000 0.350000
vt 0.200000 0.375000
vt 0.225000 0.325000
vt 0.225000 0.300000
vt 0.200000 0.325000
vt 0.200000 0.300000
vt 0.275000 0.325000
vt 0.275000 0.300000
vt 0.250000 0.325000
vt 0.125000 0.375000
vt 0.125000 0.350000
vt 0.100000 0.375000
vt 0.125000 0.325000
vt 0.125000 0.300000
vt 0.100000 0.325000
vt 0.100000 0.300000
vt 0.175000 0.325000
vt 0.175000 0.300000
vt 0.150000 0.325000
vt 0.025000 0.375000
vt 0.025000 0.350000
vt 0.000000 0.375000
vt 0.000000 0.362500
vt 0.000000 0.350000
vt 0.000000 0.387500
vt 0.025000 0.325000
vt 0.025000 0.300000
vt 0.000000 0.325000
vt 0.000000 0.312500
vt 0.000000 0.300000
vt 0.000000 0.337500
vt 0.075000 0.325000
vt 0.075000 0.300000
vt 0.050000 0.325000
vt 0.925000 0.275000
vt 0.925000 0.250000
vt 0.900000 0.275000
vt 0.925000 0.225000
vt 0.925000 0.200000
vt 0.900000 0.225000
vt 0.900000 0.200000
vt 0.975000 0.225000
vt 0.975000 0.200000
vt 1.000000 0.200000
vt 0.950000 0.225000
vt 0.825000 0.275000
vt 0.825000 0.250000
vt 0.800000 0.275000
vt 0.825000 0.225000
vt 0.825000 0.200000
vt 0.800000 0.225000
vt 0.800000 0.200000
vt 0.875000 0.225000
vt 0.875000 0.200000
vt 0.850000 0.225000
vt 0.725000 0.275000
vt 0.725000 0.250000
vt 0.700000 0.275000
vt 0.725000 0.225000
vt 0.725000 0.200000
vt 0.700000 0.225000
vt 0.700000 0.200000
vt 0.775000 0.225000
vt 0.775000 0.200000
vt 0.750000 0.225000
vt 0.625000 0.275000
vt 0.625000 0.250000
vt 0.600000 0.275000
vt 0.625000 0.225000
vt 0.625000 0.200000
vt 0.600000 0.225000
vt 0.600000 0.200000
vt 0.675000 0.225000
vt 0.675000 0.200000
vt 0.650000 0.225000
vt 0.525000 0.275000
vt 0.525000 0.250000
vt 0.500000 0.275000
vt 0.525000 0.225000
vt 0.525000 0.200000
vt 0.500000 0.225000
vt 0.500000 0.200000
vt 0.575000 0.225000
vt 0.575000 0.200000
vt 0.550000 0.225000
vt 0.425000 0.275000
vt 0.425000 0.250000
vt 0.400000 0.275000
vt 0.425000 0.225000
vt 0.425000 0.200000
vt 0.400000 0.225000
vt 0.400000 0.200000
vt 0.475000 0.225000
vt 0.475000 0.200000
vt 0.450000 0.225000
vt 0.325000 0.275000
vt 0.325000 0.250000
vt 0.300000 0.275000
vt 0.325000 0.225000
vt 0.325000 0.200000
vt 0.300000 0.225000
vt 0.300000 0.200000
vt 0.375000 0.225000
vt 0.375000 0.200000
vt 0.350000 0.225000
vt 0.225000 0.275000
vt 0.225000 0.250000
vt 0.200000 0.275000
vt 0.225000 0.225000
vt 0.225000 0.200000
vt 0.200000 0.225000
vt 0.200000 0.200000
vt 0.275000 0.225000
vt 0.275000 0.200000
vt 0.250000 0.225000
vt 0.125000 0.275000
vt 0.125000 0.250000
vt 0.100000 0.275000
vt 0.125000 0.225000
vt 0.125000 0.200000
vt 0.100000 0.225000
vt 0.100000 0.200000
vt 0.175000 0.225000
vt 0.175000 0.200000
vt 0.150000 0.225000
vt 0.025000 0.275000
vt 0.025000 0.250000
vt 0.000000 0.275000
vt 0.000000 0.262500
vt 0.000000 0.250000
vt 0.000000 0.287500
vt 0.025000 0.225000
vt 0.025000 0.200000
vt 0.000000 0.225000
vt 0.000000 0.212500
vt 0.000000 0.200000
vt 0.000000 0.237500
vt 0.075000 0.225000
vt 0.075000 0.200000
vt 0.050000 0.225000
vt 0.925000 0.175000
vt 0.925000 0.150000
vt 0.900000 0.175000
vt 0.925000 0.125000
vt 0.925000 0.100000
vt 0.900000 0.125000
vt 0.900000 0.100000
vt 0.975000 0.125000
vt 0.975000 0.100000
vt 1.000000 0.100000
vt 0.950000 0.125000
vt 0.825000 0.175000
vt 0.825000 0.150000
vt 0.800000 0.175000
vt 0.825000 0.125000
vt 0.825000 0.100000
vt 0.800000 0.125000
vt 0.800000 0.100000
vt 0.875000 0.125000
vt 0.875000 0.100000
vt 0.850000 0.125000
vt 0.725000 0.175000
vt 0.725000 0.150000
vt 0.700000 0.175000
vt 0.725000 0.125000
vt 0.725000 0.100000
vt 0.700000 0.125000
vt 0.700000 0.100000
vt 0.775000 0.125000
vt 0.775000 0.100000
vt 0.750000 0.125000
vt 0.625000 0.175000
vt 0.625000 0.150000
vt 0.600000 0.175000
vt 0.625000 0.125000
vt 0.625000 0.100000
vt 0.600000 0.125000
vt 0.600000 0.100000
vt 0.675000 0.125000
vt 0.675000 0.100000
vt 0.650000 0.125000
vt 0.525000 0.175000
vt 0.525000 0.150000
vt 0.500000 0.175000
vt 0.525000 0.125000
vt 0.525000 0.100000
vt 0.500000 0.125000
vt 0.500000 0.100000
vt 0.575000 0.125000
vt 0.575000 0.100000
vt 0.550000 0.125000
vt 0.425000 0.175000
vt 0.425000 0.150000
vt 0.400000 0.175000
vt 0.425000 0.125000
vt 0.425000 0.100000
vt 0.400000 0.125000
vt 0.400000 0.100000
vt 0.475000 0.125000
vt 0.475000 0.100000
vt 0.450000 0.125000
vt 0.325000 0.175000
vt 0.325000 0.150000
vt 0.300000 0.175000
vt 0.325000 0.125000
vt 0.325000 0.100000
vt 0.300000 0.125000
vt 0.300000 0.100000
vt 0.375000 0.125000
vt 0.375000 0.100000
vt 0.350000 0.125000
vt 0.225000 0.175000
vt 0.225000 0.150000
vt 0.200000 0.175000
vt 0.225000 0.125000
vt 0.225000 0.100000
vt 0.200000 0.125000
vt 0.200000 0.100000
vt 0.275000 0.125000
vt 0.275000 0.100000
vt 0.250000 0.125000
vt 0.125000 0.175000
vt 0.125000 0.150000
vt 0.100000 0.175000
vt 0.125000 0.125000
vt 0.125000 0.100000
vt 0.100000 0.125000
vt 0.100000 0.100000
vt 0.175000 0.125000
vt 0.175000 0.100000
vt 0.150000 0.125000
vt 0.025000 0.175000
vt 0.025000 0.150000
vt 0.000000 0.175000
vt 0.000000 0.162500
vt 0.000000 0.150000
vt 0.000000 0.187500
vt 0.025000 0.125000
vt 0.025000 0.100000
vt 0.000000 0.125000
vt 0.000000 0.112500
vt 0.000000 0.100000
vt 0.000000 0.137500
vt 0.075000 0.125000
vt 0.075000 0.100000
vt 0.050000 0.125000
vt 0.925000 0.075000
vt 0.925000 0.050000
vt 0.900000 0.075000
vt 0.925000 0.025000
vt 0.937500 0.000000
vt 0.925000 0.000000
vt 0.950000 0.000000
vt 0.900000 0.025000
vt 0.912500 0.000000
vt 0.900000 0.000000
vt 0.975000 0.025000
vt 0.987500 0.000000
vt 0.975000 0.000000
vt 1.000000 0.000000
vt 0.950000 0.025000
vt 0.962500 0.000000
vt 0.825000 0.075000
vt 0.825000 0.050000
vt 0.800000 0.075000
vt 0.825000 0.025000
vt 0.837500 0.000000
vt 0.825000 0.000000
vt 0.850000 0.000000
vt 0.800000 0.025000
vt 0.812500 0.000000
vt 0.800000 0.000000
vt 0.875000 0.025000
vt 0.887500 0.000000
vt 0.875000 0.000000
vt 0.850000 0.025000
vt 0.862500 0.000000
vt 0.725000 0.075000
vt 0.725000 0.050000
vt 0.700000 0.075000
vt 0.725000 0.025000
vt 0.737500 0.000000
vt 0.725000 0.000000
vt 0.750000 0.000000
vt 0.700000 0.025000
vt 0.712500 0.000000
vt 0.700000 0.000000
vt 0.775000 0.025000
vt 0.787500 0.000000
vt 0.775000 0.000000
vt 0.750000 0.025000
vt 0.762500 0.000000
vt 0.625000 0.075000
vt 0.625000 0.050000
vt 0.600000 0.075000
vt 0.625000 0.025000
vt 0.637500 0.000000
vt 0.625000 0.000000
vt 0.650000 0.000000
vt 0.600000 0.025000
vt 0.612500 0.000000
vt 0.600000 0.000000
vt 0.675000 0.025000
vt 0.687500 0.000000
vt 0.675000 0.000000
vt 0.650000 0.025000
vt 0.662500 0.000000
vt 0.525000 0.075000
vt 0.525000 0.050000
vt 0.500000 0.075000
vt 0.525000 0.025000
vt 0.537500 0.000000
vt 0.525000 0.000000
vt 0.550000 0.000000
vt 0.500000 0.025000
vt 0.512500 0.000000
vt 0.500000 0.000000
vt 0.575000 0.025000
vt 0.587500 0.000000
vt 0.575000 0.000000
vt 0.550000 0.025000
vt 0.562500 0.000000
vt 0.425000 0.075000
vt 0.425000 0.050000
vt 0.400000 0.075000
vt 0.425000 0.025000
vt 0.437500 0.000000
vt 0.425000 0.000000
vt 0.450000 0.000000
vt 0.400000 0.025000
vt 0.412500 0.000000
vt 0.400000 0.000000
vt 0.475000 0.025000
vt 0.487500 0.000000
vt 0.475000 0.000000
vt 0.450000 0.025000
vt 0.462500 0.000000
vt 0.325000 0.075000
vt 0.325000 0.050000
vt 0.300000 0.075000
vt 0.325000 0.025000
vt 0.337500 0.000000
vt 0.325000 0.000000
vt 0.350000 0.000000
vt 0.300000 0.025000
vt 0.312500 0.000000
vt 0.300000 0.000000
vt 0.375000 0.025000
vt 0.387500 0.000000
vt 0.375000 0.000000
vt 0.350000 0.025000
vt 0.362500 0.000000
vt 0.225000 0.075000
vt 0.225000 0.050000
vt 0.200000 0.075000
vt 0.225000 0.025000
vt 0.237500 0.000000
vt 0.225000 0.000000
vt 0.250000 0.000000
vt 0.200000 0.025000
vt 0.212500 0.000000
vt 0.200000 0.000000
vt 0.275000 0.025000
vt 0.287500 0.000000
vt 0.275000 0.000000
vt 0.250000 0.025000
vt 0.262500 0.000000
vt 0.125000 0.075000
vt 0.125000 0.050000
vt 0.100000 0.075000
vt 0.125000 0.025000
vt 0.137500 0.000000
vt 0.125000 0.000000
vt 0.150000 0.000000
vt 0.100000 0.025000
vt 0.112500 0.000000
vt 0.100000 0.000000
vt 0.175000 0.025000
vt 0.187500 0.000000
vt 0.175000 0.000000
vt 0.150000 0.025000
vt 0.162500 0.000000
vt 0.025000 0.075000
vt 0.025000 0.050000
vt 0.000000 0.075000
vt 0.000000 0.062500
vt 0.000000 0.050000
vt 0.000000 0.087500
vt 0.025000 0.025000
vt 0.037500 0.000000
vt 0.025000 0.000000
vt 0.050000 0.000000
vt 0.000000 0.025000
vt 0.000000 0.012500
vt 0.012500 0.000000
vt 0.000000 0.000000
vt 0.000000 0.037500
vt 0.075000 0.025000
vt 0.087500 0.000000
vt 0.075000 0.000000
vt 0.050000 0.025000
vt 0.062500 0.000000
vt 1.000000 0.025000
vt 1.000000 0.125000
vt 1.000000 0.225000
vt 1.000000 0.325000
vt 1.000000 0.425000
vt 1.000000 0.525000
vt 1.000000 0.625000
vt 1.000000 0.725000
vt 1.000000 0.825000
vt 0.025000 1.000000
vt 0.125000 1.000000
vt 0.225000 1.000000
vt 0.325000 1.000000
vt 0.425000 1.000000
vt 0.525000 1.000000
vt 0.625000 1.000000
vt 0.725000 1.000000
vt 0.825000 1.000000
vt 1.000000 0.925000
vt 0.925000 1.000000
vt 0.975000 1.000000
vt 1.000000 0.975000
vt 0.875000 1.000000
vt 0.775000 1.000000
vt 0.675000 1.000000
vt 0.575000 1.000000
vt 0.475000 1.000000
vt 0.375000 1.000000
vt 0.275000 1.000000
vt 0.175000 1.000000
vt 0.075000 1.000000
vt 1.000000 0.875000
vt 1.000000 0.775000
vt 1.000000 0.675000
vt 1.000000 0.575000
vt 1.000000 0.475000
vt 1.000000 0.375000
vt 1.000000 0.275000
vt 1.000000 0.175000
vt 1.000000 0.075000
vt 1.000000 1.000000
s 0
f 1684/1/1 2745/2/1 6561/3/1
f 1687/4/1 2748/5/1 6560/6/1
f 1690/7/1 2751/8/1 6559/9/1
f 1693/10/1 2754/11/1 6558/12/1
f 1696/13/1 2757/14/1 6557/15/1
f 1699/16/1 2760/17/1 6556/18/1
f 1702/19/1 2763/20/1 6555/21/1
f 1705/22/1 2766/23/1 6554/24/1
f 1708/25/1 2769/26/1 6553/27/1
f 1711/28/1 2772/29/1 6552/30/1
f 1714/31/1 2775/32/1 6551/33/1
f 1716/34/1 2777/35/1 6550/36/1
f 1718/37/1 2779/38/1 6549/39/1
f 1720/40/1 2781/41/1 6548/42/1
f 1722/43/1 2783/44/1 6547/45/1
f 1724/46/1 2785/47/1 6546/48/1
f 1726/49/1 2787/50/1 6545/51/1
f 1728/52/1 2789/53/1 6544/54/1
f 1730/55/1 2791/56/1 6543/57/1
f 1732/58/1 2793/59/1 6542/60/1
f 1735/61/1 2796/62/1 6541/63/1
f 1737/64/1 2798/65/1 6540/66/1
f 1739/67/1 2800/68/1 6539/69/1
f 1741/70/1 2802/71/1 6538/72/1
f 1743/73/1 2804/74/1 6537/75/1
f 1745/76/1 2806/77/1 6536/78/1
f 1747/79/1 2808/80/1 6535/81/1
f 1749/82/1 2810/83/1 6534/84/1
f 1751/85/1 2812/86/1 6533/87/1
f 1753/88/1 2814/89/1 6532/90/1
f 1756/91/1 2817/92/1 6531/93/1
f 1758/94/1 2819/95/1 6530/96/1
f 1760/97/1 2821/98/1 6529/99/1
f 1762/100/1 2823/101/1 6528/102/1
f 1764/103/1 2825/104/1 6527/105/1
f 1766/106/1 2827/107/1 6526/108/1
f 1768/109/1 2829/110/1 6525/111/1
f 1770/112/1 2831/113/1 6524/114/1
f 1772/115/1 2833/116/1 6523/117/1
f 1774/118/1 2835/119/1 6522/120/1
f 1777/121/1 2838/122/1 6521/123/1
f 1779/124/1 2840/125/1 6520/126/1
f 1781/127/1 2842/128/1 6519/129/1
f 1783/130/1 2844/131/1 6518/132/1
f 1785/133/1 2846/134/1 6517/135/1
f 1787/136/1 2848/137/1 6516/138/1
f 1789/139/1 2850/140/1 6515/141/1
f 1791/142/1 2852/143/1 6514/144/1
f 1793/145/1 2854/146/1 6513/147/1
f 1795/148/1 2856/149/1 6512/150/1
f 1798/151/1 2859/152/1 6511/153/1
f 1800/154/1 2861/155/1 6510/156/1
f 1802/157/1 2863/158/1 6509/159/1
f 1804/160/1 2865/161/1 6508/162/1
f 1806/163/1 2867/164/1 6507/165/1
f 1808/166/1 2869/167/1 6506/168/1
f 1810/169/1 2871/170/1 6505/171/1
f 1812/172/1 2873/173/1 6504/174/1
f 1814/175/1 2875/176/1 6503/177/1
f 1816/178/1 2877/179/1 6502/180/1
f 1819/181/1 2880/182/1 6501/183/1
f 1821/184/1 2882/185/1 6500/186/1
f 1823/187/1 2884/188/1 6499/189/1
f 1825/190/1 2886/191/1 6498/192/1
f 1827/193/1 2888/194/1 6497/195/1
f 1829/196/1 2890/197/1 6496/198/1
f 1831/199/1 2892/200/1 6495/201/1
f 1833/202/1 2894/203/1 6494/204/1
f 1835/205/1 2896/206/1 6493/207/1
f 1837/208/1 2898/209/1 6492/210/1
f 1840/211/1 2901/212/1 6491/213/1
f 1842/214/1 2903/215/1 6490/216/1
f 1844/217/1 2905/218/1 6489/219/1
f 1846/220/1 2907/221/1 6488/222/1
f 1848/223/1 2909/224/1 6487/225/1
f 1850/226/1 2911/227/1 6486/228/1
f 1852/229/1 2913/230/1 6485/231/1
f 1854/232/1 2915/233/1 6484/234/1
f 1856/235/1 2917/236/1 6483/237/1
f 1858/238/1 2919/239/1 6482/240/1
f 1861/241/1 2922/242/1 6481/243/1
f 1863/244/1 2924/245/1 6480/246/1
f 1865/247/1 2926/248/1 6479/249/1
f 1867/250/1 2928/251/1 6478/252/1
f 1869/253/1 2930/254/1 6477/255/1
f 1871/256/1 2932/257/1 6476/258/1
f 1873/259/1 2934/260/1 6475/261/1
f 1875/262/1 2936/263/1 6474/264/1
f 1877/265/1 2938/266/1 6473/267/1
f 1879/268/1 2940/269/1 6472/270/1
f 1882/271/1 2943/272/1 6471/273/1
f 1884/274/1 2945/275/1 6470/276/1
f 1886/277/1 2947/278/1 6469/279/1
f 1888/280/1 2949/281/1 6468/282/1
f 1890/283/1 2951/284/1 6467/285/1
f 1892/286/1 2953/287/1 6466/288/1
f 1894/289/1 2955/290/1 6465/291/1
f 1896/292/1 2957/293/1 6464/294/1
f 1898/295/1 2959/296/1 6463/297/1
f 1900/298/1 2961/299/1 6462/300/1
f 2122/301/1 2741/302/1 6461/303/1
f 2123/304/1 2964/305/1 6460/306/1
f 2120/307/1 2965/308/1 6459/309/1
f 2126/310/1 2739/311/1 6458/312/1
f 2127/313/1 2968/314/1 6457/315/1
f 2118/316/1 2969/317/1 6456/318/1
f 2130/319/1 2737/320/1 6455/321/1
f 2131/322/1 2972/323/1 6454/324/1
f 2116/325/1 2973/326/1 6453/327/1
f 2134/328/1 2735/329/1 6452/330/1
f 2135/331/1 2976/332/1 6451/333/1
f 2114/334/1 2977/335/1 6450/336/1
f 2138/337/1 2733/338/1 6449/339/1
f 2139/340/1 2980/341/1 6448/342/1
f 2112/343/1 2981/344/1 6447/345/1
f 2142/346/1 2731/347/1 6446/348/1
f 2143/349/1 2984/350/1 6445/351/1
f 2110/352/1 2985/353/1 6444/354/1
f 2146/355/1 2729/356/1 6443/357/1
f 2147/358/1 2988/359/1 6442/360/1
f 2108/361/1 2989/362/1 6441/363/1
f 2150/364/1 2727/365/1 6440/366/1
f 2151/367/1 2992/368/1 6439/369/1
f 2106/370/1 2993/371/1 6438/372/1
f 2154/373/1 2725/374/1 6437/375/1
f 2155/376/1 2996/377/1 6436/378/1
f 2104/379/1 2997/380/1 6435/381/1
f 2158/382/1 2723/383/1 6434/384/1
f 2159/385/1 3000/386/1 6433/387/1
f 2102/388/1 3001/389/1 6432/390/1
f 2162/391/1 2720/392/1 6431/393/1
f 2163/394/1 3004/395/1 6430/396/1
f 2099/397/1 3005/398/1 6429/399/1
f 2166/400/1 2718/401/1 6428/402/1
f 2167/403/1 3008/404/1 6427/405/1
f 2097/406/1 3009/407/1 6426/408/1
f 2170/409/1 2716/410/1 6425/411/1
f 2171/412/1 3012/413/1 6424/414/1
f 2095/415/1 3013/416/1 6423/417/1
f 2174/418/1 2714/419/1 6422/420/1
f 2175/421/1 3016/422/1 6421/423/1
f 2093/424/1 3017/425/1 6420/426/1
f 2178/427/1 2712/428/1 6419/429/1
f 2179/430/1 3020/431/1 6418/432/1
f 2091/433/1 3021/434/1 6417/435/1
f 2182/436/1 2710/437/1 6416/438/1
f 2183/439/1 3024/440/1 6415/441/1
f 2089/442/1 3025/443/1 6414/444/1
f 2186/445/1 2708/446/1 6413/447/1
f 2187/448/1 3028/449/1 6412/450/1
f 2087/451/1 3029/452/1 6411/453/1
f 2190/454/1 2706/455/1 6410/456/1
f 2191/457/1 3032/458/1 6409/459/1
f 2085/460/1 3033/461/1 6408/462/1
f 2194/463/1 2704/464/1 6407/465/1
f 2195/466/1 3036/467/1 6406/468/1
f 2083/469/1 3037/470/1 6405/471/1
f 2198/472/1 2702/473/1 6404/474/1
f 2199/475/1 3040/476/1 6403/477/1
f 2081/478/1 3041/479/1 6402/480/1
f 2202/481/1 2699/482/1 6401/483/1
f 2203/484/1 3044/485/1 6400/486/1
f 2078/487/1 3045/488/1 6399/489/1
f 2206/490/1 2697/491/1 6398/492/1
f 2207/493/1 3048/494/1 6397/495/1
f 2076/496/1 3049/497/1 6396/498/1
f 2210/499/1 2695/500/1 6395/501/1
f 2211/502/1 3052/503/1 6394/504/1
f 2074/505/1 3053/506/1 6393/507/1
f 2214/508/1 2693/509/1 6392/510/1
f 2215/511/1 3056/512/1 6391/513/1
f 2072/514/1 3057/515/1 6390/516/1
f 2218/517/1 2691/518/1 6389/519/1
f 2219/520/1 3060/521/1 6388/522/1
f 2070/523/1 3061/524/1 6387/525/1
f 2222/526/1 2689/527/1 6386/528/1
f 2223/529/1 3064/530/1 6385/531/1
f 2068/532/1 3065/533/1 6384/534/1
f 2226/535/1 2687/536/1 6383/537/1
f 2227/538/1 3068/539/1 6382/540/1
f 2066/541/1 3069/542/1 6381/543/1
f 2230/544/1 2685/545/1 6380/546/1
f 2231/547/1 3072/548/1 6379/549/1
f 2064/550/1 3073/551/1 6378/552/1
f 2234/553/1 2683/554/1 6377/555/1
f 2235/556/1 3076/557/1 6376/558/1
f 2062/559/1 3077/560/1 6375/561/1
f 2238/562/1 2681/563/1 6374/564/1
f 2239/565/1 3080/566/1 6373/567/1
f 2060/568/1 3081/569/1 6372/570/1
f 2242/571/1 2678/572/1 6371/573/1
f 2243/574/1 3084/575/1 6370/576/1
f 2057/577/1 3085/578/1 6369/579/1
f 2246/580/1 2676/581/1 6368/582/1
f 2247/583/1 3088/584/1 6367/585/1
f 2055/586/1 3089/587/1 6366/588/1
f 2250/589/1 2674/590/1 6365/591/1
f 2251/592/1 3092/593/1 6364/594/1
f 2053/595/1 3093/596/1 6363/597/1
f 2254/598/1 2672/599/1 6362/600/1
f 2255/601/1 3096/602/1 6361/603/1
f 2051/604/1 3097/605/1 6360/606/1
f 2258/607/1 2670/608/1 6359/609/1
f 2259/610/1 3100/611/1 6358/612/1
f 2049/613/1 3101/614/1 6357/615/1
f 2262/616/1 2668/617/1 6356/618/1
f 2263/619/1 3104/620/1 6355/621/1
f 2047/622/1 3105/623/1 6354/624/1
f 2266/625/1 2666/626/1 6353/627/1
f 2267/628/1 3108/629/1 6352/630/1
f 2045/631/1 3109/632/1 6351/633/1
f 2270/634/1 2664/635/1 6350/636/1
f 2271/637/1 3112/638/1 6349/639/1
f 2043/640/1 3113/641/1 6348/642/1
f 2274/643/1 2662/644/1 6347/645/1
f 2275/646/1 3116/647/1 6346/648/1
f 2041/649/1 3117/650/1 6345/651/1
f 2278/652/1 2660/653/1 6344/654/1
f 2279/655/1 3120/656/1 6343/657/1
f 2039/658/1 3121/659/1 6342/660/1
f 2282/661/1 2657/662/1 6341/663/1
f 2283/664/1 3124/665/1 6340/666/1
f 2036/667/1 3125/668/1 6339/669/1
f 2286/670/1 2655/671/1 6338/672/1
f 2287/673/1 3128/674/1 6337/675/1
f 2034/676/1 3129/677/1 6336/678/1
f 2290/679/1 2653/680/1 6335/681/1
f 2291/682/1 3132/683/1 6334/684/1
f 2032/685/1 3133/686/1 6333/687/1
f 2294/688/1 2651/689/1 6332/690/1
f 2295/691/1 3136/692/1 6331/693/1
f 2030/694/1 3137/695/1 6330/696/1
f 2298/697/1 2649/698/1 6329/699/1
f 2299/700/1 3140/701/1 6328/702/1
f 2028/703/1 3141/704/1 6327/705/1
f 2302/706/1 2647/707/1 6326/708/1
f 2303/709/1 3144/710/1 6325/711/1
f 2026/712/1 3145/713/1 6324/714/1
f 2306/715/1 2645/716/1 6323/717/1
f 2307/718/1 3148/719/1 6322/720/1
f 2024/721/1 3149/722/1 6321/723/1
f 2310/724/1 2643/725/1 6320/726/1
f 2311/727/1 3152/728/1 6319/729/1
f 2022/730/1 3153/731/1 6318/732/1
f 2314/733/1 2641/734/1 6317/735/1
f 2315/736/1 3156/737/1 6316/738/1
f 2020/739/1 3157/740/1 6315/741/1
f 2318/742/1 2639/743/1 6314/744/1
f 2319/745/1 3160/746/1 6313/747/1
f 2018/748/1 3161/749/1 6312/750/1
f 2322/751/1 2636/752/1 6311/753/1
f 2323/754/1 3164/755/1 6310/756/1
f 2015/757/1 3165/758/1 6309/759/1
f 2326/760/1 2634/761/1 6308/762/1
f 2327/763/1 3168/764/1 6307/765/1
f 2013/766/1 3169/767/1 6306/768/1
f 2330/769/1 2632/770/1 6305/771/1
f 2331/772/1 3172/773/1 6304/774/1
f 2011/775/1 3173/776/1 6303/777/1
f 2334/778/1 2630/779/1 6302/780/1
f 2335/781/1 3176/782/1 6301/783/1
f 2009/784/1 3177/785/1 6300/786/1
f 2338/787/1 2628/788/1 6299/789/1
f 2339/790/1 3180/791/1 6298/792/1
f 2007/793/1 3181/794/1 6297/795/1
f 2342/796/1 2626/797/1 6296/798/1
f 2343/799/1 3184/800/1 6295/801/1
f 2005/802/1 3185/803/1 6294/804/1
f 2346/805/1 2624/806/1 6293/807/1
f 2347/808/1 3188/809/1 6292/810/1
f 2003/811/1 3189/812/1 6291/813/1
f 2350/814/1 2622/815/1 6290/816/1
f 2351/817/1 3192/818/1 6289/819/1
f 2001/820/1 3193/821/1 6288/822/1
f 2354/823/1 2620/824/1 6287/825/1
f 2355/826/1 3196/827/1 6286/828/1
f 1999/829/1 3197/830/1 6285/831/1
f 2358/832/1 2618/833/1 6284/834/1
f 2359/835/1 3200/836/1 6283/837/1
f 1997/838/1 3201/839/1 6282/840/1
f 2362/841/1 2615/842/1 6281/843/1
f 2363/844/1 3204/845/1 6280/846/1
f 1994/847/1 3205/848/1 6279/849/1
f 2366/850/1 2613/851/1 6278/852/1
f 2367/853/1 3208/854/1 6277/855/1
f 1992/856/1 3209/857/1 6276/858/1
f 2370/859/1 2611/860/1 6275/861/1
f 2371/862/1 3212/863/1 6274/864/1
f 1990/865/1 3213/866/1 6273/867/1
f 2374/868/1 2609/869/1 6272/870/1
f 2375/871/1 3216/872/1 6271/873/1
f 1988/874/1 3217/875/1 6270/876/1
f 2378/877/1 2607/878/1 6269/879/1
f 2379/880/1 3220/881/1 6268/882/1
f 1986/883/1 3221/884/1 6267/885/1
f 2382/886/1 2605/887/1 6266/888/1
f 2383/889/1 3224/890/1 6265/891/1
f 1984/892/1 3225/893/1 6264/894/1
f 2386/895/1 2603/896/1 6263/897/1
f 2387/898/1 3228/899/1 6262/900/1
f 1982/901/1 3229/902/1 6261/903/1
f 2390/904/1 2601/905/1 6260/906/1
f 2391/907/1 3232/908/1 6259/909/1
f 1980/910/1 3233/911/1 6258/912/1
f 2394/913/1 2599/914/1 6257/915/1
f 2395/916/1 3236/917/1 6256/918/1
f 1978/919/1 3237/920/1 6255/921/1
f 2398/922/1 2597/923/1 6254/924/1
f 2399/925/1 3240/926/1 6253/927/1
f 1976/928/1 3241/929/1 6252/930/1
f 2402/931/1 2594/932/1 6251/933/1
f 2403/934/1 3244/935/1 6250/936/1
f 1973/937/1 3245/938/1 6249/939/1
f 2406/940/1 2592/941/1 6248/942/1
f 2407/943/1 3248/944/1 6247/945/1
f 1971/946/1 3249/947/1 6246/948/1
f 2410/949/1 2590/950/1 6245/951/1
f 2411/952/1 3252/953/1 6244/954/1
f 1969/955/1 3253/956/1 6243/957/1
f 2414/958/1 2588/959/1 6242/960/1
f 2415/961/1 3256/962/1 6241/963/1
f 1967/964/1 3257/965/1 6240/966/1
f 2418/967/1 2586/968/1 6239/969/1
f 2419/970/1 3260/971/1 6238/972/1
f 1965/973/1 3261/974/1 6237/975/1
f 2422/976/1 2584/977/1 6236/978/1
f 2423/979/1 3264/980/1 6235/981/1
f 1963/982/1 3265/983/1 6234/984/1
f 2426/985/1 2582/986/1 6233/987/1
f 2427/988/1 3268/989/1 6232/990/1
f 1961/991/1 3269/992/1 6231/993/1
f 2430/994/1 2580/995/1 6230/996/1
f 2431/997/1 3272/998/1 6229/999/1
f 1959/1000/1 3273/1001/1 6228/1002/1
f 2434/1003/1 2578/1004/1 6227/1005/1
f 2435/1006/1 3276/1007/1 6226/1008/1
f 1957/1009/1 3277/1010/1 6225/1011/1
f 2438/1012/1 2576/1013/1 6224/1014/1
f 2439/1015/1 3280/1016/1 6223/1017/1
f 1955/1018/1 3281/1019/1 6222/1020/1
f 2442/1021/1 2573/1022/1 6221/1023/1
f 2443/1024/1 3284/1025/1 6220/1026/1
f 1952/1027/1 3285/1028/1 6219/1029/1
f 2446/1030/1 2571/1031/1 6218/1032/1
f 2447/1033/1 3288/1034/1 6217/1035/1
f 1950/1036/1 3289/1037/1 6216/1038/1
f 2450/1039/1 2569/1040/1 6215/1041/1
f 2451/1042/1 3292/1043/1 6214/1044/1
f 1948/1045/1 3293/1046/1 6213/1047/1
f 2454/1048/1 2567/1049/1 6212/1050/1
f 2455/1051/1 3296/1052/1 6211/1053/1
f 1946/1054/1 3297/1055/1 6210/1056/1
f 2458/1057/1 2565/1058/1 6209/1059/1
f 2459/1060/1 3300/1061/1 6208/1062/1
f 1944/1063/1 3301/1064/1 6207/1065/1
f 2462/1066/1 2563/1067/1 6206/1068/1
f 2463/1069/1 3304/1070/1 6205/1071/1
f 1942/1072/1 3305/1073/1 6204/1074/1
f 2466/1075/1 2561/1076/1 6203/1077/1
f 2467/1078/1 3308/1079/1 6202/1080/1
f 1940/1081/1 3309/1082/1 6201/1083/1
f 2470/1084/1 2559/1085/1 6200/1086/1
f 2471/1087/1 3312/1088/1 6199/1089/1
f 1938/1090/1 3313/1091/1 6198/1092/1
f 2474/1093/1 2557/1094/1 6197/1095/1
f 2475/1096/1 3316/1097/1 6196/1098/1
f 1936/1099/1 3317/1100/1 6195/1101/1
f 2478/1102/1 2555/1103/1 6194/1104/1
f 2479/1105/1 3320/1106/1 6193/1107/1
f 1934/1108/1 3321/1109/1 6192/1110/1
f 2482/1111/1 2552/1112/1 6191/1113/1
f 2483/1114/1 3324/1115/1 6190/1116/1
f 1931/1117/1 3325/1118/1 6189/1119/1
f 2486/1120/1 2549/1121/1 6188/1122/1
f 2487/1123/1 3328/1124/1 6187/1125/1
f 1928/1126/1 3329/1127/1 6186/1128/1
f 2490/1129/1 2546/1130/1 6185/1131/1
f 2491/1132/1 3332/1133/1 6184/1134/1
f 1925/1135/1 3333/1136/1 6183/1137/1
f 2494/1138/1 2543/1139/1 6182/1140/1
f 2495/1141/1 3336/1142/1 6181/1143/1
f 1922/1144/1 3337/1145/1 6180/1146/1
f 2498/1147/1 2540/1148/1 6179/1149/1
f 2499/1150/1 3340/1151/1 6178/1152/1
f 1919/1153/1 3341/1154/1 6177/1155/1
f 2502/1156/1 2537/1157/1 6176/1158/1
f 2503/1159/1 3344/1160/1 6175/1161/1
f 1916/1162/1 3345/1163/1 6174/1164/1
f 2506/1165/1 2534/1166/1 6173/1167/1
f 2507/1168/1 3348/1169/1 6172/1170/1
f 1913/1171/1 3349/1172/1 6171/1173/1
f 2510/1174/1 2531/1175/1 6170/1176/1
f 2511/1177/1 3352/1178/1 6169/1179/1
f 1910/1180/1 3353/1181/1 6168/1182/1
f 2514/1183/1 2528/1184/1 6167/1185/1
f 2515/1186/1 3356/1187/1 6166/1188/1
f 1907/1189/1 3357/1190/1 6165/1191/1
f 2518/1192/1 2525/1193/1 6164/1194/1
f 2519/1195/1 3360/1196/1 6163/1197/1
f 1904/1198/1 3361/1199/1 6162/1200/1
f 3362/1201/1 2521/1202/1 6161/1203/1
f 3363/1204/1 3364/1205/1 6160/1206/1
f 2744/1207/1 3365/1208/1 6159/1209/1
f 3366/1210/1 2520/1211/1 6158/1212/1
f 3367/1213/1 3368/1214/1 6157/1215/1
f 3359/1216/1 3369/1217/1 6156/1218/1
f 3370/1219/1 1685/1220/1 6155/1221/1
f 3371/1222/1 3372/1223/1 6154/1224/1
f 3358/1225/1 3373/1226/1 6153/1227/1
f 3374/1228/1 2517/1229/1 6152/1230/1
f 3375/1231/1 3376/1232/1 6151/1233/1
f 2747/1234/1 3377/1235/1 6150/1236/1
f 3378/1237/1 2516/1238/1 6149/1239/1
f 3379/1240/1 3380/1241/1 6148/1242/1
f 3355/1243/1 3381/1244/1 6147/1245/1
f 3382/1246/1 1688/1247/1 6146/1248/1
f 3383/1249/1 3384/1250/1 6145/1251/1
f 3354/1252/1 3385/1253/1 6144/1254/1
f 3386/1255/1 2513/1256/1 6143/1257/1
f 3387/1258/1 3388/1259/1 6142/1260/1
f 2750/1261/1 3389/1262/1 6141/1263/1
f 3390/1264/1 2512/1265/1 6140/1266/1
f 3391/1267/1 3392/1268/1 6139/1269/1
f 3351/1270/1 3393/1271/1 6138/1272/1
f 3394/1273/1 1691/1274/1 6137/1275/1
f 3395/1276/1 3396/1277/1 6136/1278/1
f 3350/1279/1 3397/1280/1 6135/1281/1
f 3398/1282/1 2509/1283/1 6134/1284/1
f 3399/1285/1 3400/1286/1 6133/1287/1
f 2753/1288/1 3401/1289/1 6132/1290/1
f 3402/1291/1 2508/1292/1 6131/1293/1
f 3403/1294/1 3404/1295/1 6130/1296/1
f 3347/1297/1 3405/1298/1 6129/1299/1
f 3406/1300/1 1694/1301/1 6128/1302/1
f 3407/1303/1 3408/1304/1 6127/1305/1
f 3346/1306/1 3409/1307/1 6126/1308/1
f 3410/1309/1 2505/1310/1 6125/1311/1
f 3411/1312/1 3412/1313/1 6124/1314/1
f 2756/1315/1 3413/1316/1 6123/1317/1
f 3414/1318/1 2504/1319/1 6122/1320/1
f 3415/1321/1 3416/1322/1 6121/1323/1
f 3343/1324/1 3417/1325/1 6120/1326/1
f 3418/1327/1 1697/1328/1 6119/1329/1
f 3419/1330/1 3420/1331/1 6118/1332/1
f 3342/1333/1 3421/1334/1 6117/1335/1
f 3422/1336/1 2501/1337/1 6116/1338/1
f 3423/1339/1 3424/1340/1 6115/1341/1
f 2759/1342/1 3425/1343/1 6114/1344/1
f 3426/1345/1 2500/1346/1 6113/1347/1
f 3427/1348/1 3428/1349/1 6112/1350/1
f 3339/1351/1 3429/1352/1 6111/1353/1
f 3430/1354/1 1700/1355/1 6110/1356/1
f 3431/1357/1 3432/1358/1 6109/1359/1
f 3338/1360/1 3433/1361/1 6108/1362/1
f 3434/1363/1 2497/1364/1 6107/1365/1
f 3435/1366/1 3436/1367/1 6106/1368/1
f 2762/1369/1 3437/1370/1 6105/1371/1
f 3438/1372/1 2496/1373/1 6104/1374/1
f 3439/1375/1 3440/1376/1 6103/1377/1
f 3335/1378/1 3441/1379/1 6102/1380/1
f 3442/1381/1 1703/1382/1 6101/1383/1
f 3443/1384/1 3444/1385/1 6100/1386/1
f 3334/1387/1 3445/1388/1 6099/1389/1
f 3446/1390/1 2493/1391/1 6098/1392/1
f 3447/1393/1 3448/1394/1 6097/1395/1
f 2765/1396/1 3449/1397/1 6096/1398/1
f 3450/1399/1 2492/1400/1 6095/1401/1
f 3451/1402/1 3452/1403/1 6094/1404/1
f 3331/1405/1 3453/1406/1 6093/1407/1
f 3454/1408/1 1706/1409/1 6092/1410/1
f 3455/1411/1 3456/1412/1 6091/1413/1
f 3330/1414/1 3457/1415/1 6090/1416/1
f 3458/1417/1 2489/1418/1 6089/1419/1
f 3459/1420/1 3460/1421/1 6088/1422/1
f 2768/1423/1 3461/1424/1 6087/1425/1
f 3462/1426/1 2488/1427/1 6086/1428/1
f 3463/1429/1 3464/1430/1 6085/1431/1
f 3327/1432/1 3465/1433/1 6084/1434/1
f 3466/1435/1 1709/1436/1 6083/1437/1
f 3467/1438/1 3468/1439/1 6082/1440/1
f 3326/1441/1 3469/1442/1 6081/1443/1
f 3470/1444/1 2485/1445/1 6080/1446/1
f 3471/1447/1 3472/1448/1 6079/1449/1
f 2771/1450/1 3473/1451/1 6078/1452/1
f 3474/1453/1 2484/1454/1 6077/1455/1
f 3475/1456/1 3476/1457/1 6076/1458/1
f 3323/1459/1 3477/1460/1 6075/1461/1
f 3478/1462/1 1712/1463/1 6074/1464/1
f 3479/1465/1 3480/1466/1 6073/1467/1
f 3322/1468/1 3481/1469/1 6072/1470/1
f 3482/1471/1 2481/1472/1 6071/1473/1
f 3483/1474/1 3484/1475/1 6070/1476/1
f 2774/1477/1 3485/1478/1 6069/1479/1
f 3486/1480/1 2480/1481/1 6068/1482/1
f 3487/1483/1 3488/1484/1 6067/1485/1
f 3319/1486/1 3489/1487/1 6066/1488/1
f 3490/1489/1 1715/1490/1 6065/1491/1
f 3491/1492/1 3492/1493/1 6064/1494/1
f 3318/1495/1 3493/1496/1 6063/1497/1
f 3494/1498/1 2477/1499/1 6062/1500/1
f 3495/1501/1 3496/1502/1 6061/1503/1
f 2776/1504/1 3497/1505/1 6060/1506/1
f 3498/1507/1 2476/1508/1 6059/1509/1
f 3499/1510/1 3500/1511/1 6058/1512/1
f 3315/1513/1 3501/1514/1 6057/1515/1
f 3502/1516/1 1717/1517/1 6056/1518/1
f 3503/1519/1 3504/1520/1 6055/1521/1
f 3314/1522/1 3505/1523/1 6054/1524/1
f 3506/1525/1 2473/1526/1 6053/1527/1
f 3507/1528/1 3508/1529/1 6052/1530/1
f 2778/1531/1 3509/1532/1 6051/1533/1
f 3510/1534/1 2472/1535/1 6050/1536/1
f 3511/1537/1 3512/1538/1 6049/1539/1
f 3311/1540/1 3513/1541/1 6048/1542/1
f 3514/1543/1 1719/1544/1 6047/1545/1
f 3515/1546/1 3516/1547/1 6046/1548/1
f 3310/1549/1 3517/1550/1 6045/1551/1
f 3518/1552/1 2469/1553/1 6044/1554/1
f 3519/1555/1 3520/1556/1 6043/1557/1
f 2780/1558/1 3521/1559/1 6042/1560/1
f 3522/1561/1 2468/1562/1 6041/1563/1
f 3523/1564/1 3524/1565/1 6040/1566/1
f 3307/1567/1 3525/1568/1 6039/1569/1
f 3526/1570/1 1721/1571/1 6038/1572/1
f 3527/1573/1 3528/1574/1 6037/1575/1
f 3306/1576/1 3529/1577/1 6036/1578/1
f 3530/1579/1 2465/1580/1 6035/1581/1
f 3531/1582/1 3532/1583/1 6034/1584/1
f 2782/1585/1 3533/1586/1 6033/1587/1
f 3534/1588/1 2464/1589/1 6032/1590/1
f 3535/1591/1 3536/1592/1 6031/1593/1
f 3303/1594/1 3537/1595/1 6030/1596/1
f 3538/1597/1 1723/1598/1 6029/1599/1
f 3539/1600/1 3540/1601/1 6028/1602/1
f 3302/1603/1 3541/1604/1 6027/1605/1
f 3542/1606/1 2461/1607/1 6026/1608/1
f 3543/1609/1 3544/1610/1 6025/1611/1
f 2784/1612/1 3545/1613/1 6024/1614/1
f 3546/1615/1 2460/1616/1 6023/1617/1
f 3547/1618/1 3548/1619/1 6022/1620/1
f 3299/1621/1 3549/1622/1 6021/1623/1
f 3550/1624/1 1725/1625/1 6020/1626/1
f 3551/1627/1 3552/1628/1 6019/1629/1
f 3298/1630/1 3553/1631/1 6018/1632/1
f 3554/1633/1 2457/1634/1 6017/1635/1
f 3555/1636/1 3556/1637/1 6016/1638/1
f 2786/1639/1 3557/1640/1 6015/1641/1
f 3558/1642/1 2456/1643/1 6014/1644/1
f 3559/1645/1 3560/1646/1 6013/1647/1
f 3295/1648/1 3561/1649/1 6012/1650/1
f 3562/1651/1 1727/1652/1 6011/1653/1
f 3563/1654/1 3564/1655/1 6010/1656/1
f 3294/1657/1 3565/1658/1 6009/1659/1
f 3566/1660/1 2453/1661/1 6008/1662/1
f 3567/1663/1 3568/1664/1 6007/1665/1
f 2788/1666/1 3569/1667/1 6006/1668/1
f 3570/1669/1 2452/1670/1 6005/1671/1
f 3571/1672/1 3572/1673/1 6004/1674/1
f 3291/1675/1 3573/1676/1 6003/1677/1
f 3574/1678/1 1729/1679/1 6002/1680/1
f 3575/1681/1 3576/1682/1 6001/1683/1
f 3290/1684/1 3577/1685/1 6000/1686/1
f 3578/1687/1 2449/1688/1 5999/1689/1
f 3579/1690/1 3580/1691/1 5998/1692/1
f 2790/1693/1 3581/1694/1 5997/1695/1
f 3582/1696/1 2448/1697/1 5996/1698/1
f 3583/1699/1 3584/1700/1 5995/1701/1
f 3287/1702/1 3585/1703/1 5994/1704/1
f 3586/1705/1 1731/1706/1 5993/1707/1
f 3587/1708/1 3588/1709/1 5992/1710/1
f 3286/1711/1 3589/1712/1 5991/1713/1
f 3590/1714/1 2445/1715/1 5990/1716/1
f 3591/1717/1 3592/1718/1 5989/1719/1
f 2792/1720/1 3593/1721/1 5988/1722/1
f 3594/1723/1 2444/1724/1 5987/1725/1
f 3595/1726/1 3596/1727/1 5986/1728/1
f 3283/1729/1 3597/1730/1 5985/1731/1
f 3598/1732/1 1733/1733/1 5984/1734/1
f 3599/1735/1 3600/1736/1 5983/1737/1
f 3282/1738/1 3601/1739/1 5982/1740/1
f 3602/1741/1 2441/1742/1 5981/1743/1
f 3603/1744/1 3604/1745/1 5980/1746/1
f 2795/1747/1 3605/1748/1 5979/1749/1
f 3606/1750/1 2440/1751/1 5978/1752/1
f 3607/1753/1 3608/1754/1 5977/1755/1
f 3279/1756/1 3609/1757/1 5976/1758/1
f 3610/1759/1 1736/1760/1 5975/1761/1
f 3611/1762/1 3612/1763/1 5974/1764/1
f 3278/1765/1 3613/1766/1 5973/1767/1
f 3614/1768/1 2437/1769/1 5972/1770/1
f 3615/1771/1 3616/1772/1 5971/1773/1
f 2797/1774/1 3617/1775/1 5970/1776/1
f 3618/1777/1 2436/1778/1 5969/1779/1
f 3619/1780/1 3620/1781/1 5968/1782/1
f 3275/1783/1 3621/1784/1 5967/1785/1
f 3622/1786/1 1738/1787/1 5966/1788/1
f 3623/1789/1 3624/1790/1 5965/1791/1
f 3274/1792/1 3625/1793/1 5964/1794/1
f 3626/1795/1 2433/1796/1 5963/1797/1
f 3627/1798/1 3628/1799/1 5962/1800/1
f 2799/1801/1 3629/1802/1 5961/1803/1
f 3630/1804/1 2432/1805/1 5960/1806/1
f 3631/1807/1 3632/1808/1 5959/1809/1
f 3271/1810/1 3633/1811/1 5958/1812/1
f 3634/1813/1 1740/1814/1 5957/1815/1
f 3635/1816/1 3636/1817/1 5956/1818/1
f 3270/1819/1 3637/1820/1 5955/1821/1
f 3638/1822/1 2429/1823/1 5954/1824/1
f 3639/1825/1 3640/1826/1 5953/1827/1
f 2801/1828/1 3641/1829/1 5952/1830/1
f 3642/1831/1 2428/1832/1 5951/1833/1
f 3643/1834/1 3644/1835/1 5950/1836/1
f 3267/1837/1 3645/1838/1 5949/1839/1
f 3646/1840/1 1742/1841/1 5948/1842/1
f 3647/1843/1 3648/1844/1 5947/1845/1
f 3266/1846/1 3649/1847/1 5946/1848/1
f 3650/1849/1 2425/1850/1 5945/1851/1
f 3651/1852/1 3652/1853/1 5944/1854/1
f 2803/1855/1 3653/1856/1 5943/1857/1
f 3654/1858/1 2424/1859/1 5942/1860/1
f 3655/1861/1 3656/1862/1 5941/1863/1
f 3263/1864/1 3657/1865/1 5940/1866/1
f 3658/1867/1 1744/1868/1 5939/1869/1
f 3659/1870/1 3660/1871/1 5938/1872/1
f 3262/1873/1 3661/1874/1 5937/1875/1
f 3662/1876/1 2421/1877/1 5936/1878/1
f 3663/1879/1 3664/1880/1 5935/1881/1
f 2805/1882/1 3665/1883/1 5934/1884/1
f 3666/1885/1 2420/1886/1 5933/1887/1
f 3667/1888/1 3668/1889/1 5932/1890/1
f 3259/1891/1 3669/1892/1 5931/1893/1
f 3670/1894/1 1746/1895/1 5930/1896/1
f 3671/1897/1 3672/1898/1 5929/1899/1
f 3258/1900/1 3673/1901/1 5928/1902/1
f 3674/1903/1 2417/1904/1 5927/1905/1
f 3675/1906/1 3676/1907/1 5926/1908/1
f 2807/1909/1 3677/1910/1 5925/1911/1
f 3678/1912/1 2416/1913/1 5924/1914/1
f 3679/1915/1 3680/1916/1 5923/1917/1
f 3255/1918/1 3681/1919/1 5922/1920/1
f 3682/1921/1 1748/1922/1 5921/1923/1
f 3683/1924/1 3684/1925/1 5920/1926/1
f 3254/1927/1 3685/1928/1 5919/1929/1
f 3686/1930/1 2413/1931/1 5918/1932/1
f 3687/1933/1 3688/1934/1 5917/1935/1
f 2809/1936/1 3689/1937/1 5916/1938/1
f 3690/1939/1 2412/1940/1 5915/1941/1
f 3691/1942/1 3692/1943/1 5914/1944/1
f 3251/1945/1 3693/1946/1 5913/1947/1
f 3694/1948/1 1750/1949/1 5912/1950/1
f 3695/1951/1 3696/1952/1 5911/1953/1
f 3250/1954/1 3697/1955/1 5910/1956/1
f 3698/1957/1 2409/1958/1 5909/1959/1
f 3699/1960/1 3700/1961/1 5908/1962/1
f 2811/1963/1 3701/1964/1 5907/1965/1
f 3702/1966/1 2408/1967/1 5906/1968/1
f 3703/1969/1 3704/1970/1 5905/1971/1
f 3247/1972/1 3705/1973/1 5904/1974/1
f 3706/1975/1 1752/1976/1 5903/1977/1
f 3707/1978/1 3708/1979/1 5902/1980/1
f 3246/1981/1 3709/1982/1 5901/1983/1
f 3710/1984/1 2405/1985/1 5900/1986/1
f 3711/1987/1 3712/1988/1 5899/1989/1
f 2813/1990/1 3713/1991/1 5898/1992/1
f 3714/1993/1 2404/1994/1 5897/1995/1
f 3715/1996/1 3716/1997/1 5896/1998/1
f 3243/1999/1 3717/2000/1 5895/2001/1
f 3718/2002/1 1754/2003/1 5894/2004/1
f 3719/2005/1 3720/2006/1 5893/2007/1
f 3242/2008/1 3721/2009/1 5892/2010/1
f 3722/2011/1 2401/2012/1 5891/2013/1
f 3723/2014/1 3724/2015/1 5890/2016/1
f 2816/2017/1 3725/2018/1 5889/2019/1
f 3726/2020/1 2400/2021/1 5888/2022/1
f 3727/2023/1 3728/2024/1 5887/2025/1
f 3239/2026/1 3729/2027/1 5886/2028/1
f 3730/2029/1 1757/2030/1 5885/2031/1
f 3731/2032/1 3732/2033/1 5884/2034/1
f 3238/2035/1 3733/2036/1 5883/2037/1
f 3734/2038/1 2397/2039/1 5882/2040/1
f 3735/2041/1 3736/2042/1 5881/2043/1
f 2818/2044/1 3737/2045/1 5880/2046/1
f 3738/2047/1 2396/2048/1 5879/2049/1
f 3739/2050/1 3740/2051/1 5878/2052/1
f 3235/2053/1 3741/2054/1 5877/2055/1
f 3742/2056/1 1759/2057/1 5876/2058/1
f 3743/2059/1 3744/2060/1 5875/2061/1
f 3234/2062/1 3745/2063/1 5874/2064/1
f 3746/2065/1 2393/2066/1 5873/2067/1
f 3747/2068/1 3748/2069/1 5872/2070/1
f 2820/2071/1 3749/2072/1 5871/2073/1
f 3750/2074/1 2392/2075/1 5870/2076/1
f 3751/2077/1 3752/2078/1 5869/2079/1
f 3231/2080/1 3753/2081/1 5868/2082/1
f 3754/2083/1 1761/2084/1 5867/2085/1
f 3755/2086/1 3756/2087/1 5866/2088/1
f 3230/2089/1 3757/2090/1 5865/2091/1
f 3758/2092/1 2389/2093/1 5864/2094/1
f 3759/2095/1 3760/2096/1 5863/2097/1
f 2822/2098/1 3761/2099/1 5862/2100/1
f 3762/2101/1 2388/2102/1 5861/2103/1
f 3763/2104/1 3764/2105/1 5860/2106/1
f 3227/2107/1 3765/2108/1 5859/2109/1
f 3766/2110/1 1763/2111/1 5858/2112/1
f 3767/2113/1 3768/2114/1 5857/2115/1
f 3226/2116/1 3769/2117/1 5856/2118/1
f 3770/2119/1 2385/2120/1 5855/2121/1
f 3771/2122/1 3772/2123/1 5854/2124/1
f 2824/2125/1 3773/2126/1 5853/2127/1
f 3774/2128/1 2384/2129/1 5852/2130/1
f 3775/2131/1 3776/2132/1 5851/2133/1
f 3223/2134/1 3777/2135/1 5850/2136/1
f 3778/2137/1 1765/2138/1 5849/2139/1
f 3779/2140/1 3780/2141/1 5848/2142/1
f 3222/2143/1 3781/2144/1 5847/2145/1
f 3782/2146/1 2381/2147/1 5846/2148/1
f 3783/2149/1 3784/2150/1 5845/2151/1
f 2826/2152/1 3785/2153/1 5844/2154/1
f 3786/2155/1 2380/2156/1 5843/2157/1
f 3787/2158/1 3788/2159/1 5842/2160/1
f 3219/2161/1 3789/2162/1 5841/2163/1
f 3790/2164/1 1767/2165/1 5840/2166/1
f 3791/2167/1 3792/2168/1 5839/2169/1
f 3218/2170/1 3793/2171/1 5838/2172/1
f 3794/2173/1 2377/2174/1 5837/2175/1
f 3795/2176/1 3796/2177/1 5836/2178/1
f 2828/2179/1 3797/2180/1 5835/2181/1
f 3798/2182/1 2376/2183/1 5834/2184/1
f 3799/2185/1 3800/2186/1 5833/2187/1
f 3215/2188/1 3801/2189/1 5832/2190/1
f 3802/2191/1 1769/2192/1 5831/2193/1
f 3803/2194/1 3804/2195/1 5830/2196/1
f 3214/2197/1 3805/2198/1 5829/2199/1
f 3806/2200/1 2373/2201/1 5828/2202/1
f 3807/2203/1 3808/2204/1 5827/2205/1
f 2830/2206/1 3809/2207/1 5826/2208/1
f 3810/2209/1 2372/2210/1 5825/2211/1
f 3811/2212/1 3812/2213/1 5824/2214/1
f 3211/2215/1 3813/2216/1 5823/2217/1
f 3814/2218/1 1771/2219/1 5822/2220/1
f 3815/2221/1 3816/2222/1 5821/2223/1
f 3210/2224/1 3817/2225/1 5820/2226/1
f 3818/2227/1 2369/2228/1 5819/2229/1
f 3819/2230/1 3820/2231/1 5818/2232/1
f 2832/2233/1 3821/2234/1 5817/2235/1
f 3822/2236/1 2368/2237/1 5816/2238/1
f 3823/2239/1 3824/2240/1 5815/2241/1
f 3207/2242/1 3825/2243/1 5814/2244/1
f 3826/2245/1 1773/2246/1 5813/2247/1
f 3827/2248/1 3828/2249/1 5812/2250/1
f 3206/2251/1 3829/2252/1 5811/2253/1
f 3830/2254/1 2365/2255/1 5810/2256/1
f 3831/2257/1 3832/2258/1 5809/2259/1
f 2834/2260/1 3833/2261/1 5808/2262/1
f 3834/2263/1 2364/2264/1 5807/2265/1
f 3835/2266/1 3836/2267/1 5806/2268/1
f 3203/2269/1 3837/2270/1 5805/2271/1
f 3838/2272/1 1775/2273/1 5804/2274/1
f 3839/2275/1 3840/2276/1 5803/2277/1
f 3202/2278/1 3841/2279/1 5802/2280/1
f 3842/2281/1 2361/2282/1 5801/2283/1
f 3843/2284/1 3844/2285/1 5800/2286/1
f 2837/2287/1 3845/2288/1 5799/2289/1
f 3846/2290/1 2360/2291/1 5798/2292/1
f 3847/2293/1 3848/2294/1 5797/2295/1
f 3199/2296/1 3849/2297/1 5796/2298/1
f 3850/2299/1 1778/2300/1 5795/2301/1
f 3851/2302/1 3852/2303/1 5794/2304/1
f 3198/2305/1 3853/2306/1 5793/2307/1
f 3854/2308/1 2357/2309/1 5792/2310/1
f 3855/2311/1 3856/2312/1 5791/2313/1
f 2839/2314/1 3857/2315/1 5790/2316/1
f 3858/2317/1 2356/2318/1 5789/2319/1
f 3859/2320/1 3860/2321/1 5788/2322/1
f 3195/2323/1 3861/2324/1 5787/2325/1
f 3862/2326/1 1780/2327/1 5786/2328/1
f 3863/2329/1 3864/2330/1 5785/2331/1
f 3194/2332/1 3865/2333/1 5784/2334/1
f 3866/2335/1 2353/2336/1 5783/2337/1
f 3867/2338/1 3868/2339/1 5782/2340/1
f 2841/2341/1 3869/2342/1 5781/2343/1
f 3870/2344/1 2352/2345/1 5780/2346/1
f 3871/2347/1 3872/2348/1 5779/2349/1
f 3191/2350/1 3873/2351/1 5778/2352/1
f 3874/2353/1 1782/2354/1 5777/2355/1
f 3875/2356/1 3876/2357/1 5776/2358/1
f 3190/2359/1 3877/2360/1 5775/2361/1
f 3878/2362/1 2349/2363/1 5774/2364/1
f 3879/2365/1 3880/2366/1 5773/2367/1
f 2843/2368/1 3881/2369/1 5772/2370/1
f 3882/2371/1 2348/2372/1 5771/2373/1
f 3883/2374/1 3884/2375/1 5770/2376/1
f 3187/2377/1 3885/2378/1 5769/2379/1
f 3886/2380/1 1784/2381/1 5768/2382/1
f 3887/2383/1 3888/2384/1 5767/2385/1
f 3186/2386/1 3889/2387/1 5766/2388/1
f 3890/2389/1 2345/2390/1 5765/2391/1
f 3891/2392/1 3892/2393/1 5764/2394/1
f 2845/2395/1 3893/2396/1 5763/2397/1
f 3894/2398/1 2344/2399/1 5762/2400/1
f 3895/2401/1 3896/2402/1 5761/2403/1
f 3183/2404/1 3897/2405/1 5760/2406/1
f 3898/2407/1 1786/2408/1 5759/2409/1
f 3899/2410/1 3900/2411/1 5758/2412/1
f 3182/2413/1 3901/2414/1 5757/2415/1
f 3902/2416/1 2341/2417/1 5756/2418/1
f 3903/2419/1 3904/2420/1 5755/2421/1
f 2847/2422/1 3905/2423/1 5754/2424/1
f 3906/2425/1 2340/2426/1 5753/2427/1
f 3907/2428/1 3908/2429/1 5752/2430/1
f 3179/2431/1 3909/2432/1 5751/2433/1
f 3910/2434/1 1788/2435/1 5750/2436/1
f 3911/2437/1 3912/2438/1 5749/2439/1
f 3178/2440/1 3913/2441/1 5748/2442/1
f 3914/2443/1 2337/2444/1 5747/2445/1
f 3915/2446/1 3916/2447/1 5746/2448/1
f 2849/2449/1 3917/2450/1 5745/2451/1
f 3918/2452/1 2336/2453/1 5744/2454/1
f 3919/2455/1 3920/2456/1 5743/2457/1
f 3175/2458/1 3921/2459/1 5742/2460/1
f 3922/2461/1 1790/2462/1 5741/2463/1
f 3923/2464/1 3924/2465/1 5740/2466/1
f 3174/2467/1 3925/2468/1 5739/2469/1
f 3926/2470/1 2333/2471/1 5738/2472/1
f 3927/2473/1 3928/2474/1 5737/2475/1
f 2851/2476/1 3929/2477/1 5736/2478/1
f 3930/2479/1 2332/2480/1 5735/2481/1
f 3931/2482/1 3932/2483/1 5734/2484/1
f 3171/2485/1 3933/2486/1 5733/2487/1
f 3934/2488/1 1792/2489/1 5732/2490/1
f 3935/2491/1 3936/2492/1 5731/2493/1
f 3170/2494/1 3937/2495/1 5730/2496/1
f 3938/2497/1 2329/2498/1 5729/2499/1
f 3939/2500/1 3940/2501/1 5728/2502/1
f 2853/2503/1 3941/2504/1 5727/2505/1
f 3942/2506/1 2328/2507/1 5726/2508/1
f 3943/2509/1 3944/2510/1 5725/2511/1
f 3167/2512/1 3945/2513/1 5724/2514/1
f 3946/2515/1 1794/2516/1 5723/2517/1
f 3947/2518/1 3948/2519/1 5722/2520/1
f 3166/2521/1 3949/2522/1 5721/2523/1
f 3950/2524/1 2325/2525/1 5720/2526/1
f 3951/2527/1 3952/2528/1 5719/2529/1
f 2855/2530/1 3953/2531/1 5718/2532/1
f 3954/2533/1 2324/2534/1 5717/2535/1
f 3955/2536/1 3956/2537/1 5716/2538/1
f 3163/2539/1 3957/2540/1 5715/2541/1
f 3958/2542/1 1796/2543/1 5714/2544/1
f 3959/2545/1 3960/2546/1 5713/2547/1
f 3162/2548/1 3961/2549/1 5712/2550/1
f 3962/2551/1 2321/2552/1 5711/2553/1
f 3963/2554/1 3964/2555/1 5710/2556/1
f 2858/2557/1 3965/2558/1 5709/2559/1
f 3966/2560/1 2320/2561/1 5708/2562/1
f 3967/2563/1 3968/2564/1 5707/2565/1
f 3159/2566/1 3969/2567/1 5706/2568/1
f 3970/2569/1 1799/2570/1 5705/2571/1
f 3971/2572/1 3972/2573/1 5704/2574/1
f 3158/2575/1 3973/2576/1 5703/2577/1
f 3974/2578/1 2317/2579/1 5702/2580/1
f 3975/2581/1 3976/2582/1 5701/2583/1
f 2860/2584/1 3977/2585/1 5700/2586/1
f 3978/2587/1 2316/2588/1 5699/2589/1
f 3979/2590/1 3980/2591/1 5698/2592/1
f 3155/2593/1 3981/2594/1 5697/2595/1
f 3982/2596/1 1801/2597/1 5696/2598/1
f 3983/2599/1 3984/2600/1 5695/2601/1
f 3154/2602/1 3985/2603/1 5694/2604/1
f 3986/2605/1 2313/2606/1 5693/2607/1
f 3987/2608/1 3988/2609/1 5692/2610/1
f 2862/2611/1 3989/2612/1 5691/2613/1
f 3990/2614/1 2312/2615/1 5690/2616/1
f 3991/2617/1 3992/2618/1 5689/2619/1
f 3151/2620/1 3993/2621/1 5688/2622/1
f 3994/2623/1 1803/2624/1 5687/2625/1
f 3995/2626/1 3996/2627/1 5686/2628/1
f 3150/2629/1 3997/2630/1 5685/2631/1
f 3998/2632/1 2309/2633/1 5684/2634/1
f 3999/2635/1 4000/2636/1 5683/2637/1
f 2864/2638/1 4001/2639/1 5682/2640/1
f 4002/2641/1 2308/2642/1 5681/2643/1
f 4003/2644/1 4004/2645/1 5680/2646/1
f 3147/2647/1 4005/2648/1 5679/2649/1
f 4006/2650/1 1805/2651/1 5678/2652/1
f 4007/2653/1 4008/2654/1 5677/2655/1
f 3146/2656/1 4009/2657/1 5676/2658/1
f 4010/2659/1 2305/2660/1 5675/2661/1
f 4011/2662/1 4012/2663/1 5674/2664/1
f 2866/2665/1 4013/2666/1 5673/2667/1
f 4014/2668/1 2304/2669/1 5672/2670/1
f 4015/2671/1 4016/2672/1 5671/2673/1
f 3143/2674/1 4017/2675/1 5670/2676/1
f 4018/2677/1 1807/2678/1 5669/2679/1
f 4019/2680/1 4020/2681/1 5668/2682/1
f 3142/2683/1 4021/2684/1 5667/2685/1
f 4022/2686/1 2301/2687/1 5666/2688/1
f 4023/2689/1 4024/2690/1 5665/2691/1
f 2868/2692/1 4025/2693/1 5664/2694/1
f 4026/2695/1 2300/2696/1 5663/2697/1
f 4027/2698/1 4028/2699/1 5662/2700/1
f 3139/2701/1 4029/2702/1 5661/2703/1
f 4030/2704/1 1809/2705/1 5660/2706/1
f 4031/2707/1 4032/2708/1 5659/2709/1
f 3138/2710/1 4033/2711/1 5658/2712/1
f 4034/2713/1 2297/2714/1 5657/2715/1
f 4035/2716/1 4036/2717/1 5656/2718/1
f 2870/2719/1 4037/2720/1 5655/2721/1
f 4038/2722/1 2296/2723/1 5654/2724/1
f 4039/2725/1 4040/2726/1 5653/2727/1
f 3135/2728/1 4041/2729/1 5652/2730/1
f 4042/2731/1 1811/2732/1 5651/2733/1
f 4043/2734/1 4044/2735/1 5650/2736/1
f 3134/2737/1 4045/2738/1 5649/2739/1
f 4046/2740/1 2293/2741/1 5648/2742/1
f 4047/2743/1 4048/2744/1 5647/2745/1
f 2872/2746/1 4049/2747/1 5646/2748/1
f 4050/2749/1 2292/2750/1 5645/2751/1
f 4051/2752/1 4052/2753/1 5644/2754/1
f 3131/2755/1 4053/2756/1 5643/2757/1
f 4054/2758/1 1813/2759/1 5642/2760/1
f 4055/2761/1 4056/2762/1 5641/2763/1
f 3130/2764/1 4057/2765/1 5640/2766/1
f 4058/2767/1 2289/2768/1 5639/2769/1
f 4059/2770/1 4060/2771/1 5638/2772/1
f 2874/2773/1 4061/2774/1 5637/2775/1
f 4062/2776/1 2288/2777/1 5636/2778/1
f 4063/2779/1 4064/2780/1 5635/2781/1
f 3127/2782/1 4065/2783/1 5634/2784/1
f 4066/2785/1 1815/2786/1 5633/2787/1
f 4067/2788/1 4068/2789/1 5632/2790/1
f 3126/2791/1 4069/2792/1 5631/2793/1
f 4070/2794/1 2285/2795/1 5630/2796/1
f 4071/2797/1 4072/2798/1 5629/2799/1
f 2876/2800/1 4073/2801/1 5628/2802/1
f 4074/2803/1 2284/2804/1 5627/2805/1
f 4075/2806/1 4076/2807/1 5626/2808/1
f 3123/2809/1 4077/2810/1 5625/2811/1
f 4078/2812/1 1817/2813/1 5624/2814/1
f 4079/2815/1 4080/2816/1 5623/2817/1
f 3122/2818/1 4081/2819/1 5622/2820/1
f 4082/2821/1 2281/2822/1 5621/2823/1
f 4083/2824/1 4084/2825/1 5620/2826/1
f 2879/2827/1 4085/2828/1 5619/2829/1
f 4086/2830/1 2280/2831/1 5618/2832/1
f 4087/2833/1 4088/2834/1 5617/2835/1
f 3119/2836/1 4089/2837/1 5616/2838/1
f 4090/2839/1 1820/2840/1 5615/2841/1
f 4091/2842/1 4092/2843/1 5614/2844/1
f 3118/2845/1 4093/2846/1 5613/2847/1
f 4094/2848/1 2277/2849/1 5612/2850/1
f 4095/2851/1 4096/2852/1 5611/2853/1
f 2881/2854/1 4097/2855/1 5610/2856/1
f 4098/2857/1 2276/2858/1 5609/2859/1
f 4099/2860/1 4100/2861/1 5608/2862/1
f 3115/2863/1 4101/2864/1 5607/2865/1
f 4102/2866/1 1822/2867/1 5606/2868/1
f 4103/2869/1 4104/2870/1 5605/2871/1
f 3114/2872/1 4105/2873/1 5604/2874/1
f 4106/2875/1 2273/2876/1 5603/2877/1
f 4107/2878/1 4108/2879/1 5602/2880/1
f 2883/2881/1 4109/2882/1 5601/2883/1
f 4110/2884/1 2272/2885/1 5600/2886/1
f 4111/2887/1 4112/2888/1 5599/2889/1
f 3111/2890/1 4113/2891/1 5598/2892/1
f 4114/2893/1 1824/2894/1 5597/2895/1
f 4115/2896/1 4116/2897/1 5596/2898/1
f 3110/2899/1 4117/2900/1 5595/2901/1
f 4118/2902/1 2269/2903/1 5594/2904/1
f 4119/2905/1 4120/2906/1 5593/2907/1
f 2885/2908/1 4121/2909/1 5592/2910/1
f 4122/2911/1 2268/2912/1 5591/2913/1
f 4123/2914/1 4124/2915/1 5590/2916/1
f 3107/2917/1 4125/2918/1 5589/2919/1
f 4126/2920/1 1826/2921/1 5588/2922/1
f 4127/2923/1 4128/2924/1 5587/2925/1
f 3106/2926/1 4129/2927/1 5586/2928/1
f 4130/2929/1 2265/2930/1 5585/2931/1
f 4131/2932/1 4132/2933/1 5584/2934/1
f 2887/2935/1 4133/2936/1 5583/2937/1
f 4134/2938/1 2264/2939/1 5582/2940/1
f 4135/2941/1 4136/2942/1 5581/2943/1
f 3103/2944/1 4137/2945/1 5580/2946/1
f 4138/2947/1 1828/2948/1 5579/2949/1
f 4139/2950/1 4140/2951/1 5578/2952/1
f 3102/2953/1 4141/2954/1 5577/2955/1
f 4142/2956/1 2261/2957/1 5576/2958/1
f 4143/2959/1 4144/2960/1 5575/2961/1
f 2889/2962/1 4145/2963/1 5574/2964/1
f 4146/2965/1 2260/2966/1 5573/2967/1
f 4147/2968/1 4148/2969/1 5572/2970/1
f 3099/2971/1 4149/2972/1 5571/2973/1
f 4150/2974/1 1830/2975/1 5570/2976/1
f 4151/2977/1 4152/2978/1 5569/2979/1
f 3098/2980/1 4153/2981/1 5568/2982/1
f 4154/2983/1 2257/2984/1 5567/2985/1
f 4155/2986/1 4156/2987/1 5566/2988/1
f 2891/2989/1 4157/2990/1 5565/2991/1
f 4158/2992/1 2256/2993/1 5564/2994/1
f 4159/2995/1 4160/2996/1 5563/2997/1
f 3095/2998/1 4161/2999/1 5562/3000/1
f 4162/3001/1 1832/3002/1 5561/3003/1
f 4163/3004/1 4164/3005/1 5560/3006/1
f 3094/3007/1 4165/3008/1 5559/3009/1
f 4166/3010/1 2253/3011/1 5558/3012/1
f 4167/3013/1 4168/3014/1 5557/3015/1
f 2893/3016/1 4169/3017/1 5556/3018/1
f 4170/3019/1 2252/3020/1 5555/3021/1
f 4171/3022/1 4172/3023/1 5554/3024/1
f 3091/3025/1 4173/3026/1 5553/3027/1
f 4174/3028/1 1834/3029/1 5552/3030/1
f 4175/3031/1 4176/3032/1 5551/3033/1
f 3090/3034/1 4177/3035/1 5550/3036/1
f 4178/3037/1 2249/3038/1 5549/3039/1
f 4179/3040/1 4180/3041/1 5548/3042/1
f 2895/3043/1 4181/3044/1 5547/3045/1
f 4182/3046/1 2248/3047/1 5546/3048/1
f 4183/3049/1 4184/3050/1 5545/3051/1
f 3087/3052/1 4185/3053/1 5544/3054/1
f 4186/3055/1 1836/3056/1 5543/3057/1
f 4187/3058/1 4188/3059/1 5542/3060/1
f 3086/3061/1 4189/3062/1 5541/3063/1
f 4190/3064/1 2245/3065/1 5540/3066/1
f 4191/3067/1 4192/3068/1 5539/3069/1
f 2897/3070/1 4193/3071/1 5538/3072/1
f 4194/3073/1 2244/3074/1 5537/3075/1
f 4195/3076/1 4196/3077/1 5536/3078/1
f 3083/3079/1 4197/3080/1 5535/3081/1
f 4198/3082/1 1838/3083/1 5534/3084/1
f 4199/3085/1 4200/3086/1 5533/3087/1
f 3082/3088/1 4201/3089/1 5532/3090/1
f 4202/3091/1 2241/3092/1 5531/3093/1
f 4203/3094/1 4204/3095/1 5530/3096/1
f 2900/3097/1 4205/3098/1 5529/3099/1
f 4206/3100/1 2240/3101/1 5528/3102/1
f 4207/3103/1 4208/3104/1 5527/3105/1
f 3079/3106/1 4209/3107/1 5526/3108/1
f 4210/3109/1 1841/3110/1 5525/3111/1
f 4211/3112/1 4212/3113/1 5524/3114/1
f 3078/3115/1 4213/3116/1 5523/3117/1
f 4214/3118/1 2237/3119/1 5522/3120/1
f 4215/3121/1 4216/3122/1 5521/3123/1
f 2902/3124/1 4217/3125/1 5520/3126/1
f 4218/3127/1 2236/3128/1 5519/3129/1
f 4219/3130/1 4220/3131/1 5518/3132/1
f 3075/3133/1 4221/3134/1 5517/3135/1
f 4222/3136/1 1843/3137/1 5516/3138/1
f 4223/3139/1 4224/3140/1 5515/3141/1
f 3074/3142/1 4225/3143/1 5514/3144/1
f 4226/3145/1 2233/3146/1 5513/3147/1
f 4227/3148/1 4228/3149/1 5512/3150/1
f 2904/3151/1 4229/3152/1 5511/3153/1
f 4230/3154/1 2232/3155/1 5510/3156/1
f 4231/3157/1 4232/3158/1 5509/3159/1
f 3071/3160/1 4233/3161/1 5508/3162/1
f 4234/3163/1 1845/3164/1 5507/3165/1
f 4235/3166/1 4236/3167/1 5506/3168/1
f 3070/3169/1 4237/3170/1 5505/3171/1
f 4238/3172/1 2229/3173/1 5504/3174/1
f 4239/3175/1 4240/3176/1 5503/3177/1
f 2906/3178/1 4241/3179/1 5502/3180/1
f 4242/3181/1 2228/3182/1 5501/3183/1
f 4243/3184/1 4244/3185/1 5500/3186/1
f 3067/3187/1 4245/3188/1 5499/3189/1
f 4246/3190/1 1847/3191/1 5498/3192/1
f 4247/3193/1 4248/3194/1 5497/3195/1
f 3066/3196/1 4249/3197/1 5496/3198/1
f 4250/3199/1 2225/3200/1 5495/3201/1
f 4251/3202/1 4252/3203/1 5494/3204/1
f 2908/3205/1 4253/3206/1 5493/3207/1
f 4254/3208/1 2224/3209/1 5492/3210/1
f 4255/3211/1 4256/3212/1 5491/3213/1
f 3063/3214/1 4257/3215/1 5490/3216/1
f 4258/3217/1 1849/3218/1 5489/3219/1
f 4259/3220/1 4260/3221/1 5488/3222/1
f 3062/3223/1 4261/3224/1 5487/3225/1
f 4262/3226/1 2221/3227/1 5486/3228/1
f 4263/3229/1 4264/3230/1 5485/3231/1
f 2910/3232/1 4265/3233/1 5484/3234/1
f 4266/3235/1 2220/3236/1 5483/3237/1
f 4267/3238/1 4268/3239/1 5482/3240/1
f 3059/3241/1 4269/3242/1 5481/3243/1
f 4270/3244/1 1851/3245/1 5480/3246/1
f 4271/3247/1 4272/3248/1 5479/3249/1
f 3058/3250/1 4273/3251/1 5478/3252/1
f 4274/3253/1 2217/3254/1 5477/3255/1
f 4275/3256/1 4276/3257/1 5476/3258/1
f 2912/3259/1 4277/3260/1 5475/3261/1
f 4278/3262/1 2216/3263/1 5474/3264/1
f 4279/3265/1 4280/3266/1 5473/3267/1
f 3055/3268/1 4281/3269/1 5472/3270/1
f 4282/3271/1 1853/3272/1 5471/3273/1
f 4283/3274/1 4284/3275/1 5470/3276/1
f 3054/3277/1 4285/3278/1 5469/3279/1
f 4286/3280/1 2213/3281/1 5468/3282/1
f 4287/3283/1 4288/3284/1 5467/3285/1
f 2914/3286/1 4289/3287/1 5466/3288/1
f 4290/3289/1 2212/3290/1 5465/3291/1
f 4291/3292/1 4292/3293/1 5464/3294/1
f 3051/3295/1 4293/3296/1 5463/3297/1
f 4294/3298/1 1855/3299/1 5462/3300/1
f 4295/3301/1 4296/3302/1 5461/3303/1
f 3050/3304/1 4297/3305/1 5460/3306/1
f 4298/3307/1 2209/3308/1 5459/3309/1
f 4299/3310/1 4300/3311/1 5458/3312/1
f 2916/3313/1 4301/3314/1 5457/3315/1
f 4302/3316/1 2208/3317/1 5456/3318/1
f 4303/3319/1 4304/3320/1 5455/3321/1
f 3047/3322/1 4305/3323/1 5454/3324/1
f 4306/3325/1 1857/3326/1 5453/3327/1
f 4307/3328/1 4308/3329/1 5452/3330/1
f 3046/3331/1 4309/3332/1 5451/3333/1
f 4310/3334/1 2205/3335/1 5450/3336/1
f 4311/3337/1 4312/3338/1 5449/3339/1
f 2918/3340/1 4313/3341/1 5448/3342/1
f 4314/3343/1 2204/3344/1 5447/3345/1
f 4315/3346/1 4316/3347/1 5446/3348/1
f 3043/3349/1 4317/3350/1 5445/3351/1
f 4318/3352/1 1859/3353/1 5444/3354/1
f 4319/3355/1 4320/3356/1 5443/3357/1
f 3042/3358/1 4321/3359/1 5442/3360/1
f 4322/3361/1 2201/3362/1 5441/3363/1
f 4323/3364/1 4324/3365/1 5440/3366/1
f 2921/3367/1 4325/3368/1 5439/3369/1
f 4326/3370/1 2200/3371/1 5438/3372/1
f 4327/3373/1 4328/3374/1 5437/3375/1
f 3039/3376/1 4329/3377/1 5436/3378/1
f 4330/3379/1 1862/3380/1 5435/3381/1
f 4331/3382/1 4332/3383/1 5434/3384/1
f 3038/3385/1 4333/3386/1 5433/3387/1
f 4334/3388/1 2197/3389/1 5432/3390/1
f 4335/3391/1 4336/3392/1 5431/3393/1
f 2923/3394/1 4337/3395/1 5430/3396/1
f 4338/3397/1 2196/3398/1 5429/3399/1
f 4339/3400/1 4340/3401/1 5428/3402/1
f 3035/3403/1 4341/3404/1 5427/3405/1
f 4342/3406/1 1864/3407/1 5426/3408/1
f 4343/3409/1 4344/3410/1 5425/3411/1
f 3034/3412/1 4345/3413/1 5424/3414/1
f 4346/3415/1 2193/3416/1 5423/3417/1
f 4347/3418/1 4348/3419/1 5422/3420/1
f 2925/3421/1 4349/3422/1 5421/3423/1
f 4350/3424/1 2192/3425/1 5420/3426/1
f 4351/3427/1 4352/3428/1 5419/3429/1
f 3031/3430/1 4353/3431/1 5418/3432/1
f 4354/3433/1 1866/3434/1 5417/3435/1
f 4355/3436/1 4356/3437/1 5416/3438/1
f 3030/3439/1 4357/3440/1 5415/3441/1
f 4358/3442/1 2189/3443/1 5414/3444/1
f 4359/3445/1 4360/3446/1 5413/3447/1
f 2927/3448/1 4361/3449/1 5412/3450/1
f 4362/3451/1 2188/3452/1 5411/3453/1
f 4363/3454/1 4364/3455/1 5410/3456/1
f 3027/3457/1 4365/3458/1 5409/3459/1
f 4366/3460/1 1868/3461/1 5408/3462/1
f 4367/3463/1 4368/3464/1 5407/3465/1
f 3026/3466/1 4369/3467/1 5406/3468/1
f 4370/3469/1 2185/3470/1 5405/3471/1
f 4371/3472/1 4372/3473/1 5404/3474/1
f 2929/3475/1 4373/3476/1 5403/3477/1
f 4374/3478/1 2184/3479/1 5402/3480/1
f 4375/3481/1 4376/3482/1 5401/3483/1
f 3023/3484/1 4377/3485/1 5400/3486/1
f 4378/3487/1 1870/3488/1 5399/3489/1
f 4379/3490/1 4380/3491/1 5398/3492/1
f 3022/3493/1 4381/3494/1 5397/3495/1
f 4382/3496/1 2181/3497/1 5396/3498/1
f 4383/3499/1 4384/3500/1 5395/3501/1
f 2931/3502/1 4385/3503/1 5394/3504/1
f 4386/3505/1 2180/3506/1 5393/3507/1
f 4387/3508/1 4388/3509/1 5392/3510/1
f 3019/3511/1 4389/3512/1 5391/3513/1
f 4390/3514/1 1872/3515/1 5390/3516/1
f 4391/3517/1 4392/3518/1 5389/3519/1
f 3018/3520/1 4393/3521/1 5388/3522/1
f 4394/3523/1 2177/3524/1 5387/3525/1
f 4395/3526/1 4396/3527/1 5386/3528/1
f 2933/3529/1 4397/3530/1 5385/3531/1
f 4398/3532/1 2176/3533/1 5384/3534/1
f 4399/3535/1 4400/3536/1 5383/3537/1
f 3015/3538/1 4401/3539/1 5382/3540/1
f 4402/3541/1 1874/3542/1 5381/3543/1
f 4403/3544/1 4404/3545/1 5380/3546/1
f 3014/3547/1 4405/3548/1 5379/3549/1
f 4406/3550/1 2173/3551/1 5378/3552/1
f 4407/3553/1 4408/3554/1 5377/3555/1
f 2935/3556/1 4409/3557/1 5376/3558/1
f 4410/3559/1 2172/3560/1 5375/3561/1
f 4411/3562/1 4412/3563/1 5374/3564/1
f 3011/3565/1 4413/3566/1 5373/3567/1
f 4414/3568/1 1876/3569/1 5372/3570/1
f 4415/3571/1 4416/3572/1 5371/3573/1
f 3010/3574/1 4417/3575/1 5370/3576/1
f 4418/3577/1 2169/3578/1 5369/3579/1
f 4419/3580/1 4420/3581/1 5368/3582/1
f 2937/3583/1 4421/3584/1 5367/3585/1
f 4422/3586/1 2168/3587/1 5366/3588/1
f 4423/3589/1 4424/3590/1 5365/3591/1
f 3007/3592/1 4425/3593/1 5364/3594/1
f 4426/3595/1 1878/3596/1 5363/3597/1
f 4427/3598/1 4428/3599/1 5362/3600/1
f 3006/3601/1 4429/3602/1 5361/3603/1
f 4430/3604/1 2165/3605/1 5360/3606/1
f 4431/3607/1 4432/3608/1 5359/3609/1
f 2939/3610/1 4433/3611/1 5358/3612/1
f 4434/3613/1 2164/3614/1 5357/3615/1
f 4435/3616/1 4436/3617/1 5356/3618/1
f 3003/3619/1 4437/3620/1 5355/3621/1
f 4438/3622/1 1880/3623/1 5354/3624/1
f 4439/3625/1 4440/3626/1 5353/3627/1
f 3002/3628/1 4441/3629/1 5352/3630/1
f 4442/3631/1 2161/3632/1 5351/3633/1
f 4443/3634/1 4444/3635/1 5350/3636/1
f 2942/3637/1 4445/3638/1 5349/3639/1
f 4446/3640/1 2160/3641/1 5348/3642/1
f 4447/3643/1 4448/3644/1 5347/3645/1
f 2999/3646/1 4449/3647/1 5346/3648/1
f 4450/3649/1 1883/3650/1 5345/3651/1
f 4451/3652/1 4452/3653/1 5344/3654/1
f 2998/3655/1 4453/3656/1 5343/3657/1
f 4454/3658/1 2157/3659/1 5342/3660/1
f 4455/3661/1 4456/3662/1 5341/3663/1
f 2944/3664/1 4457/3665/1 5340/3666/1
f 4458/3667/1 2156/3668/1 5339/3669/1
f 4459/3670/1 4460/3671/1 5338/3672/1
f 2995/3673/1 4461/3674/1 5337/3675/1
f 4462/3676/1 1885/3677/1 5336/3678/1
f 4463/3679/1 4464/3680/1 5335/3681/1
f 2994/3682/1 4465/3683/1 5334/3684/1
f 4466/3685/1 2153/3686/1 5333/3687/1
f 4467/3688/1 4468/3689/1 5332/3690/1
f 2946/3691/1 4469/3692/1 5331/3693/1
f 4470/3694/1 2152/3695/1 5330/3696/1
f 4471/3697/1 4472/3698/1 5329/3699/1
f 2991/3700/1 4473/3701/1 5328/3702/1
f 4474/3703/1 1887/3704/1 5327/3705/1
f 4475/3706/1 4476/3707/1 5326/3708/1
f 2990/3709/1 4477/3710/1 5325/3711/1
f 4478/3712/1 2149/3713/1 5324/3714/1
f 4479/3715/1 4480/3716/1 5323/3717/1
f 2948/3718/1 4481/3719/1 5322/3720/1
f 4482/3721/1 2148/3722/1 5321/3723/1
f 4483/3724/1 4484/3725/1 5320/3726/1
f 2987/3727/1 4485/3728/1 5319/3729/1
f 4486/3730/1 1889/3731/1 5318/3732/1
f 4487/3733/1 4488/3734/1 5317/3735/1
f 2986/3736/1 4489/3737/1 5316/3738/1
f 4490/3739/1 2145/3740/1 5315/3741/1
f 4491/3742/1 4492/3743/1 5314/3744/1
f 2950/3745/1 4493/3746/1 5313/3747/1
f 4494/3748/1 2144/3749/1 5312/3750/1
f 4495/3751/1 4496/3752/1 5311/3753/1
f 2983/3754/1 4497/3755/1 5310/3756/1
f 4498/3757/1 1891/3758/1 5309/3759/1
f 4499/3760/1 4500/3761/1 5308/3762/1
f 2982/3763/1 4501/3764/1 5307/3765/1
f 4502/3766/1 2141/3767/1 5306/3768/1
f 4503/3769/1 4504/3770/1 5305/3771/1
f 2952/3772/1 4505/3773/1 5304/3774/1
f 4506/3775/1 2140/3776/1 5303/3777/1
f 4507/3778/1 4508/3779/1 5302/3780/1
f 2979/3781/1 4509/3782/1 5301/3783/1
f 4510/3784/1 1893/3785/1 5300/3786/1
f 4511/3787/1 4512/3788/1 5299/3789/1
f 2978/3790/1 4513/3791/1 5298/3792/1
f 4514/3793/1 2137/3794/1 5297/3795/1
f 4515/3796/1 4516/3797/1 5296/3798/1
f 2954/3799/1 4517/3800/1 5295/3801/1
f 4518/3802/1 2136/3803/1 5294/3804/1
f 4519/3805/1 4520/3806/1 5293/3807/1
f 2975/3808/1 4521/3809/1 5292/3810/1
f 4522/3811/1 1895/3812/1 5291/3813/1
f 4523/3814/1 4524/3815/1 5290/3816/1
f 2974/3817/1 4525/3818/1 5289/3819/1
f 4526/3820/1 2133/3821/1 5288/3822/1
f 4527/3823/1 4528/3824/1 5287/3825/1
f 2956/3826/1 4529/3827/1 5286/3828/1
f 4530/3829/1 2132/3830/1 5285/3831/1
f 4531/3832/1 4532/3833/1 5284/3834/1
f 2971/3835/1 4533/3836/1 5283/3837/1
f 4534/3838/1 1897/3839/1 5282/3840/1
f 4535/3841/1 4536/3842/1 5281/3843/1
f 2970/3844/1 4537/3845/1 5280/3846/1
f 4538/3847/1 2129/3848/1 5279/3849/1
f 4539/3850/1 4540/3851/1 5278/3852/1
f 2958/3853/1 4541/3854/1 5277/3855/1
f 4542/3856/1 2128/3857/1 5276/3858/1
f 4543/3859/1 4544/3860/1 5275/3861/1
f 2967/3862/1 4545/3863/1 5274/3864/1
f 4546/3865/1 1899/3866/1 5273/3867/1
f 4547/3868/1 4548/3869/1 5272/3870/1
f 2966/3871/1 4549/3872/1 5271/3873/1
f 4550/3874/1 2125/3875/1 5270/3876/1
f 4551/3877/1 4552/3878/1 5269/3879/1
f 2960/3880/1 4553/3881/1 5268/3882/1
f 4554/3883/1 2124/3884/1 5267/3885/1
f 4555/3886/1 4556/3887/1 5266/3888/1
f 2963/3889/1 4557/3890/1 5265/3891/1
f 4558/3892/1 1901/3893/1 5264/3894/1
f 4559/3895/1 4560/3896/1 5263/3897/1
f 2962/3898/1 4561/3899/1 5262/3900/1
f 4562/3901/1 2121/3902/1 5261/3903/1
f 4563/3904/1 4564/3905/1 5260/3906/1
f 2740/3907/1 4565/3908/1 5259/3909/1
f 4566/3910/1 2119/3911/1 5258/3912/1
f 4567/3913/1 4568/3914/1 5257/3915/1
f 2738/3916/1 4569/3917/1 5256/3918/1
f 4570/3919/1 2117/3920/1 5255/3921/1
f 4571/3922/1 4572/3923/1 5254/3924/1
f 2736/3925/1 4573/3926/1 5253/3927/1
f 4574/3928/1 2115/3929/1 5252/3930/1
f 4575/3931/1 4576/3932/1 5251/3933/1
f 2734/3934/1 4577/3935/1 5250/3936/1
f 4578/3937/1 2113/3938/1 5249/3939/1
f 4579/3940/1 4580/3941/1 5248/3942/1
f 2732/3943/1 4581/3944/1 5247/3945/1
f 4582/3946/1 2111/3947/1 5246/3948/1
f 4583/3949/1 4584/3950/1 5245/3951/1
f 2730/3952/1 4585/3953/1 5244/3954/1
f 4586/3955/1 2109/3956/1 5243/3957/1
f 4587/3958/1 4588/3959/1 5242/3960/1
f 2728/3961/1 4589/3962/1 5241/3963/1
f 4590/3964/1 2107/3965/1 5240/3966/1
f 4591/3967/1 4592/3968/1 5239/3969/1
f 2726/3970/1 4593/3971/1 5238/3972/1
f 4594/3973/1 2105/3974/1 5237/3975/1
f 4595/3976/1 4596/3977/1 5236/3978/1
f 2724/3979/1 4597/3980/1 5235/3981/1
f 4598/3982/1 2103/3983/1 5234/3984/1
f 4599/3985/1 4600/3986/1 5233/3987/1
f 2722/3988/1 4601/3989/1 5232/3990/1
f 4602/3991/1 2100/3992/1 5231/3993/1
f 4603/3994/1 4604/3995/1 5230/3996/1
f 2719/3997/1 4605/3998/1 5229/3999/1
f 4606/4000/1 2098/4001/1 5228/4002/1
f 4607/4003/1 4608/4004/1 5227/4005/1
f 2717/4006/1 4609/4007/1 5226/4008/1
f 4610/4009/1 2096/4010/1 5225/4011/1
f 4611/4012/1 4612/4013/1 5224/4014/1
f 2715/4015/1 4613/4016/1 5223/4017/1
f 4614/4018/1 2094/4019/1 5222/4020/1
f 4615/4021/1 4616/4022/1 5221/4023/1
f 2713/4024/1 4617/4025/1 5220/4026/1
f 4618/4027/1 2092/4028/1 5219/4029/1
f 4619/4030/1 4620/4031/1 5218/4032/1
f 2711/4033/1 4621/4034/1 5217/4035/1
f 4622/4036/1 2090/4037/1 5216/4038/1
f 4623/4039/1 4624/4040/1 5215/4041/1
f 2709/4042/1 4625/4043/1 5214/4044/1
f 4626/4045/1 2088/4046/1 5213/4047/1
f 4627/4048/1 4628/4049/1 5212/4050/1
f 2707/4051/1 4629/4052/1 5211/4053/1
f 4630/4054/1 2086/4055/1 5210/4056/1
f 4631/4057/1 4632/4058/1 5209/4059/1
f 2705/4060/1 4633/4061/1 5208/4062/1
f 4634/4063/1 2084/4064/1 5207/4065/1
f 4635/4066/1 4636/4067/1 5206/4068/1
f 2703/4069/1 4637/4070/1 5205/4071/1
f 4638/4072/1 2082/4073/1 5204/4074/1
f 4639/4075/1 4640/4076/1 5203/4077/1
f 2701/4078/1 4641/4079/1 5202/4080/1
f 4642/4081/1 2079/4082/1 5201/4083/1
f 4643/4084/1 4644/4085/1 5200/4086/1
f 2698/4087/1 4645/4088/1 5199/4089/1
f 4646/4090/1 2077/4091/1 5198/4092/1
f 4647/4093/1 4648/4094/1 5197/4095/1
f 2696/4096/1 4649/4097/1 5196/4098/1
f 4650/4099/1 2075/4100/1 5195/4101/1
f 4651/4102/1 4652/4103/1 5194/4104/1
f 2694/4105/1 4653/4106/1 5193/4107/1
f 4654/4108/1 2073/4109/1 5192/4110/1
f 4655/4111/1 4656/4112/1 5191/4113/1
f 2692/4114/1 4657/4115/1 5190/4116/1
f 4658/4117/1 2071/4118/1 5189/4119/1
f 4659/4120/1 4660/4121/1 5188/4122/1
f 2690/4123/1 4661/4124/1 5187/4125/1
f 4662/4126/1 2069/4127/1 5186/4128/1
f 4663/4129/1 4664/4130/1 5185/4131/1
f 2688/4132/1 4665/4133/1 5184/4134/1
f 4666/4135/1 2067/4136/1 5183/4137/1
f 4667/4138/1 4668/4139/1 5182/4140/1
f 2686/4141/1 4669/4142/1 5181/4143/1
f 4670/4144/1 2065/4145/1 5180/4146/1
f 4671/4147/1 4672/4148/1 5179/4149/1
f 2684/4150/1 4673/4151/1 5178/4152/1
f 4674/4153/1 2063/4154/1 5177/4155/1
f 4675/4156/1 4676/4157/1 5176/4158/1
f 2682/4159/1 4677/4160/1 5175/4161/1
f 4678/4162/1 2061/4163/1 5174/4164/1
f 4679/4165/1 4680/4166/1 5173/4167/1
f 2680/4168/1 4681/4169/1 5172/4170/1
f 4682/4171/1 2058/4172/1 5171/4173/1
f 4683/4174/1 4684/4175/1 5170/4176/1
f 2677/4177/1 4685/4178/1 5169/4179/1
f 4686/4180/1 2056/4181/1 5168/4182/1
f 4687/4183/1 4688/4184/1 5167/4185/1
f 2675/4186/1 4689/4187/1 5166/4188/1
f 4690/4189/1 2054/4190/1 5165/4191/1
f 4691/4192/1 4692/4193/1 5164/4194/1
f 2673/4195/1 4693/4196/1 5163/4197/1
f 4694/4198/1 2052/4199/1 5162/4200/1
f 4695/4201/1 4696/4202/1 5161/4203/1
f 2671/4204/1 4697/4205/1 5160/4206/1
f 4698/4207/1 2050/4208/1 5159/4209/1
f 4699/4210/1 4700/4211/1 5158/4212/1
f 2669/4213/1 4701/4214/1 5157/4215/1
f 4702/4216/1 2048/4217/1 5156/4218/1
f 4703/4219/1 4704/4220/1 5155/4221/1
f 2667/4222/1 4705/4223/1 5154/4224/1
f 4706/4225/1 2046/4226/1 5153/4227/1
f 4707/4228/1 4708/4229/1 5152/4230/1
f 2665/4231/1 4709/4232/1 5151/4233/1
f 4710/4234/1 2044/4235/1 5150/4236/1
f 4711/4237/1 4712/4238/1 5149/4239/1
f 2663/4240/1 4713/4241/1 5148/4242/1
f 4714/4243/1 2042/4244/1 5147/4245/1
f 4715/4246/1 4716/4247/1 5146/4248/1
f 2661/4249/1 4717/4250/1 5145/4251/1
f 4718/4252/1 2040/4253/1 5144/4254/1
f 4719/4255/1 4720/4256/1 5143/4257/1
f 2659/4258/1 4721/4259/1 5142/4260/1
f 4722/4261/1 2037/4262/1 5141/4263/1
f 4723/4264/1 4724/4265/1 5140/4266/1
f 2656/4267/1 4725/4268/1 5139/4269/1
f 4726/4270/1 2035/4271/1 5138/4272/1
f 4727/4273/1 4728/4274/1 5137/4275/1
f 2654/4276/1 4729/4277/1 5136/4278/1
f 4730/4279/1 2033/4280/1 5135/4281/1
f 4731/4282/1 4732/4283/1 5134/4284/1
f 2652/4285/1 4733/4286/1 5133/4287/1
f 4734/4288/1 2031/4289/1 5132/4290/1
f 4735/4291/1 4736/4292/1 5131/4293/1
f 2650/4294/1 4737/4295/1 5130/4296/1
f 4738/4297/1 2029/4298/1 5129/4299/1
f 4739/4300/1 4740/4301/1 5128/4302/1
f 2648/4303/1 4741/4304/1 5127/4305/1
f 4742/4306/1 2027/4307/1 5126/4308/1
f 4743/4309/1 4744/4310/1 5125/4311/1
f 2646/4312/1 4745/4313/1 5124/4314/1
f 4746/4315/1 2025/4316/1 5123/4317/1
f 4747/4318/1 4748/4319/1 5122/4320/1
f 2644/4321/1 4749/4322/1 5121/4323/1
f 4750/4324/1 2023/4325/1 5120/4326/1
f 4751/4327/1 4752/4328/1 5119/4329/1
f 2642/4330/1 4753/4331/1 5118/4332/1
f 4754/4333/1 2021/4334/1 5117/4335/1
f 4755/4336/1 4756/4337/1 5116/4338/1
f 2640/4339/1 4757/4340/1 5115/4341/1
f 4758/4342/1 2019/4343/1 5114/4344/1
f 4759/4345/1 4760/4346/1 5113/4347/1
f 2638/4348/1 4761/4349/1 5112/4350/1
f 4762/4351/1 2016/4352/1 5111/4353/1
f 4763/4354/1 4764/4355/1 5110/4356/1
f 2635/4357/1 4765/4358/1 5109/4359/1
f 4766/4360/1 2014/4361/1 5108/4362/1
f 4767/4363/1 4768/4364/1 5107/4365/1
f 2633/4366/1 4769/4367/1 5106/4368/1
f 4770/4369/1 2012/4370/1 5105/4371/1
f 4771/4372/1 4772/4373/1 5104/4374/1
f 2631/4375/1 4773/4376/1 5103/4377/1
f 4774/4378/1 2010/4379/1 5102/4380/1
f 4775/4381/1 4776/4382/1 5101/4383/1
f 2629/4384/1 4777/4385/1 5100/4386/1
f 4778/4387/1 2008/4388/1 5099/4389/1
f 4779/4390/1 4780/4391/1 5098/4392/1
f 2627/4393/1 4781/4394/1 5097/4395/1
f 4782/4396/1 2006/4397/1 5096/4398/1
f 4783/4399/1 4784/4400/1 5095/4401/1
f 2625/4402/1 4785/4403/1 5094/4404/1
f 4786/4405/1 2004/4406/1 5093/4407/1
f 4787/4408/1 4788/4409/1 5092/4410/1
f 2623/4411/1 4789/4412/1 5091/4413/1
f 4790/4414/1 2002/4415/1 5090/4416/1
f 4791/4417/1 4792/4418/1 5089/4419/1
f 2621/4420/1 4793/4421/1 5088/4422/1
f 4794/4423/1 2000/4424/1 5087/4425/1
f 4795/4426/1 4796/4427/1 5086/4428/1
f 2619/4429/1 4797/4430/1 5085/4431/1
f 4798/4432/1 1998/4433/1 5084/4434/1
f 4799/4435/1 4800/4436/1 5083/4437/1
f 2617/4438/1 4801/4439/1 5082/4440/1
f 4802/4441/1 1995/4442/1 5081/4443/1
f 4803/4444/1 4804/4445/1 5080/4446/1
f 2614/4447/1 4805/4448/1 5079/4449/1
f 4806/4450/1 1993/4451/1 5078/4452/1
f 4807/4453/1 4808/4454/1 5077/4455/1
f 2612/4456/1 4809/4457/1 5076/4458/1
f 4810/4459/1 1991/4460/1 5075/4461/1
f 4811/4462/1 4812/4463/1 5074/4464/1
f 2610/4465/1 4813/4466/1 5073/4467/1
f 4814/4468/1 1989/4469/1 5072/4470/1
f 4815/4471/1 4816/4472/1 5071/4473/1
f 2608/4474/1 4817/4475/1 5070/4476/1
f 4818/4477/1 1987/4478/1 5069/4479/1
f 4819/4480/1 4820/4481/1 5068/4482/1
f 2606/4483/1 4821/4484/1 5067/4485/1
f 4822/4486/1 1985/4487/1 5066/4488/1
f 4823/4489/1 4824/4490/1 5065/4491/1
f 2604/4492/1 4825/4493/1 5064/4494/1
f 4826/4495/1 1983/4496/1 5063/4497/1
f 4827/4498/1 4828/4499/1 5062/4500/1
f 2602/4501/1 4829/4502/1 5061/4503/1
f 4830/4504/1 1981/4505/1 5060/4506/1
f 4831/4507/1 4832/4508/1 5059/4509/1
f 2600/4510/1 4833/4511/1 5058/4512/1
f 4834/4513/1 1979/4514/1 5057/4515/1
f 4835/4516/1 4836/4517/1 5056/4518/1
f 2598/4519/1 4837/4520/1 5055/4521/1
f 4838/4522/1 1977/4523/1 5054/4524/1
f 4839/4525/1 4840/4526/1 5053/4527/1
f 2596/4528/1 4841/4529/1 5052/4530/1
f 4842/4531/1 1974/4532/1 5051/4533/1
f 4843/4534/1 4844/4535/1 5050/4536/1
f 2593/4537/1 4845/4538/1 5049/4539/1
f 4846/4540/1 1972/4541/1 5048/4542/1
f 4847/4543/1 4848/4544/1 5047/4545/1
f 2591/4546/1 4849/4547/1 5046/4548/1
f 4850/4549/1 1970/4550/1 5045/4551/1
f 4851/4552/1 4852/4553/1 5044/4554/1
f 2589/4555/1 4853/4556/1 5043/4557/1
f 4854/4558/1 1968/4559/1 5042/4560/1
f 4855/4561/1 4856/4562/1 5041/4563/1
f 2587/4564/1 4857/4565/1 5040/4566/1
f 4858/4567/1 1966/4568/1 5039/4569/1
f 4859/4570/1 4860/4571/1 5038/4572/1
f 2585/4573/1 4861/4574/1 5037/4575/1
f 4862/4576/1 1964/4577/1 5036/4578/1
f 4863/4579/1 4864/4580/1 5035/4581/1
f 2583/4582/1 4865/4583/1 5034/4584/1
f 4866/4585/1 1962/4586/1 5033/4587/1
f 4867/4588/1 4868/4589/1 5032/4590/1
f 2581/4591/1 4869/4592/1 5031/4593/1
f 4870/4594/1 1960/4595/1 5030/4596/1
f 4871/4597/1 4872/4598/1 5029/4599/1
f 2579/4600/1 4873/4601/1 5028/4602/1
f 4874/4603/1 1958/4604/1 5027/4605/1
f 4875/4606/1 4876/4607/1 5026/4608/1
f 2577/4609/1 4877/4610/1 5025/4611/1
f 4878/4612/1 1956/4613/1 5024/4614/1
f 4879/4615/1 4880/4616/1 5023/4617/1
f 2575/4618/1 4881/4619/1 5022/4620/1
f 4882/4621/1 1953/4622/1 5021/4623/1
f 4883/4624/1 4884/4625/1 5020/4626/1
f 2572/4627/1 4885/4628/1 5019/4629/1
f 4886/4630/1 1951/4631/1 5018/4632/1
f 4887/4633/1 4888/4634/1 5017/4635/1
f 2570/4636/1 4889/4637/1 5016/4638/1
f 4890/4639/1 1949/4640/1 5015/4641/1
f 4891/4642/1 4892/4643/1 5014/4644/1
f 2568/4645/1 4893/4646/1 5013/4647/1
f 4894/4648/1 1947/4649/1 5012/4650/1
f 4895/4651/1 4896/4652/1 5011/4653/1
f 2566/4654/1 4897/4655/1 5010/4656/1
f 4898/4657/1 1945/4658/1 5009/4659/1
f 4899/4660/1 4900/4661/1 5008/4662/1
f 2564/4663/1 4901/4664/1 5007/4665/1
f 4902/4666/1 1943/4667/1 5006/4668/1
f 4903/4669/1 4904/4670/1 5005/4671/1
f 2562/4672/1 4905/4673/1 5004/4674/1
f 4906/4675/1 1941/4676/1 5003/4677/1
f 4907/4678/1 4908/4679/1 5002/4680/1
f 2560/4681/1 4909/4682/1 5001/4683/1
f 4910/4684/1 1939/4685/1 5000/4686/1
f 4911/4687/1 4912/4688/1 4999/4689/1
f 2558/4690/1 4913/4691/1 4998/4692/1
f 4914/4693/1 1937/4694/1 4997/4695/1
f 4915/4696/1 4916/4697/1 4996/4698/1
f 2556/4699/1 4917/4700/1 4995/4701/1
f 4918/4702/1 1935/4703/1 4994/4704/1
f 4919/4705/1 4920/4706/1 4993/4707/1
f 2554/4708/1 4921/4709/1 4992/4710/1
f 4922/4711/1 1932/4712/1 4991/4713/1
f 4923/4714/1 4924/4715/1 4990/4716/1
f 2551/4717/1 4925/4718/1 4989/4719/1
f 4926/4720/1 1929/4721/1 4988/4722/1
f 4927/4723/1 4928/4724/1 4987/4725/1
f 2548/4726/1 4929/4727/1 4986/4728/1
f 4930/4729/1 1926/4730/1 4985/4731/1
f 4931/4732/1 4932/4733/1 4984/4734/1
f 2545/4735/1 4933/4736/1 4983/4737/1
f 4934/4738/1 1923/4739/1 4982/4740/1
f 4935/4741/1 4936/4742/1 4981/4743/1
f 2542/4744/1 4937/4745/1 4980/4746/1
f 4938/4747/1 1920/4748/1 4979/4749/1
f 4939/4750/1 4940/4751/1 4978/4752/1
f 2539/4753/1 4941/4754/1 4977/4755/1
f 4942/4756/1 1917/4757/1 4976/4758/1
f 4943/4759/1 4944/4760/1 4975/4761/1
f 2536/4762/1 4945/4763/1 4974/4764/1
f 4946/4765/1 1914/4766/1 4973/4767/1
f 4947/4768/1 4948/4769/1 4972/4770/1
f 2533/4771/1 4949/4772/1 4971/4773/1
f 4950/4774/1 1911/4775/1 4970/4776/1
f 4951/4777/1 4952/4778/1 4969/4779/1
f 2530/4780/1 4953/4781/1 4968/4782/1
f 4954/4783/1 1908/4784/1 4967/4785/1
f 4955/4786/1 4956/4787/1 4966/4788/1
f 2527/4789/1 4957/4790/1 4965/4791/1
f 4958/4792/1 1905/4793/1 4964/4794/1
f 4959/4795/1 4960/4796/1 4963/4797/1
f 2524/4798/1 4961/4799/1 4962/4800/1
f 4962/4800/1 1681/4801/1 4959/4795/1
f 3361/1199/1 4959/4795/1 1281/4802/1
f 124/4803/1 4962/4800/1 3361/1199/1
f 4963/4797/1 1278/4804/1 3358/1225/1
f 2521/1202/1 3358/1225/1 441/4805/1
f 1281/4802/1 4963/4797/1 2521/1202/1
f 4964/4794/1 125/4806/1 2518/1192/1
f 4960/4796/1 2518/1192/1 1278/4804/1
f 1681/4801/1 4964/4794/1 4960/4796/1
f 4965/4791/1 1680/4807/1 4955/4786/1
f 3357/1190/1 4955/4786/1 1277/4808/1
f 127/4809/1 4965/4791/1 3357/1190/1
f 4966/4788/1 1274/4810/1 3354/1252/1
f 2517/1229/1 3354/1252/1 440/4811/1
f 1277/4808/1 4966/4788/1 2517/1229/1
f 4967/4785/1 128/4812/1 2514/1183/1
f 4956/4787/1 2514/1183/1 1274/4810/1
f 1680/4807/1 4967/4785/1 4956/4787/1
f 4968/4782/1 1679/4813/1 4951/4777/1
f 3353/1181/1 4951/4777/1 1273/4814/1
f 130/4815/1 4968/4782/1 3353/1181/1
f 4969/4779/1 1270/4816/1 3350/1279/1
f 2513/1256/1 3350/1279/1 439/4817/1
f 1273/4814/1 4969/4779/1 2513/1256/1
f 4970/4776/1 131/4818/1 2510/1174/1
f 4952/4778/1 2510/1174/1 1270/4816/1
f 1679/4813/1 4970/4776/1 4952/4778/1
f 4971/4773/1 1678/4819/1 4947/4768/1
f 3349/1172/1 4947/4768/1 1269/4820/1
f 133/4821/1 4971/4773/1 3349/1172/1
f 4972/4770/1 1266/4822/1 3346/1306/1
f 2509/1283/1 3346/1306/1 438/4823/1
f 1269/4820/1 4972/4770/1 2509/1283/1
f 4973/4767/1 134/4824/1 2506/1165/1
f 4948/4769/1 2506/1165/1 1266/4822/1
f 1678/4819/1 4973/4767/1 4948/4769/1
f 4974/4764/1 1677/4825/1 4943/4759/1
f 3345/1163/1 4943/4759/1 1265/4826/1
f 136/4827/1 4974/4764/1 3345/1163/1
f 4975/4761/1 1262/4828/1 3342/1333/1
f 2505/1310/1 3342/1333/1 437/4829/1
f 1265/4826/1 4975/4761/1 2505/1310/1
f 4976/4758/1 137/4830/1 2502/1156/1
f 4944/4760/1 2502/1156/1 1262/4828/1
f 1677/4825/1 4976/4758/1 4944/4760/1
f 4977/4755/1 1676/4831/1 4939/4750/1
f 3341/1154/1 4939/4750/1 1261/4832/1
f 139/4833/1 4977/4755/1 3341/1154/1
f 4978/4752/1 1258/4834/1 3338/1360/1
f 2501/1337/1 3338/1360/1 436/4835/1
f 1261/4832/1 4978/4752/1 2501/1337/1
f 4979/4749/1 140/4836/1 2498/1147/1
f 4940/4751/1 2498/1147/1 1258/4834/1
f 1676/4831/1 4979/4749/1 4940/4751/1
f 4980/4746/1 1675/4837/1 4935/4741/1
f 3337/1145/1 4935/4741/1 1257/4838/1
f 142/4839/1 4980/4746/1 3337/1145/1
f 4981/4743/1 1254/4840/1 3334/1387/1
f 2497/1364/1 3334/1387/1 435/4841/1
f 1257/4838/1 4981/4743/1 2497/1364/1
f 4982/4740/1 143/4842/1 2494/1138/1
f 4936/4742/1 2494/1138/1 1254/4840/1
f 1675/4837/1 4982/4740/1 4936/4742/1
f 4983/4737/1 1674/4843/1 4931/4732/1
f 3333/1136/1 4931/4732/1 1253/4844/1
f 145/4845/1 4983/4737/1 3333/1136/1
f 4984/4734/1 1250/4846/1 3330/1414/1
f 2493/1391/1 3330/1414/1 434/4847/1
f 1253/4844/1 4984/4734/1 2493/1391/1
f 4985/4731/1 146/4848/1 2490/1129/1
f 4932/4733/1 2490/1129/1 1250/4846/1
f 1674/4843/1 4985/4731/1 4932/4733/1
f 4986/4728/1 1673/4849/1 4927/4723/1
f 3329/1127/1 4927/4723/1 1249/4850/1
f 148/4851/1 4986/4728/1 3329/1127/1
f 4987/4725/1 1246/4852/1 3326/1441/1
f 2489/1418/1 3326/1441/1 433/4853/1
f 1249/4850/1 4987/4725/1 2489/1418/1
f 4988/4722/1 149/4854/1 2486/1120/1
f 4928/4724/1 2486/1120/1 1246/4852/1
f 1673/4849/1 4988/4722/1 4928/4724/1
f 4989/4719/1 1672/4855/1 4923/4714/1
f 3325/1118/1 4923/4714/1 1245/4856/1
f 151/4857/1 4989/4719/1 3325/1118/1
f 4990/4716/1 1242/4858/1 3322/1468/1
f 2485/1445/1 3322/1468/1 432/4859/1
f 1245/4856/1 4990/4716/1 2485/1445/1
f 4991/4713/1 152/4860/1 2482/1111/1
f 4924/4715/1 2482/1111/1 1242/4858/1
f 1672/4855/1 4991/4713/1 4924/4715/1
f 4992/4710/1 1671/4861/1 4919/4705/1
f 3321/1109/1 4919/4705/1 1241/4862/1
f 154/4863/1 4992/4710/1 3321/1109/1
f 4993/4707/1 1238/4864/1 3318/1495/1
f 2481/1472/1 3318/1495/1 431/4865/1
f 1241/4862/1 4993/4707/1 2481/1472/1
f 4994/4704/1 155/4866/1 2478/1102/1
f 4920/4706/1 2478/1102/1 1238/4864/1
f 1671/4861/1 4994/4704/1 4920/4706/1
f 4995/4701/1 1670/4867/1 4915/4696/1
f 3317/1100/1 4915/4696/1 1237/4868/1
f 156/4869/1 4995/4701/1 3317/1100/1
f 4996/4698/1 1234/4870/1 3314/1522/1
f 2477/1499/1 3314/1522/1 430/4871/1
f 1237/4868/1 4996/4698/1 2477/1499/1
f 4997/4695/1 157/4872/1 2474/1093/1
f 4916/4697/1 2474/1093/1 1234/4870/1
f 1670/4867/1 4997/4695/1 4916/4697/1
f 4998/4692/1 1669/4873/1 4911/4687/1
f 3313/1091/1 4911/4687/1 1233/4874/1
f 158/4875/1 4998/4692/1 3313/1091/1
f 4999/4689/1 1230/4876/1 3310/1549/1
f 2473/1526/1 3310/1549/1 429/4877/1
f 1233/4874/1 4999/4689/1 2473/1526/1
f 5000/4686/1 159/4878/1 2470/1084/1
f 4912/4688/1 2470/1084/1 1230/4876/1
f 1669/4873/1 5000/4686/1 4912/4688/1
f 5001/4683/1 1668/4879/1 4907/4678/1
f 3309/1082/1 4907/4678/1 1229/4880/1
f 160/4881/1 5001/4683/1 3309/1082/1
f 5002/4680/1 1226/4882/1 3306/1576/1
f 2469/1553/1 3306/1576/1 428/4883/1
f 1229/4880/1 5002/4680/1 2469/1553/1
f 5003/4677/1 161/4884/1 2466/1075/1
f 4908/4679/1 2466/1075/1 1226/4882/1
f 1668/4879/1 5003/4677/1 4908/4679/1
f 5004/4674/1 1667/4885/1 4903/4669/1
f 3305/1073/1 4903/4669/1 1225/4886/1
f 162/4887/1 5004/4674/1 3305/1073/1
f 5005/4671/1 1222/4888/1 3302/1603/1
f 2465/1580/1 3302/1603/1 427/4889/1
f 1225/4886/1 5005/4671/1 2465/1580/1
f 5006/4668/1 163/4890/1 2462/1066/1
f 4904/4670/1 2462/1066/1 1222/4888/1
f 1667/4885/1 5006/4668/1 4904/4670/1
f 5007/4665/1 1666/4891/1 4899/4660/1
f 3301/1064/1 4899/4660/1 1221/4892/1
f 164/4893/1 5007/4665/1 3301/1064/1
f 5008/4662/1 1218/4894/1 3298/1630/1
f 2461/1607/1 3298/1630/1 426/4895/1
f 1221/4892/1 5008/4662/1 2461/1607/1
f 5009/4659/1 165/4896/1 2458/1057/1
f 4900/4661/1 2458/1057/1 1218/4894/1
f 1666/4891/1 5009/4659/1 4900/4661/1
f 5010/4656/1 1665/4897/1 4895/4651/1
f 3297/1055/1 4895/4651/1 1217/4898/1
f 166/4899/1 5010/4656/1 3297/1055/1
f 5011/4653/1 1214/4900/1 3294/1657/1
f 2457/1634/1 3294/1657/1 425/4901/1
f 1217/4898/1 5011/4653/1 2457/1634/1
f 5012/4650/1 167/4902/1 2454/1048/1
f 4896/4652/1 2454/1048/1 1214/4900/1
f 1665/4897/1 5012/4650/1 4896/4652/1
f 5013/4647/1 1664/4903/1 4891/4642/1
f 3293/1046/1 4891/4642/1 1213/4904/1
f 168/4905/1 5013/4647/1 3293/1046/1
f 5014/4644/1 1210/4906/1 3290/1684/1
f 2453/1661/1 3290/1684/1 424/4907/1
f 1213/4904/1 5014/4644/1 2453/1661/1
f 5015/4641/1 169/4908/1 2450/1039/1
f 4892/4643/1 2450/1039/1 1210/4906/1
f 1664/4903/1 5015/4641/1 4892/4643/1
f 5016/4638/1 1663/4909/1 4887/4633/1
f 3289/1037/1 4887/4633/1 1209/4910/1
f 170/4911/1 5016/4638/1 3289/1037/1
f 5017/4635/1 1206/4912/1 3286/1711/1
f 2449/1688/1 3286/1711/1 423/4913/1
f 1209/4910/1 5017/4635/1 2449/1688/1
f 5018/4632/1 171/4914/1 2446/1030/1
f 4888/4634/1 2446/1030/1 1206/4912/1
f 1663/4909/1 5018/4632/1 4888/4634/1
f 5019/4629/1 1662/4915/1 4883/4624/1
f 3285/1028/1 4883/4624/1 1205/4916/1
f 172/4917/1 5019/4629/1 3285/1028/1
f 5020/4626/1 1202/4918/1 3282/1738/1
f 2445/1715/1 3282/1738/1 422/4919/1
f 1205/4916/1 5020/4626/1 2445/1715/1
f 5021/4623/1 173/4920/1 2442/1021/1
f 4884/4625/1 2442/1021/1 1202/4918/1
f 1662/4915/1 5021/4623/1 4884/4625/1
f 5022/4620/1 1661/4921/1 4879/4615/1
f 3281/1019/1 4879/4615/1 1201/4922/1
f 175/4923/1 5022/4620/1 3281/1019/1
f 5023/4617/1 1198/4924/1 3278/1765/1
f 2441/1742/1 3278/1765/1 421/4925/1
f 1201/4922/1 5023/4617/1 2441/1742/1
f 5024/4614/1 176/4926/1 2438/1012/1
f 4880/4616/1 2438/1012/1 1198/4924/1
f 1661/4921/1 5024/4614/1 4880/4616/1
f 5025/4611/1 1660/4927/1 4875/4606/1
f 3277/1010/1 4875/4606/1 1197/4928/1
f 177/4929/1 5025/4611/1 3277/1010/1
f 5026/4608/1 1194/4930/1 3274/1792/1
f 2437/1769/1 3274/1792/1 420/4931/1
f 1197/4928/1 5026/4608/1 2437/1769/1
f 5027/4605/1 178/4932/1 2434/1003/1
f 4876/4607/1 2434/1003/1 1194/4930/1
f 1660/4927/1 5027/4605/1 4876/4607/1
f 5028/4602/1 1659/4933/1 4871/4597/1
f 3273/1001/1 4871/4597/1 1193/4934/1
f 179/4935/1 5028/4602/1 3273/1001/1
f 5029/4599/1 1190/4936/1 3270/1819/1
f 2433/1796/1 3270/1819/1 419/4937/1
f 1193/4934/1 5029/4599/1 2433/1796/1
f 5030/4596/1 180/4938/1 2430/994/1
f 4872/4598/1 2430/994/1 1190/4936/1
f 1659/4933/1 5030/4596/1 4872/4598/1
f 5031/4593/1 1658/4939/1 4867/4588/1
f 3269/992/1 4867/4588/1 1189/4940/1
f 181/4941/1 5031/4593/1 3269/992/1
f 5032/4590/1 1186/4942/1 3266/1846/1
f 2429/1823/1 3266/1846/1 418/4943/1
f 1189/4940/1 5032/4590/1 2429/1823/1
f 5033/4587/1 182/4944/1 2426/985/1
f 4868/4589/1 2426/985/1 1186/4942/1
f 1658/4939/1 5033/4587/1 4868/4589/1
f 5034/4584/1 1657/4945/1 4863/4579/1
f 3265/983/1 4863/4579/1 1185/4946/1
f 183/4947/1 5034/4584/1 3265/983/1
f 5035/4581/1 1182/4948/1 3262/1873/1
f 2425/1850/1 3262/1873/1 417/4949/1
f 1185/4946/1 5035/4581/1 2425/1850/1
f 5036/4578/1 184/4950/1 2422/976/1
f 4864/4580/1 2422/976/1 1182/4948/1
f 1657/4945/1 5036/4578/1 4864/4580/1
f 5037/4575/1 1656/4951/1 4859/4570/1
f 3261/974/1 4859/4570/1 1181/4952/1
f 185/4953/1 5037/4575/1 3261/974/1
f 5038/4572/1 1178/4954/1 3258/1900/1
f 2421/1877/1 3258/1900/1 416/4955/1
f 1181/4952/1 5038/4572/1 2421/1877/1
f 5039/4569/1 186/4956/1 2418/967/1
f 4860/4571/1 2418/967/1 1178/4954/1
f 1656/4951/1 5039/4569/1 4860/4571/1
f 5040/4566/1 1655/4957/1 4855/4561/1
f 3257/965/1 4855/4561/1 1177/4958/1
f 187/4959/1 5040/4566/1 3257/965/1
f 5041/4563/1 1174/4960/1 3254/1927/1
f 2417/1904/1 3254/1927/1 415/4961/1
f 1177/4958/1 5041/4563/1 2417/1904/1
f 5042/4560/1 188/4962/1 2414/958/1
f 4856/4562/1 2414/958/1 1174/4960/1
f 1655/4957/1 5042/4560/1 4856/4562/1
f 5043/4557/1 1654/4963/1 4851/4552/1
f 3253/956/1 4851/4552/1 1173/4964/1
f 189/4965/1 5043/4557/1 3253/956/1
f 5044/4554/1 1170/4966/1 3250/1954/1
f 2413/1931/1 3250/1954/1 414/4967/1
f 1173/4964/1 5044/4554/1 2413/1931/1
f 5045/4551/1 190/4968/1 2410/949/1
f 4852/4553/1 2410/949/1 1170/4966/1
f 1654/4963/1 5045/4551/1 4852/4553/1
f 5046/4548/1 1653/4969/1 4847/4543/1
f 3249/947/1 4847/4543/1 1169/4970/1
f 191/4971/1 5046/4548/1 3249/947/1
f 5047/4545/1 1166/4972/1 3246/1981/1
f 2409/1958/1 3246/1981/1 413/4973/1
f 1169/4970/1 5047/4545/1 2409/1958/1
f 5048/4542/1 192/4974/1 2406/940/1
f 4848/4544/1 2406/940/1 1166/4972/1
f 1653/4969/1 5048/4542/1 4848/4544/1
f 5049/4539/1 1652/4975/1 4843/4534/1
f 3245/938/1 4843/4534/1 1165/4976/1
f 193/4977/1 5049/4539/1 3245/938/1
f 5050/4536/1 1162/4978/1 3242/2008/1
f 2405/1985/1 3242/2008/1 412/4979/1
f 1165/4976/1 5050/4536/1 2405/1985/1
f 5051/4533/1 194/4980/1 2402/931/1
f 4844/4535/1 2402/931/1 1162/4978/1
f 1652/4975/1 5051/4533/1 4844/4535/1
f 5052/4530/1 1651/4981/1 4839/4525/1
f 3241/929/1 4839/4525/1 1161/4982/1
f 196/4983/1 5052/4530/1 3241/929/1
f 5053/4527/1 1158/4984/1 3238/2035/1
f 2401/2012/1 3238/2035/1 411/4985/1
f 1161/4982/1 5053/4527/1 2401/2012/1
f 5054/4524/1 197/4986/1 2398/922/1
f 4840/4526/1 2398/922/1 1158/4984/1
f 1651/4981/1 5054/4524/1 4840/4526/1
f 5055/4521/1 1650/4987/1 4835/4516/1
f 3237/920/1 4835/4516/1 1157/4988/1
f 198/4989/1 5055/4521/1 3237/920/1
f 5056/4518/1 1154/4990/1 3234/2062/1
f 2397/2039/1 3234/2062/1 410/4991/1
f 1157/4988/1 5056/4518/1 2397/2039/1
f 5057/4515/1 199/4992/1 2394/913/1
f 4836/4517/1 2394/913/1 1154/4990/1
f 1650/4987/1 5057/4515/1 4836/4517/1
f 5058/4512/1 1649/4993/1 4831/4507/1
f 3233/911/1 4831/4507/1 1153/4994/1
f 200/4995/1 5058/4512/1 3233/911/1
f 5059/4509/1 1150/4996/1 3230/2089/1
f 2393/2066/1 3230/2089/1 409/4997/1
f 1153/4994/1 5059/4509/1 2393/2066/1
f 5060/4506/1 201/4998/1 2390/904/1
f 4832/4508/1 2390/904/1 1150/4996/1
f 1649/4993/1 5060/4506/1 4832/4508/1
f 5061/4503/1 1648/4999/1 4827/4498/1
f 3229/902/1 4827/4498/1 1149/5000/1
f 202/5001/1 5061/4503/1 3229/902/1
f 5062/4500/1 1146/5002/1 3226/2116/1
f 2389/2093/1 3226/2116/1 408/5003/1
f 1149/5000/1 5062/4500/1 2389/2093/1
f 5063/4497/1 203/5004/1 2386/895/1
f 4828/4499/1 2386/895/1 1146/5002/1
f 1648/4999/1 5063/4497/1 4828/4499/1
f 5064/4494/1 1647/5005/1 4823/4489/1
f 3225/893/1 4823/4489/1 1145/5006/1
f 204/5007/1 5064/4494/1 3225/893/1
f 5065/4491/1 1142/5008/1 3222/2143/1
f 2385/2120/1 3222/2143/1 407/5009/1
f 1145/5006/1 5065/4491/1 2385/2120/1
f 5066/4488/1 205/5010/1 2382/886/1
f 4824/4490/1 2382/886/1 1142/5008/1
f 1647/5005/1 5066/4488/1 4824/4490/1
f 5067/4485/1 1646/5011/1 4819/4480/1
f 3221/884/1 4819/4480/1 1141/5012/1
f 206/5013/1 5067/4485/1 3221/884/1
f 5068/4482/1 1138/5014/1 3218/2170/1
f 2381/2147/1 3218/2170/1 406/5015/1
f 1141/5012/1 5068/4482/1 2381/2147/1
f 5069/4479/1 207/5016/1 2378/877/1
f 4820/4481/1 2378/877/1 1138/5014/1
f 1646/5011/1 5069/4479/1 4820/4481/1
f 5070/4476/1 1645/5017/1 4815/4471/1
f 3217/875/1 4815/4471/1 1137/5018/1
f 208/5019/1 5070/4476/1 3217/875/1
f 5071/4473/1 1134/5020/1 3214/2197/1
f 2377/2174/1 3214/2197/1 405/5021/1
f 1137/5018/1 5071/4473/1 2377/2174/1
f 5072/4470/1 209/5022/1 2374/868/1
f 4816/4472/1 2374/868/1 1134/5020/1
f 1645/5017/1 5072/4470/1 4816/4472/1
f 5073/4467/1 1644/5023/1 4811/4462/1
f 3213/866/1 4811/4462/1 1133/5024/1
f 210/5025/1 5073/4467/1 3213/866/1
f 5074/4464/1 1130/5026/1 3210/2224/1
f 2373/2201/1 3210/2224/1 404/5027/1
f 1133/5024/1 5074/4464/1 2373/2201/1
f 5075/4461/1 211/5028/1 2370/859/1
f 4812/4463/1 2370/859/1 1130/5026/1
f 1644/5023/1 5075/4461/1 4812/4463/1
f 5076/4458/1 1643/5029/1 4807/4453/1
f 3209/857/1 4807/4453/1 1129/5030/1
f 212/5031/1 5076/4458/1 3209/857/1
f 5077/4455/1 1126/5032/1 3206/2251/1
f 2369/2228/1 3206/2251/1 403/5033/1
f 1129/5030/1 5077/4455/1 2369/2228/1
f 5078/4452/1 213/5034/1 2366/850/1
f 4808/4454/1 2366/850/1 1126/5032/1
f 1643/5029/1 5078/4452/1 4808/4454/1
f 5079/4449/1 1642/5035/1 4803/4444/1
f 3205/848/1 4803/4444/1 1125/5036/1
f 214/5037/1 5079/4449/1 3205/848/1
f 5080/4446/1 1122/5038/1 3202/2278/1
f 2365/2255/1 3202/2278/1 402/5039/1
f 1125/5036/1 5080/4446/1 2365/2255/1
f 5081/4443/1 215/5040/1 2362/841/1
f 4804/4445/1 2362/841/1 1122/5038/1
f 1642/5035/1 5081/4443/1 4804/4445/1
f 5082/4440/1 1641/5041/1 4799/4435/1
f 3201/839/1 4799/4435/1 1121/5042/1
f 217/5043/1 5082/4440/1 3201/839/1
f 5083/4437/1 1118/5044/1 3198/2305/1
f 2361/2282/1 3198/2305/1 401/5045/1
f 1121/5042/1 5083/4437/1 2361/2282/1
f 5084/4434/1 218/5046/1 2358/832/1
f 4800/4436/1 2358/832/1 1118/5044/1
f 1641/5041/1 5084/4434/1 4800/4436/1
f 5085/4431/1 1640/5047/1 4795/4426/1
f 3197/830/1 4795/4426/1 1117/5048/1
f 219/5049/1 5085/4431/1 3197/830/1
f 5086/4428/1 1114/5050/1 3194/2332/1
f 2357/2309/1 3194/2332/1 400/5051/1
f 1117/5048/1 5086/4428/1 2357/2309/1
f 5087/4425/1 220/5052/1 2354/823/1
f 4796/4427/1 2354/823/1 1114/5050/1
f 1640/5047/1 5087/4425/1 4796/4427/1
f 5088/4422/1 1639/5053/1 4791/4417/1
f 3193/821/1 4791/4417/1 1113/5054/1
f 221/5055/1 5088/4422/1 3193/821/1
f 5089/4419/1 1110/5056/1 3190/2359/1
f 2353/2336/1 3190/2359/1 399/5057/1
f 1113/5054/1 5089/4419/1 2353/2336/1
f 5090/4416/1 222/5058/1 2350/814/1
f 4792/4418/1 2350/814/1 1110/5056/1
f 1639/5053/1 5090/4416/1 4792/4418/1
f 5091/4413/1 1638/5059/1 4787/4408/1
f 3189/812/1 4787/4408/1 1109/5060/1
f 223/5061/1 5091/4413/1 3189/812/1
f 5092/4410/1 1106/5062/1 3186/2386/1
f 2349/2363/1 3186/2386/1 398/5063/1
f 1109/5060/1 5092/4410/1 2349/2363/1
f 5093/4407/1 224/5064/1 2346/805/1
f 4788/4409/1 2346/805/1 1106/5062/1
f 1638/5059/1 5093/4407/1 4788/4409/1
f 5094/4404/1 1637/5065/1 4783/4399/1
f 3185/803/1 4783/4399/1 1105/5066/1
f 225/5067/1 5094/4404/1 3185/803/1
f 5095/4401/1 1102/5068/1 3182/2413/1
f 2345/2390/1 3182/2413/1 397/5069/1
f 1105/5066/1 5095/4401/1 2345/2390/1
f 5096/4398/1 226/5070/1 2342/796/1
f 4784/4400/1 2342/796/1 1102/5068/1
f 1637/5065/1 5096/4398/1 4784/4400/1
f 5097/4395/1 1636/5071/1 4779/4390/1
f 3181/794/1 4779/4390/1 1101/5072/1
f 227/5073/1 5097/4395/1 3181/794/1
f 5098/4392/1 1098/5074/1 3178/2440/1
f 2341/2417/1 3178/2440/1 396/5075/1
f 1101/5072/1 5098/4392/1 2341/2417/1
f 5099/4389/1 228/5076/1 2338/787/1
f 4780/4391/1 2338/787/1 1098/5074/1
f 1636/5071/1 5099/4389/1 4780/4391/1
f 5100/4386/1 1635/5077/1 4775/4381/1
f 3177/785/1 4775/4381/1 1097/5078/1
f 229/5079/1 5100/4386/1 3177/785/1
f 5101/4383/1 1094/5080/1 3174/2467/1
f 2337/2444/1 3174/2467/1 395/5081/1
f 1097/5078/1 5101/4383/1 2337/2444/1
f 5102/4380/1 230/5082/1 2334/778/1
f 4776/4382/1 2334/778/1 1094/5080/1
f 1635/5077/1 5102/4380/1 4776/4382/1
f 5103/4377/1 1634/5083/1 4771/4372/1
f 3173/776/1 4771/4372/1 1093/5084/1
f 231/5085/1 5103/4377/1 3173/776/1
f 5104/4374/1 1090/5086/1 3170/2494/1
f 2333/2471/1 3170/2494/1 394/5087/1
f 1093/5084/1 5104/4374/1 2333/2471/1
f 5105/4371/1 232/5088/1 2330/769/1
f 4772/4373/1 2330/769/1 1090/5086/1
f 1634/5083/1 5105/4371/1 4772/4373/1
f 5106/4368/1 1633/5089/1 4767/4363/1
f 3169/767/1 4767/4363/1 1089/5090/1
f 233/5091/1 5106/4368/1 3169/767/1
f 5107/4365/1 1086/5092/1 3166/2521/1
f 2329/2498/1 3166/2521/1 393/5093/1
f 1089/5090/1 5107/4365/1 2329/2498/1
f 5108/4362/1 234/5094/1 2326/760/1
f 4768/4364/1 2326/760/1 1086/5092/1
f 1633/5089/1 5108/4362/1 4768/4364/1
f 5109/4359/1 1632/5095/1 4763/4354/1
f 3165/758/1 4763/4354/1 1085/5096/1
f 235/5097/1 5109/4359/1 3165/758/1
f 5110/4356/1 1082/5098/1 3162/2548/1
f 2325/2525/1 3162/2548/1 392/5099/1
f 1085/5096/1 5110/4356/1 2325/2525/1
f 5111/4353/1 236/5100/1 2322/751/1
f 4764/4355/1 2322/751/1 1082/5098/1
f 1632/5095/1 5111/4353/1 4764/4355/1
f 5112/4350/1 1631/5101/1 4759/4345/1
f 3161/749/1 4759/4345/1 1081/5102/1
f 238/5103/1 5112/4350/1 3161/749/1
f 5113/4347/1 1078/5104/1 3158/2575/1
f 2321/2552/1 3158/2575/1 391/5105/1
f 1081/5102/1 5113/4347/1 2321/2552/1
f 5114/4344/1 239/5106/1 2318/742/1
f 4760/4346/1 2318/742/1 1078/5104/1
f 1631/5101/1 5114/4344/1 4760/4346/1
f 5115/4341/1 1630/5107/1 4755/4336/1
f 3157/740/1 4755/4336/1 1077/5108/1
f 240/5109/1 5115/4341/1 3157/740/1
f 5116/4338/1 1074/5110/1 3154/2602/1
f 2317/2579/1 3154/2602/1 390/5111/1
f 1077/5108/1 5116/4338/1 2317/2579/1
f 5117/4335/1 241/5112/1 2314/733/1
f 4756/4337/1 2314/733/1 1074/5110/1
f 1630/5107/1 5117/4335/1 4756/4337/1
f 5118/4332/1 1629/5113/1 4751/4327/1
f 3153/731/1 4751/4327/1 1073/5114/1
f 242/5115/1 5118/4332/1 3153/731/1
f 5119/4329/1 1070/5116/1 3150/2629/1
f 2313/2606/1 3150/2629/1 389/5117/1
f 1073/5114/1 5119/4329/1 2313/2606/1
f 5120/4326/1 243/5118/1 2310/724/1
f 4752/4328/1 2310/724/1 1070/5116/1
f 1629/5113/1 5120/4326/1 4752/4328/1
f 5121/4323/1 1628/5119/1 4747/4318/1
f 3149/722/1 4747/4318/1 1069/5120/1
f 244/5121/1 5121/4323/1 3149/722/1
f 5122/4320/1 1066/5122/1 3146/2656/1
f 2309/2633/1 3146/2656/1 388/5123/1
f 1069/5120/1 5122/4320/1 2309/2633/1
f 5123/4317/1 245/5124/1 2306/715/1
f 4748/4319/1 2306/715/1 1066/5122/1
f 1628/5119/1 5123/4317/1 4748/4319/1
f 5124/4314/1 1627/5125/1 4743/4309/1
f 3145/713/1 4743/4309/1 1065/5126/1
f 246/5127/1 5124/4314/1 3145/713/1
f 5125/4311/1 1062/5128/1 3142/2683/1
f 2305/2660/1 3142/2683/1 387/5129/1
f 1065/5126/1 5125/4311/1 2305/2660/1
f 5126/4308/1 247/5130/1 2302/706/1
f 4744/4310/1 2302/706/1 1062/5128/1
f 1627/5125/1 5126/4308/1 4744/4310/1
f 5127/4305/1 1626/5131/1 4739/4300/1
f 3141/704/1 4739/4300/1 1061/5132/1
f 248/5133/1 5127/4305/1 3141/704/1
f 5128/4302/1 1058/5134/1 3138/2710/1
f 2301/2687/1 3138/2710/1 386/5135/1
f 1061/5132/1 5128/4302/1 2301/2687/1
f 5129/4299/1 249/5136/1 2298/697/1
f 4740/4301/1 2298/697/1 1058/5134/1
f 1626/5131/1 5129/4299/1 4740/4301/1
f 5130/4296/1 1625/5137/1 4735/4291/1
f 3137/695/1 4735/4291/1 1057/5138/1
f 250/5139/1 5130/4296/1 3137/695/1
f 5131/4293/1 1054/5140/1 3134/2737/1
f 2297/2714/1 3134/2737/1 385/5141/1
f 1057/5138/1 5131/4293/1 2297/2714/1
f 5132/4290/1 251/5142/1 2294/688/1
f 4736/4292/1 2294/688/1 1054/5140/1
f 1625/5137/1 5132/4290/1 4736/4292/1
f 5133/4287/1 1624/5143/1 4731/4282/1
f 3133/686/1 4731/4282/1 1053/5144/1
f 252/5145/1 5133/4287/1 3133/686/1
f 5134/4284/1 1050/5146/1 3130/2764/1
f 2293/2741/1 3130/2764/1 384/5147/1
f 1053/5144/1 5134/4284/1 2293/2741/1
f 5135/4281/1 253/5148/1 2290/679/1
f 4732/4283/1 2290/679/1 1050/5146/1
f 1624/5143/1 5135/4281/1 4732/4283/1
f 5136/4278/1 1623/5149/1 4727/4273/1
f 3129/677/1 4727/4273/1 1049/5150/1
f 254/5151/1 5136/4278/1 3129/677/1
f 5137/4275/1 1046/5152/1 3126/2791/1
f 2289/2768/1 3126/2791/1 383/5153/1
f 1049/5150/1 5137/4275/1 2289/2768/1
f 5138/4272/1 255/5154/1 2286/670/1
f 4728/4274/1 2286/670/1 1046/5152/1
f 1623/5149/1 5138/4272/1 4728/4274/1
f 5139/4269/1 1622/5155/1 4723/4264/1
f 3125/668/1 4723/4264/1 1045/5156/1
f 256/5157/1 5139/4269/1 3125/668/1
f 5140/4266/1 1042/5158/1 3122/2818/1
f 2285/2795/1 3122/2818/1 382/5159/1
f 1045/5156/1 5140/4266/1 2285/2795/1
f 5141/4263/1 257/5160/1 2282/661/1
f 4724/4265/1 2282/661/1 1042/5158/1
f 1622/5155/1 5141/4263/1 4724/4265/1
f 5142/4260/1 1621/5161/1 4719/4255/1
f 3121/659/1 4719/4255/1 1041/5162/1
f 259/5163/1 5142/4260/1 3121/659/1
f 5143/4257/1 1038/5164/1 3118/2845/1
f 2281/2822/1 3118/2845/1 381/5165/1
f 1041/5162/1 5143/4257/1 2281/2822/1
f 5144/4254/1 260/5166/1 2278/652/1
f 4720/4256/1 2278/652/1 1038/5164/1
f 1621/5161/1 5144/4254/1 4720/4256/1
f 5145/4251/1 1620/5167/1 4715/4246/1
f 3117/650/1 4715/4246/1 1037/5168/1
f 261/5169/1 5145/4251/1 3117/650/1
f 5146/4248/1 1034/5170/1 3114/2872/1
f 2277/2849/1 3114/2872/1 380/5171/1
f 1037/5168/1 5146/4248/1 2277/2849/1
f 5147/4245/1 262/5172/1 2274/643/1
f 4716/4247/1 2274/643/1 1034/5170/1
f 1620/5167/1 5147/4245/1 4716/4247/1
f 5148/4242/1 1619/5173/1 4711/4237/1
f 3113/641/1 4711/4237/1 1033/5174/1
f 263/5175/1 5148/4242/1 3113/641/1
f 5149/4239/1 1030/5176/1 3110/2899/1
f 2273/2876/1 3110/2899/1 379/5177/1
f 1033/5174/1 5149/4239/1 2273/2876/1
f 5150/4236/1 264/5178/1 2270/634/1
f 4712/4238/1 2270/634/1 1030/5176/1
f 1619/5173/1 5150/4236/1 4712/4238/1
f 5151/4233/1 1618/5179/1 4707/4228/1
f 3109/632/1 4707/4228/1 1029/5180/1
f 265/5181/1 5151/4233/1 3109/632/1
f 5152/4230/1 1026/5182/1 3106/2926/1
f 2269/2903/1 3106/2926/1 378/5183/1
f 1029/5180/1 5152/4230/1 2269/2903/1
f 5153/4227/1 266/5184/1 2266/625/1
f 4708/4229/1 2266/625/1 1026/5182/1
f 1618/5179/1 5153/4227/1 4708/4229/1
f 5154/4224/1 1617/5185/1 4703/4219/1
f 3105/623/1 4703/4219/1 1025/5186/1
f 267/5187/1 5154/4224/1 3105/623/1
f 5155/4221/1 1022/5188/1 3102/2953/1
f 2265/2930/1 3102/2953/1 377/5189/1
f 1025/5186/1 5155/4221/1 2265/2930/1
f 5156/4218/1 268/5190/1 2262/616/1
f 4704/4220/1 2262/616/1 1022/5188/1
f 1617/5185/1 5156/4218/1 4704/4220/1
f 5157/4215/1 1616/5191/1 4699/4210/1
f 3101/614/1 4699/4210/1 1021/5192/1
f 269/5193/1 5157/4215/1 3101/614/1
f 5158/4212/1 1018/5194/1 3098/2980/1
f 2261/2957/1 3098/2980/1 376/5195/1
f 1021/5192/1 5158/4212/1 2261/2957/1
f 5159/4209/1 270/5196/1 2258/607/1
f 4700/4211/1 2258/607/1 1018/5194/1
f 1616/5191/1 5159/4209/1 4700/4211/1
f 5160/4206/1 1615/5197/1 4695/4201/1
f 3097/605/1 4695/4201/1 1017/5198/1
f 271/5199/1 5160/4206/1 3097/605/1
f 5161/4203/1 1014/5200/1 3094/3007/1
f 2257/2984/1 3094/3007/1 375/5201/1
f 1017/5198/1 5161/4203/1 2257/2984/1
f 5162/4200/1 272/5202/1 2254/598/1
f 4696/4202/1 2254/598/1 1014/5200/1
f 1615/5197/1 5162/4200/1 4696/4202/1
f 5163/4197/1 1614/5203/1 4691/4192/1
f 3093/596/1 4691/4192/1 1013/5204/1
f 273/5205/1 5163/4197/1 3093/596/1
f 5164/4194/1 1010/5206/1 3090/3034/1
f 2253/3011/1 3090/3034/1 374/5207/1
f 1013/5204/1 5164/4194/1 2253/3011/1
f 5165/4191/1 274/5208/1 2250/589/1
f 4692/4193/1 2250/589/1 1010/5206/1
f 1614/5203/1 5165/4191/1 4692/4193/1
f 5166/4188/1 1613/5209/1 4687/4183/1
f 3089/587/1 4687/4183/1 1009/5210/1
f 275/5211/1 5166/4188/1 3089/587/1
f 5167/4185/1 1006/5212/1 3086/3061/1
f 2249/3038/1 3086/3061/1 373/5213/1
f 1009/5210/1 5167/4185/1 2249/3038/1
f 5168/4182/1 276/5214/1 2246/580/1
f 4688/4184/1 2246/580/1 1006/5212/1
f 1613/5209/1 5168/4182/1 4688/4184/1
f 5169/4179/1 1612/5215/1 4683/4174/1
f 3085/578/1 4683/4174/1 1005/5216/1
f 277/5217/1 5169/4179/1 3085/578/1
f 5170/4176/1 1002/5218/1 3082/3088/1
f 2245/3065/1 3082/3088/1 372/5219/1
f 1005/5216/1 5170/4176/1 2245/3065/1
f 5171/4173/1 278/5220/1 2242/571/1
f 4684/4175/1 2242/571/1 1002/5218/1
f 1612/5215/1 5171/4173/1 4684/4175/1
f 5172/4170/1 1611/5221/1 4679/4165/1
f 3081/569/1 4679/4165/1 1001/5222/1
f 280/5223/1 5172/4170/1 3081/569/1
f 5173/4167/1 998/5224/1 3078/3115/1
f 2241/3092/1 3078/3115/1 371/5225/1
f 1001/5222/1 5173/4167/1 2241/3092/1
f 5174/4164/1 281/5226/1 2238/562/1
f 4680/4166/1 2238/562/1 998/5224/1
f 1611/5221/1 5174/4164/1 4680/4166/1
f 5175/4161/1 1610/5227/1 4675/4156/1
f 3077/560/1 4675/4156/1 997/5228/1
f 282/5229/1 5175/4161/1 3077/560/1
f 5176/4158/1 994/5230/1 3074/3142/1
f 2237/3119/1 3074/3142/1 370/5231/1
f 997/5228/1 5176/4158/1 2237/3119/1
f 5177/4155/1 283/5232/1 2234/553/1
f 4676/4157/1 2234/553/1 994/5230/1
f 1610/5227/1 5177/4155/1 4676/4157/1
f 5178/4152/1 1609/5233/1 4671/4147/1
f 3073/551/1 4671/4147/1 993/5234/1
f 284/5235/1 5178/4152/1 3073/551/1
f 5179/4149/1 990/5236/1 3070/3169/1
f 2233/3146/1 3070/3169/1 369/5237/1
f 993/5234/1 5179/4149/1 2233/3146/1
f 5180/4146/1 285/5238/1 2230/544/1
f 4672/4148/1 2230/544/1 990/5236/1
f 1609/5233/1 5180/4146/1 4672/4148/1
f 5181/4143/1 1608/5239/1 4667/4138/1
f 3069/542/1 4667/4138/1 989/5240/1
f 286/5241/1 5181/4143/1 3069/542/1
f 5182/4140/1 986/5242/1 3066/3196/1
f 2229/3173/1 3066/3196/1 368/5243/1
f 989/5240/1 5182/4140/1 2229/3173/1
f 5183/4137/1 287/5244/1 2226/535/1
f 4668/4139/1 2226/535/1 986/5242/1
f 1608/5239/1 5183/4137/1 4668/4139/1
f 5184/4134/1 1607/5245/1 4663/4129/1
f 3065/533/1 4663/4129/1 985/5246/1
f 288/5247/1 5184/4134/1 3065/533/1
f 5185/4131/1 982/5248/1 3062/3223/1
f 2225/3200/1 3062/3223/1 367/5249/1
f 985/5246/1 5185/4131/1 2225/3200/1
f 5186/4128/1 289/5250/1 2222/526/1
f 4664/4130/1 2222/526/1 982/5248/1
f 1607/5245/1 5186/4128/1 4664/4130/1
f 5187/4125/1 1606/5251/1 4659/4120/1
f 3061/524/1 4659/4120/1 981/5252/1
f 290/5253/1 5187/4125/1 3061/524/1
f 5188/4122/1 978/5254/1 3058/3250/1
f 2221/3227/1 3058/3250/1 366/5255/1
f 981/5252/1 5188/4122/1 2221/3227/1
f 5189/4119/1 291/5256/1 2218/517/1
f 4660/4121/1 2218/517/1 978/5254/1
f 1606/5251/1 5189/4119/1 4660/4121/1
f 5190/4116/1 1605/5257/1 4655/4111/1
f 3057/515/1 4655/4111/1 977/5258/1
f 292/5259/1 5190/4116/1 3057/515/1
f 5191/4113/1 974/5260/1 3054/3277/1
f 2217/3254/1 3054/3277/1 365/5261/1
f 977/5258/1 5191/4113/1 2217/3254/1
f 5192/4110/1 293/5262/1 2214/508/1
f 4656/4112/1 2214/508/1 974/5260/1
f 1605/5257/1 5192/4110/1 4656/4112/1
f 5193/4107/1 1604/5263/1 4651/4102/1
f 3053/506/1 4651/4102/1 973/5264/1
f 294/5265/1 5193/4107/1 3053/506/1
f 5194/4104/1 970/5266/1 3050/3304/1
f 2213/3281/1 3050/3304/1 364/5267/1
f 973/5264/1 5194/4104/1 2213/3281/1
f 5195/4101/1 295/5268/1 2210/499/1
f 4652/4103/1 2210/499/1 970/5266/1
f 1604/5263/1 5195/4101/1 4652/4103/1
f 5196/4098/1 1603/5269/1 4647/4093/1
f 3049/497/1 4647/4093/1 969/5270/1
f 296/5271/1 5196/4098/1 3049/497/1
f 5197/4095/1 966/5272/1 3046/3331/1
f 2209/3308/1 3046/3331/1 363/5273/1
f 969/5270/1 5197/4095/1 2209/3308/1
f 5198/4092/1 297/5274/1 2206/490/1
f 4648/4094/1 2206/490/1 966/5272/1
f 1603/5269/1 5198/4092/1 4648/4094/1
f 5199/4089/1 1602/5275/1 4643/4084/1
f 3045/488/1 4643/4084/1 965/5276/1
f 298/5277/1 5199/4089/1 3045/488/1
f 5200/4086/1 962/5278/1 3042/3358/1
f 2205/3335/1 3042/3358/1 362/5279/1
f 965/5276/1 5200/4086/1 2205/3335/1
f 5201/4083/1 299/5280/1 2202/481/1
f 4644/4085/1 2202/481/1 962/5278/1
f 1602/5275/1 5201/4083/1 4644/4085/1
f 5202/4080/1 1601/5281/1 4639/4075/1
f 3041/479/1 4639/4075/1 961/5282/1
f 301/5283/1 5202/4080/1 3041/479/1
f 5203/4077/1 958/5284/1 3038/3385/1
f 2201/3362/1 3038/3385/1 361/5285/1
f 961/5282/1 5203/4077/1 2201/3362/1
f 5204/4074/1 302/5286/1 2198/472/1
f 4640/4076/1 2198/472/1 958/5284/1
f 1601/5281/1 5204/4074/1 4640/4076/1
f 5205/4071/1 1600/5287/1 4635/4066/1
f 3037/470/1 4635/4066/1 957/5288/1
f 303/5289/1 5205/4071/1 3037/470/1
f 5206/4068/1 954/5290/1 3034/3412/1
f 2197/3389/1 3034/3412/1 360/5291/1
f 957/5288/1 5206/4068/1 2197/3389/1
f 5207/4065/1 304/5292/1 2194/463/1
f 4636/4067/1 2194/463/1 954/5290/1
f 1600/5287/1 5207/4065/1 4636/4067/1
f 5208/4062/1 1599/5293/1 4631/4057/1
f 3033/461/1 4631/4057/1 953/5294/1
f 305/5295/1 5208/4062/1 3033/461/1
f 5209/4059/1 950/5296/1 3030/3439/1
f 2193/3416/1 3030/3439/1 359/5297/1
f 953/5294/1 5209/4059/1 2193/3416/1
f 5210/4056/1 306/5298/1 2190/454/1
f 4632/4058/1 2190/454/1 950/5296/1
f 1599/5293/1 5210/4056/1 4632/4058/1
f 5211/4053/1 1598/5299/1 4627/4048/1
f 3029/452/1 4627/4048/1 949/5300/1
f 307/5301/1 5211/4053/1 3029/452/1
f 5212/4050/1 946/5302/1 3026/3466/1
f 2189/3443/1 3026/3466/1 358/5303/1
f 949/5300/1 5212/4050/1 2189/3443/1
f 5213/4047/1 308/5304/1 2186/445/1
f 4628/4049/1 2186/445/1 946/5302/1
f 1598/5299/1 5213/4047/1 4628/4049/1
f 5214/4044/1 1597/5305/1 4623/4039/1
f 3025/443/1 4623/4039/1 945/5306/1
f 309/5307/1 5214/4044/1 3025/443/1
f 5215/4041/1 942/5308/1 3022/3493/1
f 2185/3470/1 3022/3493/1 357/5309/1
f 945/5306/1 5215/4041/1 2185/3470/1
f 5216/4038/1 310/5310/1 2182/436/1
f 4624/4040/1 2182/436/1 942/5308/1
f 1597/5305/1 5216/4038/1 4624/4040/1
f 5217/4035/1 1596/5311/1 4619/4030/1
f 3021/434/1 4619/4030/1 941/5312/1
f 311/5313/1 5217/4035/1 3021/434/1
f 5218/4032/1 938/5314/1 3018/3520/1
f 2181/3497/1 3018/3520/1 356/5315/1
f 941/5312/1 5218/4032/1 2181/3497/1
f 5219/4029/1 312/5316/1 2178/427/1
f 4620/4031/1 2178/427/1 938/5314/1
f 1596/5311/1 5219/4029/1 4620/4031/1
f 5220/4026/1 1595/5317/1 4615/4021/1
f 3017/425/1 4615/4021/1 937/5318/1
f 313/5319/1 5220/4026/1 3017/425/1
f 5221/4023/1 934/5320/1 3014/3547/1
f 2177/3524/1 3014/3547/1 355/5321/1
f 937/5318/1 5221/4023/1 2177/3524/1
f 5222/4020/1 314/5322/1 2174/418/1
f 4616/4022/1 2174/418/1 934/5320/1
f 1595/5317/1 5222/4020/1 4616/4022/1
f 5223/4017/1 1594/5323/1 4611/4012/1
f 3013/416/1 4611/4012/1 933/5324/1
f 315/5325/1 5223/4017/1 3013/416/1
f 5224/4014/1 930/5326/1 3010/3574/1
f 2173/3551/1 3010/3574/1 354/5327/1
f 933/5324/1 5224/4014/1 2173/3551/1
f 5225/4011/1 316/5328/1 2170/409/1
f 4612/4013/1 2170/409/1 930/5326/1
f 1594/5323/1 5225/4011/1 4612/4013/1
f 5226/4008/1 1593/5329/1 4607/4003/1
f 3009/407/1 4607/4003/1 929/5330/1
f 317/5331/1 5226/4008/1 3009/407/1
f 5227/4005/1 926/5332/1 3006/3601/1
f 2169/3578/1 3006/3601/1 353/5333/1
f 929/5330/1 5227/4005/1 2169/3578/1
f 5228/4002/1 318/5334/1 2166/400/1
f 4608/4004/1 2166/400/1 926/5332/1
f 1593/5329/1 5228/4002/1 4608/4004/1
f 5229/3999/1 1592/5335/1 4603/3994/1
f 3005/398/1 4603/3994/1 925/5336/1
f 319/5337/1 5229/3999/1 3005/398/1
f 5230/3996/1 922/5338/1 3002/3628/1
f 2165/3605/1 3002/3628/1 352/5339/1
f 925/5336/1 5230/3996/1 2165/3605/1
f 5231/3993/1 320/5340/1 2162/391/1
f 4604/3995/1 2162/391/1 922/5338/1
f 1592/5335/1 5231/3993/1 4604/3995/1
f 5232/3990/1 1591/5341/1 4599/3985/1
f 3001/389/1 4599/3985/1 921/5342/1
f 322/5343/1 5232/3990/1 3001/389/1
f 5233/3987/1 918/5344/1 2998/3655/1
f 2161/3632/1 2998/3655/1 351/5345/1
f 921/5342/1 5233/3987/1 2161/3632/1
f 5234/3984/1 323/5346/1 2158/382/1
f 4600/3986/1 2158/382/1 918/5344/1
f 1591/5341/1 5234/3984/1 4600/3986/1
f 5235/3981/1 1590/5347/1 4595/3976/1
f 2997/380/1 4595/3976/1 917/5348/1
f 324/5349/1 5235/3981/1 2997/380/1
f 5236/3978/1 914/5350/1 2994/3682/1
f 2157/3659/1 2994/3682/1 350/5351/1
f 917/5348/1 5236/3978/1 2157/3659/1
f 5237/3975/1 325/5352/1 2154/373/1
f 4596/3977/1 2154/373/1 914/5350/1
f 1590/5347/1 5237/3975/1 4596/3977/1
f 5238/3972/1 1589/5353/1 4591/3967/1
f 2993/371/1 4591/3967/1 913/5354/1
f 326/5355/1 5238/3972/1 2993/371/1
f 5239/3969/1 910/5356/1 2990/3709/1
f 2153/3686/1 2990/3709/1 349/5357/1
f 913/5354/1 5239/3969/1 2153/3686/1
f 5240/3966/1 327/5358/1 2150/364/1
f 4592/3968/1 2150/364/1 910/5356/1
f 1589/5353/1 5240/3966/1 4592/3968/1
f 5241/3963/1 1588/5359/1 4587/3958/1
f 2989/362/1 4587/3958/1 909/5360/1
f 328/5361/1 5241/3963/1 2989/362/1
f 5242/3960/1 906/5362/1 2986/3736/1
f 2149/3713/1 2986/3736/1 348/5363/1
f 909/5360/1 5242/3960/1 2149/3713/1
f 5243/3957/1 329/5364/1 2146/355/1
f 4588/3959/1 2146/355/1 906/5362/1
f 1588/5359/1 5243/3957/1 4588/3959/1
f 5244/3954/1 1587/5365/1 4583/3949/1
f 2985/353/1 4583/3949/1 905/5366/1
f 330/5367/1 5244/3954/1 2985/353/1
f 5245/3951/1 902/5368/1 2982/3763/1
f 2145/3740/1 2982/3763/1 347/5369/1
f 905/5366/1 5245/3951/1 2145/3740/1
f 5246/3948/1 331/5370/1 2142/346/1
f 4584/3950/1 2142/346/1 902/5368/1
f 1587/5365/1 5246/3948/1 4584/3950/1
f 5247/3945/1 1586/5371/1 4579/3940/1
f 2981/344/1 4579/3940/1 901/5372/1
f 332/5373/1 5247/3945/1 2981/344/1
f 5248/3942/1 898/5374/1 2978/3790/1
f 2141/3767/1 2978/3790/1 346/5375/1
f 901/5372/1 5248/3942/1 2141/3767/1
f 5249/3939/1 333/5376/1 2138/337/1
f 4580/3941/1 2138/337/1 898/5374/1
f 1586/5371/1 5249/3939/1 4580/3941/1
f 5250/3936/1 1585/5377/1 4575/3931/1
f 2977/335/1 4575/3931/1 897/5378/1
f 334/5379/1 5250/3936/1 2977/335/1
f 5251/3933/1 894/5380/1 2974/3817/1
f 2137/3794/1 2974/3817/1 345/5381/1
f 897/5378/1 5251/3933/1 2137/3794/1
f 5252/3930/1 335/5382/1 2134/328/1
f 4576/3932/1 2134/328/1 894/5380/1
f 1585/5377/1 5252/3930/1 4576/3932/1
f 5253/3927/1 1584/5383/1 4571/3922/1
f 2973/326/1 4571/3922/1 893/5384/1
f 336/5385/1 5253/3927/1 2973/326/1
f 5254/3924/1 890/5386/1 2970/3844/1
f 2133/3821/1 2970/3844/1 344/5387/1
f 893/5384/1 5254/3924/1 2133/3821/1
f 5255/3921/1 337/5388/1 2130/319/1
f 4572/3923/1 2130/319/1 890/5386/1
f 1584/5383/1 5255/3921/1 4572/3923/1
f 5256/3918/1 1583/5389/1 4567/3913/1
f 2969/317/1 4567/3913/1 889/5390/1
f 338/5391/1 5256/3918/1 2969/317/1
f 5257/3915/1 886/5392/1 2966/3871/1
f 2129/3848/1 2966/3871/1 343/5393/1
f 889/5390/1 5257/3915/1 2129/3848/1
f 5258/3912/1 339/5394/1 2126/310/1
f 4568/3914/1 2126/310/1 886/5392/1
f 1583/5389/1 5258/3912/1 4568/3914/1
f 5259/3909/1 1582/5395/1 4563/3904/1
f 2965/308/1 4563/3904/1 885/5396/1
f 340/5397/1 5259/3909/1 2965/308/1
f 5260/3906/1 882/5398/1 2962/3898/1
f 2125/3875/1 2962/3898/1 342/5399/1
f 885/5396/1 5260/3906/1 2125/3875/1
f 5261/3903/1 341/5400/1 2122/301/1
f 4564/3905/1 2122/301/1 882/5398/1
f 1582/5395/1 5261/3903/1 4564/3905/1
f 5262/3900/1 1581/5401/1 4559/3895/1
f 2964/305/1 4559/3895/1 884/5402/1
f 342/5399/1 5262/3900/1 2964/305/1
f 5263/3897/1 658/5403/1 2738/3916/1
f 2124/3884/1 2738/3916/1 338/5391/1
f 884/5402/1 5263/3897/1 2124/3884/1
f 5264/3894/1 120/5404/1 1898/295/1
f 4560/3896/1 1898/295/1 658/5403/1
f 1581/5401/1 5264/3894/1 4560/3896/1
f 5265/3891/1 1580/5405/1 4555/3886/1
f 2720/392/1 4555/3886/1 640/5406/1
f 320/5340/1 5265/3891/1 2720/392/1
f 5266/3888/1 878/5407/1 2958/3853/1
f 1880/3623/1 2958/3853/1 109/5408/1
f 640/5406/1 5266/3888/1 1880/3623/1
f 5267/3885/1 338/5391/1 2118/316/1
f 4556/3887/1 2118/316/1 878/5407/1
f 1580/5405/1 5267/3885/1 4556/3887/1
f 5268/3882/1 1579/5409/1 4551/3877/1
f 2940/269/1 4551/3877/1 860/5410/1
f 110/5411/1 5268/3882/1 2940/269/1
f 5269/3879/1 883/5412/1 2963/3889/1
f 2100/3992/1 2963/3889/1 320/5340/1
f 860/5410/1 5269/3879/1 2100/3992/1
f 5270/3876/1 342/5399/1 2123/304/1
f 4552/3878/1 2123/304/1 883/5412/1
f 1579/5409/1 5270/3876/1 4552/3878/1
f 5271/3873/1 1578/5413/1 4547/3868/1
f 2968/314/1 4547/3868/1 888/5414/1
f 343/5393/1 5271/3873/1 2968/314/1
f 5272/3870/1 656/5415/1 2736/3925/1
f 2128/3857/1 2736/3925/1 336/5385/1
f 888/5414/1 5272/3870/1 2128/3857/1
f 5273/3867/1 119/5416/1 1896/292/1
f 4548/3869/1 1896/292/1 656/5415/1
f 1578/5413/1 5273/3867/1 4548/3869/1
f 5274/3864/1 1577/5417/1 4543/3859/1
f 2718/401/1 4543/3859/1 638/5418/1
f 318/5334/1 5274/3864/1 2718/401/1
f 5275/3861/1 876/5419/1 2956/3826/1
f 1878/3596/1 2956/3826/1 108/5420/1
f 638/5418/1 5275/3861/1 1878/3596/1
f 5276/3858/1 336/5385/1 2116/325/1
f 4544/3860/1 2116/325/1 876/5419/1
f 1577/5417/1 5276/3858/1 4544/3860/1
f 5277/3855/1 1576/5421/1 4539/3850/1
f 2938/266/1 4539/3850/1 858/5422/1
f 109/5408/1 5277/3855/1 2938/266/1
f 5278/3852/1 887/5423/1 2967/3862/1
f 2098/4001/1 2967/3862/1 318/5334/1
f 858/5422/1 5278/3852/1 2098/4001/1
f 5279/3849/1 343/5393/1 2127/313/1
f 4540/3851/1 2127/313/1 887/5423/1
f 1576/5421/1 5279/3849/1 4540/3851/1
f 5280/3846/1 1575/5424/1 4535/3841/1
f 2972/323/1 4535/3841/1 892/5425/1
f 344/5387/1 5280/3846/1 2972/323/1
f 5281/3843/1 654/5426/1 2734/3934/1
f 2132/3830/1 2734/3934/1 334/5379/1
f 892/5425/1 5281/3843/1 2132/3830/1
f 5282/3840/1 118/5427/1 1894/289/1
f 4536/3842/1 1894/289/1 654/5426/1
f 1575/5424/1 5282/3840/1 4536/3842/1
f 5283/3837/1 1574/5428/1 4531/3832/1
f 2716/410/1 4531/3832/1 636/5429/1
f 316/5328/1 5283/3837/1 2716/410/1
f 5284/3834/1 874/5430/1 2954/3799/1
f 1876/3569/1 2954/3799/1 107/5431/1
f 636/5429/1 5284/3834/1 1876/3569/1
f 5285/3831/1 334/5379/1 2114/334/1
f 4532/3833/1 2114/334/1 874/5430/1
f 1574/5428/1 5285/3831/1 4532/3833/1
f 5286/3828/1 1573/5432/1 4527/3823/1
f 2936/263/1 4527/3823/1 856/5433/1
f 108/5420/1 5286/3828/1 2936/263/1
f 5287/3825/1 891/5434/1 2971/3835/1
f 2096/4010/1 2971/3835/1 316/5328/1
f 856/5433/1 5287/3825/1 2096/4010/1
f 5288/3822/1 344/5387/1 2131/322/1
f 4528/3824/1 2131/322/1 891/5434/1
f 1573/5432/1 5288/3822/1 4528/3824/1
f 5289/3819/1 1572/5435/1 4523/3814/1
f 2976/332/1 4523/3814/1 896/5436/1
f 345/5381/1 5289/3819/1 2976/332/1
f 5290/3816/1 652/5437/1 2732/3943/1
f 2136/3803/1 2732/3943/1 332/5373/1
f 896/5436/1 5290/3816/1 2136/3803/1
f 5291/3813/1 117/5438/1 1892/286/1
f 4524/3815/1 1892/286/1 652/5437/1
f 1572/5435/1 5291/3813/1 4524/3815/1
f 5292/3810/1 1571/5439/1 4519/3805/1
f 2714/419/1 4519/3805/1 634/5440/1
f 314/5322/1 5292/3810/1 2714/419/1
f 5293/3807/1 872/5441/1 2952/3772/1
f 1874/3542/1 2952/3772/1 106/5442/1
f 634/5440/1 5293/3807/1 1874/3542/1
f 5294/3804/1 332/5373/1 2112/343/1
f 4520/3806/1 2112/343/1 872/5441/1
f 1571/5439/1 5294/3804/1 4520/3806/1
f 5295/3801/1 1570/5443/1 4515/3796/1
f 2934/260/1 4515/3796/1 854/5444/1
f 107/5431/1 5295/3801/1 2934/260/1
f 5296/3798/1 895/5445/1 2975/3808/1
f 2094/4019/1 2975/3808/1 314/5322/1
f 854/5444/1 5296/3798/1 2094/4019/1
f 5297/3795/1 345/5381/1 2135/331/1
f 4516/3797/1 2135/331/1 895/5445/1
f 1570/5443/1 5297/3795/1 4516/3797/1
f 5298/3792/1 1569/5446/1 4511/3787/1
f 2980/341/1 4511/3787/1 900/5447/1
f 346/5375/1 5298/3792/1 2980/341/1
f 5299/3789/1 650/5448/1 2730/3952/1
f 2140/3776/1 2730/3952/1 330/5367/1
f 900/5447/1 5299/3789/1 2140/3776/1
f 5300/3786/1 116/5449/1 1890/283/1
f 4512/3788/1 1890/283/1 650/5448/1
f 1569/5446/1 5300/3786/1 4512/3788/1
f 5301/3783/1 1568/5450/1 4507/3778/1
f 2712/428/1 4507/3778/1 632/5451/1
f 312/5316/1 5301/3783/1 2712/428/1
f 5302/3780/1 870/5452/1 2950/3745/1
f 1872/3515/1 2950/3745/1 105/5453/1
f 632/5451/1 5302/3780/1 1872/3515/1
f 5303/3777/1 330/5367/1 2110/352/1
f 4508/3779/1 2110/352/1 870/5452/1
f 1568/5450/1 5303/3777/1 4508/3779/1
f 5304/3774/1 1567/5454/1 4503/3769/1
f 2932/257/1 4503/3769/1 852/5455/1
f 106/5442/1 5304/3774/1 2932/257/1
f 5305/3771/1 899/5456/1 2979/3781/1
f 2092/4028/1 2979/3781/1 312/5316/1
f 852/5455/1 5305/3771/1 2092/4028/1
f 5306/3768/1 346/5375/1 2139/340/1
f 4504/3770/1 2139/340/1 899/5456/1
f 1567/5454/1 5306/3768/1 4504/3770/1
f 5307/3765/1 1566/5457/1 4499/3760/1
f 2984/350/1 4499/3760/1 904/5458/1
f 347/5369/1 5307/3765/1 2984/350/1
f 5308/3762/1 648/5459/1 2728/3961/1
f 2144/3749/1 2728/3961/1 328/5361/1
f 904/5458/1 5308/3762/1 2144/3749/1
f 5309/3759/1 115/5460/1 1888/280/1
f 4500/3761/1 1888/280/1 648/5459/1
f 1566/5457/1 5309/3759/1 4500/3761/1
f 5310/3756/1 1565/5461/1 4495/3751/1
f 2710/437/1 4495/3751/1 630/5462/1
f 310/5310/1 5310/3756/1 2710/437/1
f 5311/3753/1 868/5463/1 2948/3718/1
f 1870/3488/1 2948/3718/1 104/5464/1
f 630/5462/1 5311/3753/1 1870/3488/1
f 5312/3750/1 328/5361/1 2108/361/1
f 4496/3752/1 2108/361/1 868/5463/1
f 1565/5461/1 5312/3750/1 4496/3752/1
f 5313/3747/1 1564/5465/1 4491/3742/1
f 2930/254/1 4491/3742/1 850/5466/1
f 105/5453/1 5313/3747/1 2930/254/1
f 5314/3744/1 903/5467/1 2983/3754/1
f 2090/4037/1 2983/3754/1 310/5310/1
f 850/5466/1 5314/3744/1 2090/4037/1
f 5315/3741/1 347/5369/1 2143/349/1
f 4492/3743/1 2143/349/1 903/5467/1
f 1564/5465/1 5315/3741/1 4492/3743/1
f 5316/3738/1 1563/5468/1 4487/3733/1
f 2988/359/1 4487/3733/1 908/5469/1
f 348/5363/1 5316/3738/1 2988/359/1
f 5317/3735/1 646/5470/1 2726/3970/1
f 2148/3722/1 2726/3970/1 326/5355/1
f 908/5469/1 5317/3735/1 2148/3722/1
f 5318/3732/1 114/5471/1 1886/277/1
f 4488/3734/1 1886/277/1 646/5470/1
f 1563/5468/1 5318/3732/1 4488/3734/1
f 5319/3729/1 1562/5472/1 4483/3724/1
f 2708/446/1 4483/3724/1 628/5473/1
f 308/5304/1 5319/3729/1 2708/446/1
f 5320/3726/1 866/5474/1 2946/3691/1
f 1868/3461/1 2946/3691/1 103/5475/1
f 628/5473/1 5320/3726/1 1868/3461/1
f 5321/3723/1 326/5355/1 2106/370/1
f 4484/3725/1 2106/370/1 866/5474/1
f 1562/5472/1 5321/3723/1 4484/3725/1
f 5322/3720/1 1561/5476/1 4479/3715/1
f 2928/251/1 4479/3715/1 848/5477/1
f 104/5464/1 5322/3720/1 2928/251/1
f 5323/3717/1 907/5478/1 2987/3727/1
f 2088/4046/1 2987/3727/1 308/5304/1
f 848/5477/1 5323/3717/1 2088/4046/1
f 5324/3714/1 348/5363/1 2147/358/1
f 4480/3716/1 2147/358/1 907/5478/1
f 1561/5476/1 5324/3714/1 4480/3716/1
f 5325/3711/1 1560/5479/1 4475/3706/1
f 2992/368/1 4475/3706/1 912/5480/1
f 349/5357/1 5325/3711/1 2992/368/1
f 5326/3708/1 644/5481/1 2724/3979/1
f 2152/3695/1 2724/3979/1 324/5349/1
f 912/5480/1 5326/3708/1 2152/3695/1
f 5327/3705/1 113/5482/1 1884/274/1
f 4476/3707/1 1884/274/1 644/5481/1
f 1560/5479/1 5327/3705/1 4476/3707/1
f 5328/3702/1 1559/5483/1 4471/3697/1
f 2706/455/1 4471/3697/1 626/5484/1
f 306/5298/1 5328/3702/1 2706/455/1
f 5329/3699/1 864/5485/1 2944/3664/1
f 1866/3434/1 2944/3664/1 102/5486/1
f 626/5484/1 5329/3699/1 1866/3434/1
f 5330/3696/1 324/5349/1 2104/379/1
f 4472/3698/1 2104/379/1 864/5485/1
f 1559/5483/1 5330/3696/1 4472/3698/1
f 5331/3693/1 1558/5487/1 4467/3688/1
f 2926/248/1 4467/3688/1 846/5488/1
f 103/5475/1 5331/3693/1 2926/248/1
f 5332/3690/1 911/5489/1 2991/3700/1
f 2086/4055/1 2991/3700/1 306/5298/1
f 846/5488/1 5332/3690/1 2086/4055/1
f 5333/3687/1 349/5357/1 2151/367/1
f 4468/3689/1 2151/367/1 911/5489/1
f 1558/5487/1 5333/3687/1 4468/3689/1
f 5334/3684/1 1557/5490/1 4463/3679/1
f 2996/377/1 4463/3679/1 916/5491/1
f 350/5351/1 5334/3684/1 2996/377/1
f 5335/3681/1 642/5492/1 2722/3988/1
f 2156/3668/1 2722/3988/1 322/5343/1
f 916/5491/1 5335/3681/1 2156/3668/1
f 5336/3678/1 112/5493/1 1882/271/1
f 4464/3680/1 1882/271/1 642/5492/1
f 1557/5490/1 5336/3678/1 4464/3680/1
f 5337/3675/1 1556/5494/1 4459/3670/1
f 2704/464/1 4459/3670/1 624/5495/1
f 304/5292/1 5337/3675/1 2704/464/1
f 5338/3672/1 862/5496/1 2942/3637/1
f 1864/3407/1 2942/3637/1 101/5497/1
f 624/5495/1 5338/3672/1 1864/3407/1
f 5339/3669/1 322/5343/1 2102/388/1
f 4460/3671/1 2102/388/1 862/5496/1
f 1556/5494/1 5339/3669/1 4460/3671/1
f 5340/3666/1 1555/5498/1 4455/3661/1
f 2924/245/1 4455/3661/1 844/5499/1
f 102/5486/1 5340/3666/1 2924/245/1
f 5341/3663/1 915/5500/1 2995/3673/1
f 2084/4064/1 2995/3673/1 304/5292/1
f 844/5499/1 5341/3663/1 2084/4064/1
f 5342/3660/1 350/5351/1 2155/376/1
f 4456/3662/1 2155/376/1 915/5500/1
f 1555/5498/1 5342/3660/1 4456/3662/1
f 5343/3657/1 1554/5501/1 4451/3652/1
f 3000/386/1 4451/3652/1 920/5502/1
f 351/5345/1 5343/3657/1 3000/386/1
f 5344/3654/1 861/5503/1 2101/5504/1
f 2160/3641/1 2101/5504/1 321/5505/1
f 920/5502/1 5344/3654/1 2160/3641/1
f 5345/3651/1 111/5506/1 2941/5507/1
f 4452/3653/1 2941/5507/1 861/5503/1
f 1554/5501/1 5345/3651/1 4452/3653/1
f 5346/3648/1 1553/5508/1 4447/3643/1
f 2702/473/1 4447/3643/1 622/5509/1
f 302/5286/1 5346/3648/1 2702/473/1
f 5347/3645/1 641/5510/1 1881/5511/1
f 1862/3380/1 1881/5511/1 100/5512/1
f 622/5509/1 5347/3645/1 1862/3380/1
f 5348/3642/1 321/5505/1 2721/5513/1
f 4448/3644/1 2721/5513/1 641/5510/1
f 1553/5508/1 5348/3642/1 4448/3644/1
f 5349/3639/1 1552/5514/1 4443/3634/1
f 2922/242/1 4443/3634/1 842/5515/1
f 101/5497/1 5349/3639/1 2922/242/1
f 5350/3636/1 919/5516/1 2999/3646/1
f 2082/4073/1 2999/3646/1 302/5286/1
f 842/5515/1 5350/3636/1 2082/4073/1
f 5351/3633/1 351/5345/1 2159/385/1
f 4444/3635/1 2159/385/1 919/5516/1
f 1552/5514/1 5351/3633/1 4444/3635/1
f 5352/3630/1 1551/5517/1 4439/3625/1
f 3004/395/1 4439/3625/1 924/5518/1
f 352/5339/1 5352/3630/1 3004/395/1
f 5353/3627/1 637/5519/1 2717/4006/1
f 2164/3614/1 2717/4006/1 317/5331/1
f 924/5518/1 5353/3627/1 2164/3614/1
f 5354/3624/1 109/5408/1 1877/265/1
f 4440/3626/1 1877/265/1 637/5519/1
f 1551/5517/1 5354/3624/1 4440/3626/1
f 5355/3621/1 1550/5520/1 4435/3616/1
f 2699/482/1 4435/3616/1 619/5521/1
f 299/5280/1 5355/3621/1 2699/482/1
f 5356/3618/1 857/5522/1 2937/3583/1
f 1859/3353/1 2937/3583/1 98/5523/1
f 619/5521/1 5356/3618/1 1859/3353/1
f 5357/3615/1 317/5331/1 2097/406/1
f 4436/3617/1 2097/406/1 857/5522/1
f 1550/5520/1 5357/3615/1 4436/3617/1
f 5358/3612/1 1549/5524/1 4431/3607/1
f 2919/239/1 4431/3607/1 839/5525/1
f 99/5526/1 5358/3612/1 2919/239/1
f 5359/3609/1 923/5527/1 3003/3619/1
f 2079/4082/1 3003/3619/1 299/5280/1
f 839/5525/1 5359/3609/1 2079/4082/1
f 5360/3606/1 352/5339/1 2163/394/1
f 4432/3608/1 2163/394/1 923/5527/1
f 1549/5524/1 5360/3606/1 4432/3608/1
f 5361/3603/1 1548/5528/1 4427/3598/1
f 3008/404/1 4427/3598/1 928/5529/1
f 353/5333/1 5361/3603/1 3008/404/1
f 5362/3600/1 635/5530/1 2715/4015/1
f 2168/3587/1 2715/4015/1 315/5325/1
f 928/5529/1 5362/3600/1 2168/3587/1
f 5363/3597/1 108/5420/1 1875/262/1
f 4428/3599/1 1875/262/1 635/5530/1
f 1548/5528/1 5363/3597/1 4428/3599/1
f 5364/3594/1 1547/5531/1 4423/3589/1
f 2697/491/1 4423/3589/1 617/5532/1
f 297/5274/1 5364/3594/1 2697/491/1
f 5365/3591/1 855/5533/1 2935/3556/1
f 1857/3326/1 2935/3556/1 97/5534/1
f 617/5532/1 5365/3591/1 1857/3326/1
f 5366/3588/1 315/5325/1 2095/415/1
f 4424/3590/1 2095/415/1 855/5533/1
f 1547/5531/1 5366/3588/1 4424/3590/1
f 5367/3585/1 1546/5535/1 4419/3580/1
f 2917/236/1 4419/3580/1 837/5536/1
f 98/5523/1 5367/3585/1 2917/236/1
f 5368/3582/1 927/5537/1 3007/3592/1
f 2077/4091/1 3007/3592/1 297/5274/1
f 837/5536/1 5368/3582/1 2077/4091/1
f 5369/3579/1 353/5333/1 2167/403/1
f 4420/3581/1 2167/403/1 927/5537/1
f 1546/5535/1 5369/3579/1 4420/3581/1
f 5370/3576/1 1545/5538/1 4415/3571/1
f 3012/413/1 4415/3571/1 932/5539/1
f 354/5327/1 5370/3576/1 3012/413/1
f 5371/3573/1 633/5540/1 2713/4024/1
f 2172/3560/1 2713/4024/1 313/5319/1
f 932/5539/1 5371/3573/1 2172/3560/1
f 5372/3570/1 107/5431/1 1873/259/1
f 4416/3572/1 1873/259/1 633/5540/1
f 1545/5538/1 5372/3570/1 4416/3572/1
f 5373/3567/1 1544/5541/1 4411/3562/1
f 2695/500/1 4411/3562/1 615/5542/1
f 295/5268/1 5373/3567/1 2695/500/1
f 5374/3564/1 853/5543/1 2933/3529/1
f 1855/3299/1 2933/3529/1 96/5544/1
f 615/5542/1 5374/3564/1 1855/3299/1
f 5375/3561/1 313/5319/1 2093/424/1
f 4412/3563/1 2093/424/1 853/5543/1
f 1544/5541/1 5375/3561/1 4412/3563/1
f 5376/3558/1 1543/5545/1 4407/3553/1
f 2915/233/1 4407/3553/1 835/5546/1
f 97/5534/1 5376/3558/1 2915/233/1
f 5377/3555/1 931/5547/1 3011/3565/1
f 2075/4100/1 3011/3565/1 295/5268/1
f 835/5546/1 5377/3555/1 2075/4100/1
f 5378/3552/1 354/5327/1 2171/412/1
f 4408/3554/1 2171/412/1 931/5547/1
f 1543/5545/1 5378/3552/1 4408/3554/1
f 5379/3549/1 1542/5548/1 4403/3544/1
f 3016/422/1 4403/3544/1 936/5549/1
f 355/5321/1 5379/3549/1 3016/422/1
f 5380/3546/1 631/5550/1 2711/4033/1
f 2176/3533/1 2711/4033/1 311/5313/1
f 936/5549/1 5380/3546/1 2176/3533/1
f 5381/3543/1 106/5442/1 1871/256/1
f 4404/3545/1 1871/256/1 631/5550/1
f 1542/5548/1 5381/3543/1 4404/3545/1
f 5382/3540/1 1541/5551/1 4399/3535/1
f 2693/509/1 4399/3535/1 613/5552/1
f 293/5262/1 5382/3540/1 2693/509/1
f 5383/3537/1 851/5553/1 2931/3502/1
f 1853/3272/1 2931/3502/1 95/5554/1
f 613/5552/1 5383/3537/1 1853/3272/1
f 5384/3534/1 311/5313/1 2091/433/1
f 4400/3536/1 2091/433/1 851/5553/1
f 1541/5551/1 5384/3534/1 4400/3536/1
f 5385/3531/1 1540/5555/1 4395/3526/1
f 2913/230/1 4395/3526/1 833/5556/1
f 96/5544/1 5385/3531/1 2913/230/1
f 5386/3528/1 935/5557/1 3015/3538/1
f 2073/4109/1 3015/3538/1 293/5262/1
f 833/5556/1 5386/3528/1 2073/4109/1
f 5387/3525/1 355/5321/1 2175/421/1
f 4396/3527/1 2175/421/1 935/5557/1
f 1540/5555/1 5387/3525/1 4396/3527/1
f 5388/3522/1 1539/5558/1 4391/3517/1
f 3020/431/1 4391/3517/1 940/5559/1
f 356/5315/1 5388/3522/1 3020/431/1
f 5389/3519/1 629/5560/1 2709/4042/1
f 2180/3506/1 2709/4042/1 309/5307/1
f 940/5559/1 5389/3519/1 2180/3506/1
f 5390/3516/1 105/5453/1 1869/253/1
f 4392/3518/1 1869/253/1 629/5560/1
f 1539/5558/1 5390/3516/1 4392/3518/1
f 5391/3513/1 1538/5561/1 4387/3508/1
f 2691/518/1 4387/3508/1 611/5562/1
f 291/5256/1 5391/3513/1 2691/518/1
f 5392/3510/1 849/5563/1 2929/3475/1
f 1851/3245/1 2929/3475/1 94/5564/1
f 611/5562/1 5392/3510/1 1851/3245/1
f 5393/3507/1 309/5307/1 2089/442/1
f 4388/3509/1 2089/442/1 849/5563/1
f 1538/5561/1 5393/3507/1 4388/3509/1
f 5394/3504/1 1537/5565/1 4383/3499/1
f 2911/227/1 4383/3499/1 831/5566/1
f 95/5554/1 5394/3504/1 2911/227/1
f 5395/3501/1 939/5567/1 3019/3511/1
f 2071/4118/1 3019/3511/1 291/5256/1
f 831/5566/1 5395/3501/1 2071/4118/1
f 5396/3498/1 356/5315/1 2179/430/1
f 4384/3500/1 2179/430/1 939/5567/1
f 1537/5565/1 5396/3498/1 4384/3500/1
f 5397/3495/1 1536/5568/1 4379/3490/1
f 3024/440/1 4379/3490/1 944/5569/1
f 357/5309/1 5397/3495/1 3024/440/1
f 5398/3492/1 627/5570/1 2707/4051/1
f 2184/3479/1 2707/4051/1 307/5301/1
f 944/5569/1 5398/3492/1 2184/3479/1
f 5399/3489/1 104/5464/1 1867/250/1
f 4380/3491/1 1867/250/1 627/5570/1
f 1536/5568/1 5399/3489/1 4380/3491/1
f 5400/3486/1 1535/5571/1 4375/3481/1
f 2689/527/1 4375/3481/1 609/5572/1
f 289/5250/1 5400/3486/1 2689/527/1
f 5401/3483/1 847/5573/1 2927/3448/1
f 1849/3218/1 2927/3448/1 93/5574/1
f 609/5572/1 5401/3483/1 1849/3218/1
f 5402/3480/1 307/5301/1 2087/451/1
f 4376/3482/1 2087/451/1 847/5573/1
f 1535/5571/1 5402/3480/1 4376/3482/1
f 5403/3477/1 1534/5575/1 4371/3472/1
f 2909/224/1 4371/3472/1 829/5576/1
f 94/5564/1 5403/3477/1 2909/224/1
f 5404/3474/1 943/5577/1 3023/3484/1
f 2069/4127/1 3023/3484/1 289/5250/1
f 829/5576/1 5404/3474/1 2069/4127/1
f 5405/3471/1 357/5309/1 2183/439/1
f 4372/3473/1 2183/439/1 943/5577/1
f 1534/5575/1 5405/3471/1 4372/3473/1
f 5406/3468/1 1533/5578/1 4367/3463/1
f 3028/449/1 4367/3463/1 948/5579/1
f 358/5303/1 5406/3468/1 3028/449/1
f 5407/3465/1 625/5580/1 2705/4060/1
f 2188/3452/1 2705/4060/1 305/5295/1
f 948/5579/1 5407/3465/1 2188/3452/1
f 5408/3462/1 103/5475/1 1865/247/1
f 4368/3464/1 1865/247/1 625/5580/1
f 1533/5578/1 5408/3462/1 4368/3464/1
f 5409/3459/1 1532/5581/1 4363/3454/1
f 2687/536/1 4363/3454/1 607/5582/1
f 287/5244/1 5409/3459/1 2687/536/1
f 5410/3456/1 845/5583/1 2925/3421/1
f 1847/3191/1 2925/3421/1 92/5584/1
f 607/5582/1 5410/3456/1 1847/3191/1
f 5411/3453/1 305/5295/1 2085/460/1
f 4364/3455/1 2085/460/1 845/5583/1
f 1532/5581/1 5411/3453/1 4364/3455/1
f 5412/3450/1 1531/5585/1 4359/3445/1
f 2907/221/1 4359/3445/1 827/5586/1
f 93/5574/1 5412/3450/1 2907/221/1
f 5413/3447/1 947/5587/1 3027/3457/1
f 2067/4136/1 3027/3457/1 287/5244/1
f 827/5586/1 5413/3447/1 2067/4136/1
f 5414/3444/1 358/5303/1 2187/448/1
f 4360/3446/1 2187/448/1 947/5587/1
f 1531/5585/1 5414/3444/1 4360/3446/1
f 5415/3441/1 1530/5588/1 4355/3436/1
f 3032/458/1 4355/3436/1 952/5589/1
f 359/5297/1 5415/3441/1 3032/458/1
f 5416/3438/1 623/5590/1 2703/4069/1
f 2192/3425/1 2703/4069/1 303/5289/1
f 952/5589/1 5416/3438/1 2192/3425/1
f 5417/3435/1 102/5486/1 1863/244/1
f 4356/3437/1 1863/244/1 623/5590/1
f 1530/5588/1 5417/3435/1 4356/3437/1
f 5418/3432/1 1529/5591/1 4351/3427/1
f 2685/545/1 4351/3427/1 605/5592/1
f 285/5238/1 5418/3432/1 2685/545/1
f 5419/3429/1 843/5593/1 2923/3394/1
f 1845/3164/1 2923/3394/1 91/5594/1
f 605/5592/1 5419/3429/1 1845/3164/1
f 5420/3426/1 303/5289/1 2083/469/1
f 4352/3428/1 2083/469/1 843/5593/1
f 1529/5591/1 5420/3426/1 4352/3428/1
f 5421/3423/1 1528/5595/1 4347/3418/1
f 2905/218/1 4347/3418/1 825/5596/1
f 92/5584/1 5421/3423/1 2905/218/1
f 5422/3420/1 951/5597/1 3031/3430/1
f 2065/4145/1 3031/3430/1 285/5238/1
f 825/5596/1 5422/3420/1 2065/4145/1
f 5423/3417/1 359/5297/1 2191/457/1
f 4348/3419/1 2191/457/1 951/5597/1
f 1528/5595/1 5423/3417/1 4348/3419/1
f 5424/3414/1 1527/5598/1 4343/3409/1
f 3036/467/1 4343/3409/1 956/5599/1
f 360/5291/1 5424/3414/1 3036/467/1
f 5425/3411/1 621/5600/1 2701/4078/1
f 2196/3398/1 2701/4078/1 301/5283/1
f 956/5599/1 5425/3411/1 2196/3398/1
f 5426/3408/1 101/5497/1 1861/241/1
f 4344/3410/1 1861/241/1 621/5600/1
f 1527/5598/1 5426/3408/1 4344/3410/1
f 5427/3405/1 1526/5601/1 4339/3400/1
f 2683/554/1 4339/3400/1 603/5602/1
f 283/5232/1 5427/3405/1 2683/554/1
f 5428/3402/1 841/5603/1 2921/3367/1
f 1843/3137/1 2921/3367/1 90/5604/1
f 603/5602/1 5428/3402/1 1843/3137/1
f 5429/3399/1 301/5283/1 2081/478/1
f 4340/3401/1 2081/478/1 841/5603/1
f 1526/5601/1 5429/3399/1 4340/3401/1
f 5430/3396/1 1525/5605/1 4335/3391/1
f 2903/215/1 4335/3391/1 823/5606/1
f 91/5594/1 5430/3396/1 2903/215/1
f 5431/3393/1 955/5607/1 3035/3403/1
f 2063/4154/1 3035/3403/1 283/5232/1
f 823/5606/1 5431/3393/1 2063/4154/1
f 5432/3390/1 360/5291/1 2195/466/1
f 4336/3392/1 2195/466/1 955/5607/1
f 1525/5605/1 5432/3390/1 4336/3392/1
f 5433/3387/1 1524/5608/1 4331/3382/1
f 3040/476/1 4331/3382/1 960/5609/1
f 361/5285/1 5433/3387/1 3040/476/1
f 5434/3384/1 840/5610/1 2080/5611/1
f 2200/3371/1 2080/5611/1 300/5612/1
f 960/5609/1 5434/3384/1 2200/3371/1
f 5435/3381/1 100/5512/1 2920/5613/1
f 4332/3383/1 2920/5613/1 840/5610/1
f 1524/5608/1 5435/3381/1 4332/3383/1
f 5436/3378/1 1523/5614/1 4327/3373/1
f 2681/563/1 4327/3373/1 601/5615/1
f 281/5226/1 5436/3378/1 2681/563/1
f 5437/3375/1 620/5616/1 1860/5617/1
f 1841/3110/1 1860/5617/1 89/5618/1
f 601/5615/1 5437/3375/1 1841/3110/1
f 5438/3372/1 300/5612/1 2700/5619/1
f 4328/3374/1 2700/5619/1 620/5616/1
f 1523/5614/1 5438/3372/1 4328/3374/1
f 5439/3369/1 1522/5620/1 4323/3364/1
f 2901/212/1 4323/3364/1 821/5621/1
f 90/5604/1 5439/3369/1 2901/212/1
f 5440/3366/1 959/5622/1 3039/3376/1
f 2061/4163/1 3039/3376/1 281/5226/1
f 821/5621/1 5440/3366/1 2061/4163/1
f 5441/3363/1 361/5285/1 2199/475/1
f 4324/3365/1 2199/475/1 959/5622/1
f 1522/5620/1 5441/3363/1 4324/3365/1
f 5442/3360/1 1521/5623/1 4319/3355/1
f 3044/485/1 4319/3355/1 964/5624/1
f 362/5279/1 5442/3360/1 3044/485/1
f 5443/3357/1 616/5625/1 2696/4096/1
f 2204/3344/1 2696/4096/1 296/5271/1
f 964/5624/1 5443/3357/1 2204/3344/1
f 5444/3354/1 98/5523/1 1856/235/1
f 4320/3356/1 1856/235/1 616/5625/1
f 1521/5623/1 5444/3354/1 4320/3356/1
f 5445/3351/1 1520/5626/1 4315/3346/1
f 2678/572/1 4315/3346/1 598/5627/1
f 278/5220/1 5445/3351/1 2678/572/1
f 5446/3348/1 836/5628/1 2916/3313/1
f 1838/3083/1 2916/3313/1 87/5629/1
f 598/5627/1 5446/3348/1 1838/3083/1
f 5447/3345/1 296/5271/1 2076/496/1
f 4316/3347/1 2076/496/1 836/5628/1
f 1520/5626/1 5447/3345/1 4316/3347/1
f 5448/3342/1 1519/5630/1 4311/3337/1
f 2898/209/1 4311/3337/1 818/5631/1
f 88/5632/1 5448/3342/1 2898/209/1
f 5449/3339/1 963/5633/1 3043/3349/1
f 2058/4172/1 3043/3349/1 278/5220/1
f 818/5631/1 5449/3339/1 2058/4172/1
f 5450/3336/1 362/5279/1 2203/484/1
f 4312/3338/1 2203/484/1 963/5633/1
f 1519/5630/1 5450/3336/1 4312/3338/1
f 5451/3333/1 1518/5634/1 4307/3328/1
f 3048/494/1 4307/3328/1 968/5635/1
f 363/5273/1 5451/3333/1 3048/494/1
f 5452/3330/1 614/5636/1 2694/4105/1
f 2208/3317/1 2694/4105/1 294/5265/1
f 968/5635/1 5452/3330/1 2208/3317/1
f 5453/3327/1 97/5534/1 1854/232/1
f 4308/3329/1 1854/232/1 614/5636/1
f 1518/5634/1 5453/3327/1 4308/3329/1
f 5454/3324/1 1517/5637/1 4303/3319/1
f 2676/581/1 4303/3319/1 596/5638/1
f 276/5214/1 5454/3324/1 2676/581/1
f 5455/3321/1 834/5639/1 2914/3286/1
f 1836/3056/1 2914/3286/1 86/5640/1
f 596/5638/1 5455/3321/1 1836/3056/1
f 5456/3318/1 294/5265/1 2074/505/1
f 4304/3320/1 2074/505/1 834/5639/1
f 1517/5637/1 5456/3318/1 4304/3320/1
f 5457/3315/1 1516/5641/1 4299/3310/1
f 2896/206/1 4299/3310/1 816/5642/1
f 87/5629/1 5457/3315/1 2896/206/1
f 5458/3312/1 967/5643/1 3047/3322/1
f 2056/4181/1 3047/3322/1 276/5214/1
f 816/5642/1 5458/3312/1 2056/4181/1
f 5459/3309/1 363/5273/1 2207/493/1
f 4300/3311/1 2207/493/1 967/5643/1
f 1516/5641/1 5459/3309/1 4300/3311/1
f 5460/3306/1 1515/5644/1 4295/3301/1
f 3052/503/1 4295/3301/1 972/5645/1
f 364/5267/1 5460/3306/1 3052/503/1
f 5461/3303/1 612/5646/1 2692/4114/1
f 2212/3290/1 2692/4114/1 292/5259/1
f 972/5645/1 5461/3303/1 2212/3290/1
f 5462/3300/1 96/5544/1 1852/229/1
f 4296/3302/1 1852/229/1 612/5646/1
f 1515/5644/1 5462/3300/1 4296/3302/1
f 5463/3297/1 1514/5647/1 4291/3292/1
f 2674/590/1 4291/3292/1 594/5648/1
f 274/5208/1 5463/3297/1 2674/590/1
f 5464/3294/1 832/5649/1 2912/3259/1
f 1834/3029/1 2912/3259/1 85/5650/1
f 594/5648/1 5464/3294/1 1834/3029/1
f 5465/3291/1 292/5259/1 2072/514/1
f 4292/3293/1 2072/514/1 832/5649/1
f 1514/5647/1 5465/3291/1 4292/3293/1
f 5466/3288/1 1513/5651/1 4287/3283/1
f 2894/203/1 4287/3283/1 814/5652/1
f 86/5640/1 5466/3288/1 2894/203/1
f 5467/3285/1 971/5653/1 3051/3295/1
f 2054/4190/1 3051/3295/1 274/5208/1
f 814/5652/1 5467/3285/1 2054/4190/1
f 5468/3282/1 364/5267/1 2211/502/1
f 4288/3284/1 2211/502/1 971/5653/1
f 1513/5651/1 5468/3282/1 4288/3284/1
f 5469/3279/1 1512/5654/1 4283/3274/1
f 3056/512/1 4283/3274/1 976/5655/1
f 365/5261/1 5469/3279/1 3056/512/1
f 5470/3276/1 610/5656/1 2690/4123/1
f 2216/3263/1 2690/4123/1 290/5253/1
f 976/5655/1 5470/3276/1 2216/3263/1
f 5471/3273/1 95/5554/1 1850/226/1
f 4284/3275/1 1850/226/1 610/5656/1
f 1512/5654/1 5471/3273/1 4284/3275/1
f 5472/3270/1 1511/5657/1 4279/3265/1
f 2672/599/1 4279/3265/1 592/5658/1
f 272/5202/1 5472/3270/1 2672/599/1
f 5473/3267/1 830/5659/1 2910/3232/1
f 1832/3002/1 2910/3232/1 84/5660/1
f 592/5658/1 5473/3267/1 1832/3002/1
f 5474/3264/1 290/5253/1 2070/523/1
f 4280/3266/1 2070/523/1 830/5659/1
f 1511/5657/1 5474/3264/1 4280/3266/1
f 5475/3261/1 1510/5661/1 4275/3256/1
f 2892/200/1 4275/3256/1 812/5662/1
f 85/5650/1 5475/3261/1 2892/200/1
f 5476/3258/1 975/5663/1 3055/3268/1
f 2052/4199/1 3055/3268/1 272/5202/1
f 812/5662/1 5476/3258/1 2052/4199/1
f 5477/3255/1 365/5261/1 2215/511/1
f 4276/3257/1 2215/511/1 975/5663/1
f 1510/5661/1 5477/3255/1 4276/3257/1
f 5478/3252/1 1509/5664/1 4271/3247/1
f 3060/521/1 4271/3247/1 980/5665/1
f 366/5255/1 5478/3252/1 3060/521/1
f 5479/3249/1 608/5666/1 2688/4132/1
f 2220/3236/1 2688/4132/1 288/5247/1
f 980/5665/1 5479/3249/1 2220/3236/1
f 5480/3246/1 94/5564/1 1848/223/1
f 4272/3248/1 1848/223/1 608/5666/1
f 1509/5664/1 5480/3246/1 4272/3248/1
f 5481/3243/1 1508/5667/1 4267/3238/1
f 2670/608/1 4267/3238/1 590/5668/1
f 270/5196/1 5481/3243/1 2670/608/1
f 5482/3240/1 828/5669/1 2908/3205/1
f 1830/2975/1 2908/3205/1 83/5670/1
f 590/5668/1 5482/3240/1 1830/2975/1
f 5483/3237/1 288/5247/1 2068/532/1
f 4268/3239/1 2068/532/1 828/5669/1
f 1508/5667/1 5483/3237/1 4268/3239/1
f 5484/3234/1 1507/5671/1 4263/3229/1
f 2890/197/1 4263/3229/1 810/5672/1
f 84/5660/1 5484/3234/1 2890/197/1
f 5485/3231/1 979/5673/1 3059/3241/1
f 2050/4208/1 3059/3241/1 270/5196/1
f 810/5672/1 5485/3231/1 2050/4208/1
f 5486/3228/1 366/5255/1 2219/520/1
f 4264/3230/1 2219/520/1 979/5673/1
f 1507/5671/1 5486/3228/1 4264/3230/1
f 5487/3225/1 1506/5674/1 4259/3220/1
f 3064/530/1 4259/3220/1 984/5675/1
f 367/5249/1 5487/3225/1 3064/530/1
f 5488/3222/1 606/5676/1 2686/4141/1
f 2224/3209/1 2686/4141/1 286/5241/1
f 984/5675/1 5488/3222/1 2224/3209/1
f 5489/3219/1 93/5574/1 1846/220/1
f 4260/3221/1 1846/220/1 606/5676/1
f 1506/5674/1 5489/3219/1 4260/3221/1
f 5490/3216/1 1505/5677/1 4255/3211/1
f 2668/617/1 4255/3211/1 588/5678/1
f 268/5190/1 5490/3216/1 2668/617/1
f 5491/3213/1 826/5679/1 2906/3178/1
f 1828/2948/1 2906/3178/1 82/5680/1
f 588/5678/1 5491/3213/1 1828/2948/1
f 5492/3210/1 286/5241/1 2066/541/1
f 4256/3212/1 2066/541/1 826/5679/1
f 1505/5677/1 5492/3210/1 4256/3212/1
f 5493/3207/1 1504/5681/1 4251/3202/1
f 2888/194/1 4251/3202/1 808/5682/1
f 83/5670/1 5493/3207/1 2888/194/1
f 5494/3204/1 983/5683/1 3063/3214/1
f 2048/4217/1 3063/3214/1 268/5190/1
f 808/5682/1 5494/3204/1 2048/4217/1
f 5495/3201/1 367/5249/1 2223/529/1
f 4252/3203/1 2223/529/1 983/5683/1
f 1504/5681/1 5495/3201/1 4252/3203/1
f 5496/3198/1 1503/5684/1 4247/3193/1
f 3068/539/1 4247/3193/1 988/5685/1
f 368/5243/1 5496/3198/1 3068/539/1
f 5497/3195/1 604/5686/1 2684/4150/1
f 2228/3182/1 2684/4150/1 284/5235/1
f 988/5685/1 5497/3195/1 2228/3182/1
f 5498/3192/1 92/5584/1 1844/217/1
f 4248/3194/1 1844/217/1 604/5686/1
f 1503/5684/1 5498/3192/1 4248/3194/1
f 5499/3189/1 1502/5687/1 4243/3184/1
f 2666/626/1 4243/3184/1 586/5688/1
f 266/5184/1 5499/3189/1 2666/626/1
f 5500/3186/1 824/5689/1 2904/3151/1
f 1826/2921/1 2904/3151/1 81/5690/1
f 586/5688/1 5500/3186/1 1826/2921/1
f 5501/3183/1 284/5235/1 2064/550/1
f 4244/3185/1 2064/550/1 824/5689/1
f 1502/5687/1 5501/3183/1 4244/3185/1
f 5502/3180/1 1501/5691/1 4239/3175/1
f 2886/191/1 4239/3175/1 806/5692/1
f 82/5680/1 5502/3180/1 2886/191/1
f 5503/3177/1 987/5693/1 3067/3187/1
f 2046/4226/1 3067/3187/1 266/5184/1
f 806/5692/1 5503/3177/1 2046/4226/1
f 5504/3174/1 368/5243/1 2227/538/1
f 4240/3176/1 2227/538/1 987/5693/1
f 1501/5691/1 5504/3174/1 4240/3176/1
f 5505/3171/1 1500/5694/1 4235/3166/1
f 3072/548/1 4235/3166/1 992/5695/1
f 369/5237/1 5505/3171/1 3072/548/1
f 5506/3168/1 602/5696/1 2682/4159/1
f 2232/3155/1 2682/4159/1 282/5229/1
f 992/5695/1 5506/3168/1 2232/3155/1
f 5507/3165/1 91/5594/1 1842/214/1
f 4236/3167/1 1842/214/1 602/5696/1
f 1500/5694/1 5507/3165/1 4236/3167/1
f 5508/3162/1 1499/5697/1 4231/3157/1
f 2664/635/1 4231/3157/1 584/5698/1
f 264/5178/1 5508/3162/1 2664/635/1
f 5509/3159/1 822/5699/1 2902/3124/1
f 1824/2894/1 2902/3124/1 80/5700/1
f 584/5698/1 5509/3159/1 1824/2894/1
f 5510/3156/1 282/5229/1 2062/559/1
f 4232/3158/1 2062/559/1 822/5699/1
f 1499/5697/1 5510/3156/1 4232/3158/1
f 5511/3153/1 1498/5701/1 4227/3148/1
f 2884/188/1 4227/3148/1 804/5702/1
f 81/5690/1 5511/3153/1 2884/188/1
f 5512/3150/1 991/5703/1 3071/3160/1
f 2044/4235/1 3071/3160/1 264/5178/1
f 804/5702/1 5512/3150/1 2044/4235/1
f 5513/3147/1 369/5237/1 2231/547/1
f 4228/3149/1 2231/547/1 991/5703/1
f 1498/5701/1 5513/3147/1 4228/3149/1
f 5514/3144/1 1497/5704/1 4223/3139/1
f 3076/557/1 4223/3139/1 996/5705/1
f 370/5231/1 5514/3144/1 3076/557/1
f 5515/3141/1 600/5706/1 2680/4168/1
f 2236/3128/1 2680/4168/1 280/5223/1
f 996/5705/1 5515/3141/1 2236/3128/1
f 5516/3138/1 90/5604/1 1840/211/1
f 4224/3140/1 1840/211/1 600/5706/1
f 1497/5704/1 5516/3138/1 4224/3140/1
f 5517/3135/1 1496/5707/1 4219/3130/1
f 2662/644/1 4219/3130/1 582/5708/1
f 262/5172/1 5517/3135/1 2662/644/1
f 5518/3132/1 820/5709/1 2900/3097/1
f 1822/2867/1 2900/3097/1 79/5710/1
f 582/5708/1 5518/3132/1 1822/2867/1
f 5519/3129/1 280/5223/1 2060/568/1
f 4220/3131/1 2060/568/1 820/5709/1
f 1496/5707/1 5519/3129/1 4220/3131/1
f 5520/3126/1 1495/5711/1 4215/3121/1
f 2882/185/1 4215/3121/1 802/5712/1
f 80/5700/1 5520/3126/1 2882/185/1
f 5521/3123/1 995/5713/1 3075/3133/1
f 2042/4244/1 3075/3133/1 262/5172/1
f 802/5712/1 5521/3123/1 2042/4244/1
f 5522/3120/1 370/5231/1 2235/556/1
f 4216/3122/1 2235/556/1 995/5713/1
f 1495/5711/1 5522/3120/1 4216/3122/1
f 5523/3117/1 1494/5714/1 4211/3112/1
f 3080/566/1 4211/3112/1 1000/5715/1
f 371/5225/1 5523/3117/1 3080/566/1
f 5524/3114/1 819/5716/1 2059/5717/1
f 2240/3101/1 2059/5717/1 279/5718/1
f 1000/5715/1 5524/3114/1 2240/3101/1
f 5525/3111/1 89/5618/1 2899/5719/1
f 4212/3113/1 2899/5719/1 819/5716/1
f 1494/5714/1 5525/3111/1 4212/3113/1
f 5526/3108/1 1493/5720/1 4207/3103/1
f 2660/653/1 4207/3103/1 580/5721/1
f 260/5166/1 5526/3108/1 2660/653/1
f 5527/3105/1 599/5722/1 1839/5723/1
f 1820/2840/1 1839/5723/1 78/5724/1
f 580/5721/1 5527/3105/1 1820/2840/1
f 5528/3102/1 279/5718/1 2679/5725/1
f 4208/3104/1 2679/5725/1 599/5722/1
f 1493/5720/1 5528/3102/1 4208/3104/1
f 5529/3099/1 1492/5726/1 4203/3094/1
f 2880/182/1 4203/3094/1 800/5727/1
f 79/5710/1 5529/3099/1 2880/182/1
f 5530/3096/1 999/5728/1 3079/3106/1
f 2040/4253/1 3079/3106/1 260/5166/1
f 800/5727/1 5530/3096/1 2040/4253/1
f 5531/3093/1 371/5225/1 2239/565/1
f 4204/3095/1 2239/565/1 999/5728/1
f 1492/5726/1 5531/3093/1 4204/3095/1
f 5532/3090/1 1491/5729/1 4199/3085/1
f 3084/575/1 4199/3085/1 1004/5730/1
f 372/5219/1 5532/3090/1 3084/575/1
f 5533/3087/1 595/5731/1 2675/4186/1
f 2244/3074/1 2675/4186/1 275/5211/1
f 1004/5730/1 5533/3087/1 2244/3074/1
f 5534/3084/1 87/5629/1 1835/205/1
f 4200/3086/1 1835/205/1 595/5731/1
f 1491/5729/1 5534/3084/1 4200/3086/1
f 5535/3081/1 1490/5732/1 4195/3076/1
f 2657/662/1 4195/3076/1 577/5733/1
f 257/5160/1 5535/3081/1 2657/662/1
f 5536/3078/1 815/5734/1 2895/3043/1
f 1817/2813/1 2895/3043/1 76/5735/1
f 577/5733/1 5536/3078/1 1817/2813/1
f 5537/3075/1 275/5211/1 2055/586/1
f 4196/3077/1 2055/586/1 815/5734/1
f 1490/5732/1 5537/3075/1 4196/3077/1
f 5538/3072/1 1489/5736/1 4191/3067/1
f 2877/179/1 4191/3067/1 797/5737/1
f 77/5738/1 5538/3072/1 2877/179/1
f 5539/3069/1 1003/5739/1 3083/3079/1
f 2037/4262/1 3083/3079/1 257/5160/1
f 797/5737/1 5539/3069/1 2037/4262/1
f 5540/3066/1 372/5219/1 2243/574/1
f 4192/3068/1 2243/574/1 1003/5739/1
f 1489/5736/1 5540/3066/1 4192/3068/1
f 5541/3063/1 1488/5740/1 4187/3058/1
f 3088/584/1 4187/3058/1 1008/5741/1
f 373/5213/1 5541/3063/1 3088/584/1
f 5542/3060/1 593/5742/1 2673/4195/1
f 2248/3047/1 2673/4195/1 273/5205/1
f 1008/5741/1 5542/3060/1 2248/3047/1
f 5543/3057/1 86/5640/1 1833/202/1
f 4188/3059/1 1833/202/1 593/5742/1
f 1488/5740/1 5543/3057/1 4188/3059/1
f 5544/3054/1 1487/5743/1 4183/3049/1
f 2655/671/1 4183/3049/1 575/5744/1
f 255/5154/1 5544/3054/1 2655/671/1
f 5545/3051/1 813/5745/1 2893/3016/1
f 1815/2786/1 2893/3016/1 75/5746/1
f 575/5744/1 5545/3051/1 1815/2786/1
f 5546/3048/1 273/5205/1 2053/595/1
f 4184/3050/1 2053/595/1 813/5745/1
f 1487/5743/1 5546/3048/1 4184/3050/1
f 5547/3045/1 1486/5747/1 4179/3040/1
f 2875/176/1 4179/3040/1 795/5748/1
f 76/5735/1 5547/3045/1 2875/176/1
f 5548/3042/1 1007/5749/1 3087/3052/1
f 2035/4271/1 3087/3052/1 255/5154/1
f 795/5748/1 5548/3042/1 2035/4271/1
f 5549/3039/1 373/5213/1 2247/583/1
f 4180/3041/1 2247/583/1 1007/5749/1
f 1486/5747/1 5549/3039/1 4180/3041/1
f 5550/3036/1 1485/5750/1 4175/3031/1
f 3092/593/1 4175/3031/1 1012/5751/1
f 374/5207/1 5550/3036/1 3092/593/1
f 5551/3033/1 591/5752/1 2671/4204/1
f 2252/3020/1 2671/4204/1 271/5199/1
f 1012/5751/1 5551/3033/1 2252/3020/1
f 5552/3030/1 85/5650/1 1831/199/1
f 4176/3032/1 1831/199/1 591/5752/1
f 1485/5750/1 5552/3030/1 4176/3032/1
f 5553/3027/1 1484/5753/1 4171/3022/1
f 2653/680/1 4171/3022/1 573/5754/1
f 253/5148/1 5553/3027/1 2653/680/1
f 5554/3024/1 811/5755/1 2891/2989/1
f 1813/2759/1 2891/2989/1 74/5756/1
f 573/5754/1 5554/3024/1 1813/2759/1
f 5555/3021/1 271/5199/1 2051/604/1
f 4172/3023/1 2051/604/1 811/5755/1
f 1484/5753/1 5555/3021/1 4172/3023/1
f 5556/3018/1 1483/5757/1 4167/3013/1
f 2873/173/1 4167/3013/1 793/5758/1
f 75/5746/1 5556/3018/1 2873/173/1
f 5557/3015/1 1011/5759/1 3091/3025/1
f 2033/4280/1 3091/3025/1 253/5148/1
f 793/5758/1 5557/3015/1 2033/4280/1
f 5558/3012/1 374/5207/1 2251/592/1
f 4168/3014/1 2251/592/1 1011/5759/1
f 1483/5757/1 5558/3012/1 4168/3014/1
f 5559/3009/1 1482/5760/1 4163/3004/1
f 3096/602/1 4163/3004/1 1016/5761/1
f 375/5201/1 5559/3009/1 3096/602/1
f 5560/3006/1 589/5762/1 2669/4213/1
f 2256/2993/1 2669/4213/1 269/5193/1
f 1016/5761/1 5560/3006/1 2256/2993/1
f 5561/3003/1 84/5660/1 1829/196/1
f 4164/3005/1 1829/196/1 589/5762/1
f 1482/5760/1 5561/3003/1 4164/3005/1
f 5562/3000/1 1481/5763/1 4159/2995/1
f 2651/689/1 4159/2995/1 571/5764/1
f 251/5142/1 5562/3000/1 2651/689/1
f 5563/2997/1 809/5765/1 2889/2962/1
f 1811/2732/1 2889/2962/1 73/5766/1
f 571/5764/1 5563/2997/1 1811/2732/1
f 5564/2994/1 269/5193/1 2049/613/1
f 4160/2996/1 2049/613/1 809/5765/1
f 1481/5763/1 5564/2994/1 4160/2996/1
f 5565/2991/1 1480/5767/1 4155/2986/1
f 2871/170/1 4155/2986/1 791/5768/1
f 74/5756/1 5565/2991/1 2871/170/1
f 5566/2988/1 1015/5769/1 3095/2998/1
f 2031/4289/1 3095/2998/1 251/5142/1
f 791/5768/1 5566/2988/1 2031/4289/1
f 5567/2985/1 375/5201/1 2255/601/1
f 4156/2987/1 2255/601/1 1015/5769/1
f 1480/5767/1 5567/2985/1 4156/2987/1
f 5568/2982/1 1479/5770/1 4151/2977/1
f 3100/611/1 4151/2977/1 1020/5771/1
f 376/5195/1 5568/2982/1 3100/611/1
f 5569/2979/1 587/5772/1 2667/4222/1
f 2260/2966/1 2667/4222/1 267/5187/1
f 1020/5771/1 5569/2979/1 2260/2966/1
f 5570/2976/1 83/5670/1 1827/193/1
f 4152/2978/1 1827/193/1 587/5772/1
f 1479/5770/1 5570/2976/1 4152/2978/1
f 5571/2973/1 1478/5773/1 4147/2968/1
f 2649/698/1 4147/2968/1 569/5774/1
f 249/5136/1 5571/2973/1 2649/698/1
f 5572/2970/1 807/5775/1 2887/2935/1
f 1809/2705/1 2887/2935/1 72/5776/1
f 569/5774/1 5572/2970/1 1809/2705/1
f 5573/2967/1 267/5187/1 2047/622/1
f 4148/2969/1 2047/622/1 807/5775/1
f 1478/5773/1 5573/2967/1 4148/2969/1
f 5574/2964/1 1477/5777/1 4143/2959/1
f 2869/167/1 4143/2959/1 789/5778/1
f 73/5766/1 5574/2964/1 2869/167/1
f 5575/2961/1 1019/5779/1 3099/2971/1
f 2029/4298/1 3099/2971/1 249/5136/1
f 789/5778/1 5575/2961/1 2029/4298/1
f 5576/2958/1 376/5195/1 2259/610/1
f 4144/2960/1 2259/610/1 1019/5779/1
f 1477/5777/1 5576/2958/1 4144/2960/1
f 5577/2955/1 1476/5780/1 4139/2950/1
f 3104/620/1 4139/2950/1 1024/5781/1
f 377/5189/1 5577/2955/1 3104/620/1
f 5578/2952/1 585/5782/1 2665/4231/1
f 2264/2939/1 2665/4231/1 265/5181/1
f 1024/5781/1 5578/2952/1 2264/2939/1
f 5579/2949/1 82/5680/1 1825/190/1
f 4140/2951/1 1825/190/1 585/5782/1
f 1476/5780/1 5579/2949/1 4140/2951/1
f 5580/2946/1 1475/5783/1 4135/2941/1
f 2647/707/1 4135/2941/1 567/5784/1
f 247/5130/1 5580/2946/1 2647/707/1
f 5581/2943/1 805/5785/1 2885/2908/1
f 1807/2678/1 2885/2908/1 71/5786/1
f 567/5784/1 5581/2943/1 1807/2678/1
f 5582/2940/1 265/5181/1 2045/631/1
f 4136/2942/1 2045/631/1 805/5785/1
f 1475/5783/1 5582/2940/1 4136/2942/1
f 5583/2937/1 1474/5787/1 4131/2932/1
f 2867/164/1 4131/2932/1 787/5788/1
f 72/5776/1 5583/2937/1 2867/164/1
f 5584/2934/1 1023/5789/1 3103/2944/1
f 2027/4307/1 3103/2944/1 247/5130/1
f 787/5788/1 5584/2934/1 2027/4307/1
f 5585/2931/1 377/5189/1 2263/619/1
f 4132/2933/1 2263/619/1 1023/5789/1
f 1474/5787/1 5585/2931/1 4132/2933/1
f 5586/2928/1 1473/5790/1 4127/2923/1
f 3108/629/1 4127/2923/1 1028/5791/1
f 378/5183/1 5586/2928/1 3108/629/1
f 5587/2925/1 583/5792/1 2663/4240/1
f 2268/2912/1 2663/4240/1 263/5175/1
f 1028/5791/1 5587/2925/1 2268/2912/1
f 5588/2922/1 81/5690/1 1823/187/1
f 4128/2924/1 1823/187/1 583/5792/1
f 1473/5790/1 5588/2922/1 4128/2924/1
f 5589/2919/1 1472/5793/1 4123/2914/1
f 2645/716/1 4123/2914/1 565/5794/1
f 245/5124/1 5589/2919/1 2645/716/1
f 5590/2916/1 803/5795/1 2883/2881/1
f 1805/2651/1 2883/2881/1 70/5796/1
f 565/5794/1 5590/2916/1 1805/2651/1
f 5591/2913/1 263/5175/1 2043/640/1
f 4124/2915/1 2043/640/1 803/5795/1
f 1472/5793/1 5591/2913/1 4124/2915/1
f 5592/2910/1 1471/5797/1 4119/2905/1
f 2865/161/1 4119/2905/1 785/5798/1
f 71/5786/1 5592/2910/1 2865/161/1
f 5593/2907/1 1027/5799/1 3107/2917/1
f 2025/4316/1 3107/2917/1 245/5124/1
f 785/5798/1 5593/2907/1 2025/4316/1
f 5594/2904/1 378/5183/1 2267/628/1
f 4120/2906/1 2267/628/1 1027/5799/1
f 1471/5797/1 5594/2904/1 4120/2906/1
f 5595/2901/1 1470/5800/1 4115/2896/1
f 3112/638/1 4115/2896/1 1032/5801/1
f 379/5177/1 5595/2901/1 3112/638/1
f 5596/2898/1 581/5802/1 2661/4249/1
f 2272/2885/1 2661/4249/1 261/5169/1
f 1032/5801/1 5596/2898/1 2272/2885/1
f 5597/2895/1 80/5700/1 1821/184/1
f 4116/2897/1 1821/184/1 581/5802/1
f 1470/5800/1 5597/2895/1 4116/2897/1
f 5598/2892/1 1469/5803/1 4111/2887/1
f 2643/725/1 4111/2887/1 563/5804/1
f 243/5118/1 5598/2892/1 2643/725/1
f 5599/2889/1 801/5805/1 2881/2854/1
f 1803/2624/1 2881/2854/1 69/5806/1
f 563/5804/1 5599/2889/1 1803/2624/1
f 5600/2886/1 261/5169/1 2041/649/1
f 4112/2888/1 2041/649/1 801/5805/1
f 1469/5803/1 5600/2886/1 4112/2888/1
f 5601/2883/1 1468/5807/1 4107/2878/1
f 2863/158/1 4107/2878/1 783/5808/1
f 70/5796/1 5601/2883/1 2863/158/1
f 5602/2880/1 1031/5809/1 3111/2890/1
f 2023/4325/1 3111/2890/1 243/5118/1
f 783/5808/1 5602/2880/1 2023/4325/1
f 5603/2877/1 379/5177/1 2271/637/1
f 4108/2879/1 2271/637/1 1031/5809/1
f 1468/5807/1 5603/2877/1 4108/2879/1
f 5604/2874/1 1467/5810/1 4103/2869/1
f 3116/647/1 4103/2869/1 1036/5811/1
f 380/5171/1 5604/2874/1 3116/647/1
f 5605/2871/1 579/5812/1 2659/4258/1
f 2276/2858/1 2659/4258/1 259/5163/1
f 1036/5811/1 5605/2871/1 2276/2858/1
f 5606/2868/1 79/5710/1 1819/181/1
f 4104/2870/1 1819/181/1 579/5812/1
f 1467/5810/1 5606/2868/1 4104/2870/1
f 5607/2865/1 1466/5813/1 4099/2860/1
f 2641/734/1 4099/2860/1 561/5814/1
f 241/5112/1 5607/2865/1 2641/734/1
f 5608/2862/1 799/5815/1 2879/2827/1
f 1801/2597/1 2879/2827/1 68/5816/1
f 561/5814/1 5608/2862/1 1801/2597/1
f 5609/2859/1 259/5163/1 2039/658/1
f 4100/2861/1 2039/658/1 799/5815/1
f 1466/5813/1 5609/2859/1 4100/2861/1
f 5610/2856/1 1465/5817/1 4095/2851/1
f 2861/155/1 4095/2851/1 781/5818/1
f 69/5806/1 5610/2856/1 2861/155/1
f 5611/2853/1 1035/5819/1 3115/2863/1
f 2021/4334/1 3115/2863/1 241/5112/1
f 781/5818/1 5611/2853/1 2021/4334/1
f 5612/2850/1 380/5171/1 2275/646/1
f 4096/2852/1 2275/646/1 1035/5819/1
f 1465/5817/1 5612/2850/1 4096/2852/1
f 5613/2847/1 1464/5820/1 4091/2842/1
f 3120/656/1 4091/2842/1 1040/5821/1
f 381/5165/1 5613/2847/1 3120/656/1
f 5614/2844/1 798/5822/1 2038/5823/1
f 2280/2831/1 2038/5823/1 258/5824/1
f 1040/5821/1 5614/2844/1 2280/2831/1
f 5615/2841/1 78/5724/1 2878/5825/1
f 4092/2843/1 2878/5825/1 798/5822/1
f 1464/5820/1 5615/2841/1 4092/2843/1
f 5616/2838/1 1463/5826/1 4087/2833/1
f 2639/743/1 4087/2833/1 559/5827/1
f 239/5106/1 5616/2838/1 2639/743/1
f 5617/2835/1 578/5828/1 1818/5829/1
f 1799/2570/1 1818/5829/1 67/5830/1
f 559/5827/1 5617/2835/1 1799/2570/1
f 5618/2832/1 258/5824/1 2658/5831/1
f 4088/2834/1 2658/5831/1 578/5828/1
f 1463/5826/1 5618/2832/1 4088/2834/1
f 5619/2829/1 1462/5832/1 4083/2824/1
f 2859/152/1 4083/2824/1 779/5833/1
f 68/5816/1 5619/2829/1 2859/152/1
f 5620/2826/1 1039/5834/1 3119/2836/1
f 2019/4343/1 3119/2836/1 239/5106/1
f 779/5833/1 5620/2826/1 2019/4343/1
f 5621/2823/1 381/5165/1 2279/655/1
f 4084/2825/1 2279/655/1 1039/5834/1
f 1462/5832/1 5621/2823/1 4084/2825/1
f 5622/2820/1 1461/5835/1 4079/2815/1
f 3124/665/1 4079/2815/1 1044/5836/1
f 382/5159/1 5622/2820/1 3124/665/1
f 5623/2817/1 574/5837/1 2654/4276/1
f 2284/2804/1 2654/4276/1 254/5151/1
f 1044/5836/1 5623/2817/1 2284/2804/1
f 5624/2814/1 76/5735/1 1814/175/1
f 4080/2816/1 1814/175/1 574/5837/1
f 1461/5835/1 5624/2814/1 4080/2816/1
f 5625/2811/1 1460/5838/1 4075/2806/1
f 2636/752/1 4075/2806/1 556/5839/1
f 236/5100/1 5625/2811/1 2636/752/1
f 5626/2808/1 794/5840/1 2874/2773/1
f 1796/2543/1 2874/2773/1 65/5841/1
f 556/5839/1 5626/2808/1 1796/2543/1
f 5627/2805/1 254/5151/1 2034/676/1
f 4076/2807/1 2034/676/1 794/5840/1
f 1460/5838/1 5627/2805/1 4076/2807/1
f 5628/2802/1 1459/5842/1 4071/2797/1
f 2856/149/1 4071/2797/1 776/5843/1
f 66/5844/1 5628/2802/1 2856/149/1
f 5629/2799/1 1043/5845/1 3123/2809/1
f 2016/4352/1 3123/2809/1 236/5100/1
f 776/5843/1 5629/2799/1 2016/4352/1
f 5630/2796/1 382/5159/1 2283/664/1
f 4072/2798/1 2283/664/1 1043/5845/1
f 1459/5842/1 5630/2796/1 4072/2798/1
f 5631/2793/1 1458/5846/1 4067/2788/1
f 3128/674/1 4067/2788/1 1048/5847/1
f 383/5153/1 5631/2793/1 3128/674/1
f 5632/2790/1 572/5848/1 2652/4285/1
f 2288/2777/1 2652/4285/1 252/5145/1
f 1048/5847/1 5632/2790/1 2288/2777/1
f 5633/2787/1 75/5746/1 1812/172/1
f 4068/2789/1 1812/172/1 572/5848/1
f 1458/5846/1 5633/2787/1 4068/2789/1
f 5634/2784/1 1457/5849/1 4063/2779/1
f 2634/761/1 4063/2779/1 554/5850/1
f 234/5094/1 5634/2784/1 2634/761/1
f 5635/2781/1 792/5851/1 2872/2746/1
f 1794/2516/1 2872/2746/1 64/5852/1
f 554/5850/1 5635/2781/1 1794/2516/1
f 5636/2778/1 252/5145/1 2032/685/1
f 4064/2780/1 2032/685/1 792/5851/1
f 1457/5849/1 5636/2778/1 4064/2780/1
f 5637/2775/1 1456/5853/1 4059/2770/1
f 2854/146/1 4059/2770/1 774/5854/1
f 65/5841/1 5637/2775/1 2854/146/1
f 5638/2772/1 1047/5855/1 3127/2782/1
f 2014/4361/1 3127/2782/1 234/5094/1
f 774/5854/1 5638/2772/1 2014/4361/1
f 5639/2769/1 383/5153/1 2287/673/1
f 4060/2771/1 2287/673/1 1047/5855/1
f 1456/5853/1 5639/2769/1 4060/2771/1
f 5640/2766/1 1455/5856/1 4055/2761/1
f 3132/683/1 4055/2761/1 1052/5857/1
f 384/5147/1 5640/2766/1 3132/683/1
f 5641/2763/1 570/5858/1 2650/4294/1
f 2292/2750/1 2650/4294/1 250/5139/1
f 1052/5857/1 5641/2763/1 2292/2750/1
f 5642/2760/1 74/5756/1 1810/169/1
f 4056/2762/1 1810/169/1 570/5858/1
f 1455/5856/1 5642/2760/1 4056/2762/1
f 5643/2757/1 1454/5859/1 4051/2752/1
f 2632/770/1 4051/2752/1 552/5860/1
f 232/5088/1 5643/2757/1 2632/770/1
f 5644/2754/1 790/5861/1 2870/2719/1
f 1792/2489/1 2870/2719/1 63/5862/1
f 552/5860/1 5644/2754/1 1792/2489/1
f 5645/2751/1 250/5139/1 2030/694/1
f 4052/2753/1 2030/694/1 790/5861/1
f 1454/5859/1 5645/2751/1 4052/2753/1
f 5646/2748/1 1453/5863/1 4047/2743/1
f 2852/143/1 4047/2743/1 772/5864/1
f 64/5852/1 5646/2748/1 2852/143/1
f 5647/2745/1 1051/5865/1 3131/2755/1
f 2012/4370/1 3131/2755/1 232/5088/1
f 772/5864/1 5647/2745/1 2012/4370/1
f 5648/2742/1 384/5147/1 2291/682/1
f 4048/2744/1 2291/682/1 1051/5865/1
f 1453/5863/1 5648/2742/1 4048/2744/1
f 5649/2739/1 1452/5866/1 4043/2734/1
f 3136/692/1 4043/2734/1 1056/5867/1
f 385/5141/1 5649/2739/1 3136/692/1
f 5650/2736/1 568/5868/1 2648/4303/1
f 2296/2723/1 2648/4303/1 248/5133/1
f 1056/5867/1 5650/2736/1 2296/2723/1
f 5651/2733/1 73/5766/1 1808/166/1
f 4044/2735/1 1808/166/1 568/5868/1
f 1452/5866/1 5651/2733/1 4044/2735/1
f 5652/2730/1 1451/5869/1 4039/2725/1
f 2630/779/1 4039/2725/1 550/5870/1
f 230/5082/1 5652/2730/1 2630/779/1
f 5653/2727/1 788/5871/1 2868/2692/1
f 1790/2462/1 2868/2692/1 62/5872/1
f 550/5870/1 5653/2727/1 1790/2462/1
f 5654/2724/1 248/5133/1 2028/703/1
f 4040/2726/1 2028/703/1 788/5871/1
f 1451/5869/1 5654/2724/1 4040/2726/1
f 5655/2721/1 1450/5873/1 4035/2716/1
f 2850/140/1 4035/2716/1 770/5874/1
f 63/5862/1 5655/2721/1 2850/140/1
f 5656/2718/1 1055/5875/1 3135/2728/1
f 2010/4379/1 3135/2728/1 230/5082/1
f 770/5874/1 5656/2718/1 2010/4379/1
f 5657/2715/1 385/5141/1 2295/691/1
f 4036/2717/1 2295/691/1 1055/5875/1
f 1450/5873/1 5657/2715/1 4036/2717/1
f 5658/2712/1 1449/5876/1 4031/2707/1
f 3140/701/1 4031/2707/1 1060/5877/1
f 386/5135/1 5658/2712/1 3140/701/1
f 5659/2709/1 566/5878/1 2646/4312/1
f 2300/2696/1 2646/4312/1 246/5127/1
f 1060/5877/1 5659/2709/1 2300/2696/1
f 5660/2706/1 72/5776/1 1806/163/1
f 4032/2708/1 1806/163/1 566/5878/1
f 1449/5876/1 5660/2706/1 4032/2708/1
f 5661/2703/1 1448/5879/1 4027/2698/1
f 2628/788/1 4027/2698/1 548/5880/1
f 228/5076/1 5661/2703/1 2628/788/1
f 5662/2700/1 786/5881/1 2866/2665/1
f 1788/2435/1 2866/2665/1 61/5882/1
f 548/5880/1 5662/2700/1 1788/2435/1
f 5663/2697/1 246/5127/1 2026/712/1
f 4028/2699/1 2026/712/1 786/5881/1
f 1448/5879/1 5663/2697/1 4028/2699/1
f 5664/2694/1 1447/5883/1 4023/2689/1
f 2848/137/1 4023/2689/1 768/5884/1
f 62/5872/1 5664/2694/1 2848/137/1
f 5665/2691/1 1059/5885/1 3139/2701/1
f 2008/4388/1 3139/2701/1 228/5076/1
f 768/5884/1 5665/2691/1 2008/4388/1
f 5666/2688/1 386/5135/1 2299/700/1
f 4024/2690/1 2299/700/1 1059/5885/1
f 1447/5883/1 5666/2688/1 4024/2690/1
f 5667/2685/1 1446/5886/1 4019/2680/1
f 3144/710/1 4019/2680/1 1064/5887/1
f 387/5129/1 5667/2685/1 3144/710/1
f 5668/2682/1 564/5888/1 2644/4321/1
f 2304/2669/1 2644/4321/1 244/5121/1
f 1064/5887/1 5668/2682/1 2304/2669/1
f 5669/2679/1 71/5786/1 1804/160/1
f 4020/2681/1 1804/160/1 564/5888/1
f 1446/5886/1 5669/2679/1 4020/2681/1
f 5670/2676/1 1445/5889/1 4015/2671/1
f 2626/797/1 4015/2671/1 546/5890/1
f 226/5070/1 5670/2676/1 2626/797/1
f 5671/2673/1 784/5891/1 2864/2638/1
f 1786/2408/1 2864/2638/1 60/5892/1
f 546/5890/1 5671/2673/1 1786/2408/1
f 5672/2670/1 244/5121/1 2024/721/1
f 4016/2672/1 2024/721/1 784/5891/1
f 1445/5889/1 5672/2670/1 4016/2672/1
f 5673/2667/1 1444/5893/1 4011/2662/1
f 2846/134/1 4011/2662/1 766/5894/1
f 61/5882/1 5673/2667/1 2846/134/1
f 5674/2664/1 1063/5895/1 3143/2674/1
f 2006/4397/1 3143/2674/1 226/5070/1
f 766/5894/1 5674/2664/1 2006/4397/1
f 5675/2661/1 387/5129/1 2303/709/1
f 4012/2663/1 2303/709/1 1063/5895/1
f 1444/5893/1 5675/2661/1 4012/2663/1
f 5676/2658/1 1443/5896/1 4007/2653/1
f 3148/719/1 4007/2653/1 1068/5897/1
f 388/5123/1 5676/2658/1 3148/719/1
f 5677/2655/1 562/5898/1 2642/4330/1
f 2308/2642/1 2642/4330/1 242/5115/1
f 1068/5897/1 5677/2655/1 2308/2642/1
f 5678/2652/1 70/5796/1 1802/157/1
f 4008/2654/1 1802/157/1 562/5898/1
f 1443/5896/1 5678/2652/1 4008/2654/1
f 5679/2649/1 1442/5899/1 4003/2644/1
f 2624/806/1 4003/2644/1 544/5900/1
f 224/5064/1 5679/2649/1 2624/806/1
f 5680/2646/1 782/5901/1 2862/2611/1
f 1784/2381/1 2862/2611/1 59/5902/1
f 544/5900/1 5680/2646/1 1784/2381/1
f 5681/2643/1 242/5115/1 2022/730/1
f 4004/2645/1 2022/730/1 782/5901/1
f 1442/5899/1 5681/2643/1 4004/2645/1
f 5682/2640/1 1441/5903/1 3999/2635/1
f 2844/131/1 3999/2635/1 764/5904/1
f 60/5892/1 5682/2640/1 2844/131/1
f 5683/2637/1 1067/5905/1 3147/2647/1
f 2004/4406/1 3147/2647/1 224/5064/1
f 764/5904/1 5683/2637/1 2004/4406/1
f 5684/2634/1 388/5123/1 2307/718/1
f 4000/2636/1 2307/718/1 1067/5905/1
f 1441/5903/1 5684/2634/1 4000/2636/1
f 5685/2631/1 1440/5906/1 3995/2626/1
f 3152/728/1 3995/2626/1 1072/5907/1
f 389/5117/1 5685/2631/1 3152/728/1
f 5686/2628/1 560/5908/1 2640/4339/1
f 2312/2615/1 2640/4339/1 240/5109/1
f 1072/5907/1 5686/2628/1 2312/2615/1
f 5687/2625/1 69/5806/1 1800/154/1
f 3996/2627/1 1800/154/1 560/5908/1
f 1440/5906/1 5687/2625/1 3996/2627/1
f 5688/2622/1 1439/5909/1 3991/2617/1
f 2622/815/1 3991/2617/1 542/5910/1
f 222/5058/1 5688/2622/1 2622/815/1
f 5689/2619/1 780/5911/1 2860/2584/1
f 1782/2354/1 2860/2584/1 58/5912/1
f 542/5910/1 5689/2619/1 1782/2354/1
f 5690/2616/1 240/5109/1 2020/739/1
f 3992/2618/1 2020/739/1 780/5911/1
f 1439/5909/1 5690/2616/1 3992/2618/1
f 5691/2613/1 1438/5913/1 3987/2608/1
f 2842/128/1 3987/2608/1 762/5914/1
f 59/5902/1 5691/2613/1 2842/128/1
f 5692/2610/1 1071/5915/1 3151/2620/1
f 2002/4415/1 3151/2620/1 222/5058/1
f 762/5914/1 5692/2610/1 2002/4415/1
f 5693/2607/1 389/5117/1 2311/727/1
f 3988/2609/1 2311/727/1 1071/5915/1
f 1438/5913/1 5693/2607/1 3988/2609/1
f 5694/2604/1 1437/5916/1 3983/2599/1
f 3156/737/1 3983/2599/1 1076/5917/1
f 390/5111/1 5694/2604/1 3156/737/1
f 5695/2601/1 558/5918/1 2638/4348/1
f 2316/2588/1 2638/4348/1 238/5103/1
f 1076/5917/1 5695/2601/1 2316/2588/1
f 5696/2598/1 68/5816/1 1798/151/1
f 3984/2600/1 1798/151/1 558/5918/1
f 1437/5916/1 5696/2598/1 3984/2600/1
f 5697/2595/1 1436/5919/1 3979/2590/1
f 2620/824/1 3979/2590/1 540/5920/1
f 220/5052/1 5697/2595/1 2620/824/1
f 5698/2592/1 778/5921/1 2858/2557/1
f 1780/2327/1 2858/2557/1 57/5922/1
f 540/5920/1 5698/2592/1 1780/2327/1
f 5699/2589/1 238/5103/1 2018/748/1
f 3980/2591/1 2018/748/1 778/5921/1
f 1436/5919/1 5699/2589/1 3980/2591/1
f 5700/2586/1 1435/5923/1 3975/2581/1
f 2840/125/1 3975/2581/1 760/5924/1
f 58/5912/1 5700/2586/1 2840/125/1
f 5701/2583/1 1075/5925/1 3155/2593/1
f 2000/4424/1 3155/2593/1 220/5052/1
f 760/5924/1 5701/2583/1 2000/4424/1
f 5702/2580/1 390/5111/1 2315/736/1
f 3976/2582/1 2315/736/1 1075/5925/1
f 1435/5923/1 5702/2580/1 3976/2582/1
f 5703/2577/1 1434/5926/1 3971/2572/1
f 3160/746/1 3971/2572/1 1080/5927/1
f 391/5105/1 5703/2577/1 3160/746/1
f 5704/2574/1 777/5928/1 2017/5929/1
f 2320/2561/1 2017/5929/1 237/5930/1
f 1080/5927/1 5704/2574/1 2320/2561/1
f 5705/2571/1 67/5830/1 2857/5931/1
f 3972/2573/1 2857/5931/1 777/5928/1
f 1434/5926/1 5705/2571/1 3972/2573/1
f 5706/2568/1 1433/5932/1 3967/2563/1
f 2618/833/1 3967/2563/1 538/5933/1
f 218/5046/1 5706/2568/1 2618/833/1
f 5707/2565/1 557/5934/1 1797/5935/1
f 1778/2300/1 1797/5935/1 56/5936/1
f 538/5933/1 5707/2565/1 1778/2300/1
f 5708/2562/1 237/5930/1 2637/5937/1
f 3968/2564/1 2637/5937/1 557/5934/1
f 1433/5932/1 5708/2562/1 3968/2564/1
f 5709/2559/1 1432/5938/1 3963/2554/1
f 2838/122/1 3963/2554/1 758/5939/1
f 57/5922/1 5709/2559/1 2838/122/1
f 5710/2556/1 1079/5940/1 3159/2566/1
f 1998/4433/1 3159/2566/1 218/5046/1
f 758/5939/1 5710/2556/1 1998/4433/1
f 5711/2553/1 391/5105/1 2319/745/1
f 3964/2555/1 2319/745/1 1079/5940/1
f 1432/5938/1 5711/2553/1 3964/2555/1
f 5712/2550/1 1431/5941/1 3959/2545/1
f 3164/755/1 3959/2545/1 1084/5942/1
f 392/5099/1 5712/2550/1 3164/755/1
f 5713/2547/1 553/5943/1 2633/4366/1
f 2324/2534/1 2633/4366/1 233/5091/1
f 1084/5942/1 5713/2547/1 2324/2534/1
f 5714/2544/1 65/5841/1 1793/145/1
f 3960/2546/1 1793/145/1 553/5943/1
f 1431/5941/1 5714/2544/1 3960/2546/1
f 5715/2541/1 1430/5944/1 3955/2536/1
f 2615/842/1 3955/2536/1 535/5945/1
f 215/5040/1 5715/2541/1 2615/842/1
f 5716/2538/1 773/5946/1 2853/2503/1
f 1775/2273/1 2853/2503/1 54/5947/1
f 535/5945/1 5716/2538/1 1775/2273/1
f 5717/2535/1 233/5091/1 2013/766/1
f 3956/2537/1 2013/766/1 773/5946/1
f 1430/5944/1 5717/2535/1 3956/2537/1
f 5718/2532/1 1429/5948/1 3951/2527/1
f 2835/119/1 3951/2527/1 755/5949/1
f 55/5950/1 5718/2532/1 2835/119/1
f 5719/2529/1 1083/5951/1 3163/2539/1
f 1995/4442/1 3163/2539/1 215/5040/1
f 755/5949/1 5719/2529/1 1995/4442/1
f 5720/2526/1 392/5099/1 2323/754/1
f 3952/2528/1 2323/754/1 1083/5951/1
f 1429/5948/1 5720/2526/1 3952/2528/1
f 5721/2523/1 1428/5952/1 3947/2518/1
f 3168/764/1 3947/2518/1 1088/5953/1
f 393/5093/1 5721/2523/1 3168/764/1
f 5722/2520/1 551/5954/1 2631/4375/1
f 2328/2507/1 2631/4375/1 231/5085/1
f 1088/5953/1 5722/2520/1 2328/2507/1
f 5723/2517/1 64/5852/1 1791/142/1
f 3948/2519/1 1791/142/1 551/5954/1
f 1428/5952/1 5723/2517/1 3948/2519/1
f 5724/2514/1 1427/5955/1 3943/2509/1
f 2613/851/1 3943/2509/1 533/5956/1
f 213/5034/1 5724/2514/1 2613/851/1
f 5725/2511/1 771/5957/1 2851/2476/1
f 1773/2246/1 2851/2476/1 53/5958/1
f 533/5956/1 5725/2511/1 1773/2246/1
f 5726/2508/1 231/5085/1 2011/775/1
f 3944/2510/1 2011/775/1 771/5957/1
f 1427/5955/1 5726/2508/1 3944/2510/1
f 5727/2505/1 1426/5959/1 3939/2500/1
f 2833/116/1 3939/2500/1 753/5960/1
f 54/5947/1 5727/2505/1 2833/116/1
f 5728/2502/1 1087/5961/1 3167/2512/1
f 1993/4451/1 3167/2512/1 213/5034/1
f 753/5960/1 5728/2502/1 1993/4451/1
f 5729/2499/1 393/5093/1 2327/763/1
f 3940/2501/1 2327/763/1 1087/5961/1
f 1426/5959/1 5729/2499/1 3940/2501/1
f 5730/2496/1 1425/5962/1 3935/2491/1
f 3172/773/1 3935/2491/1 1092/5963/1
f 394/5087/1 5730/2496/1 3172/773/1
f 5731/2493/1 549/5964/1 2629/4384/1
f 2332/2480/1 2629/4384/1 229/5079/1
f 1092/5963/1 5731/2493/1 2332/2480/1
f 5732/2490/1 63/5862/1 1789/139/1
f 3936/2492/1 1789/139/1 549/5964/1
f 1425/5962/1 5732/2490/1 3936/2492/1
f 5733/2487/1 1424/5965/1 3931/2482/1
f 2611/860/1 3931/2482/1 531/5966/1
f 211/5028/1 5733/2487/1 2611/860/1
f 5734/2484/1 769/5967/1 2849/2449/1
f 1771/2219/1 2849/2449/1 52/5968/1
f 531/5966/1 5734/2484/1 1771/2219/1
f 5735/2481/1 229/5079/1 2009/784/1
f 3932/2483/1 2009/784/1 769/5967/1
f 1424/5965/1 5735/2481/1 3932/2483/1
f 5736/2478/1 1423/5969/1 3927/2473/1
f 2831/113/1 3927/2473/1 751/5970/1
f 53/5958/1 5736/2478/1 2831/113/1
f 5737/2475/1 1091/5971/1 3171/2485/1
f 1991/4460/1 3171/2485/1 211/5028/1
f 751/5970/1 5737/2475/1 1991/4460/1
f 5738/2472/1 394/5087/1 2331/772/1
f 3928/2474/1 2331/772/1 1091/5971/1
f 1423/5969/1 5738/2472/1 3928/2474/1
f 5739/2469/1 1422/5972/1 3923/2464/1
f 3176/782/1 3923/2464/1 1096/5973/1
f 395/5081/1 5739/2469/1 3176/782/1
f 5740/2466/1 547/5974/1 2627/4393/1
f 2336/2453/1 2627/4393/1 227/5073/1
f 1096/5973/1 5740/2466/1 2336/2453/1
f 5741/2463/1 62/5872/1 1787/136/1
f 3924/2465/1 1787/136/1 547/5974/1
f 1422/5972/1 5741/2463/1 3924/2465/1
f 5742/2460/1 1421/5975/1 3919/2455/1
f 2609/869/1 3919/2455/1 529/5976/1
f 209/5022/1 5742/2460/1 2609/869/1
f 5743/2457/1 767/5977/1 2847/2422/1
f 1769/2192/1 2847/2422/1 51/5978/1
f 529/5976/1 5743/2457/1 1769/2192/1
f 5744/2454/1 227/5073/1 2007/793/1
f 3920/2456/1 2007/793/1 767/5977/1
f 1421/5975/1 5744/2454/1 3920/2456/1
f 5745/2451/1 1420/5979/1 3915/2446/1
f 2829/110/1 3915/2446/1 749/5980/1
f 52/5968/1 5745/2451/1 2829/110/1
f 5746/2448/1 1095/5981/1 3175/2458/1
f 1989/4469/1 3175/2458/1 209/5022/1
f 749/5980/1 5746/2448/1 1989/4469/1
f 5747/2445/1 395/5081/1 2335/781/1
f 3916/2447/1 2335/781/1 1095/5981/1
f 1420/5979/1 5747/2445/1 3916/2447/1
f 5748/2442/1 1419/5982/1 3911/2437/1
f 3180/791/1 3911/2437/1 1100/5983/1
f 396/5075/1 5748/2442/1 3180/791/1
f 5749/2439/1 545/5984/1 2625/4402/1
f 2340/2426/1 2625/4402/1 225/5067/1
f 1100/5983/1 5749/2439/1 2340/2426/1
f 5750/2436/1 61/5882/1 1785/133/1
f 3912/2438/1 1785/133/1 545/5984/1
f 1419/5982/1 5750/2436/1 3912/2438/1
f 5751/2433/1 1418/5985/1 3907/2428/1
f 2607/878/1 3907/2428/1 527/5986/1
f 207/5016/1 5751/2433/1 2607/878/1
f 5752/2430/1 765/5987/1 2845/2395/1
f 1767/2165/1 2845/2395/1 50/5988/1
f 527/5986/1 5752/2430/1 1767/2165/1
f 5753/2427/1 225/5067/1 2005/802/1
f 3908/2429/1 2005/802/1 765/5987/1
f 1418/5985/1 5753/2427/1 3908/2429/1
f 5754/2424/1 1417/5989/1 3903/2419/1
f 2827/107/1 3903/2419/1 747/5990/1
f 51/5978/1 5754/2424/1 2827/107/1
f 5755/2421/1 1099/5991/1 3179/2431/1
f 1987/4478/1 3179/2431/1 207/5016/1
f 747/5990/1 5755/2421/1 1987/4478/1
f 5756/2418/1 396/5075/1 2339/790/1
f 3904/2420/1 2339/790/1 1099/5991/1
f 1417/5989/1 5756/2418/1 3904/2420/1
f 5757/2415/1 1416/5992/1 3899/2410/1
f 3184/800/1 3899/2410/1 1104/5993/1
f 397/5069/1 5757/2415/1 3184/800/1
f 5758/2412/1 543/5994/1 2623/4411/1
f 2344/2399/1 2623/4411/1 223/5061/1
f 1104/5993/1 5758/2412/1 2344/2399/1
f 5759/2409/1 60/5892/1 1783/130/1
f 3900/2411/1 1783/130/1 543/5994/1
f 1416/5992/1 5759/2409/1 3900/2411/1
f 5760/2406/1 1415/5995/1 3895/2401/1
f 2605/887/1 3895/2401/1 525/5996/1
f 205/5010/1 5760/2406/1 2605/887/1
f 5761/2403/1 763/5997/1 2843/2368/1
f 1765/2138/1 2843/2368/1 49/5998/1
f 525/5996/1 5761/2403/1 1765/2138/1
f 5762/2400/1 223/5061/1 2003/811/1
f 3896/2402/1 2003/811/1 763/5997/1
f 1415/5995/1 5762/2400/1 3896/2402/1
f 5763/2397/1 1414/5999/1 3891/2392/1
f 2825/104/1 3891/2392/1 745/6000/1
f 50/5988/1 5763/2397/1 2825/104/1
f 5764/2394/1 1103/6001/1 3183/2404/1
f 1985/4487/1 3183/2404/1 205/5010/1
f 745/6000/1 5764/2394/1 1985/4487/1
f 5765/2391/1 397/5069/1 2343/799/1
f 3892/2393/1 2343/799/1 1103/6001/1
f 1414/5999/1 5765/2391/1 3892/2393/1
f 5766/2388/1 1413/6002/1 3887/2383/1
f 3188/809/1 3887/2383/1 1108/6003/1
f 398/5063/1 5766/2388/1 3188/809/1
f 5767/2385/1 541/6004/1 2621/4420/1
f 2348/2372/1 2621/4420/1 221/5055/1
f 1108/6003/1 5767/2385/1 2348/2372/1
f 5768/2382/1 59/5902/1 1781/127/1
f 3888/2384/1 1781/127/1 541/6004/1
f 1413/6002/1 5768/2382/1 3888/2384/1
f 5769/2379/1 1412/6005/1 3883/2374/1
f 2603/896/1 3883/2374/1 523/6006/1
f 203/5004/1 5769/2379/1 2603/896/1
f 5770/2376/1 761/6007/1 2841/2341/1
f 1763/2111/1 2841/2341/1 48/6008/1
f 523/6006/1 5770/2376/1 1763/2111/1
f 5771/2373/1 221/5055/1 2001/820/1
f 3884/2375/1 2001/820/1 761/6007/1
f 1412/6005/1 5771/2373/1 3884/2375/1
f 5772/2370/1 1411/6009/1 3879/2365/1
f 2823/101/1 3879/2365/1 743/6010/1
f 49/5998/1 5772/2370/1 2823/101/1
f 5773/2367/1 1107/6011/1 3187/2377/1
f 1983/4496/1 3187/2377/1 203/5004/1
f 743/6010/1 5773/2367/1 1983/4496/1
f 5774/2364/1 398/5063/1 2347/808/1
f 3880/2366/1 2347/808/1 1107/6011/1
f 1411/6009/1 5774/2364/1 3880/2366/1
f 5775/2361/1 1410/6012/1 3875/2356/1
f 3192/818/1 3875/2356/1 1112/6013/1
f 399/5057/1 5775/2361/1 3192/818/1
f 5776/2358/1 539/6014/1 2619/4429/1
f 2352/2345/1 2619/4429/1 219/5049/1
f 1112/6013/1 5776/2358/1 2352/2345/1
f 5777/2355/1 58/5912/1 1779/124/1
f 3876/2357/1 1779/124/1 539/6014/1
f 1410/6012/1 5777/2355/1 3876/2357/1
f 5778/2352/1 1409/6015/1 3871/2347/1
f 2601/905/1 3871/2347/1 521/6016/1
f 201/4998/1 5778/2352/1 2601/905/1
f 5779/2349/1 759/6017/1 2839/2314/1
f 1761/2084/1 2839/2314/1 47/6018/1
f 521/6016/1 5779/2349/1 1761/2084/1
f 5780/2346/1 219/5049/1 1999/829/1
f 3872/2348/1 1999/829/1 759/6017/1
f 1409/6015/1 5780/2346/1 3872/2348/1
f 5781/2343/1 1408/6019/1 3867/2338/1
f 2821/98/1 3867/2338/1 741/6020/1
f 48/6008/1 5781/2343/1 2821/98/1
f 5782/2340/1 1111/6021/1 3191/2350/1
f 1981/4505/1 3191/2350/1 201/4998/1
f 741/6020/1 5782/2340/1 1981/4505/1
f 5783/2337/1 399/5057/1 2351/817/1
f 3868/2339/1 2351/817/1 1111/6021/1
f 1408/6019/1 5783/2337/1 3868/2339/1
f 5784/2334/1 1407/6022/1 3863/2329/1
f 3196/827/1 3863/2329/1 1116/6023/1
f 400/5051/1 5784/2334/1 3196/827/1
f 5785/2331/1 537/6024/1 2617/4438/1
f 2356/2318/1 2617/4438/1 217/5043/1
f 1116/6023/1 5785/2331/1 2356/2318/1
f 5786/2328/1 57/5922/1 1777/121/1
f 3864/2330/1 1777/121/1 537/6024/1
f 1407/6022/1 5786/2328/1 3864/2330/1
f 5787/2325/1 1406/6025/1 3859/2320/1
f 2599/914/1 3859/2320/1 519/6026/1
f 199/4992/1 5787/2325/1 2599/914/1
f 5788/2322/1 757/6027/1 2837/2287/1
f 1759/2057/1 2837/2287/1 46/6028/1
f 519/6026/1 5788/2322/1 1759/2057/1
f 5789/2319/1 217/5043/1 1997/838/1
f 3860/2321/1 1997/838/1 757/6027/1
f 1406/6025/1 5789/2319/1 3860/2321/1
f 5790/2316/1 1405/6029/1 3855/2311/1
f 2819/95/1 3855/2311/1 739/6030/1
f 47/6018/1 5790/2316/1 2819/95/1
f 5791/2313/1 1115/6031/1 3195/2323/1
f 1979/4514/1 3195/2323/1 199/4992/1
f 739/6030/1 5791/2313/1 1979/4514/1
f 5792/2310/1 400/5051/1 2355/826/1
f 3856/2312/1 2355/826/1 1115/6031/1
f 1405/6029/1 5792/2310/1 3856/2312/1
f 5793/2307/1 1404/6032/1 3851/2302/1
f 3200/836/1 3851/2302/1 1120/6033/1
f 401/5045/1 5793/2307/1 3200/836/1
f 5794/2304/1 756/6034/1 1996/6035/1
f 2360/2291/1 1996/6035/1 216/6036/1
f 1120/6033/1 5794/2304/1 2360/2291/1
f 5795/2301/1 56/5936/1 2836/6037/1
f 3852/2303/1 2836/6037/1 756/6034/1
f 1404/6032/1 5795/2301/1 3852/2303/1
f 5796/2298/1 1403/6038/1 3847/2293/1
f 2597/923/1 3847/2293/1 517/6039/1
f 197/4986/1 5796/2298/1 2597/923/1
f 5797/2295/1 536/6040/1 1776/6041/1
f 1757/2030/1 1776/6041/1 45/6042/1
f 517/6039/1 5797/2295/1 1757/2030/1
f 5798/2292/1 216/6036/1 2616/6043/1
f 3848/2294/1 2616/6043/1 536/6040/1
f 1403/6038/1 5798/2292/1 3848/2294/1
f 5799/2289/1 1402/6044/1 3843/2284/1
f 2817/92/1 3843/2284/1 737/6045/1
f 46/6028/1 5799/2289/1 2817/92/1
f 5800/2286/1 1119/6046/1 3199/2296/1
f 1977/4523/1 3199/2296/1 197/4986/1
f 737/6045/1 5800/2286/1 1977/4523/1
f 5801/2283/1 401/5045/1 2359/835/1
f 3844/2285/1 2359/835/1 1119/6046/1
f 1402/6044/1 5801/2283/1 3844/2285/1
f 5802/2280/1 1401/6047/1 3839/2275/1
f 3204/845/1 3839/2275/1 1124/6048/1
f 402/5039/1 5802/2280/1 3204/845/1
f 5803/2277/1 532/6049/1 2612/4456/1
f 2364/2264/1 2612/4456/1 212/5031/1
f 1124/6048/1 5803/2277/1 2364/2264/1
f 5804/2274/1 54/5947/1 1772/115/1
f 3840/2276/1 1772/115/1 532/6049/1
f 1401/6047/1 5804/2274/1 3840/2276/1
f 5805/2271/1 1400/6050/1 3835/2266/1
f 2594/932/1 3835/2266/1 514/6051/1
f 194/4980/1 5805/2271/1 2594/932/1
f 5806/2268/1 752/6052/1 2832/2233/1
f 1754/2003/1 2832/2233/1 43/6053/1
f 514/6051/1 5806/2268/1 1754/2003/1
f 5807/2265/1 212/5031/1 1992/856/1
f 3836/2267/1 1992/856/1 752/6052/1
f 1400/6050/1 5807/2265/1 3836/2267/1
f 5808/2262/1 1399/6054/1 3831/2257/1
f 2814/89/1 3831/2257/1 734/6055/1
f 44/6056/1 5808/2262/1 2814/89/1
f 5809/2259/1 1123/6057/1 3203/2269/1
f 1974/4532/1 3203/2269/1 194/4980/1
f 734/6055/1 5809/2259/1 1974/4532/1
f 5810/2256/1 402/5039/1 2363/844/1
f 3832/2258/1 2363/844/1 1123/6057/1
f 1399/6054/1 5810/2256/1 3832/2258/1
f 5811/2253/1 1398/6058/1 3827/2248/1
f 3208/854/1 3827/2248/1 1128/6059/1
f 403/5033/1 5811/2253/1 3208/854/1
f 5812/2250/1 530/6060/1 2610/4465/1
f 2368/2237/1 2610/4465/1 210/5025/1
f 1128/6059/1 5812/2250/1 2368/2237/1
f 5813/2247/1 53/5958/1 1770/112/1
f 3828/2249/1 1770/112/1 530/6060/1
f 1398/6058/1 5813/2247/1 3828/2249/1
f 5814/2244/1 1397/6061/1 3823/2239/1
f 2592/941/1 3823/2239/1 512/6062/1
f 192/4974/1 5814/2244/1 2592/941/1
f 5815/2241/1 750/6063/1 2830/2206/1
f 1752/1976/1 2830/2206/1 42/6064/1
f 512/6062/1 5815/2241/1 1752/1976/1
f 5816/2238/1 210/5025/1 1990/865/1
f 3824/2240/1 1990/865/1 750/6063/1
f 1397/6061/1 5816/2238/1 3824/2240/1
f 5817/2235/1 1396/6065/1 3819/2230/1
f 2812/86/1 3819/2230/1 732/6066/1
f 43/6053/1 5817/2235/1 2812/86/1
f 5818/2232/1 1127/6067/1 3207/2242/1
f 1972/4541/1 3207/2242/1 192/4974/1
f 732/6066/1 5818/2232/1 1972/4541/1
f 5819/2229/1 403/5033/1 2367/853/1
f 3820/2231/1 2367/853/1 1127/6067/1
f 1396/6065/1 5819/2229/1 3820/2231/1
f 5820/2226/1 1395/6068/1 3815/2221/1
f 3212/863/1 3815/2221/1 1132/6069/1
f 404/5027/1 5820/2226/1 3212/863/1
f 5821/2223/1 528/6070/1 2608/4474/1
f 2372/2210/1 2608/4474/1 208/5019/1
f 1132/6069/1 5821/2223/1 2372/2210/1
f 5822/2220/1 52/5968/1 1768/109/1
f 3816/2222/1 1768/109/1 528/6070/1
f 1395/6068/1 5822/2220/1 3816/2222/1
f 5823/2217/1 1394/6071/1 3811/2212/1
f 2590/950/1 3811/2212/1 510/6072/1
f 190/4968/1 5823/2217/1 2590/950/1
f 5824/2214/1 748/6073/1 2828/2179/1
f 1750/1949/1 2828/2179/1 41/6074/1
f 510/6072/1 5824/2214/1 1750/1949/1
f 5825/2211/1 208/5019/1 1988/874/1
f 3812/2213/1 1988/874/1 748/6073/1
f 1394/6071/1 5825/2211/1 3812/2213/1
f 5826/2208/1 1393/6075/1 3807/2203/1
f 2810/83/1 3807/2203/1 730/6076/1
f 42/6064/1 5826/2208/1 2810/83/1
f 5827/2205/1 1131/6077/1 3211/2215/1
f 1970/4550/1 3211/2215/1 190/4968/1
f 730/6076/1 5827/2205/1 1970/4550/1
f 5828/2202/1 404/5027/1 2371/862/1
f 3808/2204/1 2371/862/1 1131/6077/1
f 1393/6075/1 5828/2202/1 3808/2204/1
f 5829/2199/1 1392/6078/1 3803/2194/1
f 3216/872/1 3803/2194/1 1136/6079/1
f 405/5021/1 5829/2199/1 3216/872/1
f 5830/2196/1 526/6080/1 2606/4483/1
f 2376/2183/1 2606/4483/1 206/5013/1
f 1136/6079/1 5830/2196/1 2376/2183/1
f 5831/2193/1 51/5978/1 1766/106/1
f 3804/2195/1 1766/106/1 526/6080/1
f 1392/6078/1 5831/2193/1 3804/2195/1
f 5832/2190/1 1391/6081/1 3799/2185/1
f 2588/959/1 3799/2185/1 508/6082/1
f 188/4962/1 5832/2190/1 2588/959/1
f 5833/2187/1 746/6083/1 2826/2152/1
f 1748/1922/1 2826/2152/1 40/6084/1
f 508/6082/1 5833/2187/1 1748/1922/1
f 5834/2184/1 206/5013/1 1986/883/1
f 3800/2186/1 1986/883/1 746/6083/1
f 1391/6081/1 5834/2184/1 3800/2186/1
f 5835/2181/1 1390/6085/1 3795/2176/1
f 2808/80/1 3795/2176/1 728/6086/1
f 41/6074/1 5835/2181/1 2808/80/1
f 5836/2178/1 1135/6087/1 3215/2188/1
f 1968/4559/1 3215/2188/1 188/4962/1
f 728/6086/1 5836/2178/1 1968/4559/1
f 5837/2175/1 405/5021/1 2375/871/1
f 3796/2177/1 2375/871/1 1135/6087/1
f 1390/6085/1 5837/2175/1 3796/2177/1
f 5838/2172/1 1389/6088/1 3791/2167/1
f 3220/881/1 3791/2167/1 1140/6089/1
f 406/5015/1 5838/2172/1 3220/881/1
f 5839/2169/1 524/6090/1 2604/4492/1
f 2380/2156/1 2604/4492/1 204/5007/1
f 1140/6089/1 5839/2169/1 2380/2156/1
f 5840/2166/1 50/5988/1 1764/103/1
f 3792/2168/1 1764/103/1 524/6090/1
f 1389/6088/1 5840/2166/1 3792/2168/1
f 5841/2163/1 1388/6091/1 3787/2158/1
f 2586/968/1 3787/2158/1 506/6092/1
f 186/4956/1 5841/2163/1 2586/968/1
f 5842/2160/1 744/6093/1 2824/2125/1
f 1746/1895/1 2824/2125/1 39/6094/1
f 506/6092/1 5842/2160/1 1746/1895/1
f 5843/2157/1 204/5007/1 1984/892/1
f 3788/2159/1 1984/892/1 744/6093/1
f 1388/6091/1 5843/2157/1 3788/2159/1
f 5844/2154/1 1387/6095/1 3783/2149/1
f 2806/77/1 3783/2149/1 726/6096/1
f 40/6084/1 5844/2154/1 2806/77/1
f 5845/2151/1 1139/6097/1 3219/2161/1
f 1966/4568/1 3219/2161/1 186/4956/1
f 726/6096/1 5845/2151/1 1966/4568/1
f 5846/2148/1 406/5015/1 2379/880/1
f 3784/2150/1 2379/880/1 1139/6097/1
f 1387/6095/1 5846/2148/1 3784/2150/1
f 5847/2145/1 1386/6098/1 3779/2140/1
f 3224/890/1 3779/2140/1 1144/6099/1
f 407/5009/1 5847/2145/1 3224/890/1
f 5848/2142/1 522/6100/1 2602/4501/1
f 2384/2129/1 2602/4501/1 202/5001/1
f 1144/6099/1 5848/2142/1 2384/2129/1
f 5849/2139/1 49/5998/1 1762/100/1
f 3780/2141/1 1762/100/1 522/6100/1
f 1386/6098/1 5849/2139/1 3780/2141/1
f 5850/2136/1 1385/6101/1 3775/2131/1
f 2584/977/1 3775/2131/1 504/6102/1
f 184/4950/1 5850/2136/1 2584/977/1
f 5851/2133/1 742/6103/1 2822/2098/1
f 1744/1868/1 2822/2098/1 38/6104/1
f 504/6102/1 5851/2133/1 1744/1868/1
f 5852/2130/1 202/5001/1 1982/901/1
f 3776/2132/1 1982/901/1 742/6103/1
f 1385/6101/1 5852/2130/1 3776/2132/1
f 5853/2127/1 1384/6105/1 3771/2122/1
f 2804/74/1 3771/2122/1 724/6106/1
f 39/6094/1 5853/2127/1 2804/74/1
f 5854/2124/1 1143/6107/1 3223/2134/1
f 1964/4577/1 3223/2134/1 184/4950/1
f 724/6106/1 5854/2124/1 1964/4577/1
f 5855/2121/1 407/5009/1 2383/889/1
f 3772/2123/1 2383/889/1 1143/6107/1
f 1384/6105/1 5855/2121/1 3772/2123/1
f 5856/2118/1 1383/6108/1 3767/2113/1
f 3228/899/1 3767/2113/1 1148/6109/1
f 408/5003/1 5856/2118/1 3228/899/1
f 5857/2115/1 520/6110/1 2600/4510/1
f 2388/2102/1 2600/4510/1 200/4995/1
f 1148/6109/1 5857/2115/1 2388/2102/1
f 5858/2112/1 48/6008/1 1760/97/1
f 3768/2114/1 1760/97/1 520/6110/1
f 1383/6108/1 5858/2112/1 3768/2114/1
f 5859/2109/1 1382/6111/1 3763/2104/1
f 2582/986/1 3763/2104/1 502/6112/1
f 182/4944/1 5859/2109/1 2582/986/1
f 5860/2106/1 740/6113/1 2820/2071/1
f 1742/1841/1 2820/2071/1 37/6114/1
f 502/6112/1 5860/2106/1 1742/1841/1
f 5861/2103/1 200/4995/1 1980/910/1
f 3764/2105/1 1980/910/1 740/6113/1
f 1382/6111/1 5861/2103/1 3764/2105/1
f 5862/2100/1 1381/6115/1 3759/2095/1
f 2802/71/1 3759/2095/1 722/6116/1
f 38/6104/1 5862/2100/1 2802/71/1
f 5863/2097/1 1147/6117/1 3227/2107/1
f 1962/4586/1 3227/2107/1 182/4944/1
f 722/6116/1 5863/2097/1 1962/4586/1
f 5864/2094/1 408/5003/1 2387/898/1
f 3760/2096/1 2387/898/1 1147/6117/1
f 1381/6115/1 5864/2094/1 3760/2096/1
f 5865/2091/1 1380/6118/1 3755/2086/1
f 3232/908/1 3755/2086/1 1152/6119/1
f 409/4997/1 5865/2091/1 3232/908/1
f 5866/2088/1 518/6120/1 2598/4519/1
f 2392/2075/1 2598/4519/1 198/4989/1
f 1152/6119/1 5866/2088/1 2392/2075/1
f 5867/2085/1 47/6018/1 1758/94/1
f 3756/2087/1 1758/94/1 518/6120/1
f 1380/6118/1 5867/2085/1 3756/2087/1
f 5868/2082/1 1379/6121/1 3751/2077/1
f 2580/995/1 3751/2077/1 500/6122/1
f 180/4938/1 5868/2082/1 2580/995/1
f 5869/2079/1 738/6123/1 2818/2044/1
f 1740/1814/1 2818/2044/1 36/6124/1
f 500/6122/1 5869/2079/1 1740/1814/1
f 5870/2076/1 198/4989/1 1978/919/1
f 3752/2078/1 1978/919/1 738/6123/1
f 1379/6121/1 5870/2076/1 3752/2078/1
f 5871/2073/1 1378/6125/1 3747/2068/1
f 2800/68/1 3747/2068/1 720/6126/1
f 37/6114/1 5871/2073/1 2800/68/1
f 5872/2070/1 1151/6127/1 3231/2080/1
f 1960/4595/1 3231/2080/1 180/4938/1
f 720/6126/1 5872/2070/1 1960/4595/1
f 5873/2067/1 409/4997/1 2391/907/1
f 3748/2069/1 2391/907/1 1151/6127/1
f 1378/6125/1 5873/2067/1 3748/2069/1
f 5874/2064/1 1377/6128/1 3743/2059/1
f 3236/917/1 3743/2059/1 1156/6129/1
f 410/4991/1 5874/2064/1 3236/917/1
f 5875/2061/1 516/6130/1 2596/4528/1
f 2396/2048/1 2596/4528/1 196/4983/1
f 1156/6129/1 5875/2061/1 2396/2048/1
f 5876/2058/1 46/6028/1 1756/91/1
f 3744/2060/1 1756/91/1 516/6130/1
f 1377/6128/1 5876/2058/1 3744/2060/1
f 5877/2055/1 1376/6131/1 3739/2050/1
f 2578/1004/1 3739/2050/1 498/6132/1
f 178/4932/1 5877/2055/1 2578/1004/1
f 5878/2052/1 736/6133/1 2816/2017/1
f 1738/1787/1 2816/2017/1 35/6134/1
f 498/6132/1 5878/2052/1 1738/1787/1
f 5879/2049/1 196/4983/1 1976/928/1
f 3740/2051/1 1976/928/1 736/6133/1
f 1376/6131/1 5879/2049/1 3740/2051/1
f 5880/2046/1 1375/6135/1 3735/2041/1
f 2798/65/1 3735/2041/1 718/6136/1
f 36/6124/1 5880/2046/1 2798/65/1
f 5881/2043/1 1155/6137/1 3235/2053/1
f 1958/4604/1 3235/2053/1 178/4932/1
f 718/6136/1 5881/2043/1 1958/4604/1
f 5882/2040/1 410/4991/1 2395/916/1
f 3736/2042/1 2395/916/1 1155/6137/1
f 1375/6135/1 5882/2040/1 3736/2042/1
f 5883/2037/1 1374/6138/1 3731/2032/1
f 3240/926/1 3731/2032/1 1160/6139/1
f 411/4985/1 5883/2037/1 3240/926/1
f 5884/2034/1 735/6140/1 1975/6141/1
f 2400/2021/1 1975/6141/1 195/6142/1
f 1160/6139/1 5884/2034/1 2400/2021/1
f 5885/2031/1 45/6042/1 2815/6143/1
f 3732/2033/1 2815/6143/1 735/6140/1
f 1374/6138/1 5885/2031/1 3732/2033/1
f 5886/2028/1 1373/6144/1 3727/2023/1
f 2576/1013/1 3727/2023/1 496/6145/1
f 176/4926/1 5886/2028/1 2576/1013/1
f 5887/2025/1 515/6146/1 1755/6147/1
f 1736/1760/1 1755/6147/1 34/6148/1
f 496/6145/1 5887/2025/1 1736/1760/1
f 5888/2022/1 195/6142/1 2595/6149/1
f 3728/2024/1 2595/6149/1 515/6146/1
f 1373/6144/1 5888/2022/1 3728/2024/1
f 5889/2019/1 1372/6150/1 3723/2014/1
f 2796/62/1 3723/2014/1 716/6151/1
f 35/6134/1 5889/2019/1 2796/62/1
f 5890/2016/1 1159/6152/1 3239/2026/1
f 1956/4613/1 3239/2026/1 176/4926/1
f 716/6151/1 5890/2016/1 1956/4613/1
f 5891/2013/1 411/4985/1 2399/925/1
f 3724/2015/1 2399/925/1 1159/6152/1
f 1372/6150/1 5891/2013/1 3724/2015/1
f 5892/2010/1 1371/6153/1 3719/2005/1
f 3244/935/1 3719/2005/1 1164/6154/1
f 412/4979/1 5892/2010/1 3244/935/1
f 5893/2007/1 511/6155/1 2591/4546/1
f 2404/1994/1 2591/4546/1 191/4971/1
f 1164/6154/1 5893/2007/1 2404/1994/1
f 5894/2004/1 43/6053/1 1751/85/1
f 3720/2006/1 1751/85/1 511/6155/1
f 1371/6153/1 5894/2004/1 3720/2006/1
f 5895/2001/1 1370/6156/1 3715/1996/1
f 2573/1022/1 3715/1996/1 493/6157/1
f 173/4920/1 5895/2001/1 2573/1022/1
f 5896/1998/1 731/6158/1 2811/1963/1
f 1733/1733/1 2811/1963/1 32/6159/1
f 493/6157/1 5896/1998/1 1733/1733/1
f 5897/1995/1 191/4971/1 1971/946/1
f 3716/1997/1 1971/946/1 731/6158/1
f 1370/6156/1 5897/1995/1 3716/1997/1
f 5898/1992/1 1369/6160/1 3711/1987/1
f 2793/59/1 3711/1987/1 713/6161/1
f 33/6162/1 5898/1992/1 2793/59/1
f 5899/1989/1 1163/6163/1 3243/1999/1
f 1953/4622/1 3243/1999/1 173/4920/1
f 713/6161/1 5899/1989/1 1953/4622/1
f 5900/1986/1 412/4979/1 2403/934/1
f 3712/1988/1 2403/934/1 1163/6163/1
f 1369/6160/1 5900/1986/1 3712/1988/1
f 5901/1983/1 1368/6164/1 3707/1978/1
f 3248/944/1 3707/1978/1 1168/6165/1
f 413/4973/1 5901/1983/1 3248/944/1
f 5902/1980/1 509/6166/1 2589/4555/1
f 2408/1967/1 2589/4555/1 189/4965/1
f 1168/6165/1 5902/1980/1 2408/1967/1
f 5903/1977/1 42/6064/1 1749/82/1
f 3708/1979/1 1749/82/1 509/6166/1
f 1368/6164/1 5903/1977/1 3708/1979/1
f 5904/1974/1 1367/6167/1 3703/1969/1
f 2571/1031/1 3703/1969/1 491/6168/1
f 171/4914/1 5904/1974/1 2571/1031/1
f 5905/1971/1 729/6169/1 2809/1936/1
f 1731/1706/1 2809/1936/1 31/6170/1
f 491/6168/1 5905/1971/1 1731/1706/1
f 5906/1968/1 189/4965/1 1969/955/1
f 3704/1970/1 1969/955/1 729/6169/1
f 1367/6167/1 5906/1968/1 3704/1970/1
f 5907/1965/1 1366/6171/1 3699/1960/1
f 2791/56/1 3699/1960/1 711/6172/1
f 32/6159/1 5907/1965/1 2791/56/1
f 5908/1962/1 1167/6173/1 3247/1972/1
f 1951/4631/1 3247/1972/1 171/4914/1
f 711/6172/1 5908/1962/1 1951/4631/1
f 5909/1959/1 413/4973/1 2407/943/1
f 3700/1961/1 2407/943/1 1167/6173/1
f 1366/6171/1 5909/1959/1 3700/1961/1
f 5910/1956/1 1365/6174/1 3695/1951/1
f 3252/953/1 3695/1951/1 1172/6175/1
f 414/4967/1 5910/1956/1 3252/953/1
f 5911/1953/1 507/6176/1 2587/4564/1
f 2412/1940/1 2587/4564/1 187/4959/1
f 1172/6175/1 5911/1953/1 2412/1940/1
f 5912/1950/1 41/6074/1 1747/79/1
f 3696/1952/1 1747/79/1 507/6176/1
f 1365/6174/1 5912/1950/1 3696/1952/1
f 5913/1947/1 1364/6177/1 3691/1942/1
f 2569/1040/1 3691/1942/1 489/6178/1
f 169/4908/1 5913/1947/1 2569/1040/1
f 5914/1944/1 727/6179/1 2807/1909/1
f 1729/1679/1 2807/1909/1 30/6180/1
f 489/6178/1 5914/1944/1 1729/1679/1
f 5915/1941/1 187/4959/1 1967/964/1
f 3692/1943/1 1967/964/1 727/6179/1
f 1364/6177/1 5915/1941/1 3692/1943/1
f 5916/1938/1 1363/6181/1 3687/1933/1
f 2789/53/1 3687/1933/1 709/6182/1
f 31/6170/1 5916/1938/1 2789/53/1
f 5917/1935/1 1171/6183/1 3251/1945/1
f 1949/4640/1 3251/1945/1 169/4908/1
f 709/6182/1 5917/1935/1 1949/4640/1
f 5918/1932/1 414/4967/1 2411/952/1
f 3688/1934/1 2411/952/1 1171/6183/1
f 1363/6181/1 5918/1932/1 3688/1934/1
f 5919/1929/1 1362/6184/1 3683/1924/1
f 3256/962/1 3683/1924/1 1176/6185/1
f 415/4961/1 5919/1929/1 3256/962/1
f 5920/1926/1 505/6186/1 2585/4573/1
f 2416/1913/1 2585/4573/1 185/4953/1
f 1176/6185/1 5920/1926/1 2416/1913/1
f 5921/1923/1 40/6084/1 1745/76/1
f 3684/1925/1 1745/76/1 505/6186/1
f 1362/6184/1 5921/1923/1 3684/1925/1
f 5922/1920/1 1361/6187/1 3679/1915/1
f 2567/1049/1 3679/1915/1 487/6188/1
f 167/4902/1 5922/1920/1 2567/1049/1
f 5923/1917/1 725/6189/1 2805/1882/1
f 1727/1652/1 2805/1882/1 29/6190/1
f 487/6188/1 5923/1917/1 1727/1652/1
f 5924/1914/1 185/4953/1 1965/973/1
f 3680/1916/1 1965/973/1 725/6189/1
f 1361/6187/1 5924/1914/1 3680/1916/1
f 5925/1911/1 1360/6191/1 3675/1906/1
f 2787/50/1 3675/1906/1 707/6192/1
f 30/6180/1 5925/1911/1 2787/50/1
f 5926/1908/1 1175/6193/1 3255/1918/1
f 1947/4649/1 3255/1918/1 167/4902/1
f 707/6192/1 5926/1908/1 1947/4649/1
f 5927/1905/1 415/4961/1 2415/961/1
f 3676/1907/1 2415/961/1 1175/6193/1
f 1360/6191/1 5927/1905/1 3676/1907/1
f 5928/1902/1 1359/6194/1 3671/1897/1
f 3260/971/1 3671/1897/1 1180/6195/1
f 416/4955/1 5928/1902/1 3260/971/1
f 5929/1899/1 503/6196/1 2583/4582/1
f 2420/1886/1 2583/4582/1 183/4947/1
f 1180/6195/1 5929/1899/1 2420/1886/1
f 5930/1896/1 39/6094/1 1743/73/1
f 3672/1898/1 1743/73/1 503/6196/1
f 1359/6194/1 5930/1896/1 3672/1898/1
f 5931/1893/1 1358/6197/1 3667/1888/1
f 2565/1058/1 3667/1888/1 485/6198/1
f 165/4896/1 5931/1893/1 2565/1058/1
f 5932/1890/1 723/6199/1 2803/1855/1
f 1725/1625/1 2803/1855/1 28/6200/1
f 485/6198/1 5932/1890/1 1725/1625/1
f 5933/1887/1 183/4947/1 1963/982/1
f 3668/1889/1 1963/982/1 723/6199/1
f 1358/6197/1 5933/1887/1 3668/1889/1
f 5934/1884/1 1357/6201/1 3663/1879/1
f 2785/47/1 3663/1879/1 705/6202/1
f 29/6190/1 5934/1884/1 2785/47/1
f 5935/1881/1 1179/6203/1 3259/1891/1
f 1945/4658/1 3259/1891/1 165/4896/1
f 705/6202/1 5935/1881/1 1945/4658/1
f 5936/1878/1 416/4955/1 2419/970/1
f 3664/1880/1 2419/970/1 1179/6203/1
f 1357/6201/1 5936/1878/1 3664/1880/1
f 5937/1875/1 1356/6204/1 3659/1870/1
f 3264/980/1 3659/1870/1 1184/6205/1
f 417/4949/1 5937/1875/1 3264/980/1
f 5938/1872/1 501/6206/1 2581/4591/1
f 2424/1859/1 2581/4591/1 181/4941/1
f 1184/6205/1 5938/1872/1 2424/1859/1
f 5939/1869/1 38/6104/1 1741/70/1
f 3660/1871/1 1741/70/1 501/6206/1
f 1356/6204/1 5939/1869/1 3660/1871/1
f 5940/1866/1 1355/6207/1 3655/1861/1
f 2563/1067/1 3655/1861/1 483/6208/1
f 163/4890/1 5940/1866/1 2563/1067/1
f 5941/1863/1 721/6209/1 2801/1828/1
f 1723/1598/1 2801/1828/1 27/6210/1
f 483/6208/1 5941/1863/1 1723/1598/1
f 5942/1860/1 181/4941/1 1961/991/1
f 3656/1862/1 1961/991/1 721/6209/1
f 1355/6207/1 5942/1860/1 3656/1862/1
f 5943/1857/1 1354/6211/1 3651/1852/1
f 2783/44/1 3651/1852/1 703/6212/1
f 28/6200/1 5943/1857/1 2783/44/1
f 5944/1854/1 1183/6213/1 3263/1864/1
f 1943/4667/1 3263/1864/1 163/4890/1
f 703/6212/1 5944/1854/1 1943/4667/1
f 5945/1851/1 417/4949/1 2423/979/1
f 3652/1853/1 2423/979/1 1183/6213/1
f 1354/6211/1 5945/1851/1 3652/1853/1
f 5946/1848/1 1353/6214/1 3647/1843/1
f 3268/989/1 3647/1843/1 1188/6215/1
f 418/4943/1 5946/1848/1 3268/989/1
f 5947/1845/1 499/6216/1 2579/4600/1
f 2428/1832/1 2579/4600/1 179/4935/1
f 1188/6215/1 5947/1845/1 2428/1832/1
f 5948/1842/1 37/6114/1 1739/67/1
f 3648/1844/1 1739/67/1 499/6216/1
f 1353/6214/1 5948/1842/1 3648/1844/1
f 5949/1839/1 1352/6217/1 3643/1834/1
f 2561/1076/1 3643/1834/1 481/6218/1
f 161/4884/1 5949/1839/1 2561/1076/1
f 5950/1836/1 719/6219/1 2799/1801/1
f 1721/1571/1 2799/1801/1 26/6220/1
f 481/6218/1 5950/1836/1 1721/1571/1
f 5951/1833/1 179/4935/1 1959/1000/1
f 3644/1835/1 1959/1000/1 719/6219/1
f 1352/6217/1 5951/1833/1 3644/1835/1
f 5952/1830/1 1351/6221/1 3639/1825/1
f 2781/41/1 3639/1825/1 701/6222/1
f 27/6210/1 5952/1830/1 2781/41/1
f 5953/1827/1 1187/6223/1 3267/1837/1
f 1941/4676/1 3267/1837/1 161/4884/1
f 701/6222/1 5953/1827/1 1941/4676/1
f 5954/1824/1 418/4943/1 2427/988/1
f 3640/1826/1 2427/988/1 1187/6223/1
f 1351/6221/1 5954/1824/1 3640/1826/1
f 5955/1821/1 1350/6224/1 3635/1816/1
f 3272/998/1 3635/1816/1 1192/6225/1
f 419/4937/1 5955/1821/1 3272/998/1
f 5956/1818/1 497/6226/1 2577/4609/1
f 2432/1805/1 2577/4609/1 177/4929/1
f 1192/6225/1 5956/1818/1 2432/1805/1
f 5957/1815/1 36/6124/1 1737/64/1
f 3636/1817/1 1737/64/1 497/6226/1
f 1350/6224/1 5957/1815/1 3636/1817/1
f 5958/1812/1 1349/6227/1 3631/1807/1
f 2559/1085/1 3631/1807/1 479/6228/1
f 159/4878/1 5958/1812/1 2559/1085/1
f 5959/1809/1 717/6229/1 2797/1774/1
f 1719/1544/1 2797/1774/1 25/6230/1
f 479/6228/1 5959/1809/1 1719/1544/1
f 5960/1806/1 177/4929/1 1957/1009/1
f 3632/1808/1 1957/1009/1 717/6229/1
f 1349/6227/1 5960/1806/1 3632/1808/1
f 5961/1803/1 1348/6231/1 3627/1798/1
f 2779/38/1 3627/1798/1 699/6232/1
f 26/6220/1 5961/1803/1 2779/38/1
f 5962/1800/1 1191/6233/1 3271/1810/1
f 1939/4685/1 3271/1810/1 159/4878/1
f 699/6232/1 5962/1800/1 1939/4685/1
f 5963/1797/1 419/4937/1 2431/997/1
f 3628/1799/1 2431/997/1 1191/6233/1
f 1348/6231/1 5963/1797/1 3628/1799/1
f 5964/1794/1 1347/6234/1 3623/1789/1
f 3276/1007/1 3623/1789/1 1196/6235/1
f 420/4931/1 5964/1794/1 3276/1007/1
f 5965/1791/1 495/6236/1 2575/4618/1
f 2436/1778/1 2575/4618/1 175/4923/1
f 1196/6235/1 5965/1791/1 2436/1778/1
f 5966/1788/1 35/6134/1 1735/61/1
f 3624/1790/1 1735/61/1 495/6236/1
f 1347/6234/1 5966/1788/1 3624/1790/1
f 5967/1785/1 1346/6237/1 3619/1780/1
f 2557/1094/1 3619/1780/1 477/6238/1
f 157/4872/1 5967/1785/1 2557/1094/1
f 5968/1782/1 715/6239/1 2795/1747/1
f 1717/1517/1 2795/1747/1 24/6240/1
f 477/6238/1 5968/1782/1 1717/1517/1
f 5969/1779/1 175/4923/1 1955/1018/1
f 3620/1781/1 1955/1018/1 715/6239/1
f 1346/6237/1 5969/1779/1 3620/1781/1
f 5970/1776/1 1345/6241/1 3615/1771/1
f 2777/35/1 3615/1771/1 697/6242/1
f 25/6230/1 5970/1776/1 2777/35/1
f 5971/1773/1 1195/6243/1 3275/1783/1
f 1937/4694/1 3275/1783/1 157/4872/1
f 697/6242/1 5971/1773/1 1937/4694/1
f 5972/1770/1 420/4931/1 2435/1006/1
f 3616/1772/1 2435/1006/1 1195/6243/1
f 1345/6241/1 5972/1770/1 3616/1772/1
f 5973/1767/1 1344/6244/1 3611/1762/1
f 3280/1016/1 3611/1762/1 1200/6245/1
f 421/4925/1 5973/1767/1 3280/1016/1
f 5974/1764/1 714/6246/1 1954/6247/1
f 2440/1751/1 1954/6247/1 174/6248/1
f 1200/6245/1 5974/1764/1 2440/1751/1
f 5975/1761/1 34/6148/1 2794/6249/1
f 3612/1763/1 2794/6249/1 714/6246/1
f 1344/6244/1 5975/1761/1 3612/1763/1
f 5976/1758/1 1343/6250/1 3607/1753/1
f 2555/1103/1 3607/1753/1 475/6251/1
f 155/4866/1 5976/1758/1 2555/1103/1
f 5977/1755/1 494/6252/1 1734/6253/1
f 1715/1490/1 1734/6253/1 23/6254/1
f 475/6251/1 5977/1755/1 1715/1490/1
f 5978/1752/1 174/6248/1 2574/6255/1
f 3608/1754/1 2574/6255/1 494/6252/1
f 1343/6250/1 5978/1752/1 3608/1754/1
f 5979/1749/1 1342/6256/1 3603/1744/1
f 2775/32/1 3603/1744/1 695/6257/1
f 24/6240/1 5979/1749/1 2775/32/1
f 5980/1746/1 1199/6258/1 3279/1756/1
f 1935/4703/1 3279/1756/1 155/4866/1
f 695/6257/1 5980/1746/1 1935/4703/1
f 5981/1743/1 421/4925/1 2439/1015/1
f 3604/1745/1 2439/1015/1 1199/6258/1
f 1342/6256/1 5981/1743/1 3604/1745/1
f 5982/1740/1 1341/6259/1 3599/1735/1
f 3284/1025/1 3599/1735/1 1204/6260/1
f 422/4919/1 5982/1740/1 3284/1025/1
f 5983/1737/1 490/6261/1 2570/4636/1
f 2444/1724/1 2570/4636/1 170/4911/1
f 1204/6260/1 5983/1737/1 2444/1724/1
f 5984/1734/1 32/6159/1 1730/55/1
f 3600/1736/1 1730/55/1 490/6261/1
f 1341/6259/1 5984/1734/1 3600/1736/1
f 5985/1731/1 1340/6262/1 3595/1726/1
f 2552/1112/1 3595/1726/1 472/6263/1
f 152/4860/1 5985/1731/1 2552/1112/1
f 5986/1728/1 710/6264/1 2790/1693/1
f 1712/1463/1 2790/1693/1 21/6265/1
f 472/6263/1 5986/1728/1 1712/1463/1
f 5987/1725/1 170/4911/1 1950/1036/1
f 3596/1727/1 1950/1036/1 710/6264/1
f 1340/6262/1 5987/1725/1 3596/1727/1
f 5988/1722/1 1339/6266/1 3591/1717/1
f 2772/29/1 3591/1717/1 692/6267/1
f 22/6268/1 5988/1722/1 2772/29/1
f 5989/1719/1 1203/6269/1 3283/1729/1
f 1932/4712/1 3283/1729/1 152/4860/1
f 692/6267/1 5989/1719/1 1932/4712/1
f 5990/1716/1 422/4919/1 2443/1024/1
f 3592/1718/1 2443/1024/1 1203/6269/1
f 1339/6266/1 5990/1716/1 3592/1718/1
f 5991/1713/1 1338/6270/1 3587/1708/1
f 3288/1034/1 3587/1708/1 1208/6271/1
f 423/4913/1 5991/1713/1 3288/1034/1
f 5992/1710/1 488/6272/1 2568/4645/1
f 2448/1697/1 2568/4645/1 168/4905/1
f 1208/6271/1 5992/1710/1 2448/1697/1
f 5993/1707/1 31/6170/1 1728/52/1
f 3588/1709/1 1728/52/1 488/6272/1
f 1338/6270/1 5993/1707/1 3588/1709/1
f 5994/1704/1 1337/6273/1 3583/1699/1
f 2549/1121/1 3583/1699/1 469/6274/1
f 149/4854/1 5994/1704/1 2549/1121/1
f 5995/1701/1 708/6275/1 2788/1666/1
f 1709/1436/1 2788/1666/1 20/6276/1
f 469/6274/1 5995/1701/1 1709/1436/1
f 5996/1698/1 168/4905/1 1948/1045/1
f 3584/1700/1 1948/1045/1 708/6275/1
f 1337/6273/1 5996/1698/1 3584/1700/1
f 5997/1695/1 1336/6277/1 3579/1690/1
f 2769/26/1 3579/1690/1 689/6278/1
f 21/6265/1 5997/1695/1 2769/26/1
f 5998/1692/1 1207/6279/1 3287/1702/1
f 1929/4721/1 3287/1702/1 149/4854/1
f 689/6278/1 5998/1692/1 1929/4721/1
f 5999/1689/1 423/4913/1 2447/1033/1
f 3580/1691/1 2447/1033/1 1207/6279/1
f 1336/6277/1 5999/1689/1 3580/1691/1
f 6000/1686/1 1335/6280/1 3575/1681/1
f 3292/1043/1 3575/1681/1 1212/6281/1
f 424/4907/1 6000/1686/1 3292/1043/1
f 6001/1683/1 486/6282/1 2566/4654/1
f 2452/1670/1 2566/4654/1 166/4899/1
f 1212/6281/1 6001/1683/1 2452/1670/1
f 6002/1680/1 30/6180/1 1726/49/1
f 3576/1682/1 1726/49/1 486/6282/1
f 1335/6280/1 6002/1680/1 3576/1682/1
f 6003/1677/1 1334/6283/1 3571/1672/1
f 2546/1130/1 3571/1672/1 466/6284/1
f 146/4848/1 6003/1677/1 2546/1130/1
f 6004/1674/1 706/6285/1 2786/1639/1
f 1706/1409/1 2786/1639/1 19/6286/1
f 466/6284/1 6004/1674/1 1706/1409/1
f 6005/1671/1 166/4899/1 1946/1054/1
f 3572/1673/1 1946/1054/1 706/6285/1
f 1334/6283/1 6005/1671/1 3572/1673/1
f 6006/1668/1 1333/6287/1 3567/1663/1
f 2766/23/1 3567/1663/1 686/6288/1
f 20/6276/1 6006/1668/1 2766/23/1
f 6007/1665/1 1211/6289/1 3291/1675/1
f 1926/4730/1 3291/1675/1 146/4848/1
f 686/6288/1 6007/1665/1 1926/4730/1
f 6008/1662/1 424/4907/1 2451/1042/1
f 3568/1664/1 2451/1042/1 1211/6289/1
f 1333/6287/1 6008/1662/1 3568/1664/1
f 6009/1659/1 1332/6290/1 3563/1654/1
f 3296/1052/1 3563/1654/1 1216/6291/1
f 425/4901/1 6009/1659/1 3296/1052/1
f 6010/1656/1 484/6292/1 2564/4663/1
f 2456/1643/1 2564/4663/1 164/4893/1
f 1216/6291/1 6010/1656/1 2456/1643/1
f 6011/1653/1 29/6190/1 1724/46/1
f 3564/1655/1 1724/46/1 484/6292/1
f 1332/6290/1 6011/1653/1 3564/1655/1
f 6012/1650/1 1331/6293/1 3559/1645/1
f 2543/1139/1 3559/1645/1 463/6294/1
f 143/4842/1 6012/1650/1 2543/1139/1
f 6013/1647/1 704/6295/1 2784/1612/1
f 1703/1382/1 2784/1612/1 18/6296/1
f 463/6294/1 6013/1647/1 1703/1382/1
f 6014/1644/1 164/4893/1 1944/1063/1
f 3560/1646/1 1944/1063/1 704/6295/1
f 1331/6293/1 6014/1644/1 3560/1646/1
f 6015/1641/1 1330/6297/1 3555/1636/1
f 2763/20/1 3555/1636/1 683/6298/1
f 19/6286/1 6015/1641/1 2763/20/1
f 6016/1638/1 1215/6299/1 3295/1648/1
f 1923/4739/1 3295/1648/1 143/4842/1
f 683/6298/1 6016/1638/1 1923/4739/1
f 6017/1635/1 425/4901/1 2455/1051/1
f 3556/1637/1 2455/1051/1 1215/6299/1
f 1330/6297/1 6017/1635/1 3556/1637/1
f 6018/1632/1 1329/6300/1 3551/1627/1
f 3300/1061/1 3551/1627/1 1220/6301/1
f 426/4895/1 6018/1632/1 3300/1061/1
f 6019/1629/1 482/6302/1 2562/4672/1
f 2460/1616/1 2562/4672/1 162/4887/1
f 1220/6301/1 6019/1629/1 2460/1616/1
f 6020/1626/1 28/6200/1 1722/43/1
f 3552/1628/1 1722/43/1 482/6302/1
f 1329/6300/1 6020/1626/1 3552/1628/1
f 6021/1623/1 1328/6303/1 3547/1618/1
f 2540/1148/1 3547/1618/1 460/6304/1
f 140/4836/1 6021/1623/1 2540/1148/1
f 6022/1620/1 702/6305/1 2782/1585/1
f 1700/1355/1 2782/1585/1 17/6306/1
f 460/6304/1 6022/1620/1 1700/1355/1
f 6023/1617/1 162/4887/1 1942/1072/1
f 3548/1619/1 1942/1072/1 702/6305/1
f 1328/6303/1 6023/1617/1 3548/1619/1
f 6024/1614/1 1327/6307/1 3543/1609/1
f 2760/17/1 3543/1609/1 680/6308/1
f 18/6296/1 6024/1614/1 2760/17/1
f 6025/1611/1 1219/6309/1 3299/1621/1
f 1920/4748/1 3299/1621/1 140/4836/1
f 680/6308/1 6025/1611/1 1920/4748/1
f 6026/1608/1 426/4895/1 2459/1060/1
f 3544/1610/1 2459/1060/1 1219/6309/1
f 1327/6307/1 6026/1608/1 3544/1610/1
f 6027/1605/1 1326/6310/1 3539/1600/1
f 3304/1070/1 3539/1600/1 1224/6311/1
f 427/4889/1 6027/1605/1 3304/1070/1
f 6028/1602/1 480/6312/1 2560/4681/1
f 2464/1589/1 2560/4681/1 160/4881/1
f 1224/6311/1 6028/1602/1 2464/1589/1
f 6029/1599/1 27/6210/1 1720/40/1
f 3540/1601/1 1720/40/1 480/6312/1
f 1326/6310/1 6029/1599/1 3540/1601/1
f 6030/1596/1 1325/6313/1 3535/1591/1
f 2537/1157/1 3535/1591/1 457/6314/1
f 137/4830/1 6030/1596/1 2537/1157/1
f 6031/1593/1 700/6315/1 2780/1558/1
f 1697/1328/1 2780/1558/1 16/6316/1
f 457/6314/1 6031/1593/1 1697/1328/1
f 6032/1590/1 160/4881/1 1940/1081/1
f 3536/1592/1 1940/1081/1 700/6315/1
f 1325/6313/1 6032/1590/1 3536/1592/1
f 6033/1587/1 1324/6317/1 3531/1582/1
f 2757/14/1 3531/1582/1 677/6318/1
f 17/6306/1 6033/1587/1 2757/14/1
f 6034/1584/1 1223/6319/1 3303/1594/1
f 1917/4757/1 3303/1594/1 137/4830/1
f 677/6318/1 6034/1584/1 1917/4757/1
f 6035/1581/1 427/4889/1 2463/1069/1
f 3532/1583/1 2463/1069/1 1223/6319/1
f 1324/6317/1 6035/1581/1 3532/1583/1
f 6036/1578/1 1323/6320/1 3527/1573/1
f 3308/1079/1 3527/1573/1 1228/6321/1
f 428/4883/1 6036/1578/1 3308/1079/1
f 6037/1575/1 478/6322/1 2558/4690/1
f 2468/1562/1 2558/4690/1 158/4875/1
f 1228/6321/1 6037/1575/1 2468/1562/1
f 6038/1572/1 26/6220/1 1718/37/1
f 3528/1574/1 1718/37/1 478/6322/1
f 1323/6320/1 6038/1572/1 3528/1574/1
f 6039/1569/1 1322/6323/1 3523/1564/1
f 2534/1166/1 3523/1564/1 454/6324/1
f 134/4824/1 6039/1569/1 2534/1166/1
f 6040/1566/1 698/6325/1 2778/1531/1
f 1694/1301/1 2778/1531/1 15/6326/1
f 454/6324/1 6040/1566/1 1694/1301/1
f 6041/1563/1 158/4875/1 1938/1090/1
f 3524/1565/1 1938/1090/1 698/6325/1
f 1322/6323/1 6041/1563/1 3524/1565/1
f 6042/1560/1 1321/6327/1 3519/1555/1
f 2754/11/1 3519/1555/1 674/6328/1
f 16/6316/1 6042/1560/1 2754/11/1
f 6043/1557/1 1227/6329/1 3307/1567/1
f 1914/4766/1 3307/1567/1 134/4824/1
f 674/6328/1 6043/1557/1 1914/4766/1
f 6044/1554/1 428/4883/1 2467/1078/1
f 3520/1556/1 2467/1078/1 1227/6329/1
f 1321/6327/1 6044/1554/1 3520/1556/1
f 6045/1551/1 1320/6330/1 3515/1546/1
f 3312/1088/1 3515/1546/1 1232/6331/1
f 429/4877/1 6045/1551/1 3312/1088/1
f 6046/1548/1 476/6332/1 2556/4699/1
f 2472/1535/1 2556/4699/1 156/4869/1
f 1232/6331/1 6046/1548/1 2472/1535/1
f 6047/1545/1 25/6230/1 1716/34/1
f 3516/1547/1 1716/34/1 476/6332/1
f 1320/6330/1 6047/1545/1 3516/1547/1
f 6048/1542/1 1319/6333/1 3511/1537/1
f 2531/1175/1 3511/1537/1 451/6334/1
f 131/4818/1 6048/1542/1 2531/1175/1
f 6049/1539/1 696/6335/1 2776/1504/1
f 1691/1274/1 2776/1504/1 14/6336/1
f 451/6334/1 6049/1539/1 1691/1274/1
f 6050/1536/1 156/4869/1 1936/1099/1
f 3512/1538/1 1936/1099/1 696/6335/1
f 1319/6333/1 6050/1536/1 3512/1538/1
f 6051/1533/1 1318/6337/1 3507/1528/1
f 2751/8/1 3507/1528/1 671/6338/1
f 15/6326/1 6051/1533/1 2751/8/1
f 6052/1530/1 1231/6339/1 3311/1540/1
f 1911/4775/1 3311/1540/1 131/4818/1
f 671/6338/1 6052/1530/1 1911/4775/1
f 6053/1527/1 429/4877/1 2471/1087/1
f 3508/1529/1 2471/1087/1 1231/6339/1
f 1318/6337/1 6053/1527/1 3508/1529/1
f 6054/1524/1 1317/6340/1 3503/1519/1
f 3316/1097/1 3503/1519/1 1236/6341/1
f 430/4871/1 6054/1524/1 3316/1097/1
f 6055/1521/1 474/6342/1 2554/4708/1
f 2476/1508/1 2554/4708/1 154/4863/1
f 1236/6341/1 6055/1521/1 2476/1508/1
f 6056/1518/1 24/6240/1 1714/31/1
f 3504/1520/1 1714/31/1 474/6342/1
f 1317/6340/1 6056/1518/1 3504/1520/1
f 6057/1515/1 1316/6343/1 3499/1510/1
f 2528/1184/1 3499/1510/1 448/6344/1
f 128/4812/1 6057/1515/1 2528/1184/1
f 6058/1512/1 694/6345/1 2774/1477/1
f 1688/1247/1 2774/1477/1 13/6346/1
f 448/6344/1 6058/1512/1 1688/1247/1
f 6059/1509/1 154/4863/1 1934/1108/1
f 3500/1511/1 1934/1108/1 694/6345/1
f 1316/6343/1 6059/1509/1 3500/1511/1
f 6060/1506/1 1315/6347/1 3495/1501/1
f 2748/5/1 3495/1501/1 668/6348/1
f 14/6336/1 6060/1506/1 2748/5/1
f 6061/1503/1 1235/6349/1 3315/1513/1
f 1908/4784/1 3315/1513/1 128/4812/1
f 668/6348/1 6061/1503/1 1908/4784/1
f 6062/1500/1 430/4871/1 2475/1096/1
f 3496/1502/1 2475/1096/1 1235/6349/1
f 1315/6347/1 6062/1500/1 3496/1502/1
f 6063/1497/1 1314/6350/1 3491/1492/1
f 3320/1106/1 3491/1492/1 1240/6351/1
f 431/4865/1 6063/1497/1 3320/1106/1
f 6064/1494/1 693/6352/1 1933/6353/1
f 2480/1481/1 1933/6353/1 153/6354/1
f 1240/6351/1 6064/1494/1 2480/1481/1
f 6065/1491/1 23/6254/1 2773/6355/1
f 3492/1493/1 2773/6355/1 693/6352/1
f 1314/6350/1 6065/1491/1 3492/1493/1
f 6066/1488/1 1313/6356/1 3487/1483/1
f 2525/1193/1 3487/1483/1 445/6357/1
f 125/4806/1 6066/1488/1 2525/1193/1
f 6067/1485/1 473/6358/1 1713/6359/1
f 1685/1220/1 1713/6359/1 12/6360/1
f 445/6357/1 6067/1485/1 1685/1220/1
f 6068/1482/1 153/6354/1 2553/6361/1
f 3488/1484/1 2553/6361/1 473/6358/1
f 1313/6356/1 6068/1482/1 3488/1484/1
f 6069/1479/1 1312/6362/1 3483/1474/1
f 2745/2/1 3483/1474/1 665/6363/1
f 13/6346/1 6069/1479/1 2745/2/1
f 6070/1476/1 1239/6364/1 3319/1486/1
f 1905/4793/1 3319/1486/1 125/4806/1
f 665/6363/1 6070/1476/1 1905/4793/1
f 6071/1473/1 431/4865/1 2479/1105/1
f 3484/1475/1 2479/1105/1 1239/6364/1
f 1312/6362/1 6071/1473/1 3484/1475/1
f 6072/1470/1 1311/6365/1 3479/1465/1
f 3324/1115/1 3479/1465/1 1244/6366/1
f 432/4859/1 6072/1470/1 3324/1115/1
f 6073/1467/1 468/6367/1 2548/4726/1
f 2484/1454/1 2548/4726/1 148/4851/1
f 1244/6366/1 6073/1467/1 2484/1454/1
f 6074/1464/1 21/6265/1 1708/25/1
f 3480/1466/1 1708/25/1 468/6367/1
f 1311/6365/1 6074/1464/1 3480/1466/1
f 6075/1461/1 1310/6368/1 3475/1456/1
f 1930/6369/1 3475/1456/1 690/6370/1
f 150/6371/1 6075/1461/1 1930/6369/1
f 6076/1458/1 688/6372/1 2768/1423/1
f 2770/6373/1 2768/1423/1 10/6374/1
f 690/6370/1 6076/1458/1 2770/6373/1
f 6077/1455/1 148/4851/1 1928/1126/1
f 3476/1457/1 1928/1126/1 688/6372/1
f 1310/6368/1 6077/1455/1 3476/1457/1
f 6078/1452/1 1309/6375/1 3471/1447/1
f 1710/6376/1 3471/1447/1 470/6377/1
f 11/6378/1 6078/1452/1 1710/6376/1
f 6079/1449/1 1243/6379/1 3323/1459/1
f 2550/6380/1 3323/1459/1 150/6371/1
f 470/6377/1 6079/1449/1 2550/6380/1
f 6080/1446/1 432/4859/1 2483/1114/1
f 3472/1448/1 2483/1114/1 1243/6379/1
f 1309/6375/1 6080/1446/1 3472/1448/1
f 6081/1443/1 1308/6381/1 3467/1438/1
f 3328/1124/1 3467/1438/1 1248/6382/1
f 433/4853/1 6081/1443/1 3328/1124/1
f 6082/1440/1 465/6383/1 2545/4735/1
f 2488/1427/1 2545/4735/1 145/4845/1
f 1248/6382/1 6082/1440/1 2488/1427/1
f 6083/1437/1 20/6276/1 1705/22/1
f 3468/1439/1 1705/22/1 465/6383/1
f 1308/6381/1 6083/1437/1 3468/1439/1
f 6084/1434/1 1307/6384/1 3463/1429/1
f 1927/6385/1 3463/1429/1 687/6386/1
f 147/6387/1 6084/1434/1 1927/6385/1
f 6085/1431/1 685/6388/1 2765/1396/1
f 2767/6389/1 2765/1396/1 9/6390/1
f 687/6386/1 6085/1431/1 2767/6389/1
f 6086/1428/1 145/4845/1 1925/1135/1
f 3464/1430/1 1925/1135/1 685/6388/1
f 1307/6384/1 6086/1428/1 3464/1430/1
f 6087/1425/1 1306/6391/1 3459/1420/1
f 1707/6392/1 3459/1420/1 467/6393/1
f 10/6374/1 6087/1425/1 1707/6392/1
f 6088/1422/1 1247/6394/1 3327/1432/1
f 2547/6395/1 3327/1432/1 147/6387/1
f 467/6393/1 6088/1422/1 2547/6395/1
f 6089/1419/1 433/4853/1 2487/1123/1
f 3460/1421/1 2487/1123/1 1247/6394/1
f 1306/6391/1 6089/1419/1 3460/1421/1
f 6090/1416/1 1305/6396/1 3455/1411/1
f 3332/1133/1 3455/1411/1 1252/6397/1
f 434/4847/1 6090/1416/1 3332/1133/1
f 6091/1413/1 462/6398/1 2542/4744/1
f 2492/1400/1 2542/4744/1 142/4839/1
f 1252/6397/1 6091/1413/1 2492/1400/1
f 6092/1410/1 19/6286/1 1702/19/1
f 3456/1412/1 1702/19/1 462/6398/1
f 1305/6396/1 6092/1410/1 3456/1412/1
f 6093/1407/1 1304/6399/1 3451/1402/1
f 1924/6400/1 3451/1402/1 684/6401/1
f 144/6402/1 6093/1407/1 1924/6400/1
f 6094/1404/1 682/6403/1 2762/1369/1
f 2764/6404/1 2762/1369/1 8/6405/1
f 684/6401/1 6094/1404/1 2764/6404/1
f 6095/1401/1 142/4839/1 1922/1144/1
f 3452/1403/1 1922/1144/1 682/6403/1
f 1304/6399/1 6095/1401/1 3452/1403/1
f 6096/1398/1 1303/6406/1 3447/1393/1
f 1704/6407/1 3447/1393/1 464/6408/1
f 9/6390/1 6096/1398/1 1704/6407/1
f 6097/1395/1 1251/6409/1 3331/1405/1
f 2544/6410/1 3331/1405/1 144/6402/1
f 464/6408/1 6097/1395/1 2544/6410/1
f 6098/1392/1 434/4847/1 2491/1132/1
f 3448/1394/1 2491/1132/1 1251/6409/1
f 1303/6406/1 6098/1392/1 3448/1394/1
f 6099/1389/1 1302/6411/1 3443/1384/1
f 3336/1142/1 3443/1384/1 1256/6412/1
f 435/4841/1 6099/1389/1 3336/1142/1
f 6100/1386/1 459/6413/1 2539/4753/1
f 2496/1373/1 2539/4753/1 139/4833/1
f 1256/6412/1 6100/1386/1 2496/1373/1
f 6101/1383/1 18/6296/1 1699/16/1
f 3444/1385/1 1699/16/1 459/6413/1
f 1302/6411/1 6101/1383/1 3444/1385/1
f 6102/1380/1 1301/6414/1 3439/1375/1
f 1921/6415/1 3439/1375/1 681/6416/1
f 141/6417/1 6102/1380/1 1921/6415/1
f 6103/1377/1 679/6418/1 2759/1342/1
f 2761/6419/1 2759/1342/1 7/6420/1
f 681/6416/1 6103/1377/1 2761/6419/1
f 6104/1374/1 139/4833/1 1919/1153/1
f 3440/1376/1 1919/1153/1 679/6418/1
f 1301/6414/1 6104/1374/1 3440/1376/1
f 6105/1371/1 1300/6421/1 3435/1366/1
f 1701/6422/1 3435/1366/1 461/6423/1
f 8/6405/1 6105/1371/1 1701/6422/1
f 6106/1368/1 1255/6424/1 3335/1378/1
f 2541/6425/1 3335/1378/1 141/6417/1
f 461/6423/1 6106/1368/1 2541/6425/1
f 6107/1365/1 435/4841/1 2495/1141/1
f 3436/1367/1 2495/1141/1 1255/6424/1
f 1300/6421/1 6107/1365/1 3436/1367/1
f 6108/1362/1 1299/6426/1 3431/1357/1
f 3340/1151/1 3431/1357/1 1260/6427/1
f 436/4835/1 6108/1362/1 3340/1151/1
f 6109/1359/1 456/6428/1 2536/4762/1
f 2500/1346/1 2536/4762/1 136/4827/1
f 1260/6427/1 6109/1359/1 2500/1346/1
f 6110/1356/1 17/6306/1 1696/13/1
f 3432/1358/1 1696/13/1 456/6428/1
f 1299/6426/1 6110/1356/1 3432/1358/1
f 6111/1353/1 1298/6429/1 3427/1348/1
f 1918/6430/1 3427/1348/1 678/6431/1
f 138/6432/1 6111/1353/1 1918/6430/1
f 6112/1350/1 676/6433/1 2756/1315/1
f 2758/6434/1 2756/1315/1 6/6435/1
f 678/6431/1 6112/1350/1 2758/6434/1
f 6113/1347/1 136/4827/1 1916/1162/1
f 3428/1349/1 1916/1162/1 676/6433/1
f 1298/6429/1 6113/1347/1 3428/1349/1
f 6114/1344/1 1297/6436/1 3423/1339/1
f 1698/6437/1 3423/1339/1 458/6438/1
f 7/6420/1 6114/1344/1 1698/6437/1
f 6115/1341/1 1259/6439/1 3339/1351/1
f 2538/6440/1 3339/1351/1 138/6432/1
f 458/6438/1 6115/1341/1 2538/6440/1
f 6116/1338/1 436/4835/1 2499/1150/1
f 3424/1340/1 2499/1150/1 1259/6439/1
f 1297/6436/1 6116/1338/1 3424/1340/1
f 6117/1335/1 1296/6441/1 3419/1330/1
f 3344/1160/1 3419/1330/1 1264/6442/1
f 437/4829/1 6117/1335/1 3344/1160/1
f 6118/1332/1 453/6443/1 2533/4771/1
f 2504/1319/1 2533/4771/1 133/4821/1
f 1264/6442/1 6118/1332/1 2504/1319/1
f 6119/1329/1 16/6316/1 1693/10/1
f 3420/1331/1 1693/10/1 453/6443/1
f 1296/6441/1 6119/1329/1 3420/1331/1
f 6120/1326/1 1295/6444/1 3415/1321/1
f 1915/6445/1 3415/1321/1 675/6446/1
f 135/6447/1 6120/1326/1 1915/6445/1
f 6121/1323/1 673/6448/1 2753/1288/1
f 2755/6449/1 2753/1288/1 5/6450/1
f 675/6446/1 6121/1323/1 2755/6449/1
f 6122/1320/1 133/4821/1 1913/1171/1
f 3416/1322/1 1913/1171/1 673/6448/1
f 1295/6444/1 6122/1320/1 3416/1322/1
f 6123/1317/1 1294/6451/1 3411/1312/1
f 1695/6452/1 3411/1312/1 455/6453/1
f 6/6435/1 6123/1317/1 1695/6452/1
f 6124/1314/1 1263/6454/1 3343/1324/1
f 2535/6455/1 3343/1324/1 135/6447/1
f 455/6453/1 6124/1314/1 2535/6455/1
f 6125/1311/1 437/4829/1 2503/1159/1
f 3412/1313/1 2503/1159/1 1263/6454/1
f 1294/6451/1 6125/1311/1 3412/1313/1
f 6126/1308/1 1293/6456/1 3407/1303/1
f 3348/1169/1 3407/1303/1 1268/6457/1
f 438/4823/1 6126/1308/1 3348/1169/1
f 6127/1305/1 450/6458/1 2530/4780/1
f 2508/1292/1 2530/4780/1 130/4815/1
f 1268/6457/1 6127/1305/1 2508/1292/1
f 6128/1302/1 15/6326/1 1690/7/1
f 3408/1304/1 1690/7/1 450/6458/1
f 1293/6456/1 6128/1302/1 3408/1304/1
f 6129/1299/1 1292/6459/1 3403/1294/1
f 1912/6460/1 3403/1294/1 672/6461/1
f 132/6462/1 6129/1299/1 1912/6460/1
f 6130/1296/1 670/6463/1 2750/1261/1
f 2752/6464/1 2750/1261/1 4/6465/1
f 672/6461/1 6130/1296/1 2752/6464/1
f 6131/1293/1 130/4815/1 1910/1180/1
f 3404/1295/1 1910/1180/1 670/6463/1
f 1292/6459/1 6131/1293/1 3404/1295/1
f 6132/1290/1 1291/6466/1 3399/1285/1
f 1692/6467/1 3399/1285/1 452/6468/1
f 5/6450/1 6132/1290/1 1692/6467/1
f 6133/1287/1 1267/6469/1 3347/1297/1
f 2532/6470/1 3347/1297/1 132/6462/1
f 452/6468/1 6133/1287/1 2532/6470/1
f 6134/1284/1 438/4823/1 2507/1168/1
f 3400/1286/1 2507/1168/1 1267/6469/1
f 1291/6466/1 6134/1284/1 3400/1286/1
f 6135/1281/1 1290/6471/1 3395/1276/1
f 3352/1178/1 3395/1276/1 1272/6472/1
f 439/4817/1 6135/1281/1 3352/1178/1
f 6136/1278/1 447/6473/1 2527/4789/1
f 2512/1265/1 2527/4789/1 127/4809/1
f 1272/6472/1 6136/1278/1 2512/1265/1
f 6137/1275/1 14/6336/1 1687/4/1
f 3396/1277/1 1687/4/1 447/6473/1
f 1290/6471/1 6137/1275/1 3396/1277/1
f 6138/1272/1 1289/6474/1 3391/1267/1
f 1909/6475/1 3391/1267/1 669/6476/1
f 129/6477/1 6138/1272/1 1909/6475/1
f 6139/1269/1 667/6478/1 2747/1234/1
f 2749/6479/1 2747/1234/1 3/6480/1
f 669/6476/1 6139/1269/1 2749/6479/1
f 6140/1266/1 127/4809/1 1907/1189/1
f 3392/1268/1 1907/1189/1 667/6478/1
f 1289/6474/1 6140/1266/1 3392/1268/1
f 6141/1263/1 1288/6481/1 3387/1258/1
f 1689/6482/1 3387/1258/1 449/6483/1
f 4/6465/1 6141/1263/1 1689/6482/1
f 6142/1260/1 1271/6484/1 3351/1270/1
f 2529/6485/1 3351/1270/1 129/6477/1
f 449/6483/1 6142/1260/1 2529/6485/1
f 6143/1257/1 439/4817/1 2511/1177/1
f 3388/1259/1 2511/1177/1 1271/6484/1
f 1288/6481/1 6143/1257/1 3388/1259/1
f 6144/1254/1 1287/6486/1 3383/1249/1
f 3356/1187/1 3383/1249/1 1276/6487/1
f 440/4811/1 6144/1254/1 3356/1187/1
f 6145/1251/1 444/6488/1 2524/4798/1
f 2516/1238/1 2524/4798/1 124/4803/1
f 1276/6487/1 6145/1251/1 2516/1238/1
f 6146/1248/1 13/6346/1 1684/1/1
f 3384/1250/1 1684/1/1 444/6488/1
f 1287/6486/1 6146/1248/1 3384/1250/1
f 6147/1245/1 1286/6489/1 3379/1240/1
f 1906/6490/1 3379/1240/1 666/6491/1
f 126/6492/1 6147/1245/1 1906/6490/1
f 6148/1242/1 664/6493/1 2744/1207/1
f 2746/6494/1 2744/1207/1 2/6495/1
f 666/6491/1 6148/1242/1 2746/6494/1
f 6149/1239/1 124/4803/1 1904/1198/1
f 3380/1241/1 1904/1198/1 664/6493/1
f 1286/6489/1 6149/1239/1 3380/1241/1
f 6150/1236/1 1285/6496/1 3375/1231/1
f 1686/6497/1 3375/1231/1 446/6498/1
f 3/6480/1 6150/1236/1 1686/6497/1
f 6151/1233/1 1275/6499/1 3355/1243/1
f 2526/6500/1 3355/1243/1 126/6492/1
f 446/6498/1 6151/1233/1 2526/6500/1
f 6152/1230/1 440/4811/1 2515/1186/1
f 3376/1232/1 2515/1186/1 1275/6499/1
f 1285/6496/1 6152/1230/1 3376/1232/1
f 6153/1227/1 1284/6501/1 3371/1222/1
f 3360/1196/1 3371/1222/1 1280/6502/1
f 441/4805/1 6153/1227/1 3360/1196/1
f 6154/1224/1 662/6503/1 1902/6504/1
f 2520/1211/1 1902/6504/1 122/6505/1
f 1280/6502/1 6154/1224/1 2520/1211/1
f 6155/1221/1 12/6360/1 2742/6506/1
f 3372/1223/1 2742/6506/1 662/6503/1
f 1284/6501/1 6155/1221/1 3372/1223/1
f 6156/1218/1 1283/6507/1 3367/1213/1
f 1903/6508/1 3367/1213/1 663/6509/1
f 123/6510/1 6156/1218/1 1903/6508/1
f 6157/1215/1 442/6511/1 1682/6512/1
f 2743/6513/1 1682/6512/1 1/6514/1
f 663/6509/1 6157/1215/1 2743/6513/1
f 6158/1212/1 122/6505/1 2522/6515/1
f 3368/1214/1 2522/6515/1 442/6511/1
f 1283/6507/1 6158/1212/1 3368/1214/1
f 6159/1209/1 1282/6516/1 3363/1204/1
f 1683/6517/1 3363/1204/1 443/6518/1
f 2/6495/1 6159/1209/1 1683/6517/1
f 6160/1206/1 1279/6519/1 3359/1216/1
f 2523/6520/1 3359/1216/1 123/6510/1
f 443/6518/1 6160/1206/1 2523/6520/1
f 6161/1203/1 441/4805/1 2519/1195/1
f 3364/1205/1 2519/1195/1 1279/6519/1
f 1282/6516/1 6161/1203/1 3364/1205/1
f 6162/1200/1 1281/4802/1 3362/1201/1
f 3365/1208/1 3362/1201/1 1282/6516/1
f 664/6493/1 6162/1200/1 3365/1208/1
f 6163/1197/1 1280/6502/1 3366/1210/1
f 3369/1217/1 3366/1210/1 1283/6507/1
f 1279/6519/1 6163/1197/1 3369/1217/1
f 6164/1194/1 445/6357/1 3370/1219/1
f 3373/1226/1 3370/1219/1 1284/6501/1
f 1278/4804/1 6164/1194/1 3373/1226/1
f 6165/1191/1 1277/4808/1 3374/1228/1
f 3377/1235/1 3374/1228/1 1285/6496/1
f 667/6478/1 6165/1191/1 3377/1235/1
f 6166/1188/1 1276/6487/1 3378/1237/1
f 3381/1244/1 3378/1237/1 1286/6489/1
f 1275/6499/1 6166/1188/1 3381/1244/1
f 6167/1185/1 448/6344/1 3382/1246/1
f 3385/1253/1 3382/1246/1 1287/6486/1
f 1274/4810/1 6167/1185/1 3385/1253/1
f 6168/1182/1 1273/4814/1 3386/1255/1
f 3389/1262/1 3386/1255/1 1288/6481/1
f 670/6463/1 6168/1182/1 3389/1262/1
f 6169/1179/1 1272/6472/1 3390/1264/1
f 3393/1271/1 3390/1264/1 1289/6474/1
f 1271/6484/1 6169/1179/1 3393/1271/1
f 6170/1176/1 451/6334/1 3394/1273/1
f 3397/1280/1 3394/1273/1 1290/6471/1
f 1270/4816/1 6170/1176/1 3397/1280/1
f 6171/1173/1 1269/4820/1 3398/1282/1
f 3401/1289/1 3398/1282/1 1291/6466/1
f 673/6448/1 6171/1173/1 3401/1289/1
f 6172/1170/1 1268/6457/1 3402/1291/1
f 3405/1298/1 3402/1291/1 1292/6459/1
f 1267/6469/1 6172/1170/1 3405/1298/1
f 6173/1167/1 454/6324/1 3406/1300/1
f 3409/1307/1 3406/1300/1 1293/6456/1
f 1266/4822/1 6173/1167/1 3409/1307/1
f 6174/1164/1 1265/4826/1 3410/1309/1
f 3413/1316/1 3410/1309/1 1294/6451/1
f 676/6433/1 6174/1164/1 3413/1316/1
f 6175/1161/1 1264/6442/1 3414/1318/1
f 3417/1325/1 3414/1318/1 1295/6444/1
f 1263/6454/1 6175/1161/1 3417/1325/1
f 6176/1158/1 457/6314/1 3418/1327/1
f 3421/1334/1 3418/1327/1 1296/6441/1
f 1262/4828/1 6176/1158/1 3421/1334/1
f 6177/1155/1 1261/4832/1 3422/1336/1
f 3425/1343/1 3422/1336/1 1297/6436/1
f 679/6418/1 6177/1155/1 3425/1343/1
f 6178/1152/1 1260/6427/1 3426/1345/1
f 3429/1352/1 3426/1345/1 1298/6429/1
f 1259/6439/1 6178/1152/1 3429/1352/1
f 6179/1149/1 460/6304/1 3430/1354/1
f 3433/1361/1 3430/1354/1 1299/6426/1
f 1258/4834/1 6179/1149/1 3433/1361/1
f 6180/1146/1 1257/4838/1 3434/1363/1
f 3437/1370/1 3434/1363/1 1300/6421/1
f 682/6403/1 6180/1146/1 3437/1370/1
f 6181/1143/1 1256/6412/1 3438/1372/1
f 3441/1379/1 3438/1372/1 1301/6414/1
f 1255/6424/1 6181/1143/1 3441/1379/1
f 6182/1140/1 463/6294/1 3442/1381/1
f 3445/1388/1 3442/1381/1 1302/6411/1
f 1254/4840/1 6182/1140/1 3445/1388/1
f 6183/1137/1 1253/4844/1 3446/1390/1
f 3449/1397/1 3446/1390/1 1303/6406/1
f 685/6388/1 6183/1137/1 3449/1397/1
f 6184/1134/1 1252/6397/1 3450/1399/1
f 3453/1406/1 3450/1399/1 1304/6399/1
f 1251/6409/1 6184/1134/1 3453/1406/1
f 6185/1131/1 466/6284/1 3454/1408/1
f 3457/1415/1 3454/1408/1 1305/6396/1
f 1250/4846/1 6185/1131/1 3457/1415/1
f 6186/1128/1 1249/4850/1 3458/1417/1
f 3461/1424/1 3458/1417/1 1306/6391/1
f 688/6372/1 6186/1128/1 3461/1424/1
f 6187/1125/1 1248/6382/1 3462/1426/1
f 3465/1433/1 3462/1426/1 1307/6384/1
f 1247/6394/1 6187/1125/1 3465/1433/1
f 6188/1122/1 469/6274/1 3466/1435/1
f 3469/1442/1 3466/1435/1 1308/6381/1
f 1246/4852/1 6188/1122/1 3469/1442/1
f 6189/1119/1 1245/4856/1 3470/1444/1
f 3473/1451/1 3470/1444/1 1309/6375/1
f 691/6521/1 6189/1119/1 3473/1451/1
f 6190/1116/1 1244/6366/1 3474/1453/1
f 3477/1460/1 3474/1453/1 1310/6368/1
f 1243/6379/1 6190/1116/1 3477/1460/1
f 6191/1113/1 472/6263/1 3478/1462/1
f 3481/1469/1 3478/1462/1 1311/6365/1
f 1242/4858/1 6191/1113/1 3481/1469/1
f 6192/1110/1 1241/4862/1 3482/1471/1
f 3485/1478/1 3482/1471/1 1312/6362/1
f 694/6345/1 6192/1110/1 3485/1478/1
f 6193/1107/1 1240/6351/1 3486/1480/1
f 3489/1487/1 3486/1480/1 1313/6356/1
f 1239/6364/1 6193/1107/1 3489/1487/1
f 6194/1104/1 475/6251/1 3490/1489/1
f 3493/1496/1 3490/1489/1 1314/6350/1
f 1238/4864/1 6194/1104/1 3493/1496/1
f 6195/1101/1 1237/4868/1 3494/1498/1
f 3497/1505/1 3494/1498/1 1315/6347/1
f 696/6335/1 6195/1101/1 3497/1505/1
f 6196/1098/1 1236/6341/1 3498/1507/1
f 3501/1514/1 3498/1507/1 1316/6343/1
f 1235/6349/1 6196/1098/1 3501/1514/1
f 6197/1095/1 477/6238/1 3502/1516/1
f 3505/1523/1 3502/1516/1 1317/6340/1
f 1234/4870/1 6197/1095/1 3505/1523/1
f 6198/1092/1 1233/4874/1 3506/1525/1
f 3509/1532/1 3506/1525/1 1318/6337/1
f 698/6325/1 6198/1092/1 3509/1532/1
f 6199/1089/1 1232/6331/1 3510/1534/1
f 3513/1541/1 3510/1534/1 1319/6333/1
f 1231/6339/1 6199/1089/1 3513/1541/1
f 6200/1086/1 479/6228/1 3514/1543/1
f 3517/1550/1 3514/1543/1 1320/6330/1
f 1230/4876/1 6200/1086/1 3517/1550/1
f 6201/1083/1 1229/4880/1 3518/1552/1
f 3521/1559/1 3518/1552/1 1321/6327/1
f 700/6315/1 6201/1083/1 3521/1559/1
f 6202/1080/1 1228/6321/1 3522/1561/1
f 3525/1568/1 3522/1561/1 1322/6323/1
f 1227/6329/1 6202/1080/1 3525/1568/1
f 6203/1077/1 481/6218/1 3526/1570/1
f 3529/1577/1 3526/1570/1 1323/6320/1
f 1226/4882/1 6203/1077/1 3529/1577/1
f 6204/1074/1 1225/4886/1 3530/1579/1
f 3533/1586/1 3530/1579/1 1324/6317/1
f 702/6305/1 6204/1074/1 3533/1586/1
f 6205/1071/1 1224/6311/1 3534/1588/1
f 3537/1595/1 3534/1588/1 1325/6313/1
f 1223/6319/1 6205/1071/1 3537/1595/1
f 6206/1068/1 483/6208/1 3538/1597/1
f 3541/1604/1 3538/1597/1 1326/6310/1
f 1222/4888/1 6206/1068/1 3541/1604/1
f 6207/1065/1 1221/4892/1 3542/1606/1
f 3545/1613/1 3542/1606/1 1327/6307/1
f 704/6295/1 6207/1065/1 3545/1613/1
f 6208/1062/1 1220/6301/1 3546/1615/1
f 3549/1622/1 3546/1615/1 1328/6303/1
f 1219/6309/1 6208/1062/1 3549/1622/1
f 6209/1059/1 485/6198/1 3550/1624/1
f 3553/1631/1 3550/1624/1 1329/6300/1
f 1218/4894/1 6209/1059/1 3553/1631/1
f 6210/1056/1 1217/4898/1 3554/1633/1
f 3557/1640/1 3554/1633/1 1330/6297/1
f 706/6285/1 6210/1056/1 3557/1640/1
f 6211/1053/1 1216/6291/1 3558/1642/1
f 3561/1649/1 3558/1642/1 1331/6293/1
f 1215/6299/1 6211/1053/1 3561/1649/1
f 6212/1050/1 487/6188/1 3562/1651/1
f 3565/1658/1 3562/1651/1 1332/6290/1
f 1214/4900/1 6212/1050/1 3565/1658/1
f 6213/1047/1 1213/4904/1 3566/1660/1
f 3569/1667/1 3566/1660/1 1333/6287/1
f 708/6275/1 6213/1047/1 3569/1667/1
f 6214/1044/1 1212/6281/1 3570/1669/1
f 3573/1676/1 3570/1669/1 1334/6283/1
f 1211/6289/1 6214/1044/1 3573/1676/1
f 6215/1041/1 489/6178/1 3574/1678/1
f 3577/1685/1 3574/1678/1 1335/6280/1
f 1210/4906/1 6215/1041/1 3577/1685/1
f 6216/1038/1 1209/4910/1 3578/1687/1
f 3581/1694/1 3578/1687/1 1336/6277/1
f 710/6264/1 6216/1038/1 3581/1694/1
f 6217/1035/1 1208/6271/1 3582/1696/1
f 3585/1703/1 3582/1696/1 1337/6273/1
f 1207/6279/1 6217/1035/1 3585/1703/1
f 6218/1032/1 491/6168/1 3586/1705/1
f 3589/1712/1 3586/1705/1 1338/6270/1
f 1206/4912/1 6218/1032/1 3589/1712/1
f 6219/1029/1 1205/4916/1 3590/1714/1
f 3593/1721/1 3590/1714/1 1339/6266/1
f 712/6522/1 6219/1029/1 3593/1721/1
f 6220/1026/1 1204/6260/1 3594/1723/1
f 3597/1730/1 3594/1723/1 1340/6262/1
f 1203/6269/1 6220/1026/1 3597/1730/1
f 6221/1023/1 493/6157/1 3598/1732/1
f 3601/1739/1 3598/1732/1 1341/6259/1
f 1202/4918/1 6221/1023/1 3601/1739/1
f 6222/1020/1 1201/4922/1 3602/1741/1
f 3605/1748/1 3602/1741/1 1342/6256/1
f 715/6239/1 6222/1020/1 3605/1748/1
f 6223/1017/1 1200/6245/1 3606/1750/1
f 3609/1757/1 3606/1750/1 1343/6250/1
f 1199/6258/1 6223/1017/1 3609/1757/1
f 6224/1014/1 496/6145/1 3610/1759/1
f 3613/1766/1 3610/1759/1 1344/6244/1
f 1198/4924/1 6224/1014/1 3613/1766/1
f 6225/1011/1 1197/4928/1 3614/1768/1
f 3617/1775/1 3614/1768/1 1345/6241/1
f 717/6229/1 6225/1011/1 3617/1775/1
f 6226/1008/1 1196/6235/1 3618/1777/1
f 3621/1784/1 3618/1777/1 1346/6237/1
f 1195/6243/1 6226/1008/1 3621/1784/1
f 6227/1005/1 498/6132/1 3622/1786/1
f 3625/1793/1 3622/1786/1 1347/6234/1
f 1194/4930/1 6227/1005/1 3625/1793/1
f 6228/1002/1 1193/4934/1 3626/1795/1
f 3629/1802/1 3626/1795/1 1348/6231/1
f 719/6219/1 6228/1002/1 3629/1802/1
f 6229/999/1 1192/6225/1 3630/1804/1
f 3633/1811/1 3630/1804/1 1349/6227/1
f 1191/6233/1 6229/999/1 3633/1811/1
f 6230/996/1 500/6122/1 3634/1813/1
f 3637/1820/1 3634/1813/1 1350/6224/1
f 1190/4936/1 6230/996/1 3637/1820/1
f 6231/993/1 1189/4940/1 3638/1822/1
f 3641/1829/1 3638/1822/1 1351/6221/1
f 721/6209/1 6231/993/1 3641/1829/1
f 6232/990/1 1188/6215/1 3642/1831/1
f 3645/1838/1 3642/1831/1 1352/6217/1
f 1187/6223/1 6232/990/1 3645/1838/1
f 6233/987/1 502/6112/1 3646/1840/1
f 3649/1847/1 3646/1840/1 1353/6214/1
f 1186/4942/1 6233/987/1 3649/1847/1
f 6234/984/1 1185/4946/1 3650/1849/1
f 3653/1856/1 3650/1849/1 1354/6211/1
f 723/6199/1 6234/984/1 3653/1856/1
f 6235/981/1 1184/6205/1 3654/1858/1
f 3657/1865/1 3654/1858/1 1355/6207/1
f 1183/6213/1 6235/981/1 3657/1865/1
f 6236/978/1 504/6102/1 3658/1867/1
f 3661/1874/1 3658/1867/1 1356/6204/1
f 1182/4948/1 6236/978/1 3661/1874/1
f 6237/975/1 1181/4952/1 3662/1876/1
f 3665/1883/1 3662/1876/1 1357/6201/1
f 725/6189/1 6237/975/1 3665/1883/1
f 6238/972/1 1180/6195/1 3666/1885/1
f 3669/1892/1 3666/1885/1 1358/6197/1
f 1179/6203/1 6238/972/1 3669/1892/1
f 6239/969/1 506/6092/1 3670/1894/1
f 3673/1901/1 3670/1894/1 1359/6194/1
f 1178/4954/1 6239/969/1 3673/1901/1
f 6240/966/1 1177/4958/1 3674/1903/1
f 3677/1910/1 3674/1903/1 1360/6191/1
f 727/6179/1 6240/966/1 3677/1910/1
f 6241/963/1 1176/6185/1 3678/1912/1
f 3681/1919/1 3678/1912/1 1361/6187/1
f 1175/6193/1 6241/963/1 3681/1919/1
f 6242/960/1 508/6082/1 3682/1921/1
f 3685/1928/1 3682/1921/1 1362/6184/1
f 1174/4960/1 6242/960/1 3685/1928/1
f 6243/957/1 1173/4964/1 3686/1930/1
f 3689/1937/1 3686/1930/1 1363/6181/1
f 729/6169/1 6243/957/1 3689/1937/1
f 6244/954/1 1172/6175/1 3690/1939/1
f 3693/1946/1 3690/1939/1 1364/6177/1
f 1171/6183/1 6244/954/1 3693/1946/1
f 6245/951/1 510/6072/1 3694/1948/1
f 3697/1955/1 3694/1948/1 1365/6174/1
f 1170/4966/1 6245/951/1 3697/1955/1
f 6246/948/1 1169/4970/1 3698/1957/1
f 3701/1964/1 3698/1957/1 1366/6171/1
f 731/6158/1 6246/948/1 3701/1964/1
f 6247/945/1 1168/6165/1 3702/1966/1
f 3705/1973/1 3702/1966/1 1367/6167/1
f 1167/6173/1 6247/945/1 3705/1973/1
f 6248/942/1 512/6062/1 3706/1975/1
f 3709/1982/1 3706/1975/1 1368/6164/1
f 1166/4972/1 6248/942/1 3709/1982/1
f 6249/939/1 1165/4976/1 3710/1984/1
f 3713/1991/1 3710/1984/1 1369/6160/1
f 733/6523/1 6249/939/1 3713/1991/1
f 6250/936/1 1164/6154/1 3714/1993/1
f 3717/2000/1 3714/1993/1 1370/6156/1
f 1163/6163/1 6250/936/1 3717/2000/1
f 6251/933/1 514/6051/1 3718/2002/1
f 3721/2009/1 3718/2002/1 1371/6153/1
f 1162/4978/1 6251/933/1 3721/2009/1
f 6252/930/1 1161/4982/1 3722/2011/1
f 3725/2018/1 3722/2011/1 1372/6150/1
f 736/6133/1 6252/930/1 3725/2018/1
f 6253/927/1 1160/6139/1 3726/2020/1
f 3729/2027/1 3726/2020/1 1373/6144/1
f 1159/6152/1 6253/927/1 3729/2027/1
f 6254/924/1 517/6039/1 3730/2029/1
f 3733/2036/1 3730/2029/1 1374/6138/1
f 1158/4984/1 6254/924/1 3733/2036/1
f 6255/921/1 1157/4988/1 3734/2038/1
f 3737/2045/1 3734/2038/1 1375/6135/1
f 738/6123/1 6255/921/1 3737/2045/1
f 6256/918/1 1156/6129/1 3738/2047/1
f 3741/2054/1 3738/2047/1 1376/6131/1
f 1155/6137/1 6256/918/1 3741/2054/1
f 6257/915/1 519/6026/1 3742/2056/1
f 3745/2063/1 3742/2056/1 1377/6128/1
f 1154/4990/1 6257/915/1 3745/2063/1
f 6258/912/1 1153/4994/1 3746/2065/1
f 3749/2072/1 3746/2065/1 1378/6125/1
f 740/6113/1 6258/912/1 3749/2072/1
f 6259/909/1 1152/6119/1 3750/2074/1
f 3753/2081/1 3750/2074/1 1379/6121/1
f 1151/6127/1 6259/909/1 3753/2081/1
f 6260/906/1 521/6016/1 3754/2083/1
f 3757/2090/1 3754/2083/1 1380/6118/1
f 1150/4996/1 6260/906/1 3757/2090/1
f 6261/903/1 1149/5000/1 3758/2092/1
f 3761/2099/1 3758/2092/1 1381/6115/1
f 742/6103/1 6261/903/1 3761/2099/1
f 6262/900/1 1148/6109/1 3762/2101/1
f 3765/2108/1 3762/2101/1 1382/6111/1
f 1147/6117/1 6262/900/1 3765/2108/1
f 6263/897/1 523/6006/1 3766/2110/1
f 3769/2117/1 3766/2110/1 1383/6108/1
f 1146/5002/1 6263/897/1 3769/2117/1
f 6264/894/1 1145/5006/1 3770/2119/1
f 3773/2126/1 3770/2119/1 1384/6105/1
f 744/6093/1 6264/894/1 3773/2126/1
f 6265/891/1 1144/6099/1 3774/2128/1
f 3777/2135/1 3774/2128/1 1385/6101/1
f 1143/6107/1 6265/891/1 3777/2135/1
f 6266/888/1 525/5996/1 3778/2137/1
f 3781/2144/1 3778/2137/1 1386/6098/1
f 1142/5008/1 6266/888/1 3781/2144/1
f 6267/885/1 1141/5012/1 3782/2146/1
f 3785/2153/1 3782/2146/1 1387/6095/1
f 746/6083/1 6267/885/1 3785/2153/1
f 6268/882/1 1140/6089/1 3786/2155/1
f 3789/2162/1 3786/2155/1 1388/6091/1
f 1139/6097/1 6268/882/1 3789/2162/1
f 6269/879/1 527/5986/1 3790/2164/1
f 3793/2171/1 3790/2164/1 1389/6088/1
f 1138/5014/1 6269/879/1 3793/2171/1
f 6270/876/1 1137/5018/1 3794/2173/1
f 3797/2180/1 3794/2173/1 1390/6085/1
f 748/6073/1 6270/876/1 3797/2180/1
f 6271/873/1 1136/6079/1 3798/2182/1
f 3801/2189/1 3798/2182/1 1391/6081/1
f 1135/6087/1 6271/873/1 3801/2189/1
f 6272/870/1 529/5976/1 3802/2191/1
f 3805/2198/1 3802/2191/1 1392/6078/1
f 1134/5020/1 6272/870/1 3805/2198/1
f 6273/867/1 1133/5024/1 3806/2200/1
f 3809/2207/1 3806/2200/1 1393/6075/1
f 750/6063/1 6273/867/1 3809/2207/1
f 6274/864/1 1132/6069/1 3810/2209/1
f 3813/2216/1 3810/2209/1 1394/6071/1
f 1131/6077/1 6274/864/1 3813/2216/1
f 6275/861/1 531/5966/1 3814/2218/1
f 3817/2225/1 3814/2218/1 1395/6068/1
f 1130/5026/1 6275/861/1 3817/2225/1
f 6276/858/1 1129/5030/1 3818/2227/1
f 3821/2234/1 3818/2227/1 1396/6065/1
f 752/6052/1 6276/858/1 3821/2234/1
f 6277/855/1 1128/6059/1 3822/2236/1
f 3825/2243/1 3822/2236/1 1397/6061/1
f 1127/6067/1 6277/855/1 3825/2243/1
f 6278/852/1 533/5956/1 3826/2245/1
f 3829/2252/1 3826/2245/1 1398/6058/1
f 1126/5032/1 6278/852/1 3829/2252/1
f 6279/849/1 1125/5036/1 3830/2254/1
f 3833/2261/1 3830/2254/1 1399/6054/1
f 754/6524/1 6279/849/1 3833/2261/1
f 6280/846/1 1124/6048/1 3834/2263/1
f 3837/2270/1 3834/2263/1 1400/6050/1
f 1123/6057/1 6280/846/1 3837/2270/1
f 6281/843/1 535/5945/1 3838/2272/1
f 3841/2279/1 3838/2272/1 1401/6047/1
f 1122/5038/1 6281/843/1 3841/2279/1
f 6282/840/1 1121/5042/1 3842/2281/1
f 3845/2288/1 3842/2281/1 1402/6044/1
f 757/6027/1 6282/840/1 3845/2288/1
f 6283/837/1 1120/6033/1 3846/2290/1
f 3849/2297/1 3846/2290/1 1403/6038/1
f 1119/6046/1 6283/837/1 3849/2297/1
f 6284/834/1 538/5933/1 3850/2299/1
f 3853/2306/1 3850/2299/1 1404/6032/1
f 1118/5044/1 6284/834/1 3853/2306/1
f 6285/831/1 1117/5048/1 3854/2308/1
f 3857/2315/1 3854/2308/1 1405/6029/1
f 759/6017/1 6285/831/1 3857/2315/1
f 6286/828/1 1116/6023/1 3858/2317/1
f 3861/2324/1 3858/2317/1 1406/6025/1
f 1115/6031/1 6286/828/1 3861/2324/1
f 6287/825/1 540/5920/1 3862/2326/1
f 3865/2333/1 3862/2326/1 1407/6022/1
f 1114/5050/1 6287/825/1 3865/2333/1
f 6288/822/1 1113/5054/1 3866/2335/1
f 3869/2342/1 3866/2335/1 1408/6019/1
f 761/6007/1 6288/822/1 3869/2342/1
f 6289/819/1 1112/6013/1 3870/2344/1
f 3873/2351/1 3870/2344/1 1409/6015/1
f 1111/6021/1 6289/819/1 3873/2351/1
f 6290/816/1 542/5910/1 3874/2353/1
f 3877/2360/1 3874/2353/1 1410/6012/1
f 1110/5056/1 6290/816/1 3877/2360/1
f 6291/813/1 1109/5060/1 3878/2362/1
f 3881/2369/1 3878/2362/1 1411/6009/1
f 763/5997/1 6291/813/1 3881/2369/1
f 6292/810/1 1108/6003/1 3882/2371/1
f 3885/2378/1 3882/2371/1 1412/6005/1
f 1107/6011/1 6292/810/1 3885/2378/1
f 6293/807/1 544/5900/1 3886/2380/1
f 3889/2387/1 3886/2380/1 1413/6002/1
f 1106/5062/1 6293/807/1 3889/2387/1
f 6294/804/1 1105/5066/1 3890/2389/1
f 3893/2396/1 3890/2389/1 1414/5999/1
f 765/5987/1 6294/804/1 3893/2396/1
f 6295/801/1 1104/5993/1 3894/2398/1
f 3897/2405/1 3894/2398/1 1415/5995/1
f 1103/6001/1 6295/801/1 3897/2405/1
f 6296/798/1 546/5890/1 3898/2407/1
f 3901/2414/1 3898/2407/1 1416/5992/1
f 1102/5068/1 6296/798/1 3901/2414/1
f 6297/795/1 1101/5072/1 3902/2416/1
f 3905/2423/1 3902/2416/1 1417/5989/1
f 767/5977/1 6297/795/1 3905/2423/1
f 6298/792/1 1100/5983/1 3906/2425/1
f 3909/2432/1 3906/2425/1 1418/5985/1
f 1099/5991/1 6298/792/1 3909/2432/1
f 6299/789/1 548/5880/1 3910/2434/1
f 3913/2441/1 3910/2434/1 1419/5982/1
f 1098/5074/1 6299/789/1 3913/2441/1
f 6300/786/1 1097/5078/1 3914/2443/1
f 3917/2450/1 3914/2443/1 1420/5979/1
f 769/5967/1 6300/786/1 3917/2450/1
f 6301/783/1 1096/5973/1 3918/2452/1
f 3921/2459/1 3918/2452/1 1421/5975/1
f 1095/5981/1 6301/783/1 3921/2459/1
f 6302/780/1 550/5870/1 3922/2461/1
f 3925/2468/1 3922/2461/1 1422/5972/1
f 1094/5080/1 6302/780/1 3925/2468/1
f 6303/777/1 1093/5084/1 3926/2470/1
f 3929/2477/1 3926/2470/1 1423/5969/1
f 771/5957/1 6303/777/1 3929/2477/1
f 6304/774/1 1092/5963/1 3930/2479/1
f 3933/2486/1 3930/2479/1 1424/5965/1
f 1091/5971/1 6304/774/1 3933/2486/1
f 6305/771/1 552/5860/1 3934/2488/1
f 3937/2495/1 3934/2488/1 1425/5962/1
f 1090/5086/1 6305/771/1 3937/2495/1
f 6306/768/1 1089/5090/1 3938/2497/1
f 3941/2504/1 3938/2497/1 1426/5959/1
f 773/5946/1 6306/768/1 3941/2504/1
f 6307/765/1 1088/5953/1 3942/2506/1
f 3945/2513/1 3942/2506/1 1427/5955/1
f 1087/5961/1 6307/765/1 3945/2513/1
f 6308/762/1 554/5850/1 3946/2515/1
f 3949/2522/1 3946/2515/1 1428/5952/1
f 1086/5092/1 6308/762/1 3949/2522/1
f 6309/759/1 1085/5096/1 3950/2524/1
f 3953/2531/1 3950/2524/1 1429/5948/1
f 775/6525/1 6309/759/1 3953/2531/1
f 6310/756/1 1084/5942/1 3954/2533/1
f 3957/2540/1 3954/2533/1 1430/5944/1
f 1083/5951/1 6310/756/1 3957/2540/1
f 6311/753/1 556/5839/1 3958/2542/1
f 3961/2549/1 3958/2542/1 1431/5941/1
f 1082/5098/1 6311/753/1 3961/2549/1
f 6312/750/1 1081/5102/1 3962/2551/1
f 3965/2558/1 3962/2551/1 1432/5938/1
f 778/5921/1 6312/750/1 3965/2558/1
f 6313/747/1 1080/5927/1 3966/2560/1
f 3969/2567/1 3966/2560/1 1433/5932/1
f 1079/5940/1 6313/747/1 3969/2567/1
f 6314/744/1 559/5827/1 3970/2569/1
f 3973/2576/1 3970/2569/1 1434/5926/1
f 1078/5104/1 6314/744/1 3973/2576/1
f 6315/741/1 1077/5108/1 3974/2578/1
f 3977/2585/1 3974/2578/1 1435/5923/1
f 780/5911/1 6315/741/1 3977/2585/1
f 6316/738/1 1076/5917/1 3978/2587/1
f 3981/2594/1 3978/2587/1 1436/5919/1
f 1075/5925/1 6316/738/1 3981/2594/1
f 6317/735/1 561/5814/1 3982/2596/1
f 3985/2603/1 3982/2596/1 1437/5916/1
f 1074/5110/1 6317/735/1 3985/2603/1
f 6318/732/1 1073/5114/1 3986/2605/1
f 3989/2612/1 3986/2605/1 1438/5913/1
f 782/5901/1 6318/732/1 3989/2612/1
f 6319/729/1 1072/5907/1 3990/2614/1
f 3993/2621/1 3990/2614/1 1439/5909/1
f 1071/5915/1 6319/729/1 3993/2621/1
f 6320/726/1 563/5804/1 3994/2623/1
f 3997/2630/1 3994/2623/1 1440/5906/1
f 1070/5116/1 6320/726/1 3997/2630/1
f 6321/723/1 1069/5120/1 3998/2632/1
f 4001/2639/1 3998/2632/1 1441/5903/1
f 784/5891/1 6321/723/1 4001/2639/1
f 6322/720/1 1068/5897/1 4002/2641/1
f 4005/2648/1 4002/2641/1 1442/5899/1
f 1067/5905/1 6322/720/1 4005/2648/1
f 6323/717/1 565/5794/1 4006/2650/1
f 4009/2657/1 4006/2650/1 1443/5896/1
f 1066/5122/1 6323/717/1 4009/2657/1
f 6324/714/1 1065/5126/1 4010/2659/1
f 4013/2666/1 4010/2659/1 1444/5893/1
f 786/5881/1 6324/714/1 4013/2666/1
f 6325/711/1 1064/5887/1 4014/2668/1
f 4017/2675/1 4014/2668/1 1445/5889/1
f 1063/5895/1 6325/711/1 4017/2675/1
f 6326/708/1 567/5784/1 4018/2677/1
f 4021/2684/1 4018/2677/1 1446/5886/1
f 1062/5128/1 6326/708/1 4021/2684/1
f 6327/705/1 1061/5132/1 4022/2686/1
f 4025/2693/1 4022/2686/1 1447/5883/1
f 788/5871/1 6327/705/1 4025/2693/1
f 6328/702/1 1060/5877/1 4026/2695/1
f 4029/2702/1 4026/2695/1 1448/5879/1
f 1059/5885/1 6328/702/1 4029/2702/1
f 6329/699/1 569/5774/1 4030/2704/1
f 4033/2711/1 4030/2704/1 1449/5876/1
f 1058/5134/1 6329/699/1 4033/2711/1
f 6330/696/1 1057/5138/1 4034/2713/1
f 4037/2720/1 4034/2713/1 1450/5873/1
f 790/5861/1 6330/696/1 4037/2720/1
f 6331/693/1 1056/5867/1 4038/2722/1
f 4041/2729/1 4038/2722/1 1451/5869/1
f 1055/5875/1 6331/693/1 4041/2729/1
f 6332/690/1 571/5764/1 4042/2731/1
f 4045/2738/1 4042/2731/1 1452/5866/1
f 1054/5140/1 6332/690/1 4045/2738/1
f 6333/687/1 1053/5144/1 4046/2740/1
f 4049/2747/1 4046/2740/1 1453/5863/1
f 792/5851/1 6333/687/1 4049/2747/1
f 6334/684/1 1052/5857/1 4050/2749/1
f 4053/2756/1 4050/2749/1 1454/5859/1
f 1051/5865/1 6334/684/1 4053/2756/1
f 6335/681/1 573/5754/1 4054/2758/1
f 4057/2765/1 4054/2758/1 1455/5856/1
f 1050/5146/1 6335/681/1 4057/2765/1
f 6336/678/1 1049/5150/1 4058/2767/1
f 4061/2774/1 4058/2767/1 1456/5853/1
f 794/5840/1 6336/678/1 4061/2774/1
f 6337/675/1 1048/5847/1 4062/2776/1
f 4065/2783/1 4062/2776/1 1457/5849/1
f 1047/5855/1 6337/675/1 4065/2783/1
f 6338/672/1 575/5744/1 4066/2785/1
f 4069/2792/1 4066/2785/1 1458/5846/1
f 1046/5152/1 6338/672/1 4069/2792/1
f 6339/669/1 1045/5156/1 4070/2794/1
f 4073/2801/1 4070/2794/1 1459/5842/1
f 796/6526/1 6339/669/1 4073/2801/1
f 6340/666/1 1044/5836/1 4074/2803/1
f 4077/2810/1 4074/2803/1 1460/5838/1
f 1043/5845/1 6340/666/1 4077/2810/1
f 6341/663/1 577/5733/1 4078/2812/1
f 4081/2819/1 4078/2812/1 1461/5835/1
f 1042/5158/1 6341/663/1 4081/2819/1
f 6342/660/1 1041/5162/1 4082/2821/1
f 4085/2828/1 4082/2821/1 1462/5832/1
f 799/5815/1 6342/660/1 4085/2828/1
f 6343/657/1 1040/5821/1 4086/2830/1
f 4089/2837/1 4086/2830/1 1463/5826/1
f 1039/5834/1 6343/657/1 4089/2837/1
f 6344/654/1 580/5721/1 4090/2839/1
f 4093/2846/1 4090/2839/1 1464/5820/1
f 1038/5164/1 6344/654/1 4093/2846/1
f 6345/651/1 1037/5168/1 4094/2848/1
f 4097/2855/1 4094/2848/1 1465/5817/1
f 801/5805/1 6345/651/1 4097/2855/1
f 6346/648/1 1036/5811/1 4098/2857/1
f 4101/2864/1 4098/2857/1 1466/5813/1
f 1035/5819/1 6346/648/1 4101/2864/1
f 6347/645/1 582/5708/1 4102/2866/1
f 4105/2873/1 4102/2866/1 1467/5810/1
f 1034/5170/1 6347/645/1 4105/2873/1
f 6348/642/1 1033/5174/1 4106/2875/1
f 4109/2882/1 4106/2875/1 1468/5807/1
f 803/5795/1 6348/642/1 4109/2882/1
f 6349/639/1 1032/5801/1 4110/2884/1
f 4113/2891/1 4110/2884/1 1469/5803/1
f 1031/5809/1 6349/639/1 4113/2891/1
f 6350/636/1 584/5698/1 4114/2893/1
f 4117/2900/1 4114/2893/1 1470/5800/1
f 1030/5176/1 6350/636/1 4117/2900/1
f 6351/633/1 1029/5180/1 4118/2902/1
f 4121/2909/1 4118/2902/1 1471/5797/1
f 805/5785/1 6351/633/1 4121/2909/1
f 6352/630/1 1028/5791/1 4122/2911/1
f 4125/2918/1 4122/2911/1 1472/5793/1
f 1027/5799/1 6352/630/1 4125/2918/1
f 6353/627/1 586/5688/1 4126/2920/1
f 4129/2927/1 4126/2920/1 1473/5790/1
f 1026/5182/1 6353/627/1 4129/2927/1
f 6354/624/1 1025/5186/1 4130/2929/1
f 4133/2936/1 4130/2929/1 1474/5787/1
f 807/5775/1 6354/624/1 4133/2936/1
f 6355/621/1 1024/5781/1 4134/2938/1
f 4137/2945/1 4134/2938/1 1475/5783/1
f 1023/5789/1 6355/621/1 4137/2945/1
f 6356/618/1 588/5678/1 4138/2947/1
f 4141/2954/1 4138/2947/1 1476/5780/1
f 1022/5188/1 6356/618/1 4141/2954/1
f 6357/615/1 1021/5192/1 4142/2956/1
f 4145/2963/1 4142/2956/1 1477/5777/1
f 809/5765/1 6357/615/1 4145/2963/1
f 6358/612/1 1020/5771/1 4146/2965/1
f 4149/2972/1 4146/2965/1 1478/5773/1
f 1019/5779/1 6358/612/1 4149/2972/1
f 6359/609/1 590/5668/1 4150/2974/1
f 4153/2981/1 4150/2974/1 1479/5770/1
f 1018/5194/1 6359/609/1 4153/2981/1
f 6360/606/1 1017/5198/1 4154/2983/1
f 4157/2990/1 4154/2983/1 1480/5767/1
f 811/5755/1 6360/606/1 4157/2990/1
f 6361/603/1 1016/5761/1 4158/2992/1
f 4161/2999/1 4158/2992/1 1481/5763/1
f 1015/5769/1 6361/603/1 4161/2999/1
f 6362/600/1 592/5658/1 4162/3001/1
f 4165/3008/1 4162/3001/1 1482/5760/1
f 1014/5200/1 6362/600/1 4165/3008/1
f 6363/597/1 1013/5204/1 4166/3010/1
f 4169/3017/1 4166/3010/1 1483/5757/1
f 813/5745/1 6363/597/1 4169/3017/1
f 6364/594/1 1012/5751/1 4170/3019/1
f 4173/3026/1 4170/3019/1 1484/5753/1
f 1011/5759/1 6364/594/1 4173/3026/1
f 6365/591/1 594/5648/1 4174/3028/1
f 4177/3035/1 4174/3028/1 1485/5750/1
f 1010/5206/1 6365/591/1 4177/3035/1
f 6366/588/1 1009/5210/1 4178/3037/1
f 4181/3044/1 4178/3037/1 1486/5747/1
f 815/5734/1 6366/588/1 4181/3044/1
f 6367/585/1 1008/5741/1 4182/3046/1
f 4185/3053/1 4182/3046/1 1487/5743/1
f 1007/5749/1 6367/585/1 4185/3053/1
f 6368/582/1 596/5638/1 4186/3055/1
f 4189/3062/1 4186/3055/1 1488/5740/1
f 1006/5212/1 6368/582/1 4189/3062/1
f 6369/579/1 1005/5216/1 4190/3064/1
f 4193/3071/1 4190/3064/1 1489/5736/1
f 817/6527/1 6369/579/1 4193/3071/1
f 6370/576/1 1004/5730/1 4194/3073/1
f 4197/3080/1 4194/3073/1 1490/5732/1
f 1003/5739/1 6370/576/1 4197/3080/1
f 6371/573/1 598/5627/1 4198/3082/1
f 4201/3089/1 4198/3082/1 1491/5729/1
f 1002/5218/1 6371/573/1 4201/3089/1
f 6372/570/1 1001/5222/1 4202/3091/1
f 4205/3098/1 4202/3091/1 1492/5726/1
f 820/5709/1 6372/570/1 4205/3098/1
f 6373/567/1 1000/5715/1 4206/3100/1
f 4209/3107/1 4206/3100/1 1493/5720/1
f 999/5728/1 6373/567/1 4209/3107/1
f 6374/564/1 601/5615/1 4210/3109/1
f 4213/3116/1 4210/3109/1 1494/5714/1
f 998/5224/1 6374/564/1 4213/3116/1
f 6375/561/1 997/5228/1 4214/3118/1
f 4217/3125/1 4214/3118/1 1495/5711/1
f 822/5699/1 6375/561/1 4217/3125/1
f 6376/558/1 996/5705/1 4218/3127/1
f 4221/3134/1 4218/3127/1 1496/5707/1
f 995/5713/1 6376/558/1 4221/3134/1
f 6377/555/1 603/5602/1 4222/3136/1
f 4225/3143/1 4222/3136/1 1497/5704/1
f 994/5230/1 6377/555/1 4225/3143/1
f 6378/552/1 993/5234/1 4226/3145/1
f 4229/3152/1 4226/3145/1 1498/5701/1
f 824/5689/1 6378/552/1 4229/3152/1
f 6379/549/1 992/5695/1 4230/3154/1
f 4233/3161/1 4230/3154/1 1499/5697/1
f 991/5703/1 6379/549/1 4233/3161/1
f 6380/546/1 605/5592/1 4234/3163/1
f 4237/3170/1 4234/3163/1 1500/5694/1
f 990/5236/1 6380/546/1 4237/3170/1
f 6381/543/1 989/5240/1 4238/3172/1
f 4241/3179/1 4238/3172/1 1501/5691/1
f 826/5679/1 6381/543/1 4241/3179/1
f 6382/540/1 988/5685/1 4242/3181/1
f 4245/3188/1 4242/3181/1 1502/5687/1
f 987/5693/1 6382/540/1 4245/3188/1
f 6383/537/1 607/5582/1 4246/3190/1
f 4249/3197/1 4246/3190/1 1503/5684/1
f 986/5242/1 6383/537/1 4249/3197/1
f 6384/534/1 985/5246/1 4250/3199/1
f 4253/3206/1 4250/3199/1 1504/5681/1
f 828/5669/1 6384/534/1 4253/3206/1
f 6385/531/1 984/5675/1 4254/3208/1
f 4257/3215/1 4254/3208/1 1505/5677/1
f 983/5683/1 6385/531/1 4257/3215/1
f 6386/528/1 609/5572/1 4258/3217/1
f 4261/3224/1 4258/3217/1 1506/5674/1
f 982/5248/1 6386/528/1 4261/3224/1
f 6387/525/1 981/5252/1 4262/3226/1
f 4265/3233/1 4262/3226/1 1507/5671/1
f 830/5659/1 6387/525/1 4265/3233/1
f 6388/522/1 980/5665/1 4266/3235/1
f 4269/3242/1 4266/3235/1 1508/5667/1
f 979/5673/1 6388/522/1 4269/3242/1
f 6389/519/1 611/5562/1 4270/3244/1
f 4273/3251/1 4270/3244/1 1509/5664/1
f 978/5254/1 6389/519/1 4273/3251/1
f 6390/516/1 977/5258/1 4274/3253/1
f 4277/3260/1 4274/3253/1 1510/5661/1
f 832/5649/1 6390/516/1 4277/3260/1
f 6391/513/1 976/5655/1 4278/3262/1
f 4281/3269/1 4278/3262/1 1511/5657/1
f 975/5663/1 6391/513/1 4281/3269/1
f 6392/510/1 613/5552/1 4282/3271/1
f 4285/3278/1 4282/3271/1 1512/5654/1
f 974/5260/1 6392/510/1 4285/3278/1
f 6393/507/1 973/5264/1 4286/3280/1
f 4289/3287/1 4286/3280/1 1513/5651/1
f 834/5639/1 6393/507/1 4289/3287/1
f 6394/504/1 972/5645/1 4290/3289/1
f 4293/3296/1 4290/3289/1 1514/5647/1
f 971/5653/1 6394/504/1 4293/3296/1
f 6395/501/1 615/5542/1 4294/3298/1
f 4297/3305/1 4294/3298/1 1515/5644/1
f 970/5266/1 6395/501/1 4297/3305/1
f 6396/498/1 969/5270/1 4298/3307/1
f 4301/3314/1 4298/3307/1 1516/5641/1
f 836/5628/1 6396/498/1 4301/3314/1
f 6397/495/1 968/5635/1 4302/3316/1
f 4305/3323/1 4302/3316/1 1517/5637/1
f 967/5643/1 6397/495/1 4305/3323/1
f 6398/492/1 617/5532/1 4306/3325/1
f 4309/3332/1 4306/3325/1 1518/5634/1
f 966/5272/1 6398/492/1 4309/3332/1
f 6399/489/1 965/5276/1 4310/3334/1
f 4313/3341/1 4310/3334/1 1519/5630/1
f 838/6528/1 6399/489/1 4313/3341/1
f 6400/486/1 964/5624/1 4314/3343/1
f 4317/3350/1 4314/3343/1 1520/5626/1
f 963/5633/1 6400/486/1 4317/3350/1
f 6401/483/1 619/5521/1 4318/3352/1
f 4321/3359/1 4318/3352/1 1521/5623/1
f 962/5278/1 6401/483/1 4321/3359/1
f 6402/480/1 961/5282/1 4322/3361/1
f 4325/3368/1 4322/3361/1 1522/5620/1
f 841/5603/1 6402/480/1 4325/3368/1
f 6403/477/1 960/5609/1 4326/3370/1
f 4329/3377/1 4326/3370/1 1523/5614/1
f 959/5622/1 6403/477/1 4329/3377/1
f 6404/474/1 622/5509/1 4330/3379/1
f 4333/3386/1 4330/3379/1 1524/5608/1
f 958/5284/1 6404/474/1 4333/3386/1
f 6405/471/1 957/5288/1 4334/3388/1
f 4337/3395/1 4334/3388/1 1525/5605/1
f 843/5593/1 6405/471/1 4337/3395/1
f 6406/468/1 956/5599/1 4338/3397/1
f 4341/3404/1 4338/3397/1 1526/5601/1
f 955/5607/1 6406/468/1 4341/3404/1
f 6407/465/1 624/5495/1 4342/3406/1
f 4345/3413/1 4342/3406/1 1527/5598/1
f 954/5290/1 6407/465/1 4345/3413/1
f 6408/462/1 953/5294/1 4346/3415/1
f 4349/3422/1 4346/3415/1 1528/5595/1
f 845/5583/1 6408/462/1 4349/3422/1
f 6409/459/1 952/5589/1 4350/3424/1
f 4353/3431/1 4350/3424/1 1529/5591/1
f 951/5597/1 6409/459/1 4353/3431/1
f 6410/456/1 626/5484/1 4354/3433/1
f 4357/3440/1 4354/3433/1 1530/5588/1
f 950/5296/1 6410/456/1 4357/3440/1
f 6411/453/1 949/5300/1 4358/3442/1
f 4361/3449/1 4358/3442/1 1531/5585/1
f 847/5573/1 6411/453/1 4361/3449/1
f 6412/450/1 948/5579/1 4362/3451/1
f 4365/3458/1 4362/3451/1 1532/5581/1
f 947/5587/1 6412/450/1 4365/3458/1
f 6413/447/1 628/5473/1 4366/3460/1
f 4369/3467/1 4366/3460/1 1533/5578/1
f 946/5302/1 6413/447/1 4369/3467/1
f 6414/444/1 945/5306/1 4370/3469/1
f 4373/3476/1 4370/3469/1 1534/5575/1
f 849/5563/1 6414/444/1 4373/3476/1
f 6415/441/1 944/5569/1 4374/3478/1
f 4377/3485/1 4374/3478/1 1535/5571/1
f 943/5577/1 6415/441/1 4377/3485/1
f 6416/438/1 630/5462/1 4378/3487/1
f 4381/3494/1 4378/3487/1 1536/5568/1
f 942/5308/1 6416/438/1 4381/3494/1
f 6417/435/1 941/5312/1 4382/3496/1
f 4385/3503/1 4382/3496/1 1537/5565/1
f 851/5553/1 6417/435/1 4385/3503/1
f 6418/432/1 940/5559/1 4386/3505/1
f 4389/3512/1 4386/3505/1 1538/5561/1
f 939/5567/1 6418/432/1 4389/3512/1
f 6419/429/1 632/5451/1 4390/3514/1
f 4393/3521/1 4390/3514/1 1539/5558/1
f 938/5314/1 6419/429/1 4393/3521/1
f 6420/426/1 937/5318/1 4394/3523/1
f 4397/3530/1 4394/3523/1 1540/5555/1
f 853/5543/1 6420/426/1 4397/3530/1
f 6421/423/1 936/5549/1 4398/3532/1
f 4401/3539/1 4398/3532/1 1541/5551/1
f 935/5557/1 6421/423/1 4401/3539/1
f 6422/420/1 634/5440/1 4402/3541/1
f 4405/3548/1 4402/3541/1 1542/5548/1
f 934/5320/1 6422/420/1 4405/3548/1
f 6423/417/1 933/5324/1 4406/3550/1
f 4409/3557/1 4406/3550/1 1543/5545/1
f 855/5533/1 6423/417/1 4409/3557/1
f 6424/414/1 932/5539/1 4410/3559/1
f 4413/3566/1 4410/3559/1 1544/5541/1
f 931/5547/1 6424/414/1 4413/3566/1
f 6425/411/1 636/5429/1 4414/3568/1
f 4417/3575/1 4414/3568/1 1545/5538/1
f 930/5326/1 6425/411/1 4417/3575/1
f 6426/408/1 929/5330/1 4418/3577/1
f 4421/3584/1 4418/3577/1 1546/5535/1
f 857/5522/1 6426/408/1 4421/3584/1
f 6427/405/1 928/5529/1 4422/3586/1
f 4425/3593/1 4422/3586/1 1547/5531/1
f 927/5537/1 6427/405/1 4425/3593/1
f 6428/402/1 638/5418/1 4426/3595/1
f 4429/3602/1 4426/3595/1 1548/5528/1
f 926/5332/1 6428/402/1 4429/3602/1
f 6429/399/1 925/5336/1 4430/3604/1
f 4433/3611/1 4430/3604/1 1549/5524/1
f 859/6529/1 6429/399/1 4433/3611/1
f 6430/396/1 924/5518/1 4434/3613/1
f 4437/3620/1 4434/3613/1 1550/5520/1
f 923/5527/1 6430/396/1 4437/3620/1
f 6431/393/1 640/5406/1 4438/3622/1
f 4441/3629/1 4438/3622/1 1551/5517/1
f 922/5338/1 6431/393/1 4441/3629/1
f 6432/390/1 921/5342/1 4442/3631/1
f 4445/3638/1 4442/3631/1 1552/5514/1
f 862/5496/1 6432/390/1 4445/3638/1
f 6433/387/1 920/5502/1 4446/3640/1
f 4449/3647/1 4446/3640/1 1553/5508/1
f 919/5516/1 6433/387/1 4449/3647/1
f 6434/384/1 643/6530/1 4450/3649/1
f 4453/3656/1 4450/3649/1 1554/5501/1
f 918/5344/1 6434/384/1 4453/3656/1
f 6435/381/1 917/5348/1 4454/3658/1
f 4457/3665/1 4454/3658/1 1555/5498/1
f 864/5485/1 6435/381/1 4457/3665/1
f 6436/378/1 916/5491/1 4458/3667/1
f 4461/3674/1 4458/3667/1 1556/5494/1
f 915/5500/1 6436/378/1 4461/3674/1
f 6437/375/1 645/6531/1 4462/3676/1
f 4465/3683/1 4462/3676/1 1557/5490/1
f 914/5350/1 6437/375/1 4465/3683/1
f 6438/372/1 913/5354/1 4466/3685/1
f 4469/3692/1 4466/3685/1 1558/5487/1
f 866/5474/1 6438/372/1 4469/3692/1
f 6439/369/1 912/5480/1 4470/3694/1
f 4473/3701/1 4470/3694/1 1559/5483/1
f 911/5489/1 6439/369/1 4473/3701/1
f 6440/366/1 647/6532/1 4474/3703/1
f 4477/3710/1 4474/3703/1 1560/5479/1
f 910/5356/1 6440/366/1 4477/3710/1
f 6441/363/1 909/5360/1 4478/3712/1
f 4481/3719/1 4478/3712/1 1561/5476/1
f 868/5463/1 6441/363/1 4481/3719/1
f 6442/360/1 908/5469/1 4482/3721/1
f 4485/3728/1 4482/3721/1 1562/5472/1
f 907/5478/1 6442/360/1 4485/3728/1
f 6443/357/1 649/6533/1 4486/3730/1
f 4489/3737/1 4486/3730/1 1563/5468/1
f 906/5362/1 6443/357/1 4489/3737/1
f 6444/354/1 905/5366/1 4490/3739/1
f 4493/3746/1 4490/3739/1 1564/5465/1
f 870/5452/1 6444/354/1 4493/3746/1
f 6445/351/1 904/5458/1 4494/3748/1
f 4497/3755/1 4494/3748/1 1565/5461/1
f 903/5467/1 6445/351/1 4497/3755/1
f 6446/348/1 651/6534/1 4498/3757/1
f 4501/3764/1 4498/3757/1 1566/5457/1
f 902/5368/1 6446/348/1 4501/3764/1
f 6447/345/1 901/5372/1 4502/3766/1
f 4505/3773/1 4502/3766/1 1567/5454/1
f 872/5441/1 6447/345/1 4505/3773/1
f 6448/342/1 900/5447/1 4506/3775/1
f 4509/3782/1 4506/3775/1 1568/5450/1
f 899/5456/1 6448/342/1 4509/3782/1
f 6449/339/1 653/6535/1 4510/3784/1
f 4513/3791/1 4510/3784/1 1569/5446/1
f 898/5374/1 6449/339/1 4513/3791/1
f 6450/336/1 897/5378/1 4514/3793/1
f 4517/3800/1 4514/3793/1 1570/5443/1
f 874/5430/1 6450/336/1 4517/3800/1
f 6451/333/1 896/5436/1 4518/3802/1
f 4521/3809/1 4518/3802/1 1571/5439/1
f 895/5445/1 6451/333/1 4521/3809/1
f 6452/330/1 655/6536/1 4522/3811/1
f 4525/3818/1 4522/3811/1 1572/5435/1
f 894/5380/1 6452/330/1 4525/3818/1
f 6453/327/1 893/5384/1 4526/3820/1
f 4529/3827/1 4526/3820/1 1573/5432/1
f 876/5419/1 6453/327/1 4529/3827/1
f 6454/324/1 892/5425/1 4530/3829/1
f 4533/3836/1 4530/3829/1 1574/5428/1
f 891/5434/1 6454/324/1 4533/3836/1
f 6455/321/1 657/6537/1 4534/3838/1
f 4537/3845/1 4534/3838/1 1575/5424/1
f 890/5386/1 6455/321/1 4537/3845/1
f 6456/318/1 889/5390/1 4538/3847/1
f 4541/3854/1 4538/3847/1 1576/5421/1
f 878/5407/1 6456/318/1 4541/3854/1
f 6457/315/1 888/5414/1 4542/3856/1
f 4545/3863/1 4542/3856/1 1577/5417/1
f 887/5423/1 6457/315/1 4545/3863/1
f 6458/312/1 659/6538/1 4546/3865/1
f 4549/3872/1 4546/3865/1 1578/5413/1
f 886/5392/1 6458/312/1 4549/3872/1
f 6459/309/1 885/5396/1 4550/3874/1
f 4553/3881/1 4550/3874/1 1579/5409/1
f 880/6539/1 6459/309/1 4553/3881/1
f 6460/306/1 884/5402/1 4554/3883/1
f 4557/3890/1 4554/3883/1 1580/5405/1
f 883/5412/1 6460/306/1 4557/3890/1
f 6461/303/1 661/6540/1 4558/3892/1
f 4561/3899/1 4558/3892/1 1581/5401/1
f 882/5398/1 6461/303/1 4561/3899/1
f 6462/300/1 881/6541/1 4562/3901/1
f 4565/3908/1 4562/3901/1 1582/5395/1
f 660/6542/1 6462/300/1 4565/3908/1
f 6463/297/1 879/6543/1 4566/3910/1
f 4569/3917/1 4566/3910/1 1583/5389/1
f 658/5403/1 6463/297/1 4569/3917/1
f 6464/294/1 877/6544/1 4570/3919/1
f 4573/3926/1 4570/3919/1 1584/5383/1
f 656/5415/1 6464/294/1 4573/3926/1
f 6465/291/1 875/6545/1 4574/3928/1
f 4577/3935/1 4574/3928/1 1585/5377/1
f 654/5426/1 6465/291/1 4577/3935/1
f 6466/288/1 873/6546/1 4578/3937/1
f 4581/3944/1 4578/3937/1 1586/5371/1
f 652/5437/1 6466/288/1 4581/3944/1
f 6467/285/1 871/6547/1 4582/3946/1
f 4585/3953/1 4582/3946/1 1587/5365/1
f 650/5448/1 6467/285/1 4585/3953/1
f 6468/282/1 869/6548/1 4586/3955/1
f 4589/3962/1 4586/3955/1 1588/5359/1
f 648/5459/1 6468/282/1 4589/3962/1
f 6469/279/1 867/6549/1 4590/3964/1
f 4593/3971/1 4590/3964/1 1589/5353/1
f 646/5470/1 6469/279/1 4593/3971/1
f 6470/276/1 865/6550/1 4594/3973/1
f 4597/3980/1 4594/3973/1 1590/5347/1
f 644/5481/1 6470/276/1 4597/3980/1
f 6471/273/1 863/6551/1 4598/3982/1
f 4601/3989/1 4598/3982/1 1591/5341/1
f 642/5492/1 6471/273/1 4601/3989/1
f 6472/270/1 860/5410/1 4602/3991/1
f 4605/3998/1 4602/3991/1 1592/5335/1
f 639/6552/1 6472/270/1 4605/3998/1
f 6473/267/1 858/5422/1 4606/4000/1
f 4609/4007/1 4606/4000/1 1593/5329/1
f 637/5519/1 6473/267/1 4609/4007/1
f 6474/264/1 856/5433/1 4610/4009/1
f 4613/4016/1 4610/4009/1 1594/5323/1
f 635/5530/1 6474/264/1 4613/4016/1
f 6475/261/1 854/5444/1 4614/4018/1
f 4617/4025/1 4614/4018/1 1595/5317/1
f 633/5540/1 6475/261/1 4617/4025/1
f 6476/258/1 852/5455/1 4618/4027/1
f 4621/4034/1 4618/4027/1 1596/5311/1
f 631/5550/1 6476/258/1 4621/4034/1
f 6477/255/1 850/5466/1 4622/4036/1
f 4625/4043/1 4622/4036/1 1597/5305/1
f 629/5560/1 6477/255/1 4625/4043/1
f 6478/252/1 848/5477/1 4626/4045/1
f 4629/4052/1 4626/4045/1 1598/5299/1
f 627/5570/1 6478/252/1 4629/4052/1
f 6479/249/1 846/5488/1 4630/4054/1
f 4633/4061/1 4630/4054/1 1599/5293/1
f 625/5580/1 6479/249/1 4633/4061/1
f 6480/246/1 844/5499/1 4634/4063/1
f 4637/4070/1 4634/4063/1 1600/5287/1
f 623/5590/1 6480/246/1 4637/4070/1
f 6481/243/1 842/5515/1 4638/4072/1
f 4641/4079/1 4638/4072/1 1601/5281/1
f 621/5600/1 6481/243/1 4641/4079/1
f 6482/240/1 839/5525/1 4642/4081/1
f 4645/4088/1 4642/4081/1 1602/5275/1
f 618/6553/1 6482/240/1 4645/4088/1
f 6483/237/1 837/5536/1 4646/4090/1
f 4649/4097/1 4646/4090/1 1603/5269/1
f 616/5625/1 6483/237/1 4649/4097/1
f 6484/234/1 835/5546/1 4650/4099/1
f 4653/4106/1 4650/4099/1 1604/5263/1
f 614/5636/1 6484/234/1 4653/4106/1
f 6485/231/1 833/5556/1 4654/4108/1
f 4657/4115/1 4654/4108/1 1605/5257/1
f 612/5646/1 6485/231/1 4657/4115/1
f 6486/228/1 831/5566/1 4658/4117/1
f 4661/4124/1 4658/4117/1 1606/5251/1
f 610/5656/1 6486/228/1 4661/4124/1
f 6487/225/1 829/5576/1 4662/4126/1
f 4665/4133/1 4662/4126/1 1607/5245/1
f 608/5666/1 6487/225/1 4665/4133/1
f 6488/222/1 827/5586/1 4666/4135/1
f 4669/4142/1 4666/4135/1 1608/5239/1
f 606/5676/1 6488/222/1 4669/4142/1
f 6489/219/1 825/5596/1 4670/4144/1
f 4673/4151/1 4670/4144/1 1609/5233/1
f 604/5686/1 6489/219/1 4673/4151/1
f 6490/216/1 823/5606/1 4674/4153/1
f 4677/4160/1 4674/4153/1 1610/5227/1
f 602/5696/1 6490/216/1 4677/4160/1
f 6491/213/1 821/5621/1 4678/4162/1
f 4681/4169/1 4678/4162/1 1611/5221/1
f 600/5706/1 6491/213/1 4681/4169/1
f 6492/210/1 818/5631/1 4682/4171/1
f 4685/4178/1 4682/4171/1 1612/5215/1
f 597/6554/1 6492/210/1 4685/4178/1
f 6493/207/1 816/5642/1 4686/4180/1
f 4689/4187/1 4686/4180/1 1613/5209/1
f 595/5731/1 6493/207/1 4689/4187/1
f 6494/204/1 814/5652/1 4690/4189/1
f 4693/4196/1 4690/4189/1 1614/5203/1
f 593/5742/1 6494/204/1 4693/4196/1
f 6495/201/1 812/5662/1 4694/4198/1
f 4697/4205/1 4694/4198/1 1615/5197/1
f 591/5752/1 6495/201/1 4697/4205/1
f 6496/198/1 810/5672/1 4698/4207/1
f 4701/4214/1 4698/4207/1 1616/5191/1
f 589/5762/1 6496/198/1 4701/4214/1
f 6497/195/1 808/5682/1 4702/4216/1
f 4705/4223/1 4702/4216/1 1617/5185/1
f 587/5772/1 6497/195/1 4705/4223/1
f 6498/192/1 806/5692/1 4706/4225/1
f 4709/4232/1 4706/4225/1 1618/5179/1
f 585/5782/1 6498/192/1 4709/4232/1
f 6499/189/1 804/5702/1 4710/4234/1
f 4713/4241/1 4710/4234/1 1619/5173/1
f 583/5792/1 6499/189/1 4713/4241/1
f 6500/186/1 802/5712/1 4714/4243/1
f 4717/4250/1 4714/4243/1 1620/5167/1
f 581/5802/1 6500/186/1 4717/4250/1
f 6501/183/1 800/5727/1 4718/4252/1
f 4721/4259/1 4718/4252/1 1621/5161/1
f 579/5812/1 6501/183/1 4721/4259/1
f 6502/180/1 797/5737/1 4722/4261/1
f 4725/4268/1 4722/4261/1 1622/5155/1
f 576/6555/1 6502/180/1 4725/4268/1
f 6503/177/1 795/5748/1 4726/4270/1
f 4729/4277/1 4726/4270/1 1623/5149/1
f 574/5837/1 6503/177/1 4729/4277/1
f 6504/174/1 793/5758/1 4730/4279/1
f 4733/4286/1 4730/4279/1 1624/5143/1
f 572/5848/1 6504/174/1 4733/4286/1
f 6505/171/1 791/5768/1 4734/4288/1
f 4737/4295/1 4734/4288/1 1625/5137/1
f 570/5858/1 6505/171/1 4737/4295/1
f 6506/168/1 789/5778/1 4738/4297/1
f 4741/4304/1 4738/4297/1 1626/5131/1
f 568/5868/1 6506/168/1 4741/4304/1
f 6507/165/1 787/5788/1 4742/4306/1
f 4745/4313/1 4742/4306/1 1627/5125/1
f 566/5878/1 6507/165/1 4745/4313/1
f 6508/162/1 785/5798/1 4746/4315/1
f 4749/4322/1 4746/4315/1 1628/5119/1
f 564/5888/1 6508/162/1 4749/4322/1
f 6509/159/1 783/5808/1 4750/4324/1
f 4753/4331/1 4750/4324/1 1629/5113/1
f 562/5898/1 6509/159/1 4753/4331/1
f 6510/156/1 781/5818/1 4754/4333/1
f 4757/4340/1 4754/4333/1 1630/5107/1
f 560/5908/1 6510/156/1 4757/4340/1
f 6511/153/1 779/5833/1 4758/4342/1
f 4761/4349/1 4758/4342/1 1631/5101/1
f 558/5918/1 6511/153/1 4761/4349/1
f 6512/150/1 776/5843/1 4762/4351/1
f 4765/4358/1 4762/4351/1 1632/5095/1
f 555/6556/1 6512/150/1 4765/4358/1
f 6513/147/1 774/5854/1 4766/4360/1
f 4769/4367/1 4766/4360/1 1633/5089/1
f 553/5943/1 6513/147/1 4769/4367/1
f 6514/144/1 772/5864/1 4770/4369/1
f 4773/4376/1 4770/4369/1 1634/5083/1
f 551/5954/1 6514/144/1 4773/4376/1
f 6515/141/1 770/5874/1 4774/4378/1
f 4777/4385/1 4774/4378/1 1635/5077/1
f 549/5964/1 6515/141/1 4777/4385/1
f 6516/138/1 768/5884/1 4778/4387/1
f 4781/4394/1 4778/4387/1 1636/5071/1
f 547/5974/1 6516/138/1 4781/4394/1
f 6517/135/1 766/5894/1 4782/4396/1
f 4785/4403/1 4782/4396/1 1637/5065/1
f 545/5984/1 6517/135/1 4785/4403/1
f 6518/132/1 764/5904/1 4786/4405/1
f 4789/4412/1 4786/4405/1 1638/5059/1
f 543/5994/1 6518/132/1 4789/4412/1
f 6519/129/1 762/5914/1 4790/4414/1
f 4793/4421/1 4790/4414/1 1639/5053/1
f 541/6004/1 6519/129/1 4793/4421/1
f 6520/126/1 760/5924/1 4794/4423/1
f 4797/4430/1 4794/4423/1 1640/5047/1
f 539/6014/1 6520/126/1 4797/4430/1
f 6521/123/1 758/5939/1 4798/4432/1
f 4801/4439/1 4798/4432/1 1641/5041/1
f 537/6024/1 6521/123/1 4801/4439/1
f 6522/120/1 755/5949/1 4802/4441/1
f 4805/4448/1 4802/4441/1 1642/5035/1
f 534/6557/1 6522/120/1 4805/4448/1
f 6523/117/1 753/5960/1 4806/4450/1
f 4809/4457/1 4806/4450/1 1643/5029/1
f 532/6049/1 6523/117/1 4809/4457/1
f 6524/114/1 751/5970/1 4810/4459/1
f 4813/4466/1 4810/4459/1 1644/5023/1
f 530/6060/1 6524/114/1 4813/4466/1
f 6525/111/1 749/5980/1 4814/4468/1
f 4817/4475/1 4814/4468/1 1645/5017/1
f 528/6070/1 6525/111/1 4817/4475/1
f 6526/108/1 747/5990/1 4818/4477/1
f 4821/4484/1 4818/4477/1 1646/5011/1
f 526/6080/1 6526/108/1 4821/4484/1
f 6527/105/1 745/6000/1 4822/4486/1
f 4825/4493/1 4822/4486/1 1647/5005/1
f 524/6090/1 6527/105/1 4825/4493/1
f 6528/102/1 743/6010/1 4826/4495/1
f 4829/4502/1 4826/4495/1 1648/4999/1
f 522/6100/1 6528/102/1 4829/4502/1
f 6529/99/1 741/6020/1 4830/4504/1
f 4833/4511/1 4830/4504/1 1649/4993/1
f 520/6110/1 6529/99/1 4833/4511/1
f 6530/96/1 739/6030/1 4834/4513/1
f 4837/4520/1 4834/4513/1 1650/4987/1
f 518/6120/1 6530/96/1 4837/4520/1
f 6531/93/1 737/6045/1 4838/4522/1
f 4841/4529/1 4838/4522/1 1651/4981/1
f 516/6130/1 6531/93/1 4841/4529/1
f 6532/90/1 734/6055/1 4842/4531/1
f 4845/4538/1 4842/4531/1 1652/4975/1
f 513/6558/1 6532/90/1 4845/4538/1
f 6533/87/1 732/6066/1 4846/4540/1
f 4849/4547/1 4846/4540/1 1653/4969/1
f 511/6155/1 6533/87/1 4849/4547/1
f 6534/84/1 730/6076/1 4850/4549/1
f 4853/4556/1 4850/4549/1 1654/4963/1
f 509/6166/1 6534/84/1 4853/4556/1
f 6535/81/1 728/6086/1 4854/4558/1
f 4857/4565/1 4854/4558/1 1655/4957/1
f 507/6176/1 6535/81/1 4857/4565/1
f 6536/78/1 726/6096/1 4858/4567/1
f 4861/4574/1 4858/4567/1 1656/4951/1
f 505/6186/1 6536/78/1 4861/4574/1
f 6537/75/1 724/6106/1 4862/4576/1
f 4865/4583/1 4862/4576/1 1657/4945/1
f 503/6196/1 6537/75/1 4865/4583/1
f 6538/72/1 722/6116/1 4866/4585/1
f 4869/4592/1 4866/4585/1 1658/4939/1
f 501/6206/1 6538/72/1 4869/4592/1
f 6539/69/1 720/6126/1 4870/4594/1
f 4873/4601/1 4870/4594/1 1659/4933/1
f 499/6216/1 6539/69/1 4873/4601/1
f 6540/66/1 718/6136/1 4874/4603/1
f 4877/4610/1 4874/4603/1 1660/4927/1
f 497/6226/1 6540/66/1 4877/4610/1
f 6541/63/1 716/6151/1 4878/4612/1
f 4881/4619/1 4878/4612/1 1661/4921/1
f 495/6236/1 6541/63/1 4881/4619/1
f 6542/60/1 713/6161/1 4882/4621/1
f 4885/4628/1 4882/4621/1 1662/4915/1
f 492/6559/1 6542/60/1 4885/4628/1
f 6543/57/1 711/6172/1 4886/4630/1
f 4889/4637/1 4886/4630/1 1663/4909/1
f 490/6261/1 6543/57/1 4889/4637/1
f 6544/54/1 709/6182/1 4890/4639/1
f 4893/4646/1 4890/4639/1 1664/4903/1
f 488/6272/1 6544/54/1 4893/4646/1
f 6545/51/1 707/6192/1 4894/4648/1
f 4897/4655/1 4894/4648/1 1665/4897/1
f 486/6282/1 6545/51/1 4897/4655/1
f 6546/48/1 705/6202/1 4898/4657/1
f 4901/4664/1 4898/4657/1 1666/4891/1
f 484/6292/1 6546/48/1 4901/4664/1
f 6547/45/1 703/6212/1 4902/4666/1
f 4905/4673/1 4902/4666/1 1667/4885/1
f 482/6302/1 6547/45/1 4905/4673/1
f 6548/42/1 701/6222/1 4906/4675/1
f 4909/4682/1 4906/4675/1 1668/4879/1
f 480/6312/1 6548/42/1 4909/4682/1
f 6549/39/1 699/6232/1 4910/4684/1
f 4913/4691/1 4910/4684/1 1669/4873/1
f 478/6322/1 6549/39/1 4913/4691/1
f 6550/36/1 697/6242/1 4914/4693/1
f 4917/4700/1 4914/4693/1 1670/4867/1
f 476/6332/1 6550/36/1 4917/4700/1
f 6551/33/1 695/6257/1 4918/4702/1
f 4921/4709/1 4918/4702/1 1671/4861/1
f 474/6342/1 6551/33/1 4921/4709/1
f 6552/30/1 692/6267/1 4922/4711/1
f 4925/4718/1 4922/4711/1 1672/4855/1
f 471/6560/1 6552/30/1 4925/4718/1
f 6553/27/1 689/6278/1 4926/4720/1
f 4929/4727/1 4926/4720/1 1673/4849/1
f 468/6367/1 6553/27/1 4929/4727/1
f 6554/24/1 686/6288/1 4930/4729/1
f 4933/4736/1 4930/4729/1 1674/4843/1
f 465/6383/1 6554/24/1 4933/4736/1
f 6555/21/1 683/6298/1 4934/4738/1
f 4937/4745/1 4934/4738/1 1675/4837/1
f 462/6398/1 6555/21/1 4937/4745/1
f 6556/18/1 680/6308/1 4938/4747/1
f 4941/4754/1 4938/4747/1 1676/4831/1
f 459/6413/1 6556/18/1 4941/4754/1
f 6557/15/1 677/6318/1 4942/4756/1
f 4945/4763/1 4942/4756/1 1677/4825/1
f 456/6428/1 6557/15/1 4945/4763/1
f 6558/12/1 674/6328/1 4946/4765/1
f 4949/4772/1 4946/4765/1 1678/4819/1
f 453/6443/1 6558/12/1 4949/4772/1
f 6559/9/1 671/6338/1 4950/4774/1
f 4953/4781/1 4950/4774/1 1679/4813/1
f 450/6458/1 6559/9/1 4953/4781/1
f 6560/6/1 668/6348/1 4954/4783/1
f 4957/4790/1 4954/4783/1 1680/4807/1
f 447/6473/1 6560/6/1 4957/4790/1
f 6561/3/1 665/6363/1 4958/4792/1
f 4961/4799/1 4958/4792/1 1681/4801/1
f 444/6488/1 6561/3/1 4961/4799/1
f 1684/1/1 13/6346/1 2745/2/1
f 1687/4/1 14/6336/1 2748/5/1
f 1690/7/1 15/6326/1 2751/8/1
f 1693/10/1 16/6316/1 2754/11/1
f 1696/13/1 17/6306/1 2757/14/1
f 1699/16/1 18/6296/1 2760/17/1
f 1702/19/1 19/6286/1 2763/20/1
f 1705/22/1 20/6276/1 2766/23/1
f 1708/25/1 21/6265/1 2769/26/1
f 1711/28/1 22/6268/1 2772/29/1
f 1714/31/1 24/6240/1 2775/32/1
f 1716/34/1 25/6230/1 2777/35/1
f 1718/37/1 26/6220/1 2779/38/1
f 1720/40/1 27/6210/1 2781/41/1
f 1722/43/1 28/6200/1 2783/44/1
f 1724/46/1 29/6190/1 2785/47/1
f 1726/49/1 30/6180/1 2787/50/1
f 1728/52/1 31/6170/1 2789/53/1
f 1730/55/1 32/6159/1 2791/56/1
f 1732/58/1 33/6162/1 2793/59/1
f 1735/61/1 35/6134/1 2796/62/1
f 1737/64/1 36/6124/1 2798/65/1
f 1739/67/1 37/6114/1 2800/68/1
f 1741/70/1 38/6104/1 2802/71/1
f 1743/73/1 39/6094/1 2804/74/1
f 1745/76/1 40/6084/1 2806/77/1
f 1747/79/1 41/6074/1 2808/80/1
f 1749/82/1 42/6064/1 2810/83/1
f 1751/85/1 43/6053/1 2812/86/1
f 1753/88/1 44/6056/1 2814/89/1
f 1756/91/1 46/6028/1 2817/92/1
f 1758/94/1 47/6018/1 2819/95/1
f 1760/97/1 48/6008/1 2821/98/1
f 1762/100/1 49/5998/1 2823/101/1
f 1764/103/1 50/5988/1 2825/104/1
f 1766/106/1 51/5978/1 2827/107/1
f 1768/109/1 52/5968/1 2829/110/1
f 1770/112/1 53/5958/1 2831/113/1
f 1772/115/1 54/5947/1 2833/116/1
f 1774/118/1 55/5950/1 2835/119/1
f 1777/121/1 57/5922/1 2838/122/1
f 1779/124/1 58/5912/1 2840/125/1
f 1781/127/1 59/5902/1 2842/128/1
f 1783/130/1 60/5892/1 2844/131/1
f 1785/133/1 61/5882/1 2846/134/1
f 1787/136/1 62/5872/1 2848/137/1
f 1789/139/1 63/5862/1 2850/140/1
f 1791/142/1 64/5852/1 2852/143/1
f 1793/145/1 65/5841/1 2854/146/1
f 1795/148/1 66/5844/1 2856/149/1
f 1798/151/1 68/5816/1 2859/152/1
f 1800/154/1 69/5806/1 2861/155/1
f 1802/157/1 70/5796/1 2863/158/1
f 1804/160/1 71/5786/1 2865/161/1
f 1806/163/1 72/5776/1 2867/164/1
f 1808/166/1 73/5766/1 2869/167/1
f 1810/169/1 74/5756/1 2871/170/1
f 1812/172/1 75/5746/1 2873/173/1
f 1814/175/1 76/5735/1 2875/176/1
f 1816/178/1 77/5738/1 2877/179/1
f 1819/181/1 79/5710/1 2880/182/1
f 1821/184/1 80/5700/1 2882/185/1
f 1823/187/1 81/5690/1 2884/188/1
f 1825/190/1 82/5680/1 2886/191/1
f 1827/193/1 83/5670/1 2888/194/1
f 1829/196/1 84/5660/1 2890/197/1
f 1831/199/1 85/5650/1 2892/200/1
f 1833/202/1 86/5640/1 2894/203/1
f 1835/205/1 87/5629/1 2896/206/1
f 1837/208/1 88/5632/1 2898/209/1
f 1840/211/1 90/5604/1 2901/212/1
f 1842/214/1 91/5594/1 2903/215/1
f 1844/217/1 92/5584/1 2905/218/1
f 1846/220/1 93/5574/1 2907/221/1
f 1848/223/1 94/5564/1 2909/224/1
f 1850/226/1 95/5554/1 2911/227/1
f 1852/229/1 96/5544/1 2913/230/1
f 1854/232/1 97/5534/1 2915/233/1
f 1856/235/1 98/5523/1 2917/236/1
f 1858/238/1 99/5526/1 2919/239/1
f 1861/241/1 101/5497/1 2922/242/1
f 1863/244/1 102/5486/1 2924/245/1
f 1865/247/1 103/5475/1 2926/248/1
f 1867/250/1 104/5464/1 2928/251/1
f 1869/253/1 105/5453/1 2930/254/1
f 1871/256/1 106/5442/1 2932/257/1
f 1873/259/1 107/5431/1 2934/260/1
f 1875/262/1 108/5420/1 2936/263/1
f 1877/265/1 109/5408/1 2938/266/1
f 1879/268/1 110/5411/1 2940/269/1
f 1882/271/1 112/5493/1 2943/272/1
f 1884/274/1 113/5482/1 2945/275/1
f 1886/277/1 114/5471/1 2947/278/1
f 1888/280/1 115/5460/1 2949/281/1
f 1890/283/1 116/5449/1 2951/284/1
f 1892/286/1 117/5438/1 2953/287/1
f 1894/289/1 118/5427/1 2955/290/1
f 1896/292/1 119/5416/1 2957/293/1
f 1898/295/1 120/5404/1 2959/296/1
f 1900/298/1 121/6561/1 2961/299/1
f 2122/301/1 341/5400/1 2741/302/1
f 2123/304/1 342/5399/1 2964/305/1
f 2120/307/1 340/5397/1 2965/308/1
f 2126/310/1 339/5394/1 2739/311/1
f 2127/313/1 343/5393/1 2968/314/1
f 2118/316/1 338/5391/1 2969/317/1
f 2130/319/1 337/5388/1 2737/320/1
f 2131/322/1 344/5387/1 2972/323/1
f 2116/325/1 336/5385/1 2973/326/1
f 2134/328/1 335/5382/1 2735/329/1
f 2135/331/1 345/5381/1 2976/332/1
f 2114/334/1 334/5379/1 2977/335/1
f 2138/337/1 333/5376/1 2733/338/1
f 2139/340/1 346/5375/1 2980/341/1
f 2112/343/1 332/5373/1 2981/344/1
f 2142/346/1 331/5370/1 2731/347/1
f 2143/349/1 347/5369/1 2984/350/1
f 2110/352/1 330/5367/1 2985/353/1
f 2146/355/1 329/5364/1 2729/356/1
f 2147/358/1 348/5363/1 2988/359/1
f 2108/361/1 328/5361/1 2989/362/1
f 2150/364/1 327/5358/1 2727/365/1
f 2151/367/1 349/5357/1 2992/368/1
f 2106/370/1 326/5355/1 2993/371/1
f 2154/373/1 325/5352/1 2725/374/1
f 2155/376/1 350/5351/1 2996/377/1
f 2104/379/1 324/5349/1 2997/380/1
f 2158/382/1 323/5346/1 2723/383/1
f 2159/385/1 351/5345/1 3000/386/1
f 2102/388/1 322/5343/1 3001/389/1
f 2162/391/1 320/5340/1 2720/392/1
f 2163/394/1 352/5339/1 3004/395/1
f 2099/397/1 319/5337/1 3005/398/1
f 2166/400/1 318/5334/1 2718/401/1
f 2167/403/1 353/5333/1 3008/404/1
f 2097/406/1 317/5331/1 3009/407/1
f 2170/409/1 316/5328/1 2716/410/1
f 2171/412/1 354/5327/1 3012/413/1
f 2095/415/1 315/5325/1 3013/416/1
f 2174/418/1 314/5322/1 2714/419/1
f 2175/421/1 355/5321/1 3016/422/1
f 2093/424/1 313/5319/1 3017/425/1
f 2178/427/1 312/5316/1 2712/428/1
f 2179/430/1 356/5315/1 3020/431/1
f 2091/433/1 311/5313/1 3021/434/1
f 2182/436/1 310/5310/1 2710/437/1
f 2183/439/1 357/5309/1 3024/440/1
f 2089/442/1 309/5307/1 3025/443/1
f 2186/445/1 308/5304/1 2708/446/1
f 2187/448/1 358/5303/1 3028/449/1
f 2087/451/1 307/5301/1 3029/452/1
f 2190/454/1 306/5298/1 2706/455/1
f 2191/457/1 359/5297/1 3032/458/1
f 2085/460/1 305/5295/1 3033/461/1
f 2194/463/1 304/5292/1 2704/464/1
f 2195/466/1 360/5291/1 3036/467/1
f 2083/469/1 303/5289/1 3037/470/1
f 2198/472/1 302/5286/1 2702/473/1
f 2199/475/1 361/5285/1 3040/476/1
f 2081/478/1 301/5283/1 3041/479/1
f 2202/481/1 299/5280/1 2699/482/1
f 2203/484/1 362/5279/1 3044/485/1
f 2078/487/1 298/5277/1 3045/488/1
f 2206/490/1 297/5274/1 2697/491/1
f 2207/493/1 363/5273/1 3048/494/1
f 2076/496/1 296/5271/1 3049/497/1
f 2210/499/1 295/5268/1 2695/500/1
f 2211/502/1 364/5267/1 3052/503/1
f 2074/505/1 294/5265/1 3053/506/1
f 2214/508/1 293/5262/1 2693/509/1
f 2215/511/1 365/5261/1 3056/512/1
f 2072/514/1 292/5259/1 3057/515/1
f 2218/517/1 291/5256/1 2691/518/1
f 2219/520/1 366/5255/1 3060/521/1
f 2070/523/1 290/5253/1 3061/524/1
f 2222/526/1 289/5250/1 2689/527/1
f 2223/529/1 367/5249/1 3064/530/1
f 2068/532/1 288/5247/1 3065/533/1
f 2226/535/1 287/5244/1 2687/536/1
f 2227/538/1 368/5243/1 3068/539/1
f 2066/541/1 286/5241/1 3069/542/1
f 2230/544/1 285/5238/1 2685/545/1
f 2231/547/1 369/5237/1 3072/548/1
f 2064/550/1 284/5235/1 3073/551/1
f 2234/553/1 283/5232/1 2683/554/1
f 2235/556/1 370/5231/1 3076/557/1
f 2062/559/1 282/5229/1 3077/560/1
f 2238/562/1 281/5226/1 2681/563/1
f 2239/565/1 371/5225/1 3080/566/1
f 2060/568/1 280/5223/1 3081/569/1
f 2242/571/1 278/5220/1 2678/572/1
f 2243/574/1 372/5219/1 3084/575/1
f 2057/577/1 277/5217/1 3085/578/1
f 2246/580/1 276/5214/1 2676/581/1
f 2247/583/1 373/5213/1 3088/584/1
f 2055/586/1 275/5211/1 3089/587/1
f 2250/589/1 274/5208/1 2674/590/1
f 2251/592/1 374/5207/1 3092/593/1
f 2053/595/1 273/5205/1 3093/596/1
f 2254/598/1 272/5202/1 2672/599/1
f 2255/601/1 375/5201/1 3096/602/1
f 2051/604/1 271/5199/1 3097/605/1
f 2258/607/1 270/5196/1 2670/608/1
f 2259/610/1 376/5195/1 3100/611/1
f 2049/613/1 269/5193/1 3101/614/1
f 2262/616/1 268/5190/1 2668/617/1
f 2263/619/1 377/5189/1 3104/620/1
f 2047/622/1 267/5187/1 3105/623/1
f 2266/625/1 266/5184/1 2666/626/1
f 2267/628/1 378/5183/1 3108/629/1
f 2045/631/1 265/5181/1 3109/632/1
f 2270/634/1 264/5178/1 2664/635/1
f 2271/637/1 379/5177/1 3112/638/1
f 2043/640/1 263/5175/1 3113/641/1
f 2274/643/1 262/5172/1 2662/644/1
f 2275/646/1 380/5171/1 3116/647/1
f 2041/649/1 261/5169/1 3117/650/1
f 2278/652/1 260/5166/1 2660/653/1
f 2279/655/1 381/5165/1 3120/656/1
f 2039/658/1 259/5163/1 3121/659/1
f 2282/661/1 257/5160/1 2657/662/1
f 2283/664/1 382/5159/1 3124/665/1
f 2036/667/1 256/5157/1 3125/668/1
f 2286/670/1 255/5154/1 2655/671/1
f 2287/673/1 383/5153/1 3128/674/1
f 2034/676/1 254/5151/1 3129/677/1
f 2290/679/1 253/5148/1 2653/680/1
f 2291/682/1 384/5147/1 3132/683/1
f 2032/685/1 252/5145/1 3133/686/1
f 2294/688/1 251/5142/1 2651/689/1
f 2295/691/1 385/5141/1 3136/692/1
f 2030/694/1 250/5139/1 3137/695/1
f 2298/697/1 249/5136/1 2649/698/1
f 2299/700/1 386/5135/1 3140/701/1
f 2028/703/1 248/5133/1 3141/704/1
f 2302/706/1 247/5130/1 2647/707/1
f 2303/709/1 387/5129/1 3144/710/1
f 2026/712/1 246/5127/1 3145/713/1
f 2306/715/1 245/5124/1 2645/716/1
f 2307/718/1 388/5123/1 3148/719/1
f 2024/721/1 244/5121/1 3149/722/1
f 2310/724/1 243/5118/1 2643/725/1
f 2311/727/1 389/5117/1 3152/728/1
f 2022/730/1 242/5115/1 3153/731/1
f 2314/733/1 241/5112/1 2641/734/1
f 2315/736/1 390/5111/1 3156/737/1
f 2020/739/1 240/5109/1 3157/740/1
f 2318/742/1 239/5106/1 2639/743/1
f 2319/745/1 391/5105/1 3160/746/1
f 2018/748/1 238/5103/1 3161/749/1
f 2322/751/1 236/5100/1 2636/752/1
f 2323/754/1 392/5099/1 3164/755/1
f 2015/757/1 235/5097/1 3165/758/1
f 2326/760/1 234/5094/1 2634/761/1
f 2327/763/1 393/5093/1 3168/764/1
f 2013/766/1 233/5091/1 3169/767/1
f 2330/769/1 232/5088/1 2632/770/1
f 2331/772/1 394/5087/1 3172/773/1
f 2011/775/1 231/5085/1 3173/776/1
f 2334/778/1 230/5082/1 2630/779/1
f 2335/781/1 395/5081/1 3176/782/1
f 2009/784/1 229/5079/1 3177/785/1
f 2338/787/1 228/5076/1 2628/788/1
f 2339/790/1 396/5075/1 3180/791/1
f 2007/793/1 227/5073/1 3181/794/1
f 2342/796/1 226/5070/1 2626/797/1
f 2343/799/1 397/5069/1 3184/800/1
f 2005/802/1 225/5067/1 3185/803/1
f 2346/805/1 224/5064/1 2624/806/1
f 2347/808/1 398/5063/1 3188/809/1
f 2003/811/1 223/5061/1 3189/812/1
f 2350/814/1 222/5058/1 2622/815/1
f 2351/817/1 399/5057/1 3192/818/1
f 2001/820/1 221/5055/1 3193/821/1
f 2354/823/1 220/5052/1 2620/824/1
f 2355/826/1 400/5051/1 3196/827/1
f 1999/829/1 219/5049/1 3197/830/1
f 2358/832/1 218/5046/1 2618/833/1
f 2359/835/1 401/5045/1 3200/836/1
f 1997/838/1 217/5043/1 3201/839/1
f 2362/841/1 215/5040/1 2615/842/1
f 2363/844/1 402/5039/1 3204/845/1
f 1994/847/1 214/5037/1 3205/848/1
f 2366/850/1 213/5034/1 2613/851/1
f 2367/853/1 403/5033/1 3208/854/1
f 1992/856/1 212/5031/1 3209/857/1
f 2370/859/1 211/5028/1 2611/860/1
f 2371/862/1 404/5027/1 3212/863/1
f 1990/865/1 210/5025/1 3213/866/1
f 2374/868/1 209/5022/1 2609/869/1
f 2375/871/1 405/5021/1 3216/872/1
f 1988/874/1 208/5019/1 3217/875/1
f 2378/877/1 207/5016/1 2607/878/1
f 2379/880/1 406/5015/1 3220/881/1
f 1986/883/1 206/5013/1 3221/884/1
f 2382/886/1 205/5010/1 2605/887/1
f 2383/889/1 407/5009/1 3224/890/1
f 1984/892/1 204/5007/1 3225/893/1
f 2386/895/1 203/5004/1 2603/896/1
f 2387/898/1 408/5003/1 3228/899/1
f 1982/901/1 202/5001/1 3229/902/1
f 2390/904/1 201/4998/1 2601/905/1
f 2391/907/1 409/4997/1 3232/908/1
f 1980/910/1 200/4995/1 3233/911/1
f 2394/913/1 199/4992/1 2599/914/1
f 2395/916/1 410/4991/1 3236/917/1
f 1978/919/1 198/4989/1 3237/920/1
f 2398/922/1 197/4986/1 2597/923/1
f 2399/925/1 411/4985/1 3240/926/1
f 1976/928/1 196/4983/1 3241/929/1
f 2402/931/1 194/4980/1 2594/932/1
f 2403/934/1 412/4979/1 3244/935/1
f 1973/937/1 193/4977/1 3245/938/1
f 2406/940/1 192/4974/1 2592/941/1
f 2407/943/1 413/4973/1 3248/944/1
f 1971/946/1 191/4971/1 3249/947/1
f 2410/949/1 190/4968/1 2590/950/1
f 2411/952/1 414/4967/1 3252/953/1
f 1969/955/1 189/4965/1 3253/956/1
f 2414/958/1 188/4962/1 2588/959/1
f 2415/961/1 415/4961/1 3256/962/1
f 1967/964/1 187/4959/1 3257/965/1
f 2418/967/1 186/4956/1 2586/968/1
f 2419/970/1 416/4955/1 3260/971/1
f 1965/973/1 185/4953/1 3261/974/1
f 2422/976/1 184/4950/1 2584/977/1
f 2423/979/1 417/4949/1 3264/980/1
f 1963/982/1 183/4947/1 3265/983/1
f 2426/985/1 182/4944/1 2582/986/1
f 2427/988/1 418/4943/1 3268/989/1
f 1961/991/1 181/4941/1 3269/992/1
f 2430/994/1 180/4938/1 2580/995/1
f 2431/997/1 419/4937/1 3272/998/1
f 1959/1000/1 179/4935/1 3273/1001/1
f 2434/1003/1 178/4932/1 2578/1004/1
f 2435/1006/1 420/4931/1 3276/1007/1
f 1957/1009/1 177/4929/1 3277/1010/1
f 2438/1012/1 176/4926/1 2576/1013/1
f 2439/1015/1 421/4925/1 3280/1016/1
f 1955/1018/1 175/4923/1 3281/1019/1
f 2442/1021/1 173/4920/1 2573/1022/1
f 2443/1024/1 422/4919/1 3284/1025/1
f 1952/1027/1 172/4917/1 3285/1028/1
f 2446/1030/1 171/4914/1 2571/1031/1
f 2447/1033/1 423/4913/1 3288/1034/1
f 1950/1036/1 170/4911/1 3289/1037/1
f 2450/1039/1 169/4908/1 2569/1040/1
f 2451/1042/1 424/4907/1 3292/1043/1
f 1948/1045/1 168/4905/1 3293/1046/1
f 2454/1048/1 167/4902/1 2567/1049/1
f 2455/1051/1 425/4901/1 3296/1052/1
f 1946/1054/1 166/4899/1 3297/1055/1
f 2458/1057/1 165/4896/1 2565/1058/1
f 2459/1060/1 426/4895/1 3300/1061/1
f 1944/1063/1 164/4893/1 3301/1064/1
f 2462/1066/1 163/4890/1 2563/1067/1
f 2463/1069/1 427/4889/1 3304/1070/1
f 1942/1072/1 162/4887/1 3305/1073/1
f 2466/1075/1 161/4884/1 2561/1076/1
f 2467/1078/1 428/4883/1 3308/1079/1
f 1940/1081/1 160/4881/1 3309/1082/1
f 2470/1084/1 159/4878/1 2559/1085/1
f 2471/1087/1 429/4877/1 3312/1088/1
f 1938/1090/1 158/4875/1 3313/1091/1
f 2474/1093/1 157/4872/1 2557/1094/1
f 2475/1096/1 430/4871/1 3316/1097/1
f 1936/1099/1 156/4869/1 3317/1100/1
f 2478/1102/1 155/4866/1 2555/1103/1
f 2479/1105/1 431/4865/1 3320/1106/1
f 1934/1108/1 154/4863/1 3321/1109/1
f 2482/1111/1 152/4860/1 2552/1112/1
f 2483/1114/1 432/4859/1 3324/1115/1
f 1931/1117/1 151/4857/1 3325/1118/1
f 2486/1120/1 149/4854/1 2549/1121/1
f 2487/1123/1 433/4853/1 3328/1124/1
f 1928/1126/1 148/4851/1 3329/1127/1
f 2490/1129/1 146/4848/1 2546/1130/1
f 2491/1132/1 434/4847/1 3332/1133/1
f 1925/1135/1 145/4845/1 3333/1136/1
f 2494/1138/1 143/4842/1 2543/1139/1
f 2495/1141/1 435/4841/1 3336/1142/1
f 1922/1144/1 142/4839/1 3337/1145/1
f 2498/1147/1 140/4836/1 2540/1148/1
f 2499/1150/1 436/4835/1 3340/1151/1
f 1919/1153/1 139/4833/1 3341/1154/1
f 2502/1156/1 137/4830/1 2537/1157/1
f 2503/1159/1 437/4829/1 3344/1160/1
f 1916/1162/1 136/4827/1 3345/1163/1
f 2506/1165/1 134/4824/1 2534/1166/1
f 2507/1168/1 438/4823/1 3348/1169/1
f 1913/1171/1 133/4821/1 3349/1172/1
f 2510/1174/1 131/4818/1 2531/1175/1
f 2511/1177/1 439/4817/1 3352/1178/1
f 1910/1180/1 130/4815/1 3353/1181/1
f 2514/1183/1 128/4812/1 2528/1184/1
f 2515/1186/1 440/4811/1 3356/1187/1
f 1907/1189/1 127/4809/1 3357/1190/1
f 2518/1192/1 125/4806/1 2525/1193/1
f 2519/1195/1 441/4805/1 3360/1196/1
f 1904/1198/1 124/4803/1 3361/1199/1
f 3362/1201/1 1281/4802/1 2521/1202/1
f 3363/1204/1 1282/6516/1 3364/1205/1
f 2744/1207/1 664/6493/1 3365/1208/1
f 3366/1210/1 1280/6502/1 2520/1211/1
f 3367/1213/1 1283/6507/1 3368/1214/1
f 3359/1216/1 1279/6519/1 3369/1217/1
f 3370/1219/1 445/6357/1 1685/1220/1
f 3371/1222/1 1284/6501/1 3372/1223/1
f 3358/1225/1 1278/4804/1 3373/1226/1
f 3374/1228/1 1277/4808/1 2517/1229/1
f 3375/1231/1 1285/6496/1 3376/1232/1
f 2747/1234/1 667/6478/1 3377/1235/1
f 3378/1237/1 1276/6487/1 2516/1238/1
f 3379/1240/1 1286/6489/1 3380/1241/1
f 3355/1243/1 1275/6499/1 3381/1244/1
f 3382/1246/1 448/6344/1 1688/1247/1
f 3383/1249/1 1287/6486/1 3384/1250/1
f 3354/1252/1 1274/4810/1 3385/1253/1
f 3386/1255/1 1273/4814/1 2513/1256/1
f 3387/1258/1 1288/6481/1 3388/1259/1
f 2750/1261/1 670/6463/1 3389/1262/1
f 3390/1264/1 1272/6472/1 2512/1265/1
f 3391/1267/1 1289/6474/1 3392/1268/1
f 3351/1270/1 1271/6484/1 3393/1271/1
f 3394/1273/1 451/6334/1 1691/1274/1
f 3395/1276/1 1290/6471/1 3396/1277/1
f 3350/1279/1 1270/4816/1 3397/1280/1
f 3398/1282/1 1269/4820/1 2509/1283/1
f 3399/1285/1 1291/6466/1 3400/1286/1
f 2753/1288/1 673/6448/1 3401/1289/1
f 3402/1291/1 1268/6457/1 2508/1292/1
f 3403/1294/1 1292/6459/1 3404/1295/1
f 3347/1297/1 1267/6469/1 3405/1298/1
f 3406/1300/1 454/6324/1 1694/1301/1
f 3407/1303/1 1293/6456/1 3408/1304/1
f 3346/1306/1 1266/4822/1 3409/1307/1
f 3410/1309/1 1265/4826/1 2505/1310/1
f 3411/1312/1 1294/6451/1 3412/1313/1
f 2756/1315/1 676/6433/1 3413/1316/1
f 3414/1318/1 1264/6442/1 2504/1319/1
f 3415/1321/1 1295/6444/1 3416/1322/1
f 3343/1324/1 1263/6454/1 3417/1325/1
f 3418/1327/1 457/6314/1 1697/1328/1
f 3419/1330/1 1296/6441/1 3420/1331/1
f 3342/1333/1 1262/4828/1 3421/1334/1
f 3422/1336/1 1261/4832/1 2501/1337/1
f 3423/1339/1 1297/6436/1 3424/1340/1
f 2759/1342/1 679/6418/1 3425/1343/1
f 3426/1345/1 1260/6427/1 2500/1346/1
f 3427/1348/1 1298/6429/1 3428/1349/1
f 3339/1351/1 1259/6439/1 3429/1352/1
f 3430/1354/1 460/6304/1 1700/1355/1
f 3431/1357/1 1299/6426/1 3432/1358/1
f 3338/1360/1 1258/4834/1 3433/1361/1
f 3434/1363/1 1257/4838/1 2497/1364/1
f 3435/1366/1 1300/6421/1 3436/1367/1
f 2762/1369/1 682/6403/1 3437/1370/1
f 3438/1372/1 1256/6412/1 2496/1373/1
f 3439/1375/1 1301/6414/1 3440/1376/1
f 3335/1378/1 1255/6424/1 3441/1379/1
f 3442/1381/1 463/6294/1 1703/1382/1
f 3443/1384/1 1302/6411/1 3444/1385/1
f 3334/1387/1 1254/4840/1 3445/1388/1
f 3446/1390/1 1253/4844/1 2493/1391/1
f 3447/1393/1 1303/6406/1 3448/1394/1
f 2765/1396/1 685/6388/1 3449/1397/1
f 3450/1399/1 1252/6397/1 2492/1400/1
f 3451/1402/1 1304/6399/1 3452/1403/1
f 3331/1405/1 1251/6409/1 3453/1406/1
f 3454/1408/1 466/6284/1 1706/1409/1
f 3455/1411/1 1305/6396/1 3456/1412/1
f 3330/1414/1 1250/4846/1 3457/1415/1
f 3458/1417/1 1249/4850/1 2489/1418/1
f 3459/1420/1 1306/6391/1 3460/1421/1
f 2768/1423/1 688/6372/1 3461/1424/1
f 3462/1426/1 1248/6382/1 2488/1427/1
f 3463/1429/1 1307/6384/1 3464/1430/1
f 3327/1432/1 1247/6394/1 3465/1433/1
f 3466/1435/1 469/6274/1 1709/1436/1
f 3467/1438/1 1308/6381/1 3468/1439/1
f 3326/1441/1 1246/4852/1 3469/1442/1
f 3470/1444/1 1245/4856/1 2485/1445/1
f 3471/1447/1 1309/6375/1 3472/1448/1
f 2771/1450/1 691/6521/1 3473/1451/1
f 3474/1453/1 1244/6366/1 2484/1454/1
f 3475/1456/1 1310/6368/1 3476/1457/1
f 3323/1459/1 1243/6379/1 3477/1460/1
f 3478/1462/1 472/6263/1 1712/1463/1
f 3479/1465/1 1311/6365/1 3480/1466/1
f 3322/1468/1 1242/4858/1 3481/1469/1
f 3482/1471/1 1241/4862/1 2481/1472/1
f 3483/1474/1 1312/6362/1 3484/1475/1
f 2774/1477/1 694/6345/1 3485/1478/1
f 3486/1480/1 1240/6351/1 2480/1481/1
f 3487/1483/1 1313/6356/1 3488/1484/1
f 3319/1486/1 1239/6364/1 3489/1487/1
f 3490/1489/1 475/6251/1 1715/1490/1
f 3491/1492/1 1314/6350/1 3492/1493/1
f 3318/1495/1 1238/4864/1 3493/1496/1
f 3494/1498/1 1237/4868/1 2477/1499/1
f 3495/1501/1 1315/6347/1 3496/1502/1
f 2776/1504/1 696/6335/1 3497/1505/1
f 3498/1507/1 1236/6341/1 2476/1508/1
f 3499/1510/1 1316/6343/1 3500/1511/1
f 3315/1513/1 1235/6349/1 3501/1514/1
f 3502/1516/1 477/6238/1 1717/1517/1
f 3503/1519/1 1317/6340/1 3504/1520/1
f 3314/1522/1 1234/4870/1 3505/1523/1
f 3506/1525/1 1233/4874/1 2473/1526/1
f 3507/1528/1 1318/6337/1 3508/1529/1
f 2778/1531/1 698/6325/1 3509/1532/1
f 3510/1534/1 1232/6331/1 2472/1535/1
f 3511/1537/1 1319/6333/1 3512/1538/1
f 3311/1540/1 1231/6339/1 3513/1541/1
f 3514/1543/1 479/6228/1 1719/1544/1
f 3515/1546/1 1320/6330/1 3516/1547/1
f 3310/1549/1 1230/4876/1 3517/1550/1
f 3518/1552/1 1229/4880/1 2469/1553/1
f 3519/1555/1 1321/6327/1 3520/1556/1
f 2780/1558/1 700/6315/1 3521/1559/1
f 3522/1561/1 1228/6321/1 2468/1562/1
f 3523/1564/1 1322/6323/1 3524/1565/1
f 3307/1567/1 1227/6329/1 3525/1568/1
f 3526/1570/1 481/6218/1 1721/1571/1
f 3527/1573/1 1323/6320/1 3528/1574/1
f 3306/1576/1 1226/4882/1 3529/1577/1
f 3530/1579/1 1225/4886/1 2465/1580/1
f 3531/1582/1 1324/6317/1 3532/1583/1
f 2782/1585/1 702/6305/1 3533/1586/1
f 3534/1588/1 1224/6311/1 2464/1589/1
f 3535/1591/1 1325/6313/1 3536/1592/1
f 3303/1594/1 1223/6319/1 3537/1595/1
f 3538/1597/1 483/6208/1 1723/1598/1
f 3539/1600/1 1326/6310/1 3540/1601/1
f 3302/1603/1 1222/4888/1 3541/1604/1
f 3542/1606/1 1221/4892/1 2461/1607/1
f 3543/1609/1 1327/6307/1 3544/1610/1
f 2784/1612/1 704/6295/1 3545/1613/1
f 3546/1615/1 1220/6301/1 2460/1616/1
f 3547/1618/1 1328/6303/1 3548/1619/1
f 3299/1621/1 1219/6309/1 3549/1622/1
f 3550/1624/1 485/6198/1 1725/1625/1
f 3551/1627/1 1329/6300/1 3552/1628/1
f 3298/1630/1 1218/4894/1 3553/1631/1
f 3554/1633/1 1217/4898/1 2457/1634/1
f 3555/1636/1 1330/6297/1 3556/1637/1
f 2786/1639/1 706/6285/1 3557/1640/1
f 3558/1642/1 1216/6291/1 2456/1643/1
f 3559/1645/1 1331/6293/1 3560/1646/1
f 3295/1648/1 1215/6299/1 3561/1649/1
f 3562/1651/1 487/6188/1 1727/1652/1
f 3563/1654/1 1332/6290/1 3564/1655/1
f 3294/1657/1 1214/4900/1 3565/1658/1
f 3566/1660/1 1213/4904/1 2453/1661/1
f 3567/1663/1 1333/6287/1 3568/1664/1
f 2788/1666/1 708/6275/1 3569/1667/1
f 3570/1669/1 1212/6281/1 2452/1670/1
f 3571/1672/1 1334/6283/1 3572/1673/1
f 3291/1675/1 1211/6289/1 3573/1676/1
f 3574/1678/1 489/6178/1 1729/1679/1
f 3575/1681/1 1335/6280/1 3576/1682/1
f 3290/1684/1 1210/4906/1 3577/1685/1
f 3578/1687/1 1209/4910/1 2449/1688/1
f 3579/1690/1 1336/6277/1 3580/1691/1
f 2790/1693/1 710/6264/1 3581/1694/1
f 3582/1696/1 1208/6271/1 2448/1697/1
f 3583/1699/1 1337/6273/1 3584/1700/1
f 3287/1702/1 1207/6279/1 3585/1703/1
f 3586/1705/1 491/6168/1 1731/1706/1
f 3587/1708/1 1338/6270/1 3588/1709/1
f 3286/1711/1 1206/4912/1 3589/1712/1
f 3590/1714/1 1205/4916/1 2445/1715/1
f 3591/1717/1 1339/6266/1 3592/1718/1
f 2792/1720/1 712/6522/1 3593/1721/1
f 3594/1723/1 1204/6260/1 2444/1724/1
f 3595/1726/1 1340/6262/1 3596/1727/1
f 3283/1729/1 1203/6269/1 3597/1730/1
f 3598/1732/1 493/6157/1 1733/1733/1
f 3599/1735/1 1341/6259/1 3600/1736/1
f 3282/1738/1 1202/4918/1 3601/1739/1
f 3602/1741/1 1201/4922/1 2441/1742/1
f 3603/1744/1 1342/6256/1 3604/1745/1
f 2795/1747/1 715/6239/1 3605/1748/1
f 3606/1750/1 1200/6245/1 2440/1751/1
f 3607/1753/1 1343/6250/1 3608/1754/1
f 3279/1756/1 1199/6258/1 3609/1757/1
f 3610/1759/1 496/6145/1 1736/1760/1
f 3611/1762/1 1344/6244/1 3612/1763/1
f 3278/1765/1 1198/4924/1 3613/1766/1
f 3614/1768/1 1197/4928/1 2437/1769/1
f 3615/1771/1 1345/6241/1 3616/1772/1
f 2797/1774/1 717/6229/1 3617/1775/1
f 3618/1777/1 1196/6235/1 2436/1778/1
f 3619/1780/1 1346/6237/1 3620/1781/1
f 3275/1783/1 1195/6243/1 3621/1784/1
f 3622/1786/1 498/6132/1 1738/1787/1
f 3623/1789/1 1347/6234/1 3624/1790/1
f 3274/1792/1 1194/4930/1 3625/1793/1
f 3626/1795/1 1193/4934/1 2433/1796/1
f 3627/1798/1 1348/6231/1 3628/1799/1
f 2799/1801/1 719/6219/1 3629/1802/1
f 3630/1804/1 1192/6225/1 2432/1805/1
f 3631/1807/1 1349/6227/1 3632/1808/1
f 3271/1810/1 1191/6233/1 3633/1811/1
f 3634/1813/1 500/6122/1 1740/1814/1
f 3635/1816/1 1350/6224/1 3636/1817/1
f 3270/1819/1 1190/4936/1 3637/1820/1
f 3638/1822/1 1189/4940/1 2429/1823/1
f 3639/1825/1 1351/6221/1 3640/1826/1
f 2801/1828/1 721/6209/1 3641/1829/1
f 3642/1831/1 1188/6215/1 2428/1832/1
f 3643/1834/1 1352/6217/1 3644/1835/1
f 3267/1837/1 1187/6223/1 3645/1838/1
f 3646/1840/1 502/6112/1 1742/1841/1
f 3647/1843/1 1353/6214/1 3648/1844/1
f 3266/1846/1 1186/4942/1 3649/1847/1
f 3650/1849/1 1185/4946/1 2425/1850/1
f 3651/1852/1 1354/6211/1 3652/1853/1
f 2803/1855/1 723/6199/1 3653/1856/1
f 3654/1858/1 1184/6205/1 2424/1859/1
f 3655/1861/1 1355/6207/1 3656/1862/1
f 3263/1864/1 1183/6213/1 3657/1865/1
f 3658/1867/1 504/6102/1 1744/1868/1
f 3659/1870/1 1356/6204/1 3660/1871/1
f 3262/1873/1 1182/4948/1 3661/1874/1
f 3662/1876/1 1181/4952/1 2421/1877/1
f 3663/1879/1 1357/6201/1 3664/1880/1
f 2805/1882/1 725/6189/1 3665/1883/1
f 3666/1885/1 1180/6195/1 2420/1886/1
f 3667/1888/1 1358/6197/1 3668/1889/1
f 3259/1891/1 1179/6203/1 3669/1892/1
f 3670/1894/1 506/6092/1 1746/1895/1
f 3671/1897/1 1359/6194/1 3672/1898/1
f 3258/1900/1 1178/4954/1 3673/1901/1
f 3674/1903/1 1177/4958/1 2417/1904/1
f 3675/1906/1 1360/6191/1 3676/1907/1
f 2807/1909/1 727/6179/1 3677/1910/1
f 3678/1912/1 1176/6185/1 2416/1913/1
f 3679/1915/1 1361/6187/1 3680/1916/1
f 3255/1918/1 1175/6193/1 3681/1919/1
f 3682/1921/1 508/6082/1 1748/1922/1
f 3683/1924/1 1362/6184/1 3684/1925/1
f 3254/1927/1 1174/4960/1 3685/1928/1
f 3686/1930/1 1173/4964/1 2413/1931/1
f 3687/1933/1 1363/6181/1 3688/1934/1
f 2809/1936/1 729/6169/1 3689/1937/1
f 3690/1939/1 1172/6175/1 2412/1940/1
f 3691/1942/1 1364/6177/1 3692/1943/1
f 3251/1945/1 1171/6183/1 3693/1946/1
f 3694/1948/1 510/6072/1 1750/1949/1
f 3695/1951/1 1365/6174/1 3696/1952/1
f 3250/1954/1 1170/4966/1 3697/1955/1
f 3698/1957/1 1169/4970/1 2409/1958/1
f 3699/1960/1 1366/6171/1 3700/1961/1
f 2811/1963/1 731/6158/1 3701/1964/1
f 3702/1966/1 1168/6165/1 2408/1967/1
f 3703/1969/1 1367/6167/1 3704/1970/1
f 3247/1972/1 1167/6173/1 3705/1973/1
f 3706/1975/1 512/6062/1 1752/1976/1
f 3707/1978/1 1368/6164/1 3708/1979/1
f 3246/1981/1 1166/4972/1 3709/1982/1
f 3710/1984/1 1165/4976/1 2405/1985/1
f 3711/1987/1 1369/6160/1 3712/1988/1
f 2813/1990/1 733/6523/1 3713/1991/1
f 3714/1993/1 1164/6154/1 2404/1994/1
f 3715/1996/1 1370/6156/1 3716/1997/1
f 3243/1999/1 1163/6163/1 3717/2000/1
f 3718/2002/1 514/6051/1 1754/2003/1
f 3719/2005/1 1371/6153/1 3720/2006/1
f 3242/2008/1 1162/4978/1 3721/2009/1
f 3722/2011/1 1161/4982/1 2401/2012/1
f 3723/2014/1 1372/6150/1 3724/2015/1
f 2816/2017/1 736/6133/1 3725/2018/1
f 3726/2020/1 1160/6139/1 2400/2021/1
f 3727/2023/1 1373/6144/1 3728/2024/1
f 3239/2026/1 1159/6152/1 3729/2027/1
f 3730/2029/1 517/6039/1 1757/2030/1
f 3731/2032/1 1374/6138/1 3732/2033/1
f 3238/2035/1 1158/4984/1 3733/2036/1
f 3734/2038/1 1157/4988/1 2397/2039/1
f 3735/2041/1 1375/6135/1 3736/2042/1
f 2818/2044/1 738/6123/1 3737/2045/1
f 3738/2047/1 1156/6129/1 2396/2048/1
f 3739/2050/1 1376/6131/1 3740/2051/1
f 3235/2053/1 1155/6137/1 3741/2054/1
f 3742/2056/1 519/6026/1 1759/2057/1
f 3743/2059/1 1377/6128/1 3744/2060/1
f 3234/2062/1 1154/4990/1 3745/2063/1
f 3746/2065/1 1153/4994/1 2393/2066/1
f 3747/2068/1 1378/6125/1 3748/2069/1
f 2820/2071/1 740/6113/1 3749/2072/1
f 3750/2074/1 1152/6119/1 2392/2075/1
f 3751/2077/1 1379/6121/1 3752/2078/1
f 3231/2080/1 1151/6127/1 3753/2081/1
f 3754/2083/1 521/6016/1 1761/2084/1
f 3755/2086/1 1380/6118/1 3756/2087/1
f 3230/2089/1 1150/4996/1 3757/2090/1
f 3758/2092/1 1149/5000/1 2389/2093/1
f 3759/2095/1 1381/6115/1 3760/2096/1
f 2822/2098/1 742/6103/1 3761/2099/1
f 3762/2101/1 1148/6109/1 2388/2102/1
f 3763/2104/1 1382/6111/1 3764/2105/1
f 3227/2107/1 1147/6117/1 3765/2108/1
f 3766/2110/1 523/6006/1 1763/2111/1
f 3767/2113/1 1383/6108/1 3768/2114/1
f 3226/2116/1 1146/5002/1 3769/2117/1
f 3770/2119/1 1145/5006/1 2385/2120/1
f 3771/2122/1 1384/6105/1 3772/2123/1
f 2824/2125/1 744/6093/1 3773/2126/1
f 3774/2128/1 1144/6099/1 2384/2129/1
f 3775/2131/1 1385/6101/1 3776/2132/1
f 3223/2134/1 1143/6107/1 3777/2135/1
f 3778/2137/1 525/5996/1 1765/2138/1
f 3779/2140/1 1386/6098/1 3780/2141/1
f 3222/2143/1 1142/5008/1 3781/2144/1
f 3782/2146/1 1141/5012/1 2381/2147/1
f 3783/2149/1 1387/6095/1 3784/2150/1
f 2826/2152/1 746/6083/1 3785/2153/1
f 3786/2155/1 1140/6089/1 2380/2156/1
f 3787/2158/1 1388/6091/1 3788/2159/1
f 3219/2161/1 1139/6097/1 3789/2162/1
f 3790/2164/1 527/5986/1 1767/2165/1
f 3791/2167/1 1389/6088/1 3792/2168/1
f 3218/2170/1 1138/5014/1 3793/2171/1
f 3794/2173/1 1137/5018/1 2377/2174/1
f 3795/2176/1 1390/6085/1 3796/2177/1
f 2828/2179/1 748/6073/1 3797/2180/1
f 3798/2182/1 1136/6079/1 2376/2183/1
f 3799/2185/1 1391/6081/1 3800/2186/1
f 3215/2188/1 1135/6087/1 3801/2189/1
f 3802/2191/1 529/5976/1 1769/2192/1
f 3803/2194/1 1392/6078/1 3804/2195/1
f 3214/2197/1 1134/5020/1 3805/2198/1
f 3806/2200/1 1133/5024/1 2373/2201/1
f 3807/2203/1 1393/6075/1 3808/2204/1
f 2830/2206/1 750/6063/1 3809/2207/1
f 3810/2209/1 1132/6069/1 2372/2210/1
f 3811/2212/1 1394/6071/1 3812/2213/1
f 3211/2215/1 1131/6077/1 3813/2216/1
f 3814/2218/1 531/5966/1 1771/2219/1
f 3815/2221/1 1395/6068/1 3816/2222/1
f 3210/2224/1 1130/5026/1 3817/2225/1
f 3818/2227/1 1129/5030/1 2369/2228/1
f 3819/2230/1 1396/6065/1 3820/2231/1
f 2832/2233/1 752/6052/1 3821/2234/1
f 3822/2236/1 1128/6059/1 2368/2237/1
f 3823/2239/1 1397/6061/1 3824/2240/1
f 3207/2242/1 1127/6067/1 3825/2243/1
f 3826/2245/1 533/5956/1 1773/2246/1
f 3827/2248/1 1398/6058/1 3828/2249/1
f 3206/2251/1 1126/5032/1 3829/2252/1
f 3830/2254/1 1125/5036/1 2365/2255/1
f 3831/2257/1 1399/6054/1 3832/2258/1
f 2834/2260/1 754/6524/1 3833/2261/1
f 3834/2263/1 1124/6048/1 2364/2264/1
f 3835/2266/1 1400/6050/1 3836/2267/1
f 3203/2269/1 1123/6057/1 3837/2270/1
f 3838/2272/1 535/5945/1 1775/2273/1
f 3839/2275/1 1401/6047/1 3840/2276/1
f 3202/2278/1 1122/5038/1 3841/2279/1
f 3842/2281/1 1121/5042/1 2361/2282/1
f 3843/2284/1 1402/6044/1 3844/2285/1
f 2837/2287/1 757/6027/1 3845/2288/1
f 3846/2290/1 1120/6033/1 2360/2291/1
f 3847/2293/1 1403/6038/1 3848/2294/1
f 3199/2296/1 1119/6046/1 3849/2297/1
f 3850/2299/1 538/5933/1 1778/2300/1
f 3851/2302/1 1404/6032/1 3852/2303/1
f 3198/2305/1 1118/5044/1 3853/2306/1
f 3854/2308/1 1117/5048/1 2357/2309/1
f 3855/2311/1 1405/6029/1 3856/2312/1
f 2839/2314/1 759/6017/1 3857/2315/1
f 3858/2317/1 1116/6023/1 2356/2318/1
f 3859/2320/1 1406/6025/1 3860/2321/1
f 3195/2323/1 1115/6031/1 3861/2324/1
f 3862/2326/1 540/5920/1 1780/2327/1
f 3863/2329/1 1407/6022/1 3864/2330/1
f 3194/2332/1 1114/5050/1 3865/2333/1
f 3866/2335/1 1113/5054/1 2353/2336/1
f 3867/2338/1 1408/6019/1 3868/2339/1
f 2841/2341/1 761/6007/1 3869/2342/1
f 3870/2344/1 1112/6013/1 2352/2345/1
f 3871/2347/1 1409/6015/1 3872/2348/1
f 3191/2350/1 1111/6021/1 3873/2351/1
f 3874/2353/1 542/5910/1 1782/2354/1
f 3875/2356/1 1410/6012/1 3876/2357/1
f 3190/2359/1 1110/5056/1 3877/2360/1
f 3878/2362/1 1109/5060/1 2349/2363/1
f 3879/2365/1 1411/6009/1 3880/2366/1
f 2843/2368/1 763/5997/1 3881/2369/1
f 3882/2371/1 1108/6003/1 2348/2372/1
f 3883/2374/1 1412/6005/1 3884/2375/1
f 3187/2377/1 1107/6011/1 3885/2378/1
f 3886/2380/1 544/5900/1 1784/2381/1
f 3887/2383/1 1413/6002/1 3888/2384/1
f 3186/2386/1 1106/5062/1 3889/2387/1
f 3890/2389/1 1105/5066/1 2345/2390/1
f 3891/2392/1 1414/5999/1 3892/2393/1
f 2845/2395/1 765/5987/1 3893/2396/1
f 3894/2398/1 1104/5993/1 2344/2399/1
f 3895/2401/1 1415/5995/1 3896/2402/1
f 3183/2404/1 1103/6001/1 3897/2405/1
f 3898/2407/1 546/5890/1 1786/2408/1
f 3899/2410/1 1416/5992/1 3900/2411/1
f 3182/2413/1 1102/5068/1 3901/2414/1
f 3902/2416/1 1101/5072/1 2341/2417/1
f 3903/2419/1 1417/5989/1 3904/2420/1
f 2847/2422/1 767/5977/1 3905/2423/1
f 3906/2425/1 1100/5983/1 2340/2426/1
f 3907/2428/1 1418/5985/1 3908/2429/1
f 3179/2431/1 1099/5991/1 3909/2432/1
f 3910/2434/1 548/5880/1 1788/2435/1
f 3911/2437/1 1419/5982/1 3912/2438/1
f 3178/2440/1 1098/5074/1 3913/2441/1
f 3914/2443/1 1097/5078/1 2337/2444/1
f 3915/2446/1 1420/5979/1 3916/2447/1
f 2849/2449/1 769/5967/1 3917/2450/1
f 3918/2452/1 1096/5973/1 2336/2453/1
f 3919/2455/1 1421/5975/1 3920/2456/1
f 3175/2458/1 1095/5981/1 3921/2459/1
f 3922/2461/1 550/5870/1 1790/2462/1
f 3923/2464/1 1422/5972/1 3924/2465/1
f 3174/2467/1 1094/5080/1 3925/2468/1
f 3926/2470/1 1093/5084/1 2333/2471/1
f 3927/2473/1 1423/5969/1 3928/2474/1
f 2851/2476/1 771/5957/1 3929/2477/1
f 3930/2479/1 1092/5963/1 2332/2480/1
f 3931/2482/1 1424/5965/1 3932/2483/1
f 3171/2485/1 1091/5971/1 3933/2486/1
f 3934/2488/1 552/5860/1 1792/2489/1
f 3935/2491/1 1425/5962/1 3936/2492/1
f 3170/2494/1 1090/5086/1 3937/2495/1
f 3938/2497/1 1089/5090/1 2329/2498/1
f 3939/2500/1 1426/5959/1 3940/2501/1
f 2853/2503/1 773/5946/1 3941/2504/1
f 3942/2506/1 1088/5953/1 2328/2507/1
f 3943/2509/1 1427/5955/1 3944/2510/1
f 3167/2512/1 1087/5961/1 3945/2513/1
f 3946/2515/1 554/5850/1 1794/2516/1
f 3947/2518/1 1428/5952/1 3948/2519/1
f 3166/2521/1 1086/5092/1 3949/2522/1
f 3950/2524/1 1085/5096/1 2325/2525/1
f 3951/2527/1 1429/5948/1 3952/2528/1
f 2855/2530/1 775/6525/1 3953/2531/1
f 3954/2533/1 1084/5942/1 2324/2534/1
f 3955/2536/1 1430/5944/1 3956/2537/1
f 3163/2539/1 1083/5951/1 3957/2540/1
f 3958/2542/1 556/5839/1 1796/2543/1
f 3959/2545/1 1431/5941/1 3960/2546/1
f 3162/2548/1 1082/5098/1 3961/2549/1
f 3962/2551/1 1081/5102/1 2321/2552/1
f 3963/2554/1 1432/5938/1 3964/2555/1
f 2858/2557/1 778/5921/1 3965/2558/1
f 3966/2560/1 1080/5927/1 2320/2561/1
f 3967/2563/1 1433/5932/1 3968/2564/1
f 3159/2566/1 1079/5940/1 3969/2567/1
f 3970/2569/1 559/5827/1 1799/2570/1
f 3971/2572/1 1434/5926/1 3972/2573/1
f 3158/2575/1 1078/5104/1 3973/2576/1
f 3974/2578/1 1077/5108/1 2317/2579/1
f 3975/2581/1 1435/5923/1 3976/2582/1
f 2860/2584/1 780/5911/1 3977/2585/1
f 3978/2587/1 1076/5917/1 2316/2588/1
f 3979/2590/1 1436/5919/1 3980/2591/1
f 3155/2593/1 1075/5925/1 3981/2594/1
f 3982/2596/1 561/5814/1 1801/2597/1
f 3983/2599/1 1437/5916/1 3984/2600/1
f 3154/2602/1 1074/5110/1 3985/2603/1
f 3986/2605/1 1073/5114/1 2313/2606/1
f 3987/2608/1 1438/5913/1 3988/2609/1
f 2862/2611/1 782/5901/1 3989/2612/1
f 3990/2614/1 1072/5907/1 2312/2615/1
f 3991/2617/1 1439/5909/1 3992/2618/1
f 3151/2620/1 1071/5915/1 3993/2621/1
f 3994/2623/1 563/5804/1 1803/2624/1
f 3995/2626/1 1440/5906/1 3996/2627/1
f 3150/2629/1 1070/5116/1 3997/2630/1
f 3998/2632/1 1069/5120/1 2309/2633/1
f 3999/2635/1 1441/5903/1 4000/2636/1
f 2864/2638/1 784/5891/1 4001/2639/1
f 4002/2641/1 1068/5897/1 2308/2642/1
f 4003/2644/1 1442/5899/1 4004/2645/1
f 3147/2647/1 1067/5905/1 4005/2648/1
f 4006/2650/1 565/5794/1 1805/2651/1
f 4007/2653/1 1443/5896/1 4008/2654/1
f 3146/2656/1 1066/5122/1 4009/2657/1
f 4010/2659/1 1065/5126/1 2305/2660/1
f 4011/2662/1 1444/5893/1 4012/2663/1
f 2866/2665/1 786/5881/1 4013/2666/1
f 4014/2668/1 1064/5887/1 2304/2669/1
f 4015/2671/1 1445/5889/1 4016/2672/1
f 3143/2674/1 1063/5895/1 4017/2675/1
f 4018/2677/1 567/5784/1 1807/2678/1
f 4019/2680/1 1446/5886/1 4020/2681/1
f 3142/2683/1 1062/5128/1 4021/2684/1
f 4022/2686/1 1061/5132/1 2301/2687/1
f 4023/2689/1 1447/5883/1 4024/2690/1
f 2868/2692/1 788/5871/1 4025/2693/1
f 4026/2695/1 1060/5877/1 2300/2696/1
f 4027/2698/1 1448/5879/1 4028/2699/1
f 3139/2701/1 1059/5885/1 4029/2702/1
f 4030/2704/1 569/5774/1 1809/2705/1
f 4031/2707/1 1449/5876/1 4032/2708/1
f 3138/2710/1 1058/5134/1 4033/2711/1
f 4034/2713/1 1057/5138/1 2297/2714/1
f 4035/2716/1 1450/5873/1 4036/2717/1
f 2870/2719/1 790/5861/1 4037/2720/1
f 4038/2722/1 1056/5867/1 2296/2723/1
f 4039/2725/1 1451/5869/1 4040/2726/1
f 3135/2728/1 1055/5875/1 4041/2729/1
f 4042/2731/1 571/5764/1 1811/2732/1
f 4043/2734/1 1452/5866/1 4044/2735/1
f 3134/2737/1 1054/5140/1 4045/2738/1
f 4046/2740/1 1053/5144/1 2293/2741/1
f 4047/2743/1 1453/5863/1 4048/2744/1
f 2872/2746/1 792/5851/1 4049/2747/1
f 4050/2749/1 1052/5857/1 2292/2750/1
f 4051/2752/1 1454/5859/1 4052/2753/1
f 3131/2755/1 1051/5865/1 4053/2756/1
f 4054/2758/1 573/5754/1 1813/2759/1
f 4055/2761/1 1455/5856/1 4056/2762/1
f 3130/2764/1 1050/5146/1 4057/2765/1
f 4058/2767/1 1049/5150/1 2289/2768/1
f 4059/2770/1 1456/5853/1 4060/2771/1
f 2874/2773/1 794/5840/1 4061/2774/1
f 4062/2776/1 1048/5847/1 2288/2777/1
f 4063/2779/1 1457/5849/1 4064/2780/1
f 3127/2782/1 1047/5855/1 4065/2783/1
f 4066/2785/1 575/5744/1 1815/2786/1
f 4067/2788/1 1458/5846/1 4068/2789/1
f 3126/2791/1 1046/5152/1 4069/2792/1
f 4070/2794/1 1045/5156/1 2285/2795/1
f 4071/2797/1 1459/5842/1 4072/2798/1
f 2876/2800/1 796/6526/1 4073/2801/1
f 4074/2803/1 1044/5836/1 2284/2804/1
f 4075/2806/1 1460/5838/1 4076/2807/1
f 3123/2809/1 1043/5845/1 4077/2810/1
f 4078/2812/1 577/5733/1 1817/2813/1
f 4079/2815/1 1461/5835/1 4080/2816/1
f 3122/2818/1 1042/5158/1 4081/2819/1
f 4082/2821/1 1041/5162/1 2281/2822/1
f 4083/2824/1 1462/5832/1 4084/2825/1
f 2879/2827/1 799/5815/1 4085/2828/1
f 4086/2830/1 1040/5821/1 2280/2831/1
f 4087/2833/1 1463/5826/1 4088/2834/1
f 3119/2836/1 1039/5834/1 4089/2837/1
f 4090/2839/1 580/5721/1 1820/2840/1
f 4091/2842/1 1464/5820/1 4092/2843/1
f 3118/2845/1 1038/5164/1 4093/2846/1
f 4094/2848/1 1037/5168/1 2277/2849/1
f 4095/2851/1 1465/5817/1 4096/2852/1
f 2881/2854/1 801/5805/1 4097/2855/1
f 4098/2857/1 1036/5811/1 2276/2858/1
f 4099/2860/1 1466/5813/1 4100/2861/1
f 3115/2863/1 1035/5819/1 4101/2864/1
f 4102/2866/1 582/5708/1 1822/2867/1
f 4103/2869/1 1467/5810/1 4104/2870/1
f 3114/2872/1 1034/5170/1 4105/2873/1
f 4106/2875/1 1033/5174/1 2273/2876/1
f 4107/2878/1 1468/5807/1 4108/2879/1
f 2883/2881/1 803/5795/1 4109/2882/1
f 4110/2884/1 1032/5801/1 2272/2885/1
f 4111/2887/1 1469/5803/1 4112/2888/1
f 3111/2890/1 1031/5809/1 4113/2891/1
f 4114/2893/1 584/5698/1 1824/2894/1
f 4115/2896/1 1470/5800/1 4116/2897/1
f 3110/2899/1 1030/5176/1 4117/2900/1
f 4118/2902/1 1029/5180/1 2269/2903/1
f 4119/2905/1 1471/5797/1 4120/2906/1
f 2885/2908/1 805/5785/1 4121/2909/1
f 4122/2911/1 1028/5791/1 2268/2912/1
f 4123/2914/1 1472/5793/1 4124/2915/1
f 3107/2917/1 1027/5799/1 4125/2918/1
f 4126/2920/1 586/5688/1 1826/2921/1
f 4127/2923/1 1473/5790/1 4128/2924/1
f 3106/2926/1 1026/5182/1 4129/2927/1
f 4130/2929/1 1025/5186/1 2265/2930/1
f 4131/2932/1 1474/5787/1 4132/2933/1
f 2887/2935/1 807/5775/1 4133/2936/1
f 4134/2938/1 1024/5781/1 2264/2939/1
f 4135/2941/1 1475/5783/1 4136/2942/1
f 3103/2944/1 1023/5789/1 4137/2945/1
f 4138/2947/1 588/5678/1 1828/2948/1
f 4139/2950/1 1476/5780/1 4140/2951/1
f 3102/2953/1 1022/5188/1 4141/2954/1
f 4142/2956/1 1021/5192/1 2261/2957/1
f 4143/2959/1 1477/5777/1 4144/2960/1
f 2889/2962/1 809/5765/1 4145/2963/1
f 4146/2965/1 1020/5771/1 2260/2966/1
f 4147/2968/1 1478/5773/1 4148/2969/1
f 3099/2971/1 1019/5779/1 4149/2972/1
f 4150/2974/1 590/5668/1 1830/2975/1
f 4151/2977/1 1479/5770/1 4152/2978/1
f 3098/2980/1 1018/5194/1 4153/2981/1
f 4154/2983/1 1017/5198/1 2257/2984/1
f 4155/2986/1 1480/5767/1 4156/2987/1
f 2891/2989/1 811/5755/1 4157/2990/1
f 4158/2992/1 1016/5761/1 2256/2993/1
f 4159/2995/1 1481/5763/1 4160/2996/1
f 3095/2998/1 1015/5769/1 4161/2999/1
f 4162/3001/1 592/5658/1 1832/3002/1
f 4163/3004/1 1482/5760/1 4164/3005/1
f 3094/3007/1 1014/5200/1 4165/3008/1
f 4166/3010/1 1013/5204/1 2253/3011/1
f 4167/3013/1 1483/5757/1 4168/3014/1
f 2893/3016/1 813/5745/1 4169/3017/1
f 4170/3019/1 1012/5751/1 2252/3020/1
f 4171/3022/1 1484/5753/1 4172/3023/1
f 3091/3025/1 1011/5759/1 4173/3026/1
f 4174/3028/1 594/5648/1 1834/3029/1
f 4175/3031/1 1485/5750/1 4176/3032/1
f 3090/3034/1 1010/5206/1 4177/3035/1
f 4178/3037/1 1009/5210/1 2249/3038/1
f 4179/3040/1 1486/5747/1 4180/3041/1
f 2895/3043/1 815/5734/1 4181/3044/1
f 4182/3046/1 1008/5741/1 2248/3047/1
f 4183/3049/1 1487/5743/1 4184/3050/1
f 3087/3052/1 1007/5749/1 4185/3053/1
f 4186/3055/1 596/5638/1 1836/3056/1
f 4187/3058/1 1488/5740/1 4188/3059/1
f 3086/3061/1 1006/5212/1 4189/3062/1
f 4190/3064/1 1005/5216/1 2245/3065/1
f 4191/3067/1 1489/5736/1 4192/3068/1
f 2897/3070/1 817/6527/1 4193/3071/1
f 4194/3073/1 1004/5730/1 2244/3074/1
f 4195/3076/1 1490/5732/1 4196/3077/1
f 3083/3079/1 1003/5739/1 4197/3080/1
f 4198/3082/1 598/5627/1 1838/3083/1
f 4199/3085/1 1491/5729/1 4200/3086/1
f 3082/3088/1 1002/5218/1 4201/3089/1
f 4202/3091/1 1001/5222/1 2241/3092/1
f 4203/3094/1 1492/5726/1 4204/3095/1
f 2900/3097/1 820/5709/1 4205/3098/1
f 4206/3100/1 1000/5715/1 2240/3101/1
f 4207/3103/1 1493/5720/1 4208/3104/1
f 3079/3106/1 999/5728/1 4209/3107/1
f 4210/3109/1 601/5615/1 1841/3110/1
f 4211/3112/1 1494/5714/1 4212/3113/1
f 3078/3115/1 998/5224/1 4213/3116/1
f 4214/3118/1 997/5228/1 2237/3119/1
f 4215/3121/1 1495/5711/1 4216/3122/1
f 2902/3124/1 822/5699/1 4217/3125/1
f 4218/3127/1 996/5705/1 2236/3128/1
f 4219/3130/1 1496/5707/1 4220/3131/1
f 3075/3133/1 995/5713/1 4221/3134/1
f 4222/3136/1 603/5602/1 1843/3137/1
f 4223/3139/1 1497/5704/1 4224/3140/1
f 3074/3142/1 994/5230/1 4225/3143/1
f 4226/3145/1 993/5234/1 2233/3146/1
f 4227/3148/1 1498/5701/1 4228/3149/1
f 2904/3151/1 824/5689/1 4229/3152/1
f 4230/3154/1 992/5695/1 2232/3155/1
f 4231/3157/1 1499/5697/1 4232/3158/1
f 3071/3160/1 991/5703/1 4233/3161/1
f 4234/3163/1 605/5592/1 1845/3164/1
f 4235/3166/1 1500/5694/1 4236/3167/1
f 3070/3169/1 990/5236/1 4237/3170/1
f 4238/3172/1 989/5240/1 2229/3173/1
f 4239/3175/1 1501/5691/1 4240/3176/1
f 2906/3178/1 826/5679/1 4241/3179/1
f 4242/3181/1 988/5685/1 2228/3182/1
f 4243/3184/1 1502/5687/1 4244/3185/1
f 3067/3187/1 987/5693/1 4245/3188/1
f 4246/3190/1 607/5582/1 1847/3191/1
f 4247/3193/1 1503/5684/1 4248/3194/1
f 3066/3196/1 986/5242/1 4249/3197/1
f 4250/3199/1 985/5246/1 2225/3200/1
f 4251/3202/1 1504/5681/1 4252/3203/1
f 2908/3205/1 828/5669/1 4253/3206/1
f 4254/3208/1 984/5675/1 2224/3209/1
f 4255/3211/1 1505/5677/1 4256/3212/1
f 3063/3214/1 983/5683/1 4257/3215/1
f 4258/3217/1 609/5572/1 1849/3218/1
f 4259/3220/1 1506/5674/1 4260/3221/1
f 3062/3223/1 982/5248/1 4261/3224/1
f 4262/3226/1 981/5252/1 2221/3227/1
f 4263/3229/1 1507/5671/1 4264/3230/1
f 2910/3232/1 830/5659/1 4265/3233/1
f 4266/3235/1 980/5665/1 2220/3236/1
f 4267/3238/1 1508/5667/1 4268/3239/1
f 3059/3241/1 979/5673/1 4269/3242/1
f 4270/3244/1 611/5562/1 1851/3245/1
f 4271/3247/1 1509/5664/1 4272/3248/1
f 3058/3250/1 978/5254/1 4273/3251/1
f 4274/3253/1 977/5258/1 2217/3254/1
f 4275/3256/1 1510/5661/1 4276/3257/1
f 2912/3259/1 832/5649/1 4277/3260/1
f 4278/3262/1 976/5655/1 2216/3263/1
f 4279/3265/1 1511/5657/1 4280/3266/1
f 3055/3268/1 975/5663/1 4281/3269/1
f 4282/3271/1 613/5552/1 1853/3272/1
f 4283/3274/1 1512/5654/1 4284/3275/1
f 3054/3277/1 974/5260/1 4285/3278/1
f 4286/3280/1 973/5264/1 2213/3281/1
f 4287/3283/1 1513/5651/1 4288/3284/1
f 2914/3286/1 834/5639/1 4289/3287/1
f 4290/3289/1 972/5645/1 2212/3290/1
f 4291/3292/1 1514/5647/1 4292/3293/1
f 3051/3295/1 971/5653/1 4293/3296/1
f 4294/3298/1 615/5542/1 1855/3299/1
f 4295/3301/1 1515/5644/1 4296/3302/1
f 3050/3304/1 970/5266/1 4297/3305/1
f 4298/3307/1 969/5270/1 2209/3308/1
f 4299/3310/1 1516/5641/1 4300/3311/1
f 2916/3313/1 836/5628/1 4301/3314/1
f 4302/3316/1 968/5635/1 2208/3317/1
f 4303/3319/1 1517/5637/1 4304/3320/1
f 3047/3322/1 967/5643/1 4305/3323/1
f 4306/3325/1 617/5532/1 1857/3326/1
f 4307/3328/1 1518/5634/1 4308/3329/1
f 3046/3331/1 966/5272/1 4309/3332/1
f 4310/3334/1 965/5276/1 2205/3335/1
f 4311/3337/1 1519/5630/1 4312/3338/1
f 2918/3340/1 838/6528/1 4313/3341/1
f 4314/3343/1 964/5624/1 2204/3344/1
f 4315/3346/1 1520/5626/1 4316/3347/1
f 3043/3349/1 963/5633/1 4317/3350/1
f 4318/3352/1 619/5521/1 1859/3353/1
f 4319/3355/1 1521/5623/1 4320/3356/1
f 3042/3358/1 962/5278/1 4321/3359/1
f 4322/3361/1 961/5282/1 2201/3362/1
f 4323/3364/1 1522/5620/1 4324/3365/1
f 2921/3367/1 841/5603/1 4325/3368/1
f 4326/3370/1 960/5609/1 2200/3371/1
f 4327/3373/1 1523/5614/1 4328/3374/1
f 3039/3376/1 959/5622/1 4329/3377/1
f 4330/3379/1 622/5509/1 1862/3380/1
f 4331/3382/1 1524/5608/1 4332/3383/1
f 3038/3385/1 958/5284/1 4333/3386/1
f 4334/3388/1 957/5288/1 2197/3389/1
f 4335/3391/1 1525/5605/1 4336/3392/1
f 2923/3394/1 843/5593/1 4337/3395/1
f 4338/3397/1 956/5599/1 2196/3398/1
f 4339/3400/1 1526/5601/1 4340/3401/1
f 3035/3403/1 955/5607/1 4341/3404/1
f 4342/3406/1 624/5495/1 1864/3407/1
f 4343/3409/1 1527/5598/1 4344/3410/1
f 3034/3412/1 954/5290/1 4345/3413/1
f 4346/3415/1 953/5294/1 2193/3416/1
f 4347/3418/1 1528/5595/1 4348/3419/1
f 2925/3421/1 845/5583/1 4349/3422/1
f 4350/3424/1 952/5589/1 2192/3425/1
f 4351/3427/1 1529/5591/1 4352/3428/1
f 3031/3430/1 951/5597/1 4353/3431/1
f 4354/3433/1 626/5484/1 1866/3434/1
f 4355/3436/1 1530/5588/1 4356/3437/1
f 3030/3439/1 950/5296/1 4357/3440/1
f 4358/3442/1 949/5300/1 2189/3443/1
f 4359/3445/1 1531/5585/1 4360/3446/1
f 2927/3448/1 847/5573/1 4361/3449/1
f 4362/3451/1 948/5579/1 2188/3452/1
f 4363/3454/1 1532/5581/1 4364/3455/1
f 3027/3457/1 947/5587/1 4365/3458/1
f 4366/3460/1 628/5473/1 1868/3461/1
f 4367/3463/1 1533/5578/1 4368/3464/1
f 3026/3466/1 946/5302/1 4369/3467/1
f 4370/3469/1 945/5306/1 2185/3470/1
f 4371/3472/1 1534/5575/1 4372/3473/1
f 2929/3475/1 849/5563/1 4373/3476/1
f 4374/3478/1 944/5569/1 2184/3479/1
f 4375/3481/1 1535/5571/1 4376/3482/1
f 3023/3484/1 943/5577/1 4377/3485/1
f 4378/3487/1 630/5462/1 1870/3488/1
f 4379/3490/1 1536/5568/1 4380/3491/1
f 3022/3493/1 942/5308/1 4381/3494/1
f 4382/3496/1 941/5312/1 2181/3497/1
f 4383/3499/1 1537/5565/1 4384/3500/1
f 2931/3502/1 851/5553/1 4385/3503/1
f 4386/3505/1 940/5559/1 2180/3506/1
f 4387/3508/1 1538/5561/1 4388/3509/1
f 3019/3511/1 939/5567/1 4389/3512/1
f 4390/3514/1 632/5451/1 1872/3515/1
f 4391/3517/1 1539/5558/1 4392/3518/1
f 3018/3520/1 938/5314/1 4393/3521/1
f 4394/3523/1 937/5318/1 2177/3524/1
f 4395/3526/1 1540/5555/1 4396/3527/1
f 2933/3529/1 853/5543/1 4397/3530/1
f 4398/3532/1 936/5549/1 2176/3533/1
f 4399/3535/1 1541/5551/1 4400/3536/1
f 3015/3538/1 935/5557/1 4401/3539/1
f 4402/3541/1 634/5440/1 1874/3542/1
f 4403/3544/1 1542/5548/1 4404/3545/1
f 3014/3547/1 934/5320/1 4405/3548/1
f 4406/3550/1 933/5324/1 2173/3551/1
f 4407/3553/1 1543/5545/1 4408/3554/1
f 2935/3556/1 855/5533/1 4409/3557/1
f 4410/3559/1 932/5539/1 2172/3560/1
f 4411/3562/1 1544/5541/1 4412/3563/1
f 3011/3565/1 931/5547/1 4413/3566/1
f 4414/3568/1 636/5429/1 1876/3569/1
f 4415/3571/1 1545/5538/1 4416/3572/1
f 3010/3574/1 930/5326/1 4417/3575/1
f 4418/3577/1 929/5330/1 2169/3578/1
f 4419/3580/1 1546/5535/1 4420/3581/1
f 2937/3583/1 857/5522/1 4421/3584/1
f 4422/3586/1 928/5529/1 2168/3587/1
f 4423/3589/1 1547/5531/1 4424/3590/1
f 3007/3592/1 927/5537/1 4425/3593/1
f 4426/3595/1 638/5418/1 1878/3596/1
f 4427/3598/1 1548/5528/1 4428/3599/1
f 3006/3601/1 926/5332/1 4429/3602/1
f 4430/3604/1 925/5336/1 2165/3605/1
f 4431/3607/1 1549/5524/1 4432/3608/1
f 2939/3610/1 859/6529/1 4433/3611/1
f 4434/3613/1 924/5518/1 2164/3614/1
f 4435/3616/1 1550/5520/1 4436/3617/1
f 3003/3619/1 923/5527/1 4437/3620/1
f 4438/3622/1 640/5406/1 1880/3623/1
f 4439/3625/1 1551/5517/1 4440/3626/1
f 3002/3628/1 922/5338/1 4441/3629/1
f 4442/3631/1 921/5342/1 2161/3632/1
f 4443/3634/1 1552/5514/1 4444/3635/1
f 2942/3637/1 862/5496/1 4445/3638/1
f 4446/3640/1 920/5502/1 2160/3641/1
f 4447/3643/1 1553/5508/1 4448/3644/1
f 2999/3646/1 919/5516/1 4449/3647/1
f 4450/3649/1 643/6530/1 1883/3650/1
f 4451/3652/1 1554/5501/1 4452/3653/1
f 2998/3655/1 918/5344/1 4453/3656/1
f 4454/3658/1 917/5348/1 2157/3659/1
f 4455/3661/1 1555/5498/1 4456/3662/1
f 2944/3664/1 864/5485/1 4457/3665/1
f 4458/3667/1 916/5491/1 2156/3668/1
f 4459/3670/1 1556/5494/1 4460/3671/1
f 2995/3673/1 915/5500/1 4461/3674/1
f 4462/3676/1 645/6531/1 1885/3677/1
f 4463/3679/1 1557/5490/1 4464/3680/1
f 2994/3682/1 914/5350/1 4465/3683/1
f 4466/3685/1 913/5354/1 2153/3686/1
f 4467/3688/1 1558/5487/1 4468/3689/1
f 2946/3691/1 866/5474/1 4469/3692/1
f 4470/3694/1 912/5480/1 2152/3695/1
f 4471/3697/1 1559/5483/1 4472/3698/1
f 2991/3700/1 911/5489/1 4473/3701/1
f 4474/3703/1 647/6532/1 1887/3704/1
f 4475/3706/1 1560/5479/1 4476/3707/1
f 2990/3709/1 910/5356/1 4477/3710/1
f 4478/3712/1 909/5360/1 2149/3713/1
f 4479/3715/1 1561/5476/1 4480/3716/1
f 2948/3718/1 868/5463/1 4481/3719/1
f 4482/3721/1 908/5469/1 2148/3722/1
f 4483/3724/1 1562/5472/1 4484/3725/1
f 2987/3727/1 907/5478/1 4485/3728/1
f 4486/3730/1 649/6533/1 1889/3731/1
f 4487/3733/1 1563/5468/1 4488/3734/1
f 2986/3736/1 906/5362/1 4489/3737/1
f 4490/3739/1 905/5366/1 2145/3740/1
f 4491/3742/1 1564/5465/1 4492/3743/1
f 2950/3745/1 870/5452/1 4493/3746/1
f 4494/3748/1 904/5458/1 2144/3749/1
f 4495/3751/1 1565/5461/1 4496/3752/1
f 2983/3754/1 903/5467/1 4497/3755/1
f 4498/3757/1 651/6534/1 1891/3758/1
f 4499/3760/1 1566/5457/1 4500/3761/1
f 2982/3763/1 902/5368/1 4501/3764/1
f 4502/3766/1 901/5372/1 2141/3767/1
f 4503/3769/1 1567/5454/1 4504/3770/1
f 2952/3772/1 872/5441/1 4505/3773/1
f 4506/3775/1 900/5447/1 2140/3776/1
f 4507/3778/1 1568/5450/1 4508/3779/1
f 2979/3781/1 899/5456/1 4509/3782/1
f 4510/3784/1 653/6535/1 1893/3785/1
f 4511/3787/1 1569/5446/1 4512/3788/1
f 2978/3790/1 898/5374/1 4513/3791/1
f 4514/3793/1 897/5378/1 2137/3794/1
f 4515/3796/1 1570/5443/1 4516/3797/1
f 2954/3799/1 874/5430/1 4517/3800/1
f 4518/3802/1 896/5436/1 2136/3803/1
f 4519/3805/1 1571/5439/1 4520/3806/1
f 2975/3808/1 895/5445/1 4521/3809/1
f 4522/3811/1 655/6536/1 1895/3812/1
f 4523/3814/1 1572/5435/1 4524/3815/1
f 2974/3817/1 894/5380/1 4525/3818/1
f 4526/3820/1 893/5384/1 2133/3821/1
f 4527/3823/1 1573/5432/1 4528/3824/1
f 2956/3826/1 876/5419/1 4529/3827/1
f 4530/3829/1 892/5425/1 2132/3830/1
f 4531/3832/1 1574/5428/1 4532/3833/1
f 2971/3835/1 891/5434/1 4533/3836/1
f 4534/3838/1 657/6537/1 1897/3839/1
f 4535/3841/1 1575/5424/1 4536/3842/1
f 2970/3844/1 890/5386/1 4537/3845/1
f 4538/3847/1 889/5390/1 2129/3848/1
f 4539/3850/1 1576/5421/1 4540/3851/1
f 2958/3853/1 878/5407/1 4541/3854/1
f 4542/3856/1 888/5414/1 2128/3857/1
f 4543/3859/1 1577/5417/1 4544/3860/1
f 2967/3862/1 887/5423/1 4545/3863/1
f 4546/3865/1 659/6538/1 1899/3866/1
f 4547/3868/1 1578/5413/1 4548/3869/1
f 2966/3871/1 886/5392/1 4549/3872/1
f 4550/3874/1 885/5396/1 2125/3875/1
f 4551/3877/1 1579/5409/1 4552/3878/1
f 2960/3880/1 880/6539/1 4553/3881/1
f 4554/3883/1 884/5402/1 2124/3884/1
f 4555/3886/1 1580/5405/1 4556/3887/1
f 2963/3889/1 883/5412/1 4557/3890/1
f 4558/3892/1 661/6540/1 1901/3893/1
f 4559/3895/1 1581/5401/1 4560/3896/1
f 2962/3898/1 882/5398/1 4561/3899/1
f 4562/3901/1 881/6541/1 2121/3902/1
f 4563/3904/1 1582/5395/1 4564/3905/1
f 2740/3907/1 660/6542/1 4565/3908/1
f 4566/3910/1 879/6543/1 2119/3911/1
f 4567/3913/1 1583/5389/1 4568/3914/1
f 2738/3916/1 658/5403/1 4569/3917/1
f 4570/3919/1 877/6544/1 2117/3920/1
f 4571/3922/1 1584/5383/1 4572/3923/1
f 2736/3925/1 656/5415/1 4573/3926/1
f 4574/3928/1 875/6545/1 2115/3929/1
f 4575/3931/1 1585/5377/1 4576/3932/1
f 2734/3934/1 654/5426/1 4577/3935/1
f 4578/3937/1 873/6546/1 2113/3938/1
f 4579/3940/1 1586/5371/1 4580/3941/1
f 2732/3943/1 652/5437/1 4581/3944/1
f 4582/3946/1 871/6547/1 2111/3947/1
f 4583/3949/1 1587/5365/1 4584/3950/1
f 2730/3952/1 650/5448/1 4585/3953/1
f 4586/3955/1 869/6548/1 2109/3956/1
f 4587/3958/1 1588/5359/1 4588/3959/1
f 2728/3961/1 648/5459/1 4589/3962/1
f 4590/3964/1 867/6549/1 2107/3965/1
f 4591/3967/1 1589/5353/1 4592/3968/1
f 2726/3970/1 646/5470/1 4593/3971/1
f 4594/3973/1 865/6550/1 2105/3974/1
f 4595/3976/1 1590/5347/1 4596/3977/1
f 2724/3979/1 644/5481/1 4597/3980/1
f 4598/3982/1 863/6551/1 2103/3983/1
f 4599/3985/1 1591/5341/1 4600/3986/1
f 2722/3988/1 642/5492/1 4601/3989/1
f 4602/3991/1 860/5410/1 2100/3992/1
f 4603/3994/1 1592/5335/1 4604/3995/1
f 2719/3997/1 639/6552/1 4605/3998/1
f 4606/4000/1 858/5422/1 2098/4001/1
f 4607/4003/1 1593/5329/1 4608/4004/1
f 2717/4006/1 637/5519/1 4609/4007/1
f 4610/4009/1 856/5433/1 2096/4010/1
f 4611/4012/1 1594/5323/1 4612/4013/1
f 2715/4015/1 635/5530/1 4613/4016/1
f 4614/4018/1 854/5444/1 2094/4019/1
f 4615/4021/1 1595/5317/1 4616/4022/1
f 2713/4024/1 633/5540/1 4617/4025/1
f 4618/4027/1 852/5455/1 2092/4028/1
f 4619/4030/1 1596/5311/1 4620/4031/1
f 2711/4033/1 631/5550/1 4621/4034/1
f 4622/4036/1 850/5466/1 2090/4037/1
f 4623/4039/1 1597/5305/1 4624/4040/1
f 2709/4042/1 629/5560/1 4625/4043/1
f 4626/4045/1 848/5477/1 2088/4046/1
f 4627/4048/1 1598/5299/1 4628/4049/1
f 2707/4051/1 627/5570/1 4629/4052/1
f 4630/4054/1 846/5488/1 2086/4055/1
f 4631/4057/1 1599/5293/1 4632/4058/1
f 2705/4060/1 625/5580/1 4633/4061/1
f 4634/4063/1 844/5499/1 2084/4064/1
f 4635/4066/1 1600/5287/1 4636/4067/1
f 2703/4069/1 623/5590/1 4637/4070/1
f 4638/4072/1 842/5515/1 2082/4073/1
f 4639/4075/1 1601/5281/1 4640/4076/1
f 2701/4078/1 621/5600/1 4641/4079/1
f 4642/4081/1 839/5525/1 2079/4082/1
f 4643/4084/1 1602/5275/1 4644/4085/1
f 2698/4087/1 618/6553/1 4645/4088/1
f 4646/4090/1 837/5536/1 2077/4091/1
f 4647/4093/1 1603/5269/1 4648/4094/1
f 2696/4096/1 616/5625/1 4649/4097/1
f 4650/4099/1 835/5546/1 2075/4100/1
f 4651/4102/1 1604/5263/1 4652/4103/1
f 2694/4105/1 614/5636/1 4653/4106/1
f 4654/4108/1 833/5556/1 2073/4109/1
f 4655/4111/1 1605/5257/1 4656/4112/1
f 2692/4114/1 612/5646/1 4657/4115/1
f 4658/4117/1 831/5566/1 2071/4118/1
f 4659/4120/1 1606/5251/1 4660/4121/1
f 2690/4123/1 610/5656/1 4661/4124/1
f 4662/4126/1 829/5576/1 2069/4127/1
f 4663/4129/1 1607/5245/1 4664/4130/1
f 2688/4132/1 608/5666/1 4665/4133/1
f 4666/4135/1 827/5586/1 2067/4136/1
f 4667/4138/1 1608/5239/1 4668/4139/1
f 2686/4141/1 606/5676/1 4669/4142/1
f 4670/4144/1 825/5596/1 2065/4145/1
f 4671/4147/1 1609/5233/1 4672/4148/1
f 2684/4150/1 604/5686/1 4673/4151/1
f 4674/4153/1 823/5606/1 2063/4154/1
f 4675/4156/1 1610/5227/1 4676/4157/1
f 2682/4159/1 602/5696/1 4677/4160/1
f 4678/4162/1 821/5621/1 2061/4163/1
f 4679/4165/1 1611/5221/1 4680/4166/1
f 2680/4168/1 600/5706/1 4681/4169/1
f 4682/4171/1 818/5631/1 2058/4172/1
f 4683/4174/1 1612/5215/1 4684/4175/1
f 2677/4177/1 597/6554/1 4685/4178/1
f 4686/4180/1 816/5642/1 2056/4181/1
f 4687/4183/1 1613/5209/1 4688/4184/1
f 2675/4186/1 595/5731/1 4689/4187/1
f 4690/4189/1 814/5652/1 2054/4190/1
f 4691/4192/1 1614/5203/1 4692/4193/1
f 2673/4195/1 593/5742/1 4693/4196/1
f 4694/4198/1 812/5662/1 2052/4199/1
f 4695/4201/1 1615/5197/1 4696/4202/1
f 2671/4204/1 591/5752/1 4697/4205/1
f 4698/4207/1 810/5672/1 2050/4208/1
f 4699/4210/1 1616/5191/1 4700/4211/1
f 2669/4213/1 589/5762/1 4701/4214/1
f 4702/4216/1 808/5682/1 2048/4217/1
f 4703/4219/1 1617/5185/1 4704/4220/1
f 2667/4222/1 587/5772/1 4705/4223/1
f 4706/4225/1 806/5692/1 2046/4226/1
f 4707/4228/1 1618/5179/1 4708/4229/1
f 2665/4231/1 585/5782/1 4709/4232/1
f 4710/4234/1 804/5702/1 2044/4235/1
f 4711/4237/1 1619/5173/1 4712/4238/1
f 2663/4240/1 583/5792/1 4713/4241/1
f 4714/4243/1 802/5712/1 2042/4244/1
f 4715/4246/1 1620/5167/1 4716/4247/1
f 2661/4249/1 581/5802/1 4717/4250/1
f 4718/4252/1 800/5727/1 2040/4253/1
f 4719/4255/1 1621/5161/1 4720/4256/1
f 2659/4258/1 579/5812/1 4721/4259/1
f 4722/4261/1 797/5737/1 2037/4262/1
f 4723/4264/1 1622/5155/1 4724/4265/1
f 2656/4267/1 576/6555/1 4725/4268/1
f 4726/4270/1 795/5748/1 2035/4271/1
f 4727/4273/1 1623/5149/1 4728/4274/1
f 2654/4276/1 574/5837/1 4729/4277/1
f 4730/4279/1 793/5758/1 2033/4280/1
f 4731/4282/1 1624/5143/1 4732/4283/1
f 2652/4285/1 572/5848/1 4733/4286/1
f 4734/4288/1 791/5768/1 2031/4289/1
f 4735/4291/1 1625/5137/1 4736/4292/1
f 2650/4294/1 570/5858/1 4737/4295/1
f 4738/4297/1 789/5778/1 2029/4298/1
f 4739/4300/1 1626/5131/1 4740/4301/1
f 2648/4303/1 568/5868/1 4741/4304/1
f 4742/4306/1 787/5788/1 2027/4307/1
f 4743/4309/1 1627/5125/1 4744/4310/1
f 2646/4312/1 566/5878/1 4745/4313/1
f 4746/4315/1 785/5798/1 2025/4316/1
f 4747/4318/1 1628/5119/1 4748/4319/1
f 2644/4321/1 564/5888/1 4749/4322/1
f 4750/4324/1 783/5808/1 2023/4325/1
f 4751/4327/1 1629/5113/1 4752/4328/1
f 2642/4330/1 562/5898/1 4753/4331/1
f 4754/4333/1 781/5818/1 2021/4334/1
f 4755/4336/1 1630/5107/1 4756/4337/1
f 2640/4339/1 560/5908/1 4757/4340/1
f 4758/4342/1 779/5833/1 2019/4343/1
f 4759/4345/1 1631/5101/1 4760/4346/1
f 2638/4348/1 558/5918/1 4761/4349/1
f 4762/4351/1 776/5843/1 2016/4352/1
f 4763/4354/1 1632/5095/1 4764/4355/1
f 2635/4357/1 555/6556/1 4765/4358/1
f 4766/4360/1 774/5854/1 2014/4361/1
f 4767/4363/1 1633/5089/1 4768/4364/1
f 2633/4366/1 553/5943/1 4769/4367/1
f 4770/4369/1 772/5864/1 2012/4370/1
f 4771/4372/1 1634/5083/1 4772/4373/1
f 2631/4375/1 551/5954/1 4773/4376/1
f 4774/4378/1 770/5874/1 2010/4379/1
f 4775/4381/1 1635/5077/1 4776/4382/1
f 2629/4384/1 549/5964/1 4777/4385/1
f 4778/4387/1 768/5884/1 2008/4388/1
f 4779/4390/1 1636/5071/1 4780/4391/1
f 2627/4393/1 547/5974/1 4781/4394/1
f 4782/4396/1 766/5894/1 2006/4397/1
f 4783/4399/1 1637/5065/1 4784/4400/1
f 2625/4402/1 545/5984/1 4785/4403/1
f 4786/4405/1 764/5904/1 2004/4406/1
f 4787/4408/1 1638/5059/1 4788/4409/1
f 2623/4411/1 543/5994/1 4789/4412/1
f 4790/4414/1 762/5914/1 2002/4415/1
f 4791/4417/1 1639/5053/1 4792/4418/1
f 2621/4420/1 541/6004/1 4793/4421/1
f 4794/4423/1 760/5924/1 2000/4424/1
f 4795/4426/1 1640/5047/1 4796/4427/1
f 2619/4429/1 539/6014/1 4797/4430/1
f 4798/4432/1 758/5939/1 1998/4433/1
f 4799/4435/1 1641/5041/1 4800/4436/1
f 2617/4438/1 537/6024/1 4801/4439/1
f 4802/4441/1 755/5949/1 1995/4442/1
f 4803/4444/1 1642/5035/1 4804/4445/1
f 2614/4447/1 534/6557/1 4805/4448/1
f 4806/4450/1 753/5960/1 1993/4451/1
f 4807/4453/1 1643/5029/1 4808/4454/1
f 2612/4456/1 532/6049/1 4809/4457/1
f 4810/4459/1 751/5970/1 1991/4460/1
f 4811/4462/1 1644/5023/1 4812/4463/1
f 2610/4465/1 530/6060/1 4813/4466/1
f 4814/4468/1 749/5980/1 1989/4469/1
f 4815/4471/1 1645/5017/1 4816/4472/1
f 2608/4474/1 528/6070/1 4817/4475/1
f 4818/4477/1 747/5990/1 1987/4478/1
f 4819/4480/1 1646/5011/1 4820/4481/1
f 2606/4483/1 526/6080/1 4821/4484/1
f 4822/4486/1 745/6000/1 1985/4487/1
f 4823/4489/1 1647/5005/1 4824/4490/1
f 2604/4492/1 524/6090/1 4825/4493/1
f 4826/4495/1 743/6010/1 1983/4496/1
f 4827/4498/1 1648/4999/1 4828/4499/1
f 2602/4501/1 522/6100/1 4829/4502/1
f 4830/4504/1 741/6020/1 1981/4505/1
f 4831/4507/1 1649/4993/1 4832/4508/1
f 2600/4510/1 520/6110/1 4833/4511/1
f 4834/4513/1 739/6030/1 1979/4514/1
f 4835/4516/1 1650/4987/1 4836/4517/1
f 2598/4519/1 518/6120/1 4837/4520/1
f 4838/4522/1 737/6045/1 1977/4523/1
f 4839/4525/1 1651/4981/1 4840/4526/1
f 2596/4528/1 516/6130/1 4841/4529/1
f 4842/4531/1 734/6055/1 1974/4532/1
f 4843/4534/1 1652/4975/1 4844/4535/1
f 2593/4537/1 513/6558/1 4845/4538/1
f 4846/4540/1 732/6066/1 1972/4541/1
f 4847/4543/1 1653/4969/1 4848/4544/1
f 2591/4546/1 511/6155/1 4849/4547/1
f 4850/4549/1 730/6076/1 1970/4550/1
f 4851/4552/1 1654/4963/1 4852/4553/1
f 2589/4555/1 509/6166/1 4853/4556/1
f 4854/4558/1 728/6086/1 1968/4559/1
f 4855/4561/1 1655/4957/1 4856/4562/1
f 2587/4564/1 507/6176/1 4857/4565/1
f 4858/4567/1 726/6096/1 1966/4568/1
f 4859/4570/1 1656/4951/1 4860/4571/1
f 2585/4573/1 505/6186/1 4861/4574/1
f 4862/4576/1 724/6106/1 1964/4577/1
f 4863/4579/1 1657/4945/1 4864/4580/1
f 2583/4582/1 503/6196/1 4865/4583/1
f 4866/4585/1 722/6116/1 1962/4586/1
f 4867/4588/1 1658/4939/1 4868/4589/1
f 2581/4591/1 501/6206/1 4869/4592/1
f 4870/4594/1 720/6126/1 1960/4595/1
f 4871/4597/1 1659/4933/1 4872/4598/1
f 2579/4600/1 499/6216/1 4873/4601/1
f 4874/4603/1 718/6136/1 1958/4604/1
f 4875/4606/1 1660/4927/1 4876/4607/1
f 2577/4609/1 497/6226/1 4877/4610/1
f 4878/4612/1 716/6151/1 1956/4613/1
f 4879/4615/1 1661/4921/1 4880/4616/1
f 2575/4618/1 495/6236/1 4881/4619/1
f 4882/4621/1 713/6161/1 1953/4622/1
f 4883/4624/1 1662/4915/1 4884/4625/1
f 2572/4627/1 492/6559/1 4885/4628/1
f 4886/4630/1 711/6172/1 1951/4631/1
f 4887/4633/1 1663/4909/1 4888/4634/1
f 2570/4636/1 490/6261/1 4889/4637/1
f 4890/4639/1 709/6182/1 1949/4640/1
f 4891/4642/1 1664/4903/1 4892/4643/1
f 2568/4645/1 488/6272/1 4893/4646/1
f 4894/4648/1 707/6192/1 1947/4649/1
f 4895/4651/1 1665/4897/1 4896/4652/1
f 2566/4654/1 486/6282/1 4897/4655/1
f 4898/4657/1 705/6202/1 1945/4658/1
f 4899/4660/1 1666/4891/1 4900/4661/1
f 2564/4663/1 484/6292/1 4901/4664/1
f 4902/4666/1 703/6212/1 1943/4667/1
f 4903/4669/1 1667/4885/1 4904/4670/1
f 2562/4672/1 482/6302/1 4905/4673/1
f 4906/4675/1 701/6222/1 1941/4676/1
f 4907/4678/1 1668/4879/1 4908/4679/1
f 2560/4681/1 480/6312/1 4909/4682/1
f 4910/4684/1 699/6232/1 1939/4685/1
f 4911/4687/1 1669/4873/1 4912/4688/1
f 2558/4690/1 478/6322/1 4913/4691/1
f 4914/4693/1 697/6242/1 1937/4694/1
f 4915/4696/1 1670/4867/1 4916/4697/1
f 2556/4699/1 476/6332/1 4917/4700/1
f 4918/4702/1 695/6257/1 1935/4703/1
f 4919/4705/1 1671/4861/1 4920/4706/1
f 2554/4708/1 474/6342/1 4921/4709/1
f 4922/4711/1 692/6267/1 1932/4712/1
f 4923/4714/1 1672/4855/1 4924/4715/1
f 2551/4717/1 471/6560/1 4925/4718/1
f 4926/4720/1 689/6278/1 1929/4721/1
f 4927/4723/1 1673/4849/1 4928/4724/1
f 2548/4726/1 468/6367/1 4929/4727/1
f 4930/4729/1 686/6288/1 1926/4730/1
f 4931/4732/1 1674/4843/1 4932/4733/1
f 2545/4735/1 465/6383/1 4933/4736/1
f 4934/4738/1 683/6298/1 1923/4739/1
f 4935/4741/1 1675/4837/1 4936/4742/1
f 2542/4744/1 462/6398/1 4937/4745/1
f 4938/4747/1 680/6308/1 1920/4748/1
f 4939/4750/1 1676/4831/1 4940/4751/1
f 2539/4753/1 459/6413/1 4941/4754/1
f 4942/4756/1 677/6318/1 1917/4757/1
f 4943/4759/1 1677/4825/1 4944/4760/1
f 2536/4762/1 456/6428/1 4945/4763/1
f 4946/4765/1 674/6328/1 1914/4766/1
f 4947/4768/1 1678/4819/1 4948/4769/1
f 2533/4771/1 453/6443/1 4949/4772/1
f 4950/4774/1 671/6338/1 1911/4775/1
f 4951/4777/1 1679/4813/1 4952/4778/1
f 2530/4780/1 450/6458/1 4953/4781/1
f 4954/4783/1 668/6348/1 1908/4784/1
f 4955/4786/1 1680/4807/1 4956/4787/1
f 2527/4789/1 447/6473/1 4957/4790/1
f 4958/4792/1 665/6363/1 1905/4793/1
f 4959/4795/1 1681/4801/1 4960/4796/1
f 2524/4798/1 444/6488/1 4961/4799/1
f 4962/4800/1 4961/4799/1 1681/4801/1
f 3361/1199/1 4962/4800/1 4959/4795/1
f 124/4803/1 2524/4798/1 4962/4800/1
f 4963/4797/1 4960/4796/1 1278/4804/1
f 2521/1202/1 4963/4797/1 3358/1225/1
f 1281/4802/1 4959/4795/1 4963/4797/1
f 4964/4794/1 1905/4793/1 125/4806/1
f 4960/4796/1 4964/4794/1 2518/1192/1
f 1681/4801/1 4958/4792/1 4964/4794/1
f 4965/4791/1 4957/4790/1 1680/4807/1
f 3357/1190/1 4965/4791/1 4955/4786/1
f 127/4809/1 2527/4789/1 4965/4791/1
f 4966/4788/1 4956/4787/1 1274/4810/1
f 2517/1229/1 4966/4788/1 3354/1252/1
f 1277/4808/1 4955/4786/1 4966/4788/1
f 4967/4785/1 1908/4784/1 128/4812/1
f 4956/4787/1 4967/4785/1 2514/1183/1
f 1680/4807/1 4954/4783/1 4967/4785/1
f 4968/4782/1 4953/4781/1 1679/4813/1
f 3353/1181/1 4968/4782/1 4951/4777/1
f 130/4815/1 2530/4780/1 4968/4782/1
f 4969/4779/1 4952/4778/1 1270/4816/1
f 2513/1256/1 4969/4779/1 3350/1279/1
f 1273/4814/1 4951/4777/1 4969/4779/1
f 4970/4776/1 1911/4775/1 131/4818/1
f 4952/4778/1 4970/4776/1 2510/1174/1
f 1679/4813/1 4950/4774/1 4970/4776/1
f 4971/4773/1 4949/4772/1 1678/4819/1
f 3349/1172/1 4971/4773/1 4947/4768/1
f 133/4821/1 2533/4771/1 4971/4773/1
f 4972/4770/1 4948/4769/1 1266/4822/1
f 2509/1283/1 4972/4770/1 3346/1306/1
f 1269/4820/1 4947/4768/1 4972/4770/1
f 4973/4767/1 1914/4766/1 134/4824/1
f 4948/4769/1 4973/4767/1 2506/1165/1
f 1678/4819/1 4946/4765/1 4973/4767/1
f 4974/4764/1 4945/4763/1 1677/4825/1
f 3345/1163/1 4974/4764/1 4943/4759/1
f 136/4827/1 2536/4762/1 4974/4764/1
f 4975/4761/1 4944/4760/1 1262/4828/1
f 2505/1310/1 4975/4761/1 3342/1333/1
f 1265/4826/1 4943/4759/1 4975/4761/1
f 4976/4758/1 1917/4757/1 137/4830/1
f 4944/4760/1 4976/4758/1 2502/1156/1
f 1677/4825/1 4942/4756/1 4976/4758/1
f 4977/4755/1 4941/4754/1 1676/4831/1
f 3341/1154/1 4977/4755/1 4939/4750/1
f 139/4833/1 2539/4753/1 4977/4755/1
f 4978/4752/1 4940/4751/1 1258/4834/1
f 2501/1337/1 4978/4752/1 3338/1360/1
f 1261/4832/1 4939/4750/1 4978/4752/1
f 4979/4749/1 1920/4748/1 140/4836/1
f 4940/4751/1 4979/4749/1 2498/1147/1
f 1676/4831/1 4938/4747/1 4979/4749/1
f 4980/4746/1 4937/4745/1 1675/4837/1
f 3337/1145/1 4980/4746/1 4935/4741/1
f 142/4839/1 2542/4744/1 4980/4746/1
f 4981/4743/1 4936/4742/1 1254/4840/1
f 2497/1364/1 4981/4743/1 3334/1387/1
f 1257/4838/1 4935/4741/1 4981/4743/1
f 4982/4740/1 1923/4739/1 143/4842/1
f 4936/4742/1 4982/4740/1 2494/1138/1
f 1675/4837/1 4934/4738/1 4982/4740/1
f 4983/4737/1 4933/4736/1 1674/4843/1
f 3333/1136/1 4983/4737/1 4931/4732/1
f 145/4845/1 2545/4735/1 4983/4737/1
f 4984/4734/1 4932/4733/1 1250/4846/1
f 2493/1391/1 4984/4734/1 3330/1414/1
f 1253/4844/1 4931/4732/1 4984/4734/1
f 4985/4731/1 1926/4730/1 146/4848/1
f 4932/4733/1 4985/4731/1 2490/1129/1
f 1674/4843/1 4930/4729/1 4985/4731/1
f 4986/4728/1 4929/4727/1 1673/4849/1
f 3329/1127/1 4986/4728/1 4927/4723/1
f 148/4851/1 2548/4726/1 4986/4728/1
f 4987/4725/1 4928/4724/1 1246/4852/1
f 2489/1418/1 4987/4725/1 3326/1441/1
f 1249/4850/1 4927/4723/1 4987/4725/1
f 4988/4722/1 1929/4721/1 149/4854/1
f 4928/4724/1 4988/4722/1 2486/1120/1
f 1673/4849/1 4926/4720/1 4988/4722/1
f 4989/4719/1 4925/4718/1 1672/4855/1
f 3325/1118/1 4989/4719/1 4923/4714/1
f 151/4857/1 2551/4717/1 4989/4719/1
f 4990/4716/1 4924/4715/1 1242/4858/1
f 2485/1445/1 4990/4716/1 3322/1468/1
f 1245/4856/1 4923/4714/1 4990/4716/1
f 4991/4713/1 1932/4712/1 152/4860/1
f 4924/4715/1 4991/4713/1 2482/1111/1
f 1672/4855/1 4922/4711/1 4991/4713/1
f 4992/4710/1 4921/4709/1 1671/4861/1
f 3321/1109/1 4992/4710/1 4919/4705/1
f 154/4863/1 2554/4708/1 4992/4710/1
f 4993/4707/1 4920/4706/1 1238/4864/1
f 2481/1472/1 4993/4707/1 3318/1495/1
f 1241/4862/1 4919/4705/1 4993/4707/1
f 4994/4704/1 1935/4703/1 155/4866/1
f 4920/4706/1 4994/4704/1 2478/1102/1
f 1671/4861/1 4918/4702/1 4994/4704/1
f 4995/4701/1 4917/4700/1 1670/4867/1
f 3317/1100/1 4995/4701/1 4915/4696/1
f 156/4869/1 2556/4699/1 4995/4701/1
f 4996/4698/1 4916/4697/1 1234/4870/1
f 2477/1499/1 4996/4698/1 3314/1522/1
f 1237/4868/1 4915/4696/1 4996/4698/1
f 4997/4695/1 1937/4694/1 157/4872/1
f 4916/4697/1 4997/4695/1 2474/1093/1
f 1670/4867/1 4914/4693/1 4997/4695/1
f 4998/4692/1 4913/4691/1 1669/4873/1
f 3313/1091/1 4998/4692/1 4911/4687/1
f 158/4875/1 2558/4690/1 4998/4692/1
f 4999/4689/1 4912/4688/1 1230/4876/1
f 2473/1526/1 4999/4689/1 3310/1549/1
f 1233/4874/1 4911/4687/1 4999/4689/1
f 5000/4686/1 1939/4685/1 159/4878/1
f 4912/4688/1 5000/4686/1 2470/1084/1
f 1669/4873/1 4910/4684/1 5000/4686/1
f 5001/4683/1 4909/4682/1 1668/4879/1
f 3309/1082/1 5001/4683/1 4907/4678/1
f 160/4881/1 2560/4681/1 5001/4683/1
f 5002/4680/1 4908/4679/1 1226/4882/1
f 2469/1553/1 5002/4680/1 3306/1576/1
f 1229/4880/1 4907/4678/1 5002/4680/1
f 5003/4677/1 1941/4676/1 161/4884/1
f 4908/4679/1 5003/4677/1 2466/1075/1
f 1668/4879/1 4906/4675/1 5003/4677/1
f 5004/4674/1 4905/4673/1 1667/4885/1
f 3305/1073/1 5004/4674/1 4903/4669/1
f 162/4887/1 2562/4672/1 5004/4674/1
f 5005/4671/1 4904/4670/1 1222/4888/1
f 2465/1580/1 5005/4671/1 3302/1603/1
f 1225/4886/1 4903/4669/1 5005/4671/1
f 5006/4668/1 1943/4667/1 163/4890/1
f 4904/4670/1 5006/4668/1 2462/1066/1
f 1667/4885/1 4902/4666/1 5006/4668/1
f 5007/4665/1 4901/4664/1 1666/4891/1
f 3301/1064/1 5007/4665/1 4899/4660/1
f 164/4893/1 2564/4663/1 5007/4665/1
f 5008/4662/1 4900/4661/1 1218/4894/1
f 2461/1607/1 5008/4662/1 3298/1630/1
f 1221/4892/1 4899/4660/1 5008/4662/1
f 5009/4659/1 1945/4658/1 165/4896/1
f 4900/4661/1 5009/4659/1 2458/1057/1
f 1666/4891/1 4898/4657/1 5009/4659/1
f 5010/4656/1 4897/4655/1 1665/4897/1
f 3297/1055/1 5010/4656/1 4895/4651/1
f 166/4899/1 2566/4654/1 5010/4656/1
f 5011/4653/1 4896/4652/1 1214/4900/1
f 2457/1634/1 5011/4653/1 3294/1657/1
f 1217/4898/1 4895/4651/1 5011/4653/1
f 5012/4650/1 1947/4649/1 167/4902/1
f 4896/4652/1 5012/4650/1 2454/1048/1
f 1665/4897/1 4894/4648/1 5012/4650/1
f 5013/4647/1 4893/4646/1 1664/4903/1
f 3293/1046/1 5013/4647/1 4891/4642/1
f 168/4905/1 2568/4645/1 5013/4647/1
f 5014/4644/1 4892/4643/1 1210/4906/1
f 2453/1661/1 5014/4644/1 3290/1684/1
f 1213/4904/1 4891/4642/1 5014/4644/1
f 5015/4641/1 1949/4640/1 169/4908/1
f 4892/4643/1 5015/4641/1 2450/1039/1
f 1664/4903/1 4890/4639/1 5015/4641/1
f 5016/4638/1 4889/4637/1 1663/4909/1
f 3289/1037/1 5016/4638/1 4887/4633/1
f 170/4911/1 2570/4636/1 5016/4638/1
f 5017/4635/1 4888/4634/1 1206/4912/1
f 2449/1688/1 5017/4635/1 3286/1711/1
f 1209/4910/1 4887/4633/1 5017/4635/1
f 5018/4632/1 1951/4631/1 171/4914/1
f 4888/4634/1 5018/4632/1 2446/1030/1
f 1663/4909/1 4886/4630/1 5018/4632/1
f 5019/4629/1 4885/4628/1 1662/4915/1
f 3285/1028/1 5019/4629/1 4883/4624/1
f 172/4917/1 2572/4627/1 5019/4629/1
f 5020/4626/1 4884/4625/1 1202/4918/1
f 2445/1715/1 5020/4626/1 3282/1738/1
f 1205/4916/1 4883/4624/1 5020/4626/1
f 5021/4623/1 1953/4622/1 173/4920/1
f 4884/4625/1 5021/4623/1 2442/1021/1
f 1662/4915/1 4882/4621/1 5021/4623/1
f 5022/4620/1 4881/4619/1 1661/4921/1
f 3281/1019/1 5022/4620/1 4879/4615/1
f 175/4923/1 2575/4618/1 5022/4620/1
f 5023/4617/1 4880/4616/1 1198/4924/1
f 2441/1742/1 5023/4617/1 3278/1765/1
f 1201/4922/1 4879/4615/1 5023/4617/1
f 5024/4614/1 1956/4613/1 176/4926/1
f 4880/4616/1 5024/4614/1 2438/1012/1
f 1661/4921/1 4878/4612/1 5024/4614/1
f 5025/4611/1 4877/4610/1 1660/4927/1
f 3277/1010/1 5025/4611/1 4875/4606/1
f 177/4929/1 2577/4609/1 5025/4611/1
f 5026/4608/1 4876/4607/1 1194/4930/1
f 2437/1769/1 5026/4608/1 3274/1792/1
f 1197/4928/1 4875/4606/1 5026/4608/1
f 5027/4605/1 1958/4604/1 178/4932/1
f 4876/4607/1 5027/4605/1 2434/1003/1
f 1660/4927/1 4874/4603/1 5027/4605/1
f 5028/4602/1 4873/4601/1 1659/4933/1
f 3273/1001/1 5028/4602/1 4871/4597/1
f 179/4935/1 2579/4600/1 5028/4602/1
f 5029/4599/1 4872/4598/1 1190/4936/1
f 2433/1796/1 5029/4599/1 3270/1819/1
f 1193/4934/1 4871/4597/1 5029/4599/1
f 5030/4596/1 1960/4595/1 180/4938/1
f 4872/4598/1 5030/4596/1 2430/994/1
f 1659/4933/1 4870/4594/1 5030/4596/1
f 5031/4593/1 4869/4592/1 1658/4939/1
f 3269/992/1 5031/4593/1 4867/4588/1
f 181/4941/1 2581/4591/1 5031/4593/1
f 5032/4590/1 4868/4589/1 1186/4942/1
f 2429/1823/1 5032/4590/1 3266/1846/1
f 1189/4940/1 4867/4588/1 5032/4590/1
f 5033/4587/1 1962/4586/1 182/4944/1
f 4868/4589/1 5033/4587/1 2426/985/1
f 1658/4939/1 4866/4585/1 5033/4587/1
f 5034/4584/1 4865/4583/1 1657/4945/1
f 3265/983/1 5034/4584/1 4863/4579/1
f 183/4947/1 2583/4582/1 5034/4584/1
f 5035/4581/1 4864/4580/1 1182/4948/1
f 2425/1850/1 5035/4581/1 3262/1873/1
f 1185/4946/1 4863/4579/1 5035/4581/1
f 5036/4578/1 1964/4577/1 184/4950/1
f 4864/4580/1 5036/4578/1 2422/976/1
f 1657/4945/1 4862/4576/1 5036/4578/1
f 5037/4575/1 4861/4574/1 1656/4951/1
f 3261/974/1 5037/4575/1 4859/4570/1
f 185/4953/1 2585/4573/1 5037/4575/1
f 5038/4572/1 4860/4571/1 1178/4954/1
f 2421/1877/1 5038/4572/1 3258/1900/1
f 1181/4952/1 4859/4570/1 5038/4572/1
f 5039/4569/1 1966/4568/1 186/4956/1
f 4860/4571/1 5039/4569/1 2418/967/1
f 1656/4951/1 4858/4567/1 5039/4569/1
f 5040/4566/1 4857/4565/1 1655/4957/1
f 3257/965/1 5040/4566/1 4855/4561/1
f 187/4959/1 2587/4564/1 5040/4566/1
f 5041/4563/1 4856/4562/1 1174/4960/1
f 2417/1904/1 5041/4563/1 3254/1927/1
f 1177/4958/1 4855/4561/1 5041/4563/1
f 5042/4560/1 1968/4559/1 188/4962/1
f 4856/4562/1 5042/4560/1 2414/958/1
f 1655/4957/1 4854/4558/1 5042/4560/1
f 5043/4557/1 4853/4556/1 1654/4963/1
f 3253/956/1 5043/4557/1 4851/4552/1
f 189/4965/1 2589/4555/1 5043/4557/1
f 5044/4554/1 4852/4553/1 1170/4966/1
f 2413/1931/1 5044/4554/1 3250/1954/1
f 1173/4964/1 4851/4552/1 5044/4554/1
f 5045/4551/1 1970/4550/1 190/4968/1
f 4852/4553/1 5045/4551/1 2410/949/1
f 1654/4963/1 4850/4549/1 5045/4551/1
f 5046/4548/1 4849/4547/1 1653/4969/1
f 3249/947/1 5046/4548/1 4847/4543/1
f 191/4971/1 2591/4546/1 5046/4548/1
f 5047/4545/1 4848/4544/1 1166/4972/1
f 2409/1958/1 5047/4545/1 3246/1981/1
f 1169/4970/1 4847/4543/1 5047/4545/1
f 5048/4542/1 1972/4541/1 192/4974/1
f 4848/4544/1 5048/4542/1 2406/940/1
f 1653/4969/1 4846/4540/1 5048/4542/1
f 5049/4539/1 4845/4538/1 1652/4975/1
f 3245/938/1 5049/4539/1 4843/4534/1
f 193/4977/1 2593/4537/1 5049/4539/1
f 5050/4536/1 4844/4535/1 1162/4978/1
f 2405/1985/1 5050/4536/1 3242/2008/1
f 1165/4976/1 4843/4534/1 5050/4536/1
f 5051/4533/1 1974/4532/1 194/4980/1
f 4844/4535/1 5051/4533/1 2402/931/1
f 1652/4975/1 4842/4531/1 5051/4533/1
f 5052/4530/1 4841/4529/1 1651/4981/1
f 3241/929/1 5052/4530/1 4839/4525/1
f 196/4983/1 2596/4528/1 5052/4530/1
f 5053/4527/1 4840/4526/1 1158/4984/1
f 2401/2012/1 5053/4527/1 3238/2035/1
f 1161/4982/1 4839/4525/1 5053/4527/1
f 5054/4524/1 1977/4523/1 197/4986/1
f 4840/4526/1 5054/4524/1 2398/922/1
f 1651/4981/1 4838/4522/1 5054/4524/1
f 5055/4521/1 4837/4520/1 1650/4987/1
f 3237/920/1 5055/4521/1 4835/4516/1
f 198/4989/1 2598/4519/1 5055/4521/1
f 5056/4518/1 4836/4517/1 1154/4990/1
f 2397/2039/1 5056/4518/1 3234/2062/1
f 1157/4988/1 4835/4516/1 5056/4518/1
f 5057/4515/1 1979/4514/1 199/4992/1
f 4836/4517/1 5057/4515/1 2394/913/1
f 1650/4987/1 4834/4513/1 5057/4515/1
f 5058/4512/1 4833/4511/1 1649/4993/1
f 3233/911/1 5058/4512/1 4831/4507/1
f 200/4995/1 2600/4510/1 5058/4512/1
f 5059/4509/1 4832/4508/1 1150/4996/1
f 2393/2066/1 5059/4509/1 3230/2089/1
f 1153/4994/1 4831/4507/1 5059/4509/1
f 5060/4506/1 1981/4505/1 201/4998/1
f 4832/4508/1 5060/4506/1 2390/904/1
f 1649/4993/1 4830/4504/1 5060/4506/1
f 5061/4503/1 4829/4502/1 1648/4999/1
f 3229/902/1 5061/4503/1 4827/4498/1
f 202/5001/1 2602/4501/1 5061/4503/1
f 5062/4500/1 4828/4499/1 1146/5002/1
f 2389/2093/1 5062/4500/1 3226/2116/1
f 1149/5000/1 4827/4498/1 5062/4500/1
f 5063/4497/1 1983/4496/1 203/5004/1
f 4828/4499/1 5063/4497/1 2386/895/1
f 1648/4999/1 4826/4495/1 5063/4497/1
f 5064/4494/1 4825/4493/1 1647/5005/1
f 3225/893/1 5064/4494/1 4823/4489/1
f 204/5007/1 2604/4492/1 5064/4494/1
f 5065/4491/1 4824/4490/1 1142/5008/1
f 2385/2120/1 5065/4491/1 3222/2143/1
f 1145/5006/1 4823/4489/1 5065/4491/1
f 5066/4488/1 1985/4487/1 205/5010/1
f 4824/4490/1 5066/4488/1 2382/886/1
f 1647/5005/1 4822/4486/1 5066/4488/1
f 5067/4485/1 4821/4484/1 1646/5011/1
f 3221/884/1 5067/4485/1 4819/4480/1
f 206/5013/1 2606/4483/1 5067/4485/1
f 5068/4482/1 4820/4481/1 1138/5014/1
f 2381/2147/1 5068/4482/1 3218/2170/1
f 1141/5012/1 4819/4480/1 5068/4482/1
f 5069/4479/1 1987/4478/1 207/5016/1
f 4820/4481/1 5069/4479/1 2378/877/1
f 1646/5011/1 4818/4477/1 5069/4479/1
f 5070/4476/1 4817/4475/1 1645/5017/1
f 3217/875/1 5070/4476/1 4815/4471/1
f 208/5019/1 2608/4474/1 5070/4476/1
f 5071/4473/1 4816/4472/1 1134/5020/1
f 2377/2174/1 5071/4473/1 3214/2197/1
f 1137/5018/1 4815/4471/1 5071/4473/1
f 5072/4470/1 1989/4469/1 209/5022/1
f 4816/4472/1 5072/4470/1 2374/868/1
f 1645/5017/1 4814/4468/1 5072/4470/1
f 5073/4467/1 4813/4466/1 1644/5023/1
f 3213/866/1 5073/4467/1 4811/4462/1
f 210/5025/1 2610/4465/1 5073/4467/1
f 5074/4464/1 4812/4463/1 1130/5026/1
f 2373/2201/1 5074/4464/1 3210/2224/1
f 1133/5024/1 4811/4462/1 5074/4464/1
f 5075/4461/1 1991/4460/1 211/5028/1
f 4812/4463/1 5075/4461/1 2370/859/1
f 1644/5023/1 4810/4459/1 5075/4461/1
f 5076/4458/1 4809/4457/1 1643/5029/1
f 3209/857/1 5076/4458/1 4807/4453/1
f 212/5031/1 2612/4456/1 5076/4458/1
f 5077/4455/1 4808/4454/1 1126/5032/1
f 2369/2228/1 5077/4455/1 3206/2251/1
f 1129/5030/1 4807/4453/1 5077/4455/1
f 5078/4452/1 1993/4451/1 213/5034/1
f 4808/4454/1 5078/4452/1 2366/850/1
f 1643/5029/1 4806/4450/1 5078/4452/1
f 5079/4449/1 4805/4448/1 1642/5035/1
f 3205/848/1 5079/4449/1 4803/4444/1
f 214/5037/1 2614/4447/1 5079/4449/1
f 5080/4446/1 4804/4445/1 1122/5038/1
f 2365/2255/1 5080/4446/1 3202/2278/1
f 1125/5036/1 4803/4444/1 5080/4446/1
f 5081/4443/1 1995/4442/1 215/5040/1
f 4804/4445/1 5081/4443/1 2362/841/1
f 1642/5035/1 4802/4441/1 5081/4443/1
f 5082/4440/1 4801/4439/1 1641/5041/1
f 3201/839/1 5082/4440/1 4799/4435/1
f 217/5043/1 2617/4438/1 5082/4440/1
f 5083/4437/1 4800/4436/1 1118/5044/1
f 2361/2282/1 5083/4437/1 3198/2305/1
f 1121/5042/1 4799/4435/1 5083/4437/1
f 5084/4434/1 1998/4433/1 218/5046/1
f 4800/4436/1 5084/4434/1 2358/832/1
f 1641/5041/1 4798/4432/1 5084/4434/1
f 5085/4431/1 4797/4430/1 1640/5047/1
f 3197/830/1 5085/4431/1 4795/4426/1
f 219/5049/1 2619/4429/1 5085/4431/1
f 5086/4428/1 4796/4427/1 1114/5050/1
f 2357/2309/1 5086/4428/1 3194/2332/1
f 1117/5048/1 4795/4426/1 5086/4428/1
f 5087/4425/1 2000/4424/1 220/5052/1
f 4796/4427/1 5087/4425/1 2354/823/1
f 1640/5047/1 4794/4423/1 5087/4425/1
f 5088/4422/1 4793/4421/1 1639/5053/1
f 3193/821/1 5088/4422/1 4791/4417/1
f 221/5055/1 2621/4420/1 5088/4422/1
f 5089/4419/1 4792/4418/1 1110/5056/1
f 2353/2336/1 5089/4419/1 3190/2359/1
f 1113/5054/1 4791/4417/1 5089/4419/1
f 5090/4416/1 2002/4415/1 222/5058/1
f 4792/4418/1 5090/4416/1 2350/814/1
f 1639/5053/1 4790/4414/1 5090/4416/1
f 5091/4413/1 4789/4412/1 1638/5059/1
f 3189/812/1 5091/4413/1 4787/4408/1
f 223/5061/1 2623/4411/1 5091/4413/1
f 5092/4410/1 4788/4409/1 1106/5062/1
f 2349/2363/1 5092/4410/1 3186/2386/1
f 1109/5060/1 4787/4408/1 5092/4410/1
f 5093/4407/1 2004/4406/1 224/5064/1
f 4788/4409/1 5093/4407/1 2346/805/1
f 1638/5059/1 4786/4405/1 5093/4407/1
f 5094/4404/1 4785/4403/1 1637/5065/1
f 3185/803/1 5094/4404/1 4783/4399/1
f 225/5067/1 2625/4402/1 5094/4404/1
f 5095/4401/1 4784/4400/1 1102/5068/1
f 2345/2390/1 5095/4401/1 3182/2413/1
f 1105/5066/1 4783/4399/1 5095/4401/1
f 5096/4398/1 2006/4397/1 226/5070/1
f 4784/4400/1 5096/4398/1 2342/796/1
f 1637/5065/1 4782/4396/1 5096/4398/1
f 5097/4395/1 4781/4394/1 1636/5071/1
f 3181/794/1 5097/4395/1 4779/4390/1
f 227/5073/1 2627/4393/1 5097/4395/1
f 5098/4392/1 4780/4391/1 1098/5074/1
f 2341/2417/1 5098/4392/1 3178/2440/1
f 1101/5072/1 4779/4390/1 5098/4392/1
f 5099/4389/1 2008/4388/1 228/5076/1
f 4780/4391/1 5099/4389/1 2338/787/1
f 1636/5071/1 4778/4387/1 5099/4389/1
f 5100/4386/1 4777/4385/1 1635/5077/1
f 3177/785/1 5100/4386/1 4775/4381/1
f 229/5079/1 2629/4384/1 5100/4386/1
f 5101/4383/1 4776/4382/1 1094/5080/1
f 2337/2444/1 5101/4383/1 3174/2467/1
f 1097/5078/1 4775/4381/1 5101/4383/1
f 5102/4380/1 2010/4379/1 230/5082/1
f 4776/4382/1 5102/4380/1 2334/778/1
f 1635/5077/1 4774/4378/1 5102/4380/1
f 5103/4377/1 4773/4376/1 1634/5083/1
f 3173/776/1 5103/4377/1 4771/4372/1
f 231/5085/1 2631/4375/1 5103/4377/1
f 5104/4374/1 4772/4373/1 1090/5086/1
f 2333/2471/1 5104/4374/1 3170/2494/1
f 1093/5084/1 4771/4372/1 5104/4374/1
f 5105/4371/1 2012/4370/1 232/5088/1
f 4772/4373/1 5105/4371/1 2330/769/1
f 1634/5083/1 4770/4369/1 5105/4371/1
f 5106/4368/1 4769/4367/1 1633/5089/1
f 3169/767/1 5106/4368/1 4767/4363/1
f 233/5091/1 2633/4366/1 5106/4368/1
f 5107/4365/1 4768/4364/1 1086/5092/1
f 2329/2498/1 5107/4365/1 3166/2521/1
f 1089/5090/1 4767/4363/1 5107/4365/1
f 5108/4362/1 2014/4361/1 234/5094/1
f 4768/4364/1 5108/4362/1 2326/760/1
f 1633/5089/1 4766/4360/1 5108/4362/1
f 5109/4359/1 4765/4358/1 1632/5095/1
f 3165/758/1 5109/4359/1 4763/4354/1
f 235/5097/1 2635/4357/1 5109/4359/1
f 5110/4356/1 4764/4355/1 1082/5098/1
f 2325/2525/1 5110/4356/1 3162/2548/1
f 1085/5096/1 4763/4354/1 5110/4356/1
f 5111/4353/1 2016/4352/1 236/5100/1
f 4764/4355/1 5111/4353/1 2322/751/1
f 1632/5095/1 4762/4351/1 5111/4353/1
f 5112/4350/1 4761/4349/1 1631/5101/1
f 3161/749/1 5112/4350/1 4759/4345/1
f 238/5103/1 2638/4348/1 5112/4350/1
f 5113/4347/1 4760/4346/1 1078/5104/1
f 2321/2552/1 5113/4347/1 3158/2575/1
f 1081/5102/1 4759/4345/1 5113/4347/1
f 5114/4344/1 2019/4343/1 239/5106/1
f 4760/4346/1 5114/4344/1 2318/742/1
f 1631/5101/1 4758/4342/1 5114/4344/1
f 5115/4341/1 4757/4340/1 1630/5107/1
f 3157/740/1 5115/4341/1 4755/4336/1
f 240/5109/1 2640/4339/1 5115/4341/1
f 5116/4338/1 4756/4337/1 1074/5110/1
f 2317/2579/1 5116/4338/1 3154/2602/1
f 1077/5108/1 4755/4336/1 5116/4338/1
f 5117/4335/1 2021/4334/1 241/5112/1
f 4756/4337/1 5117/4335/1 2314/733/1
f 1630/5107/1 4754/4333/1 5117/4335/1
f 5118/4332/1 4753/4331/1 1629/5113/1
f 3153/731/1 5118/4332/1 4751/4327/1
f 242/5115/1 2642/4330/1 5118/4332/1
f 5119/4329/1 4752/4328/1 1070/5116/1
f 2313/2606/1 5119/4329/1 3150/2629/1
f 1073/5114/1 4751/4327/1 5119/4329/1
f 5120/4326/1 2023/4325/1 243/5118/1
f 4752/4328/1 5120/4326/1 2310/724/1
f 1629/5113/1 4750/4324/1 5120/4326/1
f 5121/4323/1 4749/4322/1 1628/5119/1
f 3149/722/1 5121/4323/1 4747/4318/1
f 244/5121/1 2644/4321/1 5121/4323/1
f 5122/4320/1 4748/4319/1 1066/5122/1
f 2309/2633/1 5122/4320/1 3146/2656/1
f 1069/5120/1 4747/4318/1 5122/4320/1
f 5123/4317/1 2025/4316/1 245/5124/1
f 4748/4319/1 5123/4317/1 2306/715/1
f 1628/5119/1 4746/4315/1 5123/4317/1
f 5124/4314/1 4745/4313/1 1627/5125/1
f 3145/713/1 5124/4314/1 4743/4309/1
f 246/5127/1 2646/4312/1 5124/4314/1
f 5125/4311/1 4744/4310/1 1062/5128/1
f 2305/2660/1 5125/4311/1 3142/2683/1
f 1065/5126/1 4743/4309/1 5125/4311/1
f 5126/4308/1 2027/4307/1 247/5130/1
f 4744/4310/1 5126/4308/1 2302/706/1
f 1627/5125/1 4742/4306/1 5126/4308/1
f 5127/4305/1 4741/4304/1 1626/5131/1
f 3141/704/1 5127/4305/1 4739/4300/1
f 248/5133/1 2648/4303/1 5127/4305/1
f 5128/4302/1 4740/4301/1 1058/5134/1
f 2301/2687/1 5128/4302/1 3138/2710/1
f 1061/5132/1 4739/4300/1 5128/4302/1
f 5129/4299/1 2029/4298/1 249/5136/1
f 4740/4301/1 5129/4299/1 2298/697/1
f 1626/5131/1 4738/4297/1 5129/4299/1
f 5130/4296/1 4737/4295/1 1625/5137/1
f 3137/695/1 5130/4296/1 4735/4291/1
f 250/5139/1 2650/4294/1 5130/4296/1
f 5131/4293/1 4736/4292/1 1054/5140/1
f 2297/2714/1 5131/4293/1 3134/2737/1
f 1057/5138/1 4735/4291/1 5131/4293/1
f 5132/4290/1 2031/4289/1 251/5142/1
f 4736/4292/1 5132/4290/1 2294/688/1
f 1625/5137/1 4734/4288/1 5132/4290/1
f 5133/4287/1 4733/4286/1 1624/5143/1
f 3133/686/1 5133/4287/1 4731/4282/1
f 252/5145/1 2652/4285/1 5133/4287/1
f 5134/4284/1 4732/4283/1 1050/5146/1
f 2293/2741/1 5134/4284/1 3130/2764/1
f 1053/5144/1 4731/4282/1 5134/4284/1
f 5135/4281/1 2033/4280/1 253/5148/1
f 4732/4283/1 5135/4281/1 2290/679/1
f 1624/5143/1 4730/4279/1 5135/4281/1
f 5136/4278/1 4729/4277/1 1623/5149/1
f 3129/677/1 5136/4278/1 4727/4273/1
f 254/5151/1 2654/4276/1 5136/4278/1
f 5137/4275/1 4728/4274/1 1046/5152/1
f 2289/2768/1 5137/4275/1 3126/2791/1
f 1049/5150/1 4727/4273/1 5137/4275/1
f 5138/4272/1 2035/4271/1 255/5154/1
f 4728/4274/1 5138/4272/1 2286/670/1
f 1623/5149/1 4726/4270/1 5138/4272/1
f 5139/4269/1 4725/4268/1 1622/5155/1
f 3125/668/1 5139/4269/1 4723/4264/1
f 256/5157/1 2656/4267/1 5139/4269/1
f 5140/4266/1 4724/4265/1 1042/5158/1
f 2285/2795/1 5140/4266/1 3122/2818/1
f 1045/5156/1 4723/4264/1 5140/4266/1
f 5141/4263/1 2037/4262/1 257/5160/1
f 4724/4265/1 5141/4263/1 2282/661/1
f 1622/5155/1 4722/4261/1 5141/4263/1
f 5142/4260/1 4721/4259/1 1621/5161/1
f 3121/659/1 5142/4260/1 4719/4255/1
f 259/5163/1 2659/4258/1 5142/4260/1
f 5143/4257/1 4720/4256/1 1038/5164/1
f 2281/2822/1 5143/4257/1 3118/2845/1
f 1041/5162/1 4719/4255/1 5143/4257/1
f 5144/4254/1 2040/4253/1 260/5166/1
f 4720/4256/1 5144/4254/1 2278/652/1
f 1621/5161/1 4718/4252/1 5144/4254/1
f 5145/4251/1 4717/4250/1 1620/5167/1
f 3117/650/1 5145/4251/1 4715/4246/1
f 261/5169/1 2661/4249/1 5145/4251/1
f 5146/4248/1 4716/4247/1 1034/5170/1
f 2277/2849/1 5146/4248/1 3114/2872/1
f 1037/5168/1 4715/4246/1 5146/4248/1
f 5147/4245/1 2042/4244/1 262/5172/1
f 4716/4247/1 5147/4245/1 2274/643/1
f 1620/5167/1 4714/4243/1 5147/4245/1
f 5148/4242/1 4713/4241/1 1619/5173/1
f 3113/641/1 5148/4242/1 4711/4237/1
f 263/5175/1 2663/4240/1 5148/4242/1
f 5149/4239/1 4712/4238/1 1030/5176/1
f 2273/2876/1 5149/4239/1 3110/2899/1
f 1033/5174/1 4711/4237/1 5149/4239/1
f 5150/4236/1 2044/4235/1 264/5178/1
f 4712/4238/1 5150/4236/1 2270/634/1
f 1619/5173/1 4710/4234/1 5150/4236/1
f 5151/4233/1 4709/4232/1 1618/5179/1
f 3109/632/1 5151/4233/1 4707/4228/1
f 265/5181/1 2665/4231/1 5151/4233/1
f 5152/4230/1 4708/4229/1 1026/5182/1
f 2269/2903/1 5152/4230/1 3106/2926/1
f 1029/5180/1 4707/4228/1 5152/4230/1
f 5153/4227/1 2046/4226/1 266/5184/1
f 4708/4229/1 5153/4227/1 2266/625/1
f 1618/5179/1 4706/4225/1 5153/4227/1
f 5154/4224/1 4705/4223/1 1617/5185/1
f 3105/623/1 5154/4224/1 4703/4219/1
f 267/5187/1 2667/4222/1 5154/4224/1
f 5155/4221/1 4704/4220/1 1022/5188/1
f 2265/2930/1 5155/4221/1 3102/2953/1
f 1025/5186/1 4703/4219/1 5155/4221/1
f 5156/4218/1 2048/4217/1 268/5190/1
f 4704/4220/1 5156/4218/1 2262/616/1
f 1617/5185/1 4702/4216/1 5156/4218/1
f 5157/4215/1 4701/4214/1 1616/5191/1
f 3101/614/1 5157/4215/1 4699/4210/1
f 269/5193/1 2669/4213/1 5157/4215/1
f 5158/4212/1 4700/4211/1 1018/5194/1
f 2261/2957/1 5158/4212/1 3098/2980/1
f 1021/5192/1 4699/4210/1 5158/4212/1
f 5159/4209/1 2050/4208/1 270/5196/1
f 4700/4211/1 5159/4209/1 2258/607/1
f 1616/5191/1 4698/4207/1 5159/4209/1
f 5160/4206/1 4697/4205/1 1615/5197/1
f 3097/605/1 5160/4206/1 4695/4201/1
f 271/5199/1 2671/4204/1 5160/4206/1
f 5161/4203/1 4696/4202/1 1014/5200/1
f 2257/2984/1 5161/4203/1 3094/3007/1
f 1017/5198/1 4695/4201/1 5161/4203/1
f 5162/4200/1 2052/4199/1 272/5202/1
f 4696/4202/1 5162/4200/1 2254/598/1
f 1615/5197/1 4694/4198/1 5162/4200/1
f 5163/4197/1 4693/4196/1 1614/5203/1
f 3093/596/1 5163/4197/1 4691/4192/1
f 273/5205/1 2673/4195/1 5163/4197/1
f 5164/4194/1 4692/4193/1 1010/5206/1
f 2253/3011/1 5164/4194/1 3090/3034/1
f 1013/5204/1 4691/4192/1 5164/4194/1
f 5165/4191/1 2054/4190/1 274/5208/1
f 4692/4193/1 5165/4191/1 2250/589/1
f 1614/5203/1 4690/4189/1 5165/4191/1
f 5166/4188/1 4689/4187/1 1613/5209/1
f 3089/587/1 5166/4188/1 4687/4183/1
f 275/5211/1 2675/4186/1 5166/4188/1
f 5167/4185/1 4688/4184/1 1006/5212/1
f 2249/3038/1 5167/4185/1 3086/3061/1
f 1009/5210/1 4687/4183/1 5167/4185/1
f 5168/4182/1 2056/4181/1 276/5214/1
f 4688/4184/1 5168/4182/1 2246/580/1
f 1613/5209/1 4686/4180/1 5168/4182/1
f 5169/4179/1 4685/4178/1 1612/5215/1
f 3085/578/1 5169/4179/1 4683/4174/1
f 277/5217/1 2677/4177/1 5169/4179/1
f 5170/4176/1 4684/4175/1 1002/5218/1
f 2245/3065/1 5170/4176/1 3082/3088/1
f 1005/5216/1 4683/4174/1 5170/4176/1
f 5171/4173/1 2058/4172/1 278/5220/1
f 4684/4175/1 5171/4173/1 2242/571/1
f 1612/5215/1 4682/4171/1 5171/4173/1
f 5172/4170/1 4681/4169/1 1611/5221/1
f 3081/569/1 5172/4170/1 4679/4165/1
f 280/5223/1 2680/4168/1 5172/4170/1
f 5173/4167/1 4680/4166/1 998/5224/1
f 2241/3092/1 5173/4167/1 3078/3115/1
f 1001/5222/1 4679/4165/1 5173/4167/1
f 5174/4164/1 2061/4163/1 281/5226/1
f 4680/4166/1 5174/4164/1 2238/562/1
f 1611/5221/1 4678/4162/1 5174/4164/1
f 5175/4161/1 4677/4160/1 1610/5227/1
f 3077/560/1 5175/4161/1 4675/4156/1
f 282/5229/1 2682/4159/1 5175/4161/1
f 5176/4158/1 4676/4157/1 994/5230/1
f 2237/3119/1 5176/4158/1 3074/3142/1
f 997/5228/1 4675/4156/1 5176/4158/1
f 5177/4155/1 2063/4154/1 283/5232/1
f 4676/4157/1 5177/4155/1 2234/553/1
f 1610/5227/1 4674/4153/1 5177/4155/1
f 5178/4152/1 4673/4151/1 1609/5233/1
f 3073/551/1 5178/4152/1 4671/4147/1
f 284/5235/1 2684/4150/1 5178/4152/1
f 5179/4149/1 4672/4148/1 990/5236/1
f 2233/3146/1 5179/4149/1 3070/3169/1
f 993/5234/1 4671/4147/1 5179/4149/1
f 5180/4146/1 2065/4145/1 285/5238/1
f 4672/4148/1 5180/4146/1 2230/544/1
f 1609/5233/1 4670/4144/1 5180/4146/1
f 5181/4143/1 4669/4142/1 1608/5239/1
f 3069/542/1 5181/4143/1 4667/4138/1
f 286/5241/1 2686/4141/1 5181/4143/1
f 5182/4140/1 4668/4139/1 986/5242/1
f 2229/3173/1 5182/4140/1 3066/3196/1
f 989/5240/1 4667/4138/1 5182/4140/1
f 5183/4137/1 2067/4136/1 287/5244/1
f 4668/4139/1 5183/4137/1 2226/535/1
f 1608/5239/1 4666/4135/1 5183/4137/1
f 5184/4134/1 4665/4133/1 1607/5245/1
f 3065/533/1 5184/4134/1 4663/4129/1
f 288/5247/1 2688/4132/1 5184/4134/1
f 5185/4131/1 4664/4130/1 982/5248/1
f 2225/3200/1 5185/4131/1 3062/3223/1
f 985/5246/1 4663/4129/1 5185/4131/1
f 5186/4128/1 2069/4127/1 289/5250/1
f 4664/4130/1 5186/4128/1 2222/526/1
f 1607/5245/1 4662/4126/1 5186/4128/1
f 5187/4125/1 4661/4124/1 1606/5251/1
f 3061/524/1 5187/4125/1 4659/4120/1
f 290/5253/1 2690/4123/1 5187/4125/1
f 5188/4122/1 4660/4121/1 978/5254/1
f 2221/3227/1 5188/4122/1 3058/3250/1
f 981/5252/1 4659/4120/1 5188/4122/1
f 5189/4119/1 2071/4118/1 291/5256/1
f 4660/4121/1 5189/4119/1 2218/517/1
f 1606/5251/1 4658/4117/1 5189/4119/1
f 5190/4116/1 4657/4115/1 1605/5257/1
f 3057/515/1 5190/4116/1 4655/4111/1
f 292/5259/1 2692/4114/1 5190/4116/1
f 5191/4113/1 4656/4112/1 974/5260/1
f 2217/3254/1 5191/4113/1 3054/3277/1
f 977/5258/1 4655/4111/1 5191/4113/1
f 5192/4110/1 2073/4109/1 293/5262/1
f 4656/4112/1 5192/4110/1 2214/508/1
f 1605/5257/1 4654/4108/1 5192/4110/1
f 5193/4107/1 4653/4106/1 1604/5263/1
f 3053/506/1 5193/4107/1 4651/4102/1
f 294/5265/1 2694/4105/1 5193/4107/1
f 5194/4104/1 4652/4103/1 970/5266/1
f 2213/3281/1 5194/4104/1 3050/3304/1
f 973/5264/1 4651/4102/1 5194/4104/1
f 5195/4101/1 2075/4100/1 295/5268/1
f 4652/4103/1 5195/4101/1 2210/499/1
f 1604/5263/1 4650/4099/1 5195/4101/1
f 5196/4098/1 4649/4097/1 1603/5269/1
f 3049/497/1 5196/4098/1 4647/4093/1
f 296/5271/1 2696/4096/1 5196/4098/1
f 5197/4095/1 4648/4094/1 966/5272/1
f 2209/3308/1 5197/4095/1 3046/3331/1
f 969/5270/1 4647/4093/1 5197/4095/1
f 5198/4092/1 2077/4091/1 297/5274/1
f 4648/4094/1 5198/4092/1 2206/490/1
f 1603/5269/1 4646/4090/1 5198/4092/1
f 5199/4089/1 4645/4088/1 1602/5275/1
f 3045/488/1 5199/4089/1 4643/4084/1
f 298/5277/1 2698/4087/1 5199/4089/1
f 5200/4086/1 4644/4085/1 962/5278/1
f 2205/3335/1 5200/4086/1 3042/3358/1
f 965/5276/1 4643/4084/1 5200/4086/1
f 5201/4083/1 2079/4082/1 299/5280/1
f 4644/4085/1 5201/4083/1 2202/481/1
f 1602/5275/1 4642/4081/1 5201/4083/1
f 5202/4080/1 4641/4079/1 1601/5281/1
f 3041/479/1 5202/4080/1 4639/4075/1
f 301/5283/1 2701/4078/1 5202/4080/1
f 5203/4077/1 4640/4076/1 958/5284/1
f 2201/3362/1 5203/4077/1 3038/3385/1
f 961/5282/1 4639/4075/1 5203/4077/1
f 5204/4074/1 2082/4073/1 302/5286/1
f 4640/4076/1 5204/4074/1 2198/472/1
f 1601/5281/1 4638/4072/1 5204/4074/1
f 5205/4071/1 4637/4070/1 1600/5287/1
f 3037/470/1 5205/4071/1 4635/4066/1
f 303/5289/1 2703/4069/1 5205/4071/1
f 5206/4068/1 4636/4067/1 954/5290/1
f 2197/3389/1 5206/4068/1 3034/3412/1
f 957/5288/1 4635/4066/1 5206/4068/1
f 5207/4065/1 2084/4064/1 304/5292/1
f 4636/4067/1 5207/4065/1 2194/463/1
f 1600/5287/1 4634/4063/1 5207/4065/1
f 5208/4062/1 4633/4061/1 1599/5293/1
f 3033/461/1 5208/4062/1 4631/4057/1
f 305/5295/1 2705/4060/1 5208/4062/1
f 5209/4059/1 4632/4058/1 950/5296/1
f 2193/3416/1 5209/4059/1 3030/3439/1
f 953/5294/1 4631/4057/1 5209/4059/1
f 5210/4056/1 2086/4055/1 306/5298/1
f 4632/4058/1 5210/4056/1 2190/454/1
f 1599/5293/1 4630/4054/1 5210/4056/1
f 5211/4053/1 4629/4052/1 1598/5299/1
f 3029/452/1 5211/4053/1 4627/4048/1
f 307/5301/1 2707/4051/1 5211/4053/1
f 5212/4050/1 4628/4049/1 946/5302/1
f 2189/3443/1 5212/4050/1 3026/3466/1
f 949/5300/1 4627/4048/1 5212/4050/1
f 5213/4047/1 2088/4046/1 308/5304/1
f 4628/4049/1 5213/4047/1 2186/445/1
f 1598/5299/1 4626/4045/1 5213/4047/1
f 5214/4044/1 4625/4043/1 1597/5305/1
f 3025/443/1 5214/4044/1 4623/4039/1
f 309/5307/1 2709/4042/1 5214/4044/1
f 5215/4041/1 4624/4040/1 942/5308/1
f 2185/3470/1 5215/4041/1 3022/3493/1
f 945/5306/1 4623/4039/1 5215/4041/1
f 5216/4038/1 2090/4037/1 310/5310/1
f 4624/4040/1 5216/4038/1 2182/436/1
f 1597/5305/1 4622/4036/1 5216/4038/1
f 5217/4035/1 4621/4034/1 1596/5311/1
f 3021/434/1 5217/4035/1 4619/4030/1
f 311/5313/1 2711/4033/1 5217/4035/1
f 5218/4032/1 4620/4031/1 938/5314/1
f 2181/3497/1 5218/4032/1 3018/3520/1
f 941/5312/1 4619/4030/1 5218/4032/1
f 5219/4029/1 2092/4028/1 312/5316/1
f 4620/4031/1 5219/4029/1 2178/427/1
f 1596/5311/1 4618/4027/1 5219/4029/1
f 5220/4026/1 4617/4025/1 1595/5317/1
f 3017/425/1 5220/4026/1 4615/4021/1
f 313/5319/1 2713/4024/1 5220/4026/1
f 5221/4023/1 4616/4022/1 934/5320/1
f 2177/3524/1 5221/4023/1 3014/3547/1
f 937/5318/1 4615/4021/1 5221/4023/1
f 5222/4020/1 2094/4019/1 314/5322/1
f 4616/4022/1 5222/4020/1 2174/418/1
f 1595/5317/1 4614/4018/1 5222/4020/1
f 5223/4017/1 4613/4016/1 1594/5323/1
f 3013/416/1 5223/4017/1 4611/4012/1
f 315/5325/1 2715/4015/1 5223/4017/1
f 5224/4014/1 4612/4013/1 930/5326/1
f 2173/3551/1 5224/4014/1 3010/3574/1
f 933/5324/1 4611/4012/1 5224/4014/1
f 5225/4011/1 2096/4010/1 316/5328/1
f 4612/4013/1 5225/4011/1 2170/409/1
f 1594/5323/1 4610/4009/1 5225/4011/1
f 5226/4008/1 4609/4007/1 1593/5329/1
f 3009/407/1 5226/4008/1 4607/4003/1
f 317/5331/1 2717/4006/1 5226/4008/1
f 5227/4005/1 4608/4004/1 926/5332/1
f 2169/3578/1 5227/4005/1 3006/3601/1
f 929/5330/1 4607/4003/1 5227/4005/1
f 5228/4002/1 2098/4001/1 318/5334/1
f 4608/4004/1 5228/4002/1 2166/400/1
f 1593/5329/1 4606/4000/1 5228/4002/1
f 5229/3999/1 4605/3998/1 1592/5335/1
f 3005/398/1 5229/3999/1 4603/3994/1
f 319/5337/1 2719/3997/1 5229/3999/1
f 5230/3996/1 4604/3995/1 922/5338/1
f 2165/3605/1 5230/3996/1 3002/3628/1
f 925/5336/1 4603/3994/1 5230/3996/1
f 5231/3993/1 2100/3992/1 320/5340/1
f 4604/3995/1 5231/3993/1 2162/391/1
f 1592/5335/1 4602/3991/1 5231/3993/1
f 5232/3990/1 4601/3989/1 1591/5341/1
f 3001/389/1 5232/3990/1 4599/3985/1
f 322/5343/1 2722/3988/1 5232/3990/1
f 5233/3987/1 4600/3986/1 918/5344/1
f 2161/3632/1 5233/3987/1 2998/3655/1
f 921/5342/1 4599/3985/1 5233/3987/1
f 5234/3984/1 2103/3983/1 323/5346/1
f 4600/3986/1 5234/3984/1 2158/382/1
f 1591/5341/1 4598/3982/1 5234/3984/1
f 5235/3981/1 4597/3980/1 1590/5347/1
f 2997/380/1 5235/3981/1 4595/3976/1
f 324/5349/1 2724/3979/1 5235/3981/1
f 5236/3978/1 4596/3977/1 914/5350/1
f 2157/3659/1 5236/3978/1 2994/3682/1
f 917/5348/1 4595/3976/1 5236/3978/1
f 5237/3975/1 2105/3974/1 325/5352/1
f 4596/3977/1 5237/3975/1 2154/373/1
f 1590/5347/1 4594/3973/1 5237/3975/1
f 5238/3972/1 4593/3971/1 1589/5353/1
f 2993/371/1 5238/3972/1 4591/3967/1
f 326/5355/1 2726/3970/1 5238/3972/1
f 5239/3969/1 4592/3968/1 910/5356/1
f 2153/3686/1 5239/3969/1 2990/3709/1
f 913/5354/1 4591/3967/1 5239/3969/1
f 5240/3966/1 2107/3965/1 327/5358/1
f 4592/3968/1 5240/3966/1 2150/364/1
f 1589/5353/1 4590/3964/1 5240/3966/1
f 5241/3963/1 4589/3962/1 1588/5359/1
f 2989/362/1 5241/3963/1 4587/3958/1
f 328/5361/1 2728/3961/1 5241/3963/1
f 5242/3960/1 4588/3959/1 906/5362/1
f 2149/3713/1 5242/3960/1 2986/3736/1
f 909/5360/1 4587/3958/1 5242/3960/1
f 5243/3957/1 2109/3956/1 329/5364/1
f 4588/3959/1 5243/3957/1 2146/355/1
f 1588/5359/1 4586/3955/1 5243/3957/1
f 5244/3954/1 4585/3953/1 1587/5365/1
f 2985/353/1 5244/3954/1 4583/3949/1
f 330/5367/1 2730/3952/1 5244/3954/1
f 5245/3951/1 4584/3950/1 902/5368/1
f 2145/3740/1 5245/3951/1 2982/3763/1
f 905/5366/1 4583/3949/1 5245/3951/1
f 5246/3948/1 2111/3947/1 331/5370/1
f 4584/3950/1 5246/3948/1 2142/346/1
f 1587/5365/1 4582/3946/1 5246/3948/1
f 5247/3945/1 4581/3944/1 1586/5371/1
f 2981/344/1 5247/3945/1 4579/3940/1
f 332/5373/1 2732/3943/1 5247/3945/1
f 5248/3942/1 4580/3941/1 898/5374/1
f 2141/3767/1 5248/3942/1 2978/3790/1
f 901/5372/1 4579/3940/1 5248/3942/1
f 5249/3939/1 2113/3938/1 333/5376/1
f 4580/3941/1 5249/3939/1 2138/337/1
f 1586/5371/1 4578/3937/1 5249/3939/1
f 5250/3936/1 4577/3935/1 1585/5377/1
f 2977/335/1 5250/3936/1 4575/3931/1
f 334/5379/1 2734/3934/1 5250/3936/1
f 5251/3933/1 4576/3932/1 894/5380/1
f 2137/3794/1 5251/3933/1 2974/3817/1
f 897/5378/1 4575/3931/1 5251/3933/1
f 5252/3930/1 2115/3929/1 335/5382/1
f 4576/3932/1 5252/3930/1 2134/328/1
f 1585/5377/1 4574/3928/1 5252/3930/1
f 5253/3927/1 4573/3926/1 1584/5383/1
f 2973/326/1 5253/3927/1 4571/3922/1
f 336/5385/1 2736/3925/1 5253/3927/1
f 5254/3924/1 4572/3923/1 890/5386/1
f 2133/3821/1 5254/3924/1 2970/3844/1
f 893/5384/1 4571/3922/1 5254/3924/1
f 5255/3921/1 2117/3920/1 337/5388/1
f 4572/3923/1 5255/3921/1 2130/319/1
f 1584/5383/1 4570/3919/1 5255/3921/1
f 5256/3918/1 4569/3917/1 1583/5389/1
f 2969/317/1 5256/3918/1 4567/3913/1
f 338/5391/1 2738/3916/1 5256/3918/1
f 5257/3915/1 4568/3914/1 886/5392/1
f 2129/3848/1 5257/3915/1 2966/3871/1
f 889/5390/1 4567/3913/1 5257/3915/1
f 5258/3912/1 2119/3911/1 339/5394/1
f 4568/3914/1 5258/3912/1 2126/310/1
f 1583/5389/1 4566/3910/1 5258/3912/1
f 5259/3909/1 4565/3908/1 1582/5395/1
f 2965/308/1 5259/3909/1 4563/3904/1
f 340/5397/1 2740/3907/1 5259/3909/1
f 5260/3906/1 4564/3905/1 882/5398/1
f 2125/3875/1 5260/3906/1 2962/3898/1
f 885/5396/1 4563/3904/1 5260/3906/1
f 5261/3903/1 2121/3902/1 341/5400/1
f 4564/3905/1 5261/3903/1 2122/301/1
f 1582/5395/1 4562/3901/1 5261/3903/1
f 5262/3900/1 4561/3899/1 1581/5401/1
f 2964/305/1 5262/3900/1 4559/3895/1
f 342/5399/1 2962/3898/1 5262/3900/1
f 5263/3897/1 4560/3896/1 658/5403/1
f 2124/3884/1 5263/3897/1 2738/3916/1
f 884/5402/1 4559/3895/1 5263/3897/1
f 5264/3894/1 1901/3893/1 120/5404/1
f 4560/3896/1 5264/3894/1 1898/295/1
f 1581/5401/1 4558/3892/1 5264/3894/1
f 5265/3891/1 4557/3890/1 1580/5405/1
f 2720/392/1 5265/3891/1 4555/3886/1
f 320/5340/1 2963/3889/1 5265/3891/1
f 5266/3888/1 4556/3887/1 878/5407/1
f 1880/3623/1 5266/3888/1 2958/3853/1
f 640/5406/1 4555/3886/1 5266/3888/1
f 5267/3885/1 2124/3884/1 338/5391/1
f 4556/3887/1 5267/3885/1 2118/316/1
f 1580/5405/1 4554/3883/1 5267/3885/1
f 5268/3882/1 4553/3881/1 1579/5409/1
f 2940/269/1 5268/3882/1 4551/3877/1
f 110/5411/1 2960/3880/1 5268/3882/1
f 5269/3879/1 4552/3878/1 883/5412/1
f 2100/3992/1 5269/3879/1 2963/3889/1
f 860/5410/1 4551/3877/1 5269/3879/1
f 5270/3876/1 2125/3875/1 342/5399/1
f 4552/3878/1 5270/3876/1 2123/304/1
f 1579/5409/1 4550/3874/1 5270/3876/1
f 5271/3873/1 4549/3872/1 1578/5413/1
f 2968/314/1 5271/3873/1 4547/3868/1
f 343/5393/1 2966/3871/1 5271/3873/1
f 5272/3870/1 4548/3869/1 656/5415/1
f 2128/3857/1 5272/3870/1 2736/3925/1
f 888/5414/1 4547/3868/1 5272/3870/1
f 5273/3867/1 1899/3866/1 119/5416/1
f 4548/3869/1 5273/3867/1 1896/292/1
f 1578/5413/1 4546/3865/1 5273/3867/1
f 5274/3864/1 4545/3863/1 1577/5417/1
f 2718/401/1 5274/3864/1 4543/3859/1
f 318/5334/1 2967/3862/1 5274/3864/1
f 5275/3861/1 4544/3860/1 876/5419/1
f 1878/3596/1 5275/3861/1 2956/3826/1
f 638/5418/1 4543/3859/1 5275/3861/1
f 5276/3858/1 2128/3857/1 336/5385/1
f 4544/3860/1 5276/3858/1 2116/325/1
f 1577/5417/1 4542/3856/1 5276/3858/1
f 5277/3855/1 4541/3854/1 1576/5421/1
f 2938/266/1 5277/3855/1 4539/3850/1
f 109/5408/1 2958/3853/1 5277/3855/1
f 5278/3852/1 4540/3851/1 887/5423/1
f 2098/4001/1 5278/3852/1 2967/3862/1
f 858/5422/1 4539/3850/1 5278/3852/1
f 5279/3849/1 2129/3848/1 343/5393/1
f 4540/3851/1 5279/3849/1 2127/313/1
f 1576/5421/1 4538/3847/1 5279/3849/1
f 5280/3846/1 4537/3845/1 1575/5424/1
f 2972/323/1 5280/3846/1 4535/3841/1
f 344/5387/1 2970/3844/1 5280/3846/1
f 5281/3843/1 4536/3842/1 654/5426/1
f 2132/3830/1 5281/3843/1 2734/3934/1
f 892/5425/1 4535/3841/1 5281/3843/1
f 5282/3840/1 1897/3839/1 118/5427/1
f 4536/3842/1 5282/3840/1 1894/289/1
f 1575/5424/1 4534/3838/1 5282/3840/1
f 5283/3837/1 4533/3836/1 1574/5428/1
f 2716/410/1 5283/3837/1 4531/3832/1
f 316/5328/1 2971/3835/1 5283/3837/1
f 5284/3834/1 4532/3833/1 874/5430/1
f 1876/3569/1 5284/3834/1 2954/3799/1
f 636/5429/1 4531/3832/1 5284/3834/1
f 5285/3831/1 2132/3830/1 334/5379/1
f 4532/3833/1 5285/3831/1 2114/334/1
f 1574/5428/1 4530/3829/1 5285/3831/1
f 5286/3828/1 4529/3827/1 1573/5432/1
f 2936/263/1 5286/3828/1 4527/3823/1
f 108/5420/1 2956/3826/1 5286/3828/1
f 5287/3825/1 4528/3824/1 891/5434/1
f 2096/4010/1 5287/3825/1 2971/3835/1
f 856/5433/1 4527/3823/1 5287/3825/1
f 5288/3822/1 2133/3821/1 344/5387/1
f 4528/3824/1 5288/3822/1 2131/322/1
f 1573/5432/1 4526/3820/1 5288/3822/1
f 5289/3819/1 4525/3818/1 1572/5435/1
f 2976/332/1 5289/3819/1 4523/3814/1
f 345/5381/1 2974/3817/1 5289/3819/1
f 5290/3816/1 4524/3815/1 652/5437/1
f 2136/3803/1 5290/3816/1 2732/3943/1
f 896/5436/1 4523/3814/1 5290/3816/1
f 5291/3813/1 1895/3812/1 117/5438/1
f 4524/3815/1 5291/3813/1 1892/286/1
f 1572/5435/1 4522/3811/1 5291/3813/1
f 5292/3810/1 4521/3809/1 1571/5439/1
f 2714/419/1 5292/3810/1 4519/3805/1
f 314/5322/1 2975/3808/1 5292/3810/1
f 5293/3807/1 4520/3806/1 872/5441/1
f 1874/3542/1 5293/3807/1 2952/3772/1
f 634/5440/1 4519/3805/1 5293/3807/1
f 5294/3804/1 2136/3803/1 332/5373/1
f 4520/3806/1 5294/3804/1 2112/343/1
f 1571/5439/1 4518/3802/1 5294/3804/1
f 5295/3801/1 4517/3800/1 1570/5443/1
f 2934/260/1 5295/3801/1 4515/3796/1
f 107/5431/1 2954/3799/1 5295/3801/1
f 5296/3798/1 4516/3797/1 895/5445/1
f 2094/4019/1 5296/3798/1 2975/3808/1
f 854/5444/1 4515/3796/1 5296/3798/1
f 5297/3795/1 2137/3794/1 345/5381/1
f 4516/3797/1 5297/3795/1 2135/331/1
f 1570/5443/1 4514/3793/1 5297/3795/1
f 5298/3792/1 4513/3791/1 1569/5446/1
f 2980/341/1 5298/3792/1 4511/3787/1
f 346/5375/1 2978/3790/1 5298/3792/1
f 5299/3789/1 4512/3788/1 650/5448/1
f 2140/3776/1 5299/3789/1 2730/3952/1
f 900/5447/1 4511/3787/1 5299/3789/1
f 5300/3786/1 1893/3785/1 116/5449/1
f 4512/3788/1 5300/3786/1 1890/283/1
f 1569/5446/1 4510/3784/1 5300/3786/1
f 5301/3783/1 4509/3782/1 1568/5450/1
f 2712/428/1 5301/3783/1 4507/3778/1
f 312/5316/1 2979/3781/1 5301/3783/1
f 5302/3780/1 4508/3779/1 870/5452/1
f 1872/3515/1 5302/3780/1 2950/3745/1
f 632/5451/1 4507/3778/1 5302/3780/1
f 5303/3777/1 2140/3776/1 330/5367/1
f 4508/3779/1 5303/3777/1 2110/352/1
f 1568/5450/1 4506/3775/1 5303/3777/1
f 5304/3774/1 4505/3773/1 1567/5454/1
f 2932/257/1 5304/3774/1 4503/3769/1
f 106/5442/1 2952/3772/1 5304/3774/1
f 5305/3771/1 4504/3770/1 899/5456/1
f 2092/4028/1 5305/3771/1 2979/3781/1
f 852/5455/1 4503/3769/1 5305/3771/1
f 5306/3768/1 2141/3767/1 346/5375/1
f 4504/3770/1 5306/3768/1 2139/340/1
f 1567/5454/1 4502/3766/1 5306/3768/1
f 5307/3765/1 4501/3764/1 1566/5457/1
f 2984/350/1 5307/3765/1 4499/3760/1
f 347/5369/1 2982/3763/1 5307/3765/1
f 5308/3762/1 4500/3761/1 648/5459/1
f 2144/3749/1 5308/3762/1 2728/3961/1
f 904/5458/1 4499/3760/1 5308/3762/1
f 5309/3759/1 1891/3758/1 115/5460/1
f 4500/3761/1 5309/3759/1 1888/280/1
f 1566/5457/1 4498/3757/1 5309/3759/1
f 5310/3756/1 4497/3755/1 1565/5461/1
f 2710/437/1 5310/3756/1 4495/3751/1
f 310/5310/1 2983/3754/1 5310/3756/1
f 5311/3753/1 4496/3752/1 868/5463/1
f 1870/3488/1 5311/3753/1 2948/3718/1
f 630/5462/1 4495/3751/1 5311/3753/1
f 5312/3750/1 2144/3749/1 328/5361/1
f 4496/3752/1 5312/3750/1 2108/361/1
f 1565/5461/1 4494/3748/1 5312/3750/1
f 5313/3747/1 4493/3746/1 1564/5465/1
f 2930/254/1 5313/3747/1 4491/3742/1
f 105/5453/1 2950/3745/1 5313/3747/1
f 5314/3744/1 4492/3743/1 903/5467/1
f 2090/4037/1 5314/3744/1 2983/3754/1
f 850/5466/1 4491/3742/1 5314/3744/1
f 5315/3741/1 2145/3740/1 347/5369/1
f 4492/3743/1 5315/3741/1 2143/349/1
f 1564/5465/1 4490/3739/1 5315/3741/1
f 5316/3738/1 4489/3737/1 1563/5468/1
f 2988/359/1 5316/3738/1 4487/3733/1
f 348/5363/1 2986/3736/1 5316/3738/1
f 5317/3735/1 4488/3734/1 646/5470/1
f 2148/3722/1 5317/3735/1 2726/3970/1
f 908/5469/1 4487/3733/1 5317/3735/1
f 5318/3732/1 1889/3731/1 114/5471/1
f 4488/3734/1 5318/3732/1 1886/277/1
f 1563/5468/1 4486/3730/1 5318/3732/1
f 5319/3729/1 4485/3728/1 1562/5472/1
f 2708/446/1 5319/3729/1 4483/3724/1
f 308/5304/1 2987/3727/1 5319/3729/1
f 5320/3726/1 4484/3725/1 866/5474/1
f 1868/3461/1 5320/3726/1 2946/3691/1
f 628/5473/1 4483/3724/1 5320/3726/1
f 5321/3723/1 2148/3722/1 326/5355/1
f 4484/3725/1 5321/3723/1 2106/370/1
f 1562/5472/1 4482/3721/1 5321/3723/1
f 5322/3720/1 4481/3719/1 1561/5476/1
f 2928/251/1 5322/3720/1 4479/3715/1
f 104/5464/1 2948/3718/1 5322/3720/1
f 5323/3717/1 4480/3716/1 907/5478/1
f 2088/4046/1 5323/3717/1 2987/3727/1
f 848/5477/1 4479/3715/1 5323/3717/1
f 5324/3714/1 2149/3713/1 348/5363/1
f 4480/3716/1 5324/3714/1 2147/358/1
f 1561/5476/1 4478/3712/1 5324/3714/1
f 5325/3711/1 4477/3710/1 1560/5479/1
f 2992/368/1 5325/3711/1 4475/3706/1
f 349/5357/1 2990/3709/1 5325/3711/1
f 5326/3708/1 4476/3707/1 644/5481/1
f 2152/3695/1 5326/3708/1 2724/3979/1
f 912/5480/1 4475/3706/1 5326/3708/1
f 5327/3705/1 1887/3704/1 113/5482/1
f 4476/3707/1 5327/3705/1 1884/274/1
f 1560/5479/1 4474/3703/1 5327/3705/1
f 5328/3702/1 4473/3701/1 1559/5483/1
f 2706/455/1 5328/3702/1 4471/3697/1
f 306/5298/1 2991/3700/1 5328/3702/1
f 5329/3699/1 4472/3698/1 864/5485/1
f 1866/3434/1 5329/3699/1 2944/3664/1
f 626/5484/1 4471/3697/1 5329/3699/1
f 5330/3696/1 2152/3695/1 324/5349/1
f 4472/3698/1 5330/3696/1 2104/379/1
f 1559/5483/1 4470/3694/1 5330/3696/1
f 5331/3693/1 4469/3692/1 1558/5487/1
f 2926/248/1 5331/3693/1 4467/3688/1
f 103/5475/1 2946/3691/1 5331/3693/1
f 5332/3690/1 4468/3689/1 911/5489/1
f 2086/4055/1 5332/3690/1 2991/3700/1
f 846/5488/1 4467/3688/1 5332/3690/1
f 5333/3687/1 2153/3686/1 349/5357/1
f 4468/3689/1 5333/3687/1 2151/367/1
f 1558/5487/1 4466/3685/1 5333/3687/1
f 5334/3684/1 4465/3683/1 1557/5490/1
f 2996/377/1 5334/3684/1 4463/3679/1
f 350/5351/1 2994/3682/1 5334/3684/1
f 5335/3681/1 4464/3680/1 642/5492/1
f 2156/3668/1 5335/3681/1 2722/3988/1
f 916/5491/1 4463/3679/1 5335/3681/1
f 5336/3678/1 1885/3677/1 112/5493/1
f 4464/3680/1 5336/3678/1 1882/271/1
f 1557/5490/1 4462/3676/1 5336/3678/1
f 5337/3675/1 4461/3674/1 1556/5494/1
f 2704/464/1 5337/3675/1 4459/3670/1
f 304/5292/1 2995/3673/1 5337/3675/1
f 5338/3672/1 4460/3671/1 862/5496/1
f 1864/3407/1 5338/3672/1 2942/3637/1
f 624/5495/1 4459/3670/1 5338/3672/1
f 5339/3669/1 2156/3668/1 322/5343/1
f 4460/3671/1 5339/3669/1 2102/388/1
f 1556/5494/1 4458/3667/1 5339/3669/1
f 5340/3666/1 4457/3665/1 1555/5498/1
f 2924/245/1 5340/3666/1 4455/3661/1
f 102/5486/1 2944/3664/1 5340/3666/1
f 5341/3663/1 4456/3662/1 915/5500/1
f 2084/4064/1 5341/3663/1 2995/3673/1
f 844/5499/1 4455/3661/1 5341/3663/1
f 5342/3660/1 2157/3659/1 350/5351/1
f 4456/3662/1 5342/3660/1 2155/376/1
f 1555/5498/1 4454/3658/1 5342/3660/1
f 5343/3657/1 4453/3656/1 1554/5501/1
f 3000/386/1 5343/3657/1 4451/3652/1
f 351/5345/1 2998/3655/1 5343/3657/1
f 5344/3654/1 4452/3653/1 861/5503/1
f 2160/3641/1 5344/3654/1 2101/5504/1
f 920/5502/1 4451/3652/1 5344/3654/1
f 5345/3651/1 1883/3650/1 111/5506/1
f 4452/3653/1 5345/3651/1 2941/5507/1
f 1554/5501/1 4450/3649/1 5345/3651/1
f 5346/3648/1 4449/3647/1 1553/5508/1
f 2702/473/1 5346/3648/1 4447/3643/1
f 302/5286/1 2999/3646/1 5346/3648/1
f 5347/3645/1 4448/3644/1 641/5510/1
f 1862/3380/1 5347/3645/1 1881/5511/1
f 622/5509/1 4447/3643/1 5347/3645/1
f 5348/3642/1 2160/3641/1 321/5505/1
f 4448/3644/1 5348/3642/1 2721/5513/1
f 1553/5508/1 4446/3640/1 5348/3642/1
f 5349/3639/1 4445/3638/1 1552/5514/1
f 2922/242/1 5349/3639/1 4443/3634/1
f 101/5497/1 2942/3637/1 5349/3639/1
f 5350/3636/1 4444/3635/1 919/5516/1
f 2082/4073/1 5350/3636/1 2999/3646/1
f 842/5515/1 4443/3634/1 5350/3636/1
f 5351/3633/1 2161/3632/1 351/5345/1
f 4444/3635/1 5351/3633/1 2159/385/1
f 1552/5514/1 4442/3631/1 5351/3633/1
f 5352/3630/1 4441/3629/1 1551/5517/1
f 3004/395/1 5352/3630/1 4439/3625/1
f 352/5339/1 3002/3628/1 5352/3630/1
f 5353/3627/1 4440/3626/1 637/5519/1
f 2164/3614/1 5353/3627/1 2717/4006/1
f 924/5518/1 4439/3625/1 5353/3627/1
f 5354/3624/1 1880/3623/1 109/5408/1
f 4440/3626/1 5354/3624/1 1877/265/1
f 1551/5517/1 4438/3622/1 5354/3624/1
f 5355/3621/1 4437/3620/1 1550/5520/1
f 2699/482/1 5355/3621/1 4435/3616/1
f 299/5280/1 3003/3619/1 5355/3621/1
f 5356/3618/1 4436/3617/1 857/5522/1
f 1859/3353/1 5356/3618/1 2937/3583/1
f 619/5521/1 4435/3616/1 5356/3618/1
f 5357/3615/1 2164/3614/1 317/5331/1
f 4436/3617/1 5357/3615/1 2097/406/1
f 1550/5520/1 4434/3613/1 5357/3615/1
f 5358/3612/1 4433/3611/1 1549/5524/1
f 2919/239/1 5358/3612/1 4431/3607/1
f 99/5526/1 2939/3610/1 5358/3612/1
f 5359/3609/1 4432/3608/1 923/5527/1
f 2079/4082/1 5359/3609/1 3003/3619/1
f 839/5525/1 4431/3607/1 5359/3609/1
f 5360/3606/1 2165/3605/1 352/5339/1
f 4432/3608/1 5360/3606/1 2163/394/1
f 1549/5524/1 4430/3604/1 5360/3606/1
f 5361/3603/1 4429/3602/1 1548/5528/1
f 3008/404/1 5361/3603/1 4427/3598/1
f 353/5333/1 3006/3601/1 5361/3603/1
f 5362/3600/1 4428/3599/1 635/5530/1
f 2168/3587/1 5362/3600/1 2715/4015/1
f 928/5529/1 4427/3598/1 5362/3600/1
f 5363/3597/1 1878/3596/1 108/5420/1
f 4428/3599/1 5363/3597/1 1875/262/1
f 1548/5528/1 4426/3595/1 5363/3597/1
f 5364/3594/1 4425/3593/1 1547/5531/1
f 2697/491/1 5364/3594/1 4423/3589/1
f 297/5274/1 3007/3592/1 5364/3594/1
f 5365/3591/1 4424/3590/1 855/5533/1
f 1857/3326/1 5365/3591/1 2935/3556/1
f 617/5532/1 4423/3589/1 5365/3591/1
f 5366/3588/1 2168/3587/1 315/5325/1
f 4424/3590/1 5366/3588/1 2095/415/1
f 1547/5531/1 4422/3586/1 5366/3588/1
f 5367/3585/1 4421/3584/1 1546/5535/1
f 2917/236/1 5367/3585/1 4419/3580/1
f 98/5523/1 2937/3583/1 5367/3585/1
f 5368/3582/1 4420/3581/1 927/5537/1
f 2077/4091/1 5368/3582/1 3007/3592/1
f 837/5536/1 4419/3580/1 5368/3582/1
f 5369/3579/1 2169/3578/1 353/5333/1
f 4420/3581/1 5369/3579/1 2167/403/1
f 1546/5535/1 4418/3577/1 5369/3579/1
f 5370/3576/1 4417/3575/1 1545/5538/1
f 3012/413/1 5370/3576/1 4415/3571/1
f 354/5327/1 3010/3574/1 5370/3576/1
f 5371/3573/1 4416/3572/1 633/5540/1
f 2172/3560/1 5371/3573/1 2713/4024/1
f 932/5539/1 4415/3571/1 5371/3573/1
f 5372/3570/1 1876/3569/1 107/5431/1
f 4416/3572/1 5372/3570/1 1873/259/1
f 1545/5538/1 4414/3568/1 5372/3570/1
f 5373/3567/1 4413/3566/1 1544/5541/1
f 2695/500/1 5373/3567/1 4411/3562/1
f 295/5268/1 3011/3565/1 5373/3567/1
f 5374/3564/1 4412/3563/1 853/5543/1
f 1855/3299/1 5374/3564/1 2933/3529/1
f 615/5542/1 4411/3562/1 5374/3564/1
f 5375/3561/1 2172/3560/1 313/5319/1
f 4412/3563/1 5375/3561/1 2093/424/1
f 1544/5541/1 4410/3559/1 5375/3561/1
f 5376/3558/1 4409/3557/1 1543/5545/1
f 2915/233/1 5376/3558/1 4407/3553/1
f 97/5534/1 2935/3556/1 5376/3558/1
f 5377/3555/1 4408/3554/1 931/5547/1
f 2075/4100/1 5377/3555/1 3011/3565/1
f 835/5546/1 4407/3553/1 5377/3555/1
f 5378/3552/1 2173/3551/1 354/5327/1
f 4408/3554/1 5378/3552/1 2171/412/1
f 1543/5545/1 4406/3550/1 5378/3552/1
f 5379/3549/1 4405/3548/1 1542/5548/1
f 3016/422/1 5379/3549/1 4403/3544/1
f 355/5321/1 3014/3547/1 5379/3549/1
f 5380/3546/1 4404/3545/1 631/5550/1
f 2176/3533/1 5380/3546/1 2711/4033/1
f 936/5549/1 4403/3544/1 5380/3546/1
f 5381/3543/1 1874/3542/1 106/5442/1
f 4404/3545/1 5381/3543/1 1871/256/1
f 1542/5548/1 4402/3541/1 5381/3543/1
f 5382/3540/1 4401/3539/1 1541/5551/1
f 2693/509/1 5382/3540/1 4399/3535/1
f 293/5262/1 3015/3538/1 5382/3540/1
f 5383/3537/1 4400/3536/1 851/5553/1
f 1853/3272/1 5383/3537/1 2931/3502/1
f 613/5552/1 4399/3535/1 5383/3537/1
f 5384/3534/1 2176/3533/1 311/5313/1
f 4400/3536/1 5384/3534/1 2091/433/1
f 1541/5551/1 4398/3532/1 5384/3534/1
f 5385/3531/1 4397/3530/1 1540/5555/1
f 2913/230/1 5385/3531/1 4395/3526/1
f 96/5544/1 2933/3529/1 5385/3531/1
f 5386/3528/1 4396/3527/1 935/5557/1
f 2073/4109/1 5386/3528/1 3015/3538/1
f 833/5556/1 4395/3526/1 5386/3528/1
f 5387/3525/1 2177/3524/1 355/5321/1
f 4396/3527/1 5387/3525/1 2175/421/1
f 1540/5555/1 4394/3523/1 5387/3525/1
f 5388/3522/1 4393/3521/1 1539/5558/1
f 3020/431/1 5388/3522/1 4391/3517/1
f 356/5315/1 3018/3520/1 5388/3522/1
f 5389/3519/1 4392/3518/1 629/5560/1
f 2180/3506/1 5389/3519/1 2709/4042/1
f 940/5559/1 4391/3517/1 5389/3519/1
f 5390/3516/1 1872/3515/1 105/5453/1
f 4392/3518/1 5390/3516/1 1869/253/1
f 1539/5558/1 4390/3514/1 5390/3516/1
f 5391/3513/1 4389/3512/1 1538/5561/1
f 2691/518/1 5391/3513/1 4387/3508/1
f 291/5256/1 3019/3511/1 5391/3513/1
f 5392/3510/1 4388/3509/1 849/5563/1
f 1851/3245/1 5392/3510/1 2929/3475/1
f 611/5562/1 4387/3508/1 5392/3510/1
f 5393/3507/1 2180/3506/1 309/5307/1
f 4388/3509/1 5393/3507/1 2089/442/1
f 1538/5561/1 4386/3505/1 5393/3507/1
f 5394/3504/1 4385/3503/1 1537/5565/1
f 2911/227/1 5394/3504/1 4383/3499/1
f 95/5554/1 2931/3502/1 5394/3504/1
f 5395/3501/1 4384/3500/1 939/5567/1
f 2071/4118/1 5395/3501/1 3019/3511/1
f 831/5566/1 4383/3499/1 5395/3501/1
f 5396/3498/1 2181/3497/1 356/5315/1
f 4384/3500/1 5396/3498/1 2179/430/1
f 1537/5565/1 4382/3496/1 5396/3498/1
f 5397/3495/1 4381/3494/1 1536/5568/1
f 3024/440/1 5397/3495/1 4379/3490/1
f 357/5309/1 3022/3493/1 5397/3495/1
f 5398/3492/1 4380/3491/1 627/5570/1
f 2184/3479/1 5398/3492/1 2707/4051/1
f 944/5569/1 4379/3490/1 5398/3492/1
f 5399/3489/1 1870/3488/1 104/5464/1
f 4380/3491/1 5399/3489/1 1867/250/1
f 1536/5568/1 4378/3487/1 5399/3489/1
f 5400/3486/1 4377/3485/1 1535/5571/1
f 2689/527/1 5400/3486/1 4375/3481/1
f 289/5250/1 3023/3484/1 5400/3486/1
f 5401/3483/1 4376/3482/1 847/5573/1
f 1849/3218/1 5401/3483/1 2927/3448/1
f 609/5572/1 4375/3481/1 5401/3483/1
f 5402/3480/1 2184/3479/1 307/5301/1
f 4376/3482/1 5402/3480/1 2087/451/1
f 1535/5571/1 4374/3478/1 5402/3480/1
f 5403/3477/1 4373/3476/1 1534/5575/1
f 2909/224/1 5403/3477/1 4371/3472/1
f 94/5564/1 2929/3475/1 5403/3477/1
f 5404/3474/1 4372/3473/1 943/5577/1
f 2069/4127/1 5404/3474/1 3023/3484/1
f 829/5576/1 4371/3472/1 5404/3474/1
f 5405/3471/1 2185/3470/1 357/5309/1
f 4372/3473/1 5405/3471/1 2183/439/1
f 1534/5575/1 4370/3469/1 5405/3471/1
f 5406/3468/1 4369/3467/1 1533/5578/1
f 3028/449/1 5406/3468/1 4367/3463/1
f 358/5303/1 3026/3466/1 5406/3468/1
f 5407/3465/1 4368/3464/1 625/5580/1
f 2188/3452/1 5407/3465/1 2705/4060/1
f 948/5579/1 4367/3463/1 5407/3465/1
f 5408/3462/1 1868/3461/1 103/5475/1
f 4368/3464/1 5408/3462/1 1865/247/1
f 1533/5578/1 4366/3460/1 5408/3462/1
f 5409/3459/1 4365/3458/1 1532/5581/1
f 2687/536/1 5409/3459/1 4363/3454/1
f 287/5244/1 3027/3457/1 5409/3459/1
f 5410/3456/1 4364/3455/1 845/5583/1
f 1847/3191/1 5410/3456/1 2925/3421/1
f 607/5582/1 4363/3454/1 5410/3456/1
f 5411/3453/1 2188/3452/1 305/5295/1
f 4364/3455/1 5411/3453/1 2085/460/1
f 1532/5581/1 4362/3451/1 5411/3453/1
f 5412/3450/1 4361/3449/1 1531/5585/1
f 2907/221/1 5412/3450/1 4359/3445/1
f 93/5574/1 2927/3448/1 5412/3450/1
f 5413/3447/1 4360/3446/1 947/5587/1
f 2067/4136/1 5413/3447/1 3027/3457/1
f 827/5586/1 4359/3445/1 5413/3447/1
f 5414/3444/1 2189/3443/1 358/5303/1
f 4360/3446/1 5414/3444/1 2187/448/1
f 1531/5585/1 4358/3442/1 5414/3444/1
f 5415/3441/1 4357/3440/1 1530/5588/1
f 3032/458/1 5415/3441/1 4355/3436/1
f 359/5297/1 3030/3439/1 5415/3441/1
f 5416/3438/1 4356/3437/1 623/5590/1
f 2192/3425/1 5416/3438/1 2703/4069/1
f 952/5589/1 4355/3436/1 5416/3438/1
f 5417/3435/1 1866/3434/1 102/5486/1
f 4356/3437/1 5417/3435/1 1863/244/1
f 1530/5588/1 4354/3433/1 5417/3435/1
f 5418/3432/1 4353/3431/1 1529/5591/1
f 2685/545/1 5418/3432/1 4351/3427/1
f 285/5238/1 3031/3430/1 5418/3432/1
f 5419/3429/1 4352/3428/1 843/5593/1
f 1845/3164/1 5419/3429/1 2923/3394/1
f 605/5592/1 4351/3427/1 5419/3429/1
f 5420/3426/1 2192/3425/1 303/5289/1
f 4352/3428/1 5420/3426/1 2083/469/1
f 1529/5591/1 4350/3424/1 5420/3426/1
f 5421/3423/1 4349/3422/1 1528/5595/1
f 2905/218/1 5421/3423/1 4347/3418/1
f 92/5584/1 2925/3421/1 5421/3423/1
f 5422/3420/1 4348/3419/1 951/5597/1
f 2065/4145/1 5422/3420/1 3031/3430/1
f 825/5596/1 4347/3418/1 5422/3420/1
f 5423/3417/1 2193/3416/1 359/5297/1
f 4348/3419/1 5423/3417/1 2191/457/1
f 1528/5595/1 4346/3415/1 5423/3417/1
f 5424/3414/1 4345/3413/1 1527/5598/1
f 3036/467/1 5424/3414/1 4343/3409/1
f 360/5291/1 3034/3412/1 5424/3414/1
f 5425/3411/1 4344/3410/1 621/5600/1
f 2196/3398/1 5425/3411/1 2701/4078/1
f 956/5599/1 4343/3409/1 5425/3411/1
f 5426/3408/1 1864/3407/1 101/5497/1
f 4344/3410/1 5426/3408/1 1861/241/1
f 1527/5598/1 4342/3406/1 5426/3408/1
f 5427/3405/1 4341/3404/1 1526/5601/1
f 2683/554/1 5427/3405/1 4339/3400/1
f 283/5232/1 3035/3403/1 5427/3405/1
f 5428/3402/1 4340/3401/1 841/5603/1
f 1843/3137/1 5428/3402/1 2921/3367/1
f 603/5602/1 4339/3400/1 5428/3402/1
f 5429/3399/1 2196/3398/1 301/5283/1
f 4340/3401/1 5429/3399/1 2081/478/1
f 1526/5601/1 4338/3397/1 5429/3399/1
f 5430/3396/1 4337/3395/1 1525/5605/1
f 2903/215/1 5430/3396/1 4335/3391/1
f 91/5594/1 2923/3394/1 5430/3396/1
f 5431/3393/1 4336/3392/1 955/5607/1
f 2063/4154/1 5431/3393/1 3035/3403/1
f 823/5606/1 4335/3391/1 5431/3393/1
f 5432/3390/1 2197/3389/1 360/5291/1
f 4336/3392/1 5432/3390/1 2195/466/1
f 1525/5605/1 4334/3388/1 5432/3390/1
f 5433/3387/1 4333/3386/1 1524/5608/1
f 3040/476/1 5433/3387/1 4331/3382/1
f 361/5285/1 3038/3385/1 5433/3387/1
f 5434/3384/1 4332/3383/1 840/5610/1
f 2200/3371/1 5434/3384/1 2080/5611/1
f 960/5609/1 4331/3382/1 5434/3384/1
f 5435/3381/1 1862/3380/1 100/5512/1
f 4332/3383/1 5435/3381/1 2920/5613/1
f 1524/5608/1 4330/3379/1 5435/3381/1
f 5436/3378/1 4329/3377/1 1523/5614/1
f 2681/563/1 5436/3378/1 4327/3373/1
f 281/5226/1 3039/3376/1 5436/3378/1
f 5437/3375/1 4328/3374/1 620/5616/1
f 1841/3110/1 5437/3375/1 1860/5617/1
f 601/5615/1 4327/3373/1 5437/3375/1
f 5438/3372/1 2200/3371/1 300/5612/1
f 4328/3374/1 5438/3372/1 2700/5619/1
f 1523/5614/1 4326/3370/1 5438/3372/1
f 5439/3369/1 4325/3368/1 1522/5620/1
f 2901/212/1 5439/3369/1 4323/3364/1
f 90/5604/1 2921/3367/1 5439/3369/1
f 5440/3366/1 4324/3365/1 959/5622/1
f 2061/4163/1 5440/3366/1 3039/3376/1
f 821/5621/1 4323/3364/1 5440/3366/1
f 5441/3363/1 2201/3362/1 361/5285/1
f 4324/3365/1 5441/3363/1 2199/475/1
f 1522/5620/1 4322/3361/1 5441/3363/1
f 5442/3360/1 4321/3359/1 1521/5623/1
f 3044/485/1 5442/3360/1 4319/3355/1
f 362/5279/1 3042/3358/1 5442/3360/1
f 5443/3357/1 4320/3356/1 616/5625/1
f 2204/3344/1 5443/3357/1 2696/4096/1
f 964/5624/1 4319/3355/1 5443/3357/1
f 5444/3354/1 1859/3353/1 98/5523/1
f 4320/3356/1 5444/3354/1 1856/235/1
f 1521/5623/1 4318/3352/1 5444/3354/1
f 5445/3351/1 4317/3350/1 1520/5626/1
f 2678/572/1 5445/3351/1 4315/3346/1
f 278/5220/1 3043/3349/1 5445/3351/1
f 5446/3348/1 4316/3347/1 836/5628/1
f 1838/3083/1 5446/3348/1 2916/3313/1
f 598/5627/1 4315/3346/1 5446/3348/1
f 5447/3345/1 2204/3344/1 296/5271/1
f 4316/3347/1 5447/3345/1 2076/496/1
f 1520/5626/1 4314/3343/1 5447/3345/1
f 5448/3342/1 4313/3341/1 1519/5630/1
f 2898/209/1 5448/3342/1 4311/3337/1
f 88/5632/1 2918/3340/1 5448/3342/1
f 5449/3339/1 4312/3338/1 963/5633/1
f 2058/4172/1 5449/3339/1 3043/3349/1
f 818/5631/1 4311/3337/1 5449/3339/1
f 5450/3336/1 2205/3335/1 362/5279/1
f 4312/3338/1 5450/3336/1 2203/484/1
f 1519/5630/1 4310/3334/1 5450/3336/1
f 5451/3333/1 4309/3332/1 1518/5634/1
f 3048/494/1 5451/3333/1 4307/3328/1
f 363/5273/1 3046/3331/1 5451/3333/1
f 5452/3330/1 4308/3329/1 614/5636/1
f 2208/3317/1 5452/3330/1 2694/4105/1
f 968/5635/1 4307/3328/1 5452/3330/1
f 5453/3327/1 1857/3326/1 97/5534/1
f 4308/3329/1 5453/3327/1 1854/232/1
f 1518/5634/1 4306/3325/1 5453/3327/1
f 5454/3324/1 4305/3323/1 1517/5637/1
f 2676/581/1 5454/3324/1 4303/3319/1
f 276/5214/1 3047/3322/1 5454/3324/1
f 5455/3321/1 4304/3320/1 834/5639/1
f 1836/3056/1 5455/3321/1 2914/3286/1
f 596/5638/1 4303/3319/1 5455/3321/1
f 5456/3318/1 2208/3317/1 294/5265/1
f 4304/3320/1 5456/3318/1 2074/505/1
f 1517/5637/1 4302/3316/1 5456/3318/1
f 5457/3315/1 4301/3314/1 1516/5641/1
f 2896/206/1 5457/3315/1 4299/3310/1
f 87/5629/1 2916/3313/1 5457/3315/1
f 5458/3312/1 4300/3311/1 967/5643/1
f 2056/4181/1 5458/3312/1 3047/3322/1
f 816/5642/1 4299/3310/1 5458/3312/1
f 5459/3309/1 2209/3308/1 363/5273/1
f 4300/3311/1 5459/3309/1 2207/493/1
f 1516/5641/1 4298/3307/1 5459/3309/1
f 5460/3306/1 4297/3305/1 1515/5644/1
f 3052/503/1 5460/3306/1 4295/3301/1
f 364/5267/1 3050/3304/1 5460/3306/1
f 5461/3303/1 4296/3302/1 612/5646/1
f 2212/3290/1 5461/3303/1 2692/4114/1
f 972/5645/1 4295/3301/1 5461/3303/1
f 5462/3300/1 1855/3299/1 96/5544/1
f 4296/3302/1 5462/3300/1 1852/229/1
f 1515/5644/1 4294/3298/1 5462/3300/1
f 5463/3297/1 4293/3296/1 1514/5647/1
f 2674/590/1 5463/3297/1 4291/3292/1
f 274/5208/1 3051/3295/1 5463/3297/1
f 5464/3294/1 4292/3293/1 832/5649/1
f 1834/3029/1 5464/3294/1 2912/3259/1
f 594/5648/1 4291/3292/1 5464/3294/1
f 5465/3291/1 2212/3290/1 292/5259/1
f 4292/3293/1 5465/3291/1 2072/514/1
f 1514/5647/1 4290/3289/1 5465/3291/1
f 5466/3288/1 4289/3287/1 1513/5651/1
f 2894/203/1 5466/3288/1 4287/3283/1
f 86/5640/1 2914/3286/1 5466/3288/1
f 5467/3285/1 4288/3284/1 971/5653/1
f 2054/4190/1 5467/3285/1 3051/3295/1
f 814/5652/1 4287/3283/1 5467/3285/1
f 5468/3282/1 2213/3281/1 364/5267/1
f 4288/3284/1 5468/3282/1 2211/502/1
f 1513/5651/1 4286/3280/1 5468/3282/1
f 5469/3279/1 4285/3278/1 1512/5654/1
f 3056/512/1 5469/3279/1 4283/3274/1
f 365/5261/1 3054/3277/1 5469/3279/1
f 5470/3276/1 4284/3275/1 610/5656/1
f 2216/3263/1 5470/3276/1 2690/4123/1
f 976/5655/1 4283/3274/1 5470/3276/1
f 5471/3273/1 1853/3272/1 95/5554/1
f 4284/3275/1 5471/3273/1 1850/226/1
f 1512/5654/1 4282/3271/1 5471/3273/1
f 5472/3270/1 4281/3269/1 1511/5657/1
f 2672/599/1 5472/3270/1 4279/3265/1
f 272/5202/1 3055/3268/1 5472/3270/1
f 5473/3267/1 4280/3266/1 830/5659/1
f 1832/3002/1 5473/3267/1 2910/3232/1
f 592/5658/1 4279/3265/1 5473/3267/1
f 5474/3264/1 2216/3263/1 290/5253/1
f 4280/3266/1 5474/3264/1 2070/523/1
f 1511/5657/1 4278/3262/1 5474/3264/1
f 5475/3261/1 4277/3260/1 1510/5661/1
f 2892/200/1 5475/3261/1 4275/3256/1
f 85/5650/1 2912/3259/1 5475/3261/1
f 5476/3258/1 4276/3257/1 975/5663/1
f 2052/4199/1 5476/3258/1 3055/3268/1
f 812/5662/1 4275/3256/1 5476/3258/1
f 5477/3255/1 2217/3254/1 365/5261/1
f 4276/3257/1 5477/3255/1 2215/511/1
f 1510/5661/1 4274/3253/1 5477/3255/1
f 5478/3252/1 4273/3251/1 1509/5664/1
f 3060/521/1 5478/3252/1 4271/3247/1
f 366/5255/1 3058/3250/1 5478/3252/1
f 5479/3249/1 4272/3248/1 608/5666/1
f 2220/3236/1 5479/3249/1 2688/4132/1
f 980/5665/1 4271/3247/1 5479/3249/1
f 5480/3246/1 1851/3245/1 94/5564/1
f 4272/3248/1 5480/3246/1 1848/223/1
f 1509/5664/1 4270/3244/1 5480/3246/1
f 5481/3243/1 4269/3242/1 1508/5667/1
f 2670/608/1 5481/3243/1 4267/3238/1
f 270/5196/1 3059/3241/1 5481/3243/1
f 5482/3240/1 4268/3239/1 828/5669/1
f 1830/2975/1 5482/3240/1 2908/3205/1
f 590/5668/1 4267/3238/1 5482/3240/1
f 5483/3237/1 2220/3236/1 288/5247/1
f 4268/3239/1 5483/3237/1 2068/532/1
f 1508/5667/1 4266/3235/1 5483/3237/1
f 5484/3234/1 4265/3233/1 1507/5671/1
f 2890/197/1 5484/3234/1 4263/3229/1
f 84/5660/1 2910/3232/1 5484/3234/1
f 5485/3231/1 4264/3230/1 979/5673/1
f 2050/4208/1 5485/3231/1 3059/3241/1
f 810/5672/1 4263/3229/1 5485/3231/1
f 5486/3228/1 2221/3227/1 366/5255/1
f 4264/3230/1 5486/3228/1 2219/520/1
f 1507/5671/1 4262/3226/1 5486/3228/1
f 5487/3225/1 4261/3224/1 1506/5674/1
f 3064/530/1 5487/3225/1 4259/3220/1
f 367/5249/1 3062/3223/1 5487/3225/1
f 5488/3222/1 4260/3221/1 606/5676/1
f 2224/3209/1 5488/3222/1 2686/4141/1
f 984/5675/1 4259/3220/1 5488/3222/1
f 5489/3219/1 1849/3218/1 93/5574/1
f 4260/3221/1 5489/3219/1 1846/220/1
f 1506/5674/1 4258/3217/1 5489/3219/1
f 5490/3216/1 4257/3215/1 1505/5677/1
f 2668/617/1 5490/3216/1 4255/3211/1
f 268/5190/1 3063/3214/1 5490/3216/1
f 5491/3213/1 4256/3212/1 826/5679/1
f 1828/2948/1 5491/3213/1 2906/3178/1
f 588/5678/1 4255/3211/1 5491/3213/1
f 5492/3210/1 2224/3209/1 286/5241/1
f 4256/3212/1 5492/3210/1 2066/541/1
f 1505/5677/1 4254/3208/1 5492/3210/1
f 5493/3207/1 4253/3206/1 1504/5681/1
f 2888/194/1 5493/3207/1 4251/3202/1
f 83/5670/1 2908/3205/1 5493/3207/1
f 5494/3204/1 4252/3203/1 983/5683/1
f 2048/4217/1 5494/3204/1 3063/3214/1
f 808/5682/1 4251/3202/1 5494/3204/1
f 5495/3201/1 2225/3200/1 367/5249/1
f 4252/3203/1 5495/3201/1 2223/529/1
f 1504/5681/1 4250/3199/1 5495/3201/1
f 5496/3198/1 4249/3197/1 1503/5684/1
f 3068/539/1 5496/3198/1 4247/3193/1
f 368/5243/1 3066/3196/1 5496/3198/1
f 5497/3195/1 4248/3194/1 604/5686/1
f 2228/3182/1 5497/3195/1 2684/4150/1
f 988/5685/1 4247/3193/1 5497/3195/1
f 5498/3192/1 1847/3191/1 92/5584/1
f 4248/3194/1 5498/3192/1 1844/217/1
f 1503/5684/1 4246/3190/1 5498/3192/1
f 5499/3189/1 4245/3188/1 1502/5687/1
f 2666/626/1 5499/3189/1 4243/3184/1
f 266/5184/1 3067/3187/1 5499/3189/1
f 5500/3186/1 4244/3185/1 824/5689/1
f 1826/2921/1 5500/3186/1 2904/3151/1
f 586/5688/1 4243/3184/1 5500/3186/1
f 5501/3183/1 2228/3182/1 284/5235/1
f 4244/3185/1 5501/3183/1 2064/550/1
f 1502/5687/1 4242/3181/1 5501/3183/1
f 5502/3180/1 4241/3179/1 1501/5691/1
f 2886/191/1 5502/3180/1 4239/3175/1
f 82/5680/1 2906/3178/1 5502/3180/1
f 5503/3177/1 4240/3176/1 987/5693/1
f 2046/4226/1 5503/3177/1 3067/3187/1
f 806/5692/1 4239/3175/1 5503/3177/1
f 5504/3174/1 2229/3173/1 368/5243/1
f 4240/3176/1 5504/3174/1 2227/538/1
f 1501/5691/1 4238/3172/1 5504/3174/1
f 5505/3171/1 4237/3170/1 1500/5694/1
f 3072/548/1 5505/3171/1 4235/3166/1
f 369/5237/1 3070/3169/1 5505/3171/1
f 5506/3168/1 4236/3167/1 602/5696/1
f 2232/3155/1 5506/3168/1 2682/4159/1
f 992/5695/1 4235/3166/1 5506/3168/1
f 5507/3165/1 1845/3164/1 91/5594/1
f 4236/3167/1 5507/3165/1 1842/214/1
f 1500/5694/1 4234/3163/1 5507/3165/1
f 5508/3162/1 4233/3161/1 1499/5697/1
f 2664/635/1 5508/3162/1 4231/3157/1
f 264/5178/1 3071/3160/1 5508/3162/1
f 5509/3159/1 4232/3158/1 822/5699/1
f 1824/2894/1 5509/3159/1 2902/3124/1
f 584/5698/1 4231/3157/1 5509/3159/1
f 5510/3156/1 2232/3155/1 282/5229/1
f 4232/3158/1 5510/3156/1 2062/559/1
f 1499/5697/1 4230/3154/1 5510/3156/1
f 5511/3153/1 4229/3152/1 1498/5701/1
f 2884/188/1 5511/3153/1 4227/3148/1
f 81/5690/1 2904/3151/1 5511/3153/1
f 5512/3150/1 4228/3149/1 991/5703/1
f 2044/4235/1 5512/3150/1 3071/3160/1
f 804/5702/1 4227/3148/1 5512/3150/1
f 5513/3147/1 2233/3146/1 369/5237/1
f 4228/3149/1 5513/3147/1 2231/547/1
f 1498/5701/1 4226/3145/1 5513/3147/1
f 5514/3144/1 4225/3143/1 1497/5704/1
f 3076/557/1 5514/3144/1 4223/3139/1
f 370/5231/1 3074/3142/1 5514/3144/1
f 5515/3141/1 4224/3140/1 600/5706/1
f 2236/3128/1 5515/3141/1 2680/4168/1
f 996/5705/1 4223/3139/1 5515/3141/1
f 5516/3138/1 1843/3137/1 90/5604/1
f 4224/3140/1 5516/3138/1 1840/211/1
f 1497/5704/1 4222/3136/1 5516/3138/1
f 5517/3135/1 4221/3134/1 1496/5707/1
f 2662/644/1 5517/3135/1 4219/3130/1
f 262/5172/1 3075/3133/1 5517/3135/1
f 5518/3132/1 4220/3131/1 820/5709/1
f 1822/2867/1 5518/3132/1 2900/3097/1
f 582/5708/1 4219/3130/1 5518/3132/1
f 5519/3129/1 2236/3128/1 280/5223/1
f 4220/3131/1 5519/3129/1 2060/568/1
f 1496/5707/1 4218/3127/1 5519/3129/1
f 5520/3126/1 4217/3125/1 1495/5711/1
f 2882/185/1 5520/3126/1 4215/3121/1
f 80/5700/1 2902/3124/1 5520/3126/1
f 5521/3123/1 4216/3122/1 995/5713/1
f 2042/4244/1 5521/3123/1 3075/3133/1
f 802/5712/1 4215/3121/1 5521/3123/1
f 5522/3120/1 2237/3119/1 370/5231/1
f 4216/3122/1 5522/3120/1 2235/556/1
f 1495/5711/1 4214/3118/1 5522/3120/1
f 5523/3117/1 4213/3116/1 1494/5714/1
f 3080/566/1 5523/3117/1 4211/3112/1
f 371/5225/1 3078/3115/1 5523/3117/1
f 5524/3114/1 4212/3113/1 819/5716/1
f 2240/3101/1 5524/3114/1 2059/5717/1
f 1000/5715/1 4211/3112/1 5524/3114/1
f 5525/3111/1 1841/3110/1 89/5618/1
f 4212/3113/1 5525/3111/1 2899/5719/1
f 1494/5714/1 4210/3109/1 5525/3111/1
f 5526/3108/1 4209/3107/1 1493/5720/1
f 2660/653/1 5526/3108/1 4207/3103/1
f 260/5166/1 3079/3106/1 5526/3108/1
f 5527/3105/1 4208/3104/1 599/5722/1
f 1820/2840/1 5527/3105/1 1839/5723/1
f 580/5721/1 4207/3103/1 5527/3105/1
f 5528/3102/1 2240/3101/1 279/5718/1
f 4208/3104/1 5528/3102/1 2679/5725/1
f 1493/5720/1 4206/3100/1 5528/3102/1
f 5529/3099/1 4205/3098/1 1492/5726/1
f 2880/182/1 5529/3099/1 4203/3094/1
f 79/5710/1 2900/3097/1 5529/3099/1
f 5530/3096/1 4204/3095/1 999/5728/1
f 2040/4253/1 5530/3096/1 3079/3106/1
f 800/5727/1 4203/3094/1 5530/3096/1
f 5531/3093/1 2241/3092/1 371/5225/1
f 4204/3095/1 5531/3093/1 2239/565/1
f 1492/5726/1 4202/3091/1 5531/3093/1
f 5532/3090/1 4201/3089/1 1491/5729/1
f 3084/575/1 5532/3090/1 4199/3085/1
f 372/5219/1 3082/3088/1 5532/3090/1
f 5533/3087/1 4200/3086/1 595/5731/1
f 2244/3074/1 5533/3087/1 2675/4186/1
f 1004/5730/1 4199/3085/1 5533/3087/1
f 5534/3084/1 1838/3083/1 87/5629/1
f 4200/3086/1 5534/3084/1 1835/205/1
f 1491/5729/1 4198/3082/1 5534/3084/1
f 5535/3081/1 4197/3080/1 1490/5732/1
f 2657/662/1 5535/3081/1 4195/3076/1
f 257/5160/1 3083/3079/1 5535/3081/1
f 5536/3078/1 4196/3077/1 815/5734/1
f 1817/2813/1 5536/3078/1 2895/3043/1
f 577/5733/1 4195/3076/1 5536/3078/1
f 5537/3075/1 2244/3074/1 275/5211/1
f 4196/3077/1 5537/3075/1 2055/586/1
f 1490/5732/1 4194/3073/1 5537/3075/1
f 5538/3072/1 4193/3071/1 1489/5736/1
f 2877/179/1 5538/3072/1 4191/3067/1
f 77/5738/1 2897/3070/1 5538/3072/1
f 5539/3069/1 4192/3068/1 1003/5739/1
f 2037/4262/1 5539/3069/1 3083/3079/1
f 797/5737/1 4191/3067/1 5539/3069/1
f 5540/3066/1 2245/3065/1 372/5219/1
f 4192/3068/1 5540/3066/1 2243/574/1
f 1489/5736/1 4190/3064/1 5540/3066/1
f 5541/3063/1 4189/3062/1 1488/5740/1
f 3088/584/1 5541/3063/1 4187/3058/1
f 373/5213/1 3086/3061/1 5541/3063/1
f 5542/3060/1 4188/3059/1 593/5742/1
f 2248/3047/1 5542/3060/1 2673/4195/1
f 1008/5741/1 4187/3058/1 5542/3060/1
f 5543/3057/1 1836/3056/1 86/5640/1
f 4188/3059/1 5543/3057/1 1833/202/1
f 1488/5740/1 4186/3055/1 5543/3057/1
f 5544/3054/1 4185/3053/1 1487/5743/1
f 2655/671/1 5544/3054/1 4183/3049/1
f 255/5154/1 3087/3052/1 5544/3054/1
f 5545/3051/1 4184/3050/1 813/5745/1
f 1815/2786/1 5545/3051/1 2893/3016/1
f 575/5744/1 4183/3049/1 5545/3051/1
f 5546/3048/1 2248/3047/1 273/5205/1
f 4184/3050/1 5546/3048/1 2053/595/1
f 1487/5743/1 4182/3046/1 5546/3048/1
f 5547/3045/1 4181/3044/1 1486/5747/1
f 2875/176/1 5547/3045/1 4179/3040/1
f 76/5735/1 2895/3043/1 5547/3045/1
f 5548/3042/1 4180/3041/1 1007/5749/1
f 2035/4271/1 5548/3042/1 3087/3052/1
f 795/5748/1 4179/3040/1 5548/3042/1
f 5549/3039/1 2249/3038/1 373/5213/1
f 4180/3041/1 5549/3039/1 2247/583/1
f 1486/5747/1 4178/3037/1 5549/3039/1
f 5550/3036/1 4177/3035/1 1485/5750/1
f 3092/593/1 5550/3036/1 4175/3031/1
f 374/5207/1 3090/3034/1 5550/3036/1
f 5551/3033/1 4176/3032/1 591/5752/1
f 2252/3020/1 5551/3033/1 2671/4204/1
f 1012/5751/1 4175/3031/1 5551/3033/1
f 5552/3030/1 1834/3029/1 85/5650/1
f 4176/3032/1 5552/3030/1 1831/199/1
f 1485/5750/1 4174/3028/1 5552/3030/1
f 5553/3027/1 4173/3026/1 1484/5753/1
f 2653/680/1 5553/3027/1 4171/3022/1
f 253/5148/1 3091/3025/1 5553/3027/1
f 5554/3024/1 4172/3023/1 811/5755/1
f 1813/2759/1 5554/3024/1 2891/2989/1
f 573/5754/1 4171/3022/1 5554/3024/1
f 5555/3021/1 2252/3020/1 271/5199/1
f 4172/3023/1 5555/3021/1 2051/604/1
f 1484/5753/1 4170/3019/1 5555/3021/1
f 5556/3018/1 4169/3017/1 1483/5757/1
f 2873/173/1 5556/3018/1 4167/3013/1
f 75/5746/1 2893/3016/1 5556/3018/1
f 5557/3015/1 4168/3014/1 1011/5759/1
f 2033/4280/1 5557/3015/1 3091/3025/1
f 793/5758/1 4167/3013/1 5557/3015/1
f 5558/3012/1 2253/3011/1 374/5207/1
f 4168/3014/1 5558/3012/1 2251/592/1
f 1483/5757/1 4166/3010/1 5558/3012/1
f 5559/3009/1 4165/3008/1 1482/5760/1
f 3096/602/1 5559/3009/1 4163/3004/1
f 375/5201/1 3094/3007/1 5559/3009/1
f 5560/3006/1 4164/3005/1 589/5762/1
f 2256/2993/1 5560/3006/1 2669/4213/1
f 1016/5761/1 4163/3004/1 5560/3006/1
f 5561/3003/1 1832/3002/1 84/5660/1
f 4164/3005/1 5561/3003/1 1829/196/1
f 1482/5760/1 4162/3001/1 5561/3003/1
f 5562/3000/1 4161/2999/1 1481/5763/1
f 2651/689/1 5562/3000/1 4159/2995/1
f 251/5142/1 3095/2998/1 5562/3000/1
f 5563/2997/1 4160/2996/1 809/5765/1
f 1811/2732/1 5563/2997/1 2889/2962/1
f 571/5764/1 4159/2995/1 5563/2997/1
f 5564/2994/1 2256/2993/1 269/5193/1
f 4160/2996/1 5564/2994/1 2049/613/1
f 1481/5763/1 4158/2992/1 5564/2994/1
f 5565/2991/1 4157/2990/1 1480/5767/1
f 2871/170/1 5565/2991/1 4155/2986/1
f 74/5756/1 2891/2989/1 5565/2991/1
f 5566/2988/1 4156/2987/1 1015/5769/1
f 2031/4289/1 5566/2988/1 3095/2998/1
f 791/5768/1 4155/2986/1 5566/2988/1
f 5567/2985/1 2257/2984/1 375/5201/1
f 4156/2987/1 5567/2985/1 2255/601/1
f 1480/5767/1 4154/2983/1 5567/2985/1
f 5568/2982/1 4153/2981/1 1479/5770/1
f 3100/611/1 5568/2982/1 4151/2977/1
f 376/5195/1 3098/2980/1 5568/2982/1
f 5569/2979/1 4152/2978/1 587/5772/1
f 2260/2966/1 5569/2979/1 2667/4222/1
f 1020/5771/1 4151/2977/1 5569/2979/1
f 5570/2976/1 1830/2975/1 83/5670/1
f 4152/2978/1 5570/2976/1 1827/193/1
f 1479/5770/1 4150/2974/1 5570/2976/1
f 5571/2973/1 4149/2972/1 1478/5773/1
f 2649/698/1 5571/2973/1 4147/2968/1
f 249/5136/1 3099/2971/1 5571/2973/1
f 5572/2970/1 4148/2969/1 807/5775/1
f 1809/2705/1 5572/2970/1 2887/2935/1
f 569/5774/1 4147/2968/1 5572/2970/1
f 5573/2967/1 2260/2966/1 267/5187/1
f 4148/2969/1 5573/2967/1 2047/622/1
f 1478/5773/1 4146/2965/1 5573/2967/1
f 5574/2964/1 4145/2963/1 1477/5777/1
f 2869/167/1 5574/2964/1 4143/2959/1
f 73/5766/1 2889/2962/1 5574/2964/1
f 5575/2961/1 4144/2960/1 1019/5779/1
f 2029/4298/1 5575/2961/1 3099/2971/1
f 789/5778/1 4143/2959/1 5575/2961/1
f 5576/2958/1 2261/2957/1 376/5195/1
f 4144/2960/1 5576/2958/1 2259/610/1
f 1477/5777/1 4142/2956/1 5576/2958/1
f 5577/2955/1 4141/2954/1 1476/5780/1
f 3104/620/1 5577/2955/1 4139/2950/1
f 377/5189/1 3102/2953/1 5577/2955/1
f 5578/2952/1 4140/2951/1 585/5782/1
f 2264/2939/1 5578/2952/1 2665/4231/1
f 1024/5781/1 4139/2950/1 5578/2952/1
f 5579/2949/1 1828/2948/1 82/5680/1
f 4140/2951/1 5579/2949/1 1825/190/1
f 1476/5780/1 4138/2947/1 5579/2949/1
f 5580/2946/1 4137/2945/1 1475/5783/1
f 2647/707/1 5580/2946/1 4135/2941/1
f 247/5130/1 3103/2944/1 5580/2946/1
f 5581/2943/1 4136/2942/1 805/5785/1
f 1807/2678/1 5581/2943/1 2885/2908/1
f 567/5784/1 4135/2941/1 5581/2943/1
f 5582/2940/1 2264/2939/1 265/5181/1
f 4136/2942/1 5582/2940/1 2045/631/1
f 1475/5783/1 4134/2938/1 5582/2940/1
f 5583/2937/1 4133/2936/1 1474/5787/1
f 2867/164/1 5583/2937/1 4131/2932/1
f 72/5776/1 2887/2935/1 5583/2937/1
f 5584/2934/1 4132/2933/1 1023/5789/1
f 2027/4307/1 5584/2934/1 3103/2944/1
f 787/5788/1 4131/2932/1 5584/2934/1
f 5585/2931/1 2265/2930/1 377/5189/1
f 4132/2933/1 5585/2931/1 2263/619/1
f 1474/5787/1 4130/2929/1 5585/2931/1
f 5586/2928/1 4129/2927/1 1473/5790/1
f 3108/629/1 5586/2928/1 4127/2923/1
f 378/5183/1 3106/2926/1 5586/2928/1
f 5587/2925/1 4128/2924/1 583/5792/1
f 2268/2912/1 5587/2925/1 2663/4240/1
f 1028/5791/1 4127/2923/1 5587/2925/1
f 5588/2922/1 1826/2921/1 81/5690/1
f 4128/2924/1 5588/2922/1 1823/187/1
f 1473/5790/1 4126/2920/1 5588/2922/1
f 5589/2919/1 4125/2918/1 1472/5793/1
f 2645/716/1 5589/2919/1 4123/2914/1
f 245/5124/1 3107/2917/1 5589/2919/1
f 5590/2916/1 4124/2915/1 803/5795/1
f 1805/2651/1 5590/2916/1 2883/2881/1
f 565/5794/1 4123/2914/1 5590/2916/1
f 5591/2913/1 2268/2912/1 263/5175/1
f 4124/2915/1 5591/2913/1 2043/640/1
f 1472/5793/1 4122/2911/1 5591/2913/1
f 5592/2910/1 4121/2909/1 1471/5797/1
f 2865/161/1 5592/2910/1 4119/2905/1
f 71/5786/1 2885/2908/1 5592/2910/1
f 5593/2907/1 4120/2906/1 1027/5799/1
f 2025/4316/1 5593/2907/1 3107/2917/1
f 785/5798/1 4119/2905/1 5593/2907/1
f 5594/2904/1 2269/2903/1 378/5183/1
f 4120/2906/1 5594/2904/1 2267/628/1
f 1471/5797/1 4118/2902/1 5594/2904/1
f 5595/2901/1 4117/2900/1 1470/5800/1
f 3112/638/1 5595/2901/1 4115/2896/1
f 379/5177/1 3110/2899/1 5595/2901/1
f 5596/2898/1 4116/2897/1 581/5802/1
f 2272/2885/1 5596/2898/1 2661/4249/1
f 1032/5801/1 4115/2896/1 5596/2898/1
f 5597/2895/1 1824/2894/1 80/5700/1
f 4116/2897/1 5597/2895/1 1821/184/1
f 1470/5800/1 4114/2893/1 5597/2895/1
f 5598/2892/1 4113/2891/1 1469/5803/1
f 2643/725/1 5598/2892/1 4111/2887/1
f 243/5118/1 3111/2890/1 5598/2892/1
f 5599/2889/1 4112/2888/1 801/5805/1
f 1803/2624/1 5599/2889/1 2881/2854/1
f 563/5804/1 4111/2887/1 5599/2889/1
f 5600/2886/1 2272/2885/1 261/5169/1
f 4112/2888/1 5600/2886/1 2041/649/1
f 1469/5803/1 4110/2884/1 5600/2886/1
f 5601/2883/1 4109/2882/1 1468/5807/1
f 2863/158/1 5601/2883/1 4107/2878/1
f 70/5796/1 2883/2881/1 5601/2883/1
f 5602/2880/1 4108/2879/1 1031/5809/1
f 2023/4325/1 5602/2880/1 3111/2890/1
f 783/5808/1 4107/2878/1 5602/2880/1
f 5603/2877/1 2273/2876/1 379/5177/1
f 4108/2879/1 5603/2877/1 2271/637/1
f 1468/5807/1 4106/2875/1 5603/2877/1
f 5604/2874/1 4105/2873/1 1467/5810/1
f 3116/647/1 5604/2874/1 4103/2869/1
f 380/5171/1 3114/2872/1 5604/2874/1
f 5605/2871/1 4104/2870/1 579/5812/1
f 2276/2858/1 5605/2871/1 2659/4258/1
f 1036/5811/1 4103/2869/1 5605/2871/1
f 5606/2868/1 1822/2867/1 79/5710/1
f 4104/2870/1 5606/2868/1 1819/181/1
f 1467/5810/1 4102/2866/1 5606/2868/1
f 5607/2865/1 4101/2864/1 1466/5813/1
f 2641/734/1 5607/2865/1 4099/2860/1
f 241/5112/1 3115/2863/1 5607/2865/1
f 5608/2862/1 4100/2861/1 799/5815/1
f 1801/2597/1 5608/2862/1 2879/2827/1
f 561/5814/1 4099/2860/1 5608/2862/1
f 5609/2859/1 2276/2858/1 259/5163/1
f 4100/2861/1 5609/2859/1 2039/658/1
f 1466/5813/1 4098/2857/1 5609/2859/1
f 5610/2856/1 4097/2855/1 1465/5817/1
f 2861/155/1 5610/2856/1 4095/2851/1
f 69/5806/1 2881/2854/1 5610/2856/1
f 5611/2853/1 4096/2852/1 1035/5819/1
f 2021/4334/1 5611/2853/1 3115/2863/1
f 781/5818/1 4095/2851/1 5611/2853/1
f 5612/2850/1 2277/2849/1 380/5171/1
f 4096/2852/1 5612/2850/1 2275/646/1
f 1465/5817/1 4094/2848/1 5612/2850/1
f 5613/2847/1 4093/2846/1 1464/5820/1
f 3120/656/1 5613/2847/1 4091/2842/1
f 381/5165/1 3118/2845/1 5613/2847/1
f 5614/2844/1 4092/2843/1 798/5822/1
f 2280/2831/1 5614/2844/1 2038/5823/1
f 1040/5821/1 4091/2842/1 5614/2844/1
f 5615/2841/1 1820/2840/1 78/5724/1
f 4092/2843/1 5615/2841/1 2878/5825/1
f 1464/5820/1 4090/2839/1 5615/2841/1
f 5616/2838/1 4089/2837/1 1463/5826/1
f 2639/743/1 5616/2838/1 4087/2833/1
f 239/5106/1 3119/2836/1 5616/2838/1
f 5617/2835/1 4088/2834/1 578/5828/1
f 1799/2570/1 5617/2835/1 1818/5829/1
f 559/5827/1 4087/2833/1 5617/2835/1
f 5618/2832/1 2280/2831/1 258/5824/1
f 4088/2834/1 5618/2832/1 2658/5831/1
f 1463/5826/1 4086/2830/1 5618/2832/1
f 5619/2829/1 4085/2828/1 1462/5832/1
f 2859/152/1 5619/2829/1 4083/2824/1
f 68/5816/1 2879/2827/1 5619/2829/1
f 5620/2826/1 4084/2825/1 1039/5834/1
f 2019/4343/1 5620/2826/1 3119/2836/1
f 779/5833/1 4083/2824/1 5620/2826/1
f 5621/2823/1 2281/2822/1 381/5165/1
f 4084/2825/1 5621/2823/1 2279/655/1
f 1462/5832/1 4082/2821/1 5621/2823/1
f 5622/2820/1 4081/2819/1 1461/5835/1
f 3124/665/1 5622/2820/1 4079/2815/1
f 382/5159/1 3122/2818/1 5622/2820/1
f 5623/2817/1 4080/2816/1 574/5837/1
f 2284/2804/1 5623/2817/1 2654/4276/1
f 1044/5836/1 4079/2815/1 5623/2817/1
f 5624/2814/1 1817/2813/1 76/5735/1
f 4080/2816/1 5624/2814/1 1814/175/1
f 1461/5835/1 4078/2812/1 5624/2814/1
f 5625/2811/1 4077/2810/1 1460/5838/1
f 2636/752/1 5625/2811/1 4075/2806/1
f 236/5100/1 3123/2809/1 5625/2811/1
f 5626/2808/1 4076/2807/1 794/5840/1
f 1796/2543/1 5626/2808/1 2874/2773/1
f 556/5839/1 4075/2806/1 5626/2808/1
f 5627/2805/1 2284/2804/1 254/5151/1
f 4076/2807/1 5627/2805/1 2034/676/1
f 1460/5838/1 4074/2803/1 5627/2805/1
f 5628/2802/1 4073/2801/1 1459/5842/1
f 2856/149/1 5628/2802/1 4071/2797/1
f 66/5844/1 2876/2800/1 5628/2802/1
f 5629/2799/1 4072/2798/1 1043/5845/1
f 2016/4352/1 5629/2799/1 3123/2809/1
f 776/5843/1 4071/2797/1 5629/2799/1
f 5630/2796/1 2285/2795/1 382/5159/1
f 4072/2798/1 5630/2796/1 2283/664/1
f 1459/5842/1 4070/2794/1 5630/2796/1
f 5631/2793/1 4069/2792/1 1458/5846/1
f 3128/674/1 5631/2793/1 4067/2788/1
f 383/5153/1 3126/2791/1 5631/2793/1
f 5632/2790/1 4068/2789/1 572/5848/1
f 2288/2777/1 5632/2790/1 2652/4285/1
f 1048/5847/1 4067/2788/1 5632/2790/1
f 5633/2787/1 1815/2786/1 75/5746/1
f 4068/2789/1 5633/2787/1 1812/172/1
f 1458/5846/1 4066/2785/1 5633/2787/1
f 5634/2784/1 4065/2783/1 1457/5849/1
f 2634/761/1 5634/2784/1 4063/2779/1
f 234/5094/1 3127/2782/1 5634/2784/1
f 5635/2781/1 4064/2780/1 792/5851/1
f 1794/2516/1 5635/2781/1 2872/2746/1
f 554/5850/1 4063/2779/1 5635/2781/1
f 5636/2778/1 2288/2777/1 252/5145/1
f 4064/2780/1 5636/2778/1 2032/685/1
f 1457/5849/1 4062/2776/1 5636/2778/1
f 5637/2775/1 4061/2774/1 1456/5853/1
f 2854/146/1 5637/2775/1 4059/2770/1
f 65/5841/1 2874/2773/1 5637/2775/1
f 5638/2772/1 4060/2771/1 1047/5855/1
f 2014/4361/1 5638/2772/1 3127/2782/1
f 774/5854/1 4059/2770/1 5638/2772/1
f 5639/2769/1 2289/2768/1 383/5153/1
f 4060/2771/1 5639/2769/1 2287/673/1
f 1456/5853/1 4058/2767/1 5639/2769/1
f 5640/2766/1 4057/2765/1 1455/5856/1
f 3132/683/1 5640/2766/1 4055/2761/1
f 384/5147/1 3130/2764/1 5640/2766/1
f 5641/2763/1 4056/2762/1 570/5858/1
f 2292/2750/1 5641/2763/1 2650/4294/1
f 1052/5857/1 4055/2761/1 5641/2763/1
f 5642/2760/1 1813/2759/1 74/5756/1
f 4056/2762/1 5642/2760/1 1810/169/1
f 1455/5856/1 4054/2758/1 5642/2760/1
f 5643/2757/1 4053/2756/1 1454/5859/1
f 2632/770/1 5643/2757/1 4051/2752/1
f 232/5088/1 3131/2755/1 5643/2757/1
f 5644/2754/1 4052/2753/1 790/5861/1
f 1792/2489/1 5644/2754/1 2870/2719/1
f 552/5860/1 4051/2752/1 5644/2754/1
f 5645/2751/1 2292/2750/1 250/5139/1
f 4052/2753/1 5645/2751/1 2030/694/1
f 1454/5859/1 4050/2749/1 5645/2751/1
f 5646/2748/1 4049/2747/1 1453/5863/1
f 2852/143/1 5646/2748/1 4047/2743/1
f 64/5852/1 2872/2746/1 5646/2748/1
f 5647/2745/1 4048/2744/1 1051/5865/1
f 2012/4370/1 5647/2745/1 3131/2755/1
f 772/5864/1 4047/2743/1 5647/2745/1
f 5648/2742/1 2293/2741/1 384/5147/1
f 4048/2744/1 5648/2742/1 2291/682/1
f 1453/5863/1 4046/2740/1 5648/2742/1
f 5649/2739/1 4045/2738/1 1452/5866/1
f 3136/692/1 5649/2739/1 4043/2734/1
f 385/5141/1 3134/2737/1 5649/2739/1
f 5650/2736/1 4044/2735/1 568/5868/1
f 2296/2723/1 5650/2736/1 2648/4303/1
f 1056/5867/1 4043/2734/1 5650/2736/1
f 5651/2733/1 1811/2732/1 73/5766/1
f 4044/2735/1 5651/2733/1 1808/166/1
f 1452/5866/1 4042/2731/1 5651/2733/1
f 5652/2730/1 4041/2729/1 1451/5869/1
f 2630/779/1 5652/2730/1 4039/2725/1
f 230/5082/1 3135/2728/1 5652/2730/1
f 5653/2727/1 4040/2726/1 788/5871/1
f 1790/2462/1 5653/2727/1 2868/2692/1
f 550/5870/1 4039/2725/1 5653/2727/1
f 5654/2724/1 2296/2723/1 248/5133/1
f 4040/2726/1 5654/2724/1 2028/703/1
f 1451/5869/1 4038/2722/1 5654/2724/1
f 5655/2721/1 4037/2720/1 1450/5873/1
f 2850/140/1 5655/2721/1 4035/2716/1
f 63/5862/1 2870/2719/1 5655/2721/1
f 5656/2718/1 4036/2717/1 1055/5875/1
f 2010/4379/1 5656/2718/1 3135/2728/1
f 770/5874/1 4035/2716/1 5656/2718/1
f 5657/2715/1 2297/2714/1 385/5141/1
f 4036/2717/1 5657/2715/1 2295/691/1
f 1450/5873/1 4034/2713/1 5657/2715/1
f 5658/2712/1 4033/2711/1 1449/5876/1
f 3140/701/1 5658/2712/1 4031/2707/1
f 386/5135/1 3138/2710/1 5658/2712/1
f 5659/2709/1 4032/2708/1 566/5878/1
f 2300/2696/1 5659/2709/1 2646/4312/1
f 1060/5877/1 4031/2707/1 5659/2709/1
f 5660/2706/1 1809/2705/1 72/5776/1
f 4032/2708/1 5660/2706/1 1806/163/1
f 1449/5876/1 4030/2704/1 5660/2706/1
f 5661/2703/1 4029/2702/1 1448/5879/1
f 2628/788/1 5661/2703/1 4027/2698/1
f 228/5076/1 3139/2701/1 5661/2703/1
f 5662/2700/1 4028/2699/1 786/5881/1
f 1788/2435/1 5662/2700/1 2866/2665/1
f 548/5880/1 4027/2698/1 5662/2700/1
f 5663/2697/1 2300/2696/1 246/5127/1
f 4028/2699/1 5663/2697/1 2026/712/1
f 1448/5879/1 4026/2695/1 5663/2697/1
f 5664/2694/1 4025/2693/1 1447/5883/1
f 2848/137/1 5664/2694/1 4023/2689/1
f 62/5872/1 2868/2692/1 5664/2694/1
f 5665/2691/1 4024/2690/1 1059/5885/1
f 2008/4388/1 5665/2691/1 3139/2701/1
f 768/5884/1 4023/2689/1 5665/2691/1
f 5666/2688/1 2301/2687/1 386/5135/1
f 4024/2690/1 5666/2688/1 2299/700/1
f 1447/5883/1 4022/2686/1 5666/2688/1
f 5667/2685/1 4021/2684/1 1446/5886/1
f 3144/710/1 5667/2685/1 4019/2680/1
f 387/5129/1 3142/2683/1 5667/2685/1
f 5668/2682/1 4020/2681/1 564/5888/1
f 2304/2669/1 5668/2682/1 2644/4321/1
f 1064/5887/1 4019/2680/1 5668/2682/1
f 5669/2679/1 1807/2678/1 71/5786/1
f 4020/2681/1 5669/2679/1 1804/160/1
f 1446/5886/1 4018/2677/1 5669/2679/1
f 5670/2676/1 4017/2675/1 1445/5889/1
f 2626/797/1 5670/2676/1 4015/2671/1
f 226/5070/1 3143/2674/1 5670/2676/1
f 5671/2673/1 4016/2672/1 784/5891/1
f 1786/2408/1 5671/2673/1 2864/2638/1
f 546/5890/1 4015/2671/1 5671/2673/1
f 5672/2670/1 2304/2669/1 244/5121/1
f 4016/2672/1 5672/2670/1 2024/721/1
f 1445/5889/1 4014/2668/1 5672/2670/1
f 5673/2667/1 4013/2666/1 1444/5893/1
f 2846/134/1 5673/2667/1 4011/2662/1
f 61/5882/1 2866/2665/1 5673/2667/1
f 5674/2664/1 4012/2663/1 1063/5895/1
f 2006/4397/1 5674/2664/1 3143/2674/1
f 766/5894/1 4011/2662/1 5674/2664/1
f 5675/2661/1 2305/2660/1 387/5129/1
f 4012/2663/1 5675/2661/1 2303/709/1
f 1444/5893/1 4010/2659/1 5675/2661/1
f 5676/2658/1 4009/2657/1 1443/5896/1
f 3148/719/1 5676/2658/1 4007/2653/1
f 388/5123/1 3146/2656/1 5676/2658/1
f 5677/2655/1 4008/2654/1 562/5898/1
f 2308/2642/1 5677/2655/1 2642/4330/1
f 1068/5897/1 4007/2653/1 5677/2655/1
f 5678/2652/1 1805/2651/1 70/5796/1
f 4008/2654/1 5678/2652/1 1802/157/1
f 1443/5896/1 4006/2650/1 5678/2652/1
f 5679/2649/1 4005/2648/1 1442/5899/1
f 2624/806/1 5679/2649/1 4003/2644/1
f 224/5064/1 3147/2647/1 5679/2649/1
f 5680/2646/1 4004/2645/1 782/5901/1
f 1784/2381/1 5680/2646/1 2862/2611/1
f 544/5900/1 4003/2644/1 5680/2646/1
f 5681/2643/1 2308/2642/1 242/5115/1
f 4004/2645/1 5681/2643/1 2022/730/1
f 1442/5899/1 4002/2641/1 5681/2643/1
f 5682/2640/1 4001/2639/1 1441/5903/1
f 2844/131/1 5682/2640/1 3999/2635/1
f 60/5892/1 2864/2638/1 5682/2640/1
f 5683/2637/1 4000/2636/1 1067/5905/1
f 2004/4406/1 5683/2637/1 3147/2647/1
f 764/5904/1 3999/2635/1 5683/2637/1
f 5684/2634/1 2309/2633/1 388/5123/1
f 4000/2636/1 5684/2634/1 2307/718/1
f 1441/5903/1 3998/2632/1 5684/2634/1
f 5685/2631/1 3997/2630/1 1440/5906/1
f 3152/728/1 5685/2631/1 3995/2626/1
f 389/5117/1 3150/2629/1 5685/2631/1
f 5686/2628/1 3996/2627/1 560/5908/1
f 2312/2615/1 5686/2628/1 2640/4339/1
f 1072/5907/1 3995/2626/1 5686/2628/1
f 5687/2625/1 1803/2624/1 69/5806/1
f 3996/2627/1 5687/2625/1 1800/154/1
f 1440/5906/1 3994/2623/1 5687/2625/1
f 5688/2622/1 3993/2621/1 1439/5909/1
f 2622/815/1 5688/2622/1 3991/2617/1
f 222/5058/1 3151/2620/1 5688/2622/1
f 5689/2619/1 3992/2618/1 780/5911/1
f 1782/2354/1 5689/2619/1 2860/2584/1
f 542/5910/1 3991/2617/1 5689/2619/1
f 5690/2616/1 2312/2615/1 240/5109/1
f 3992/2618/1 5690/2616/1 2020/739/1
f 1439/5909/1 3990/2614/1 5690/2616/1
f 5691/2613/1 3989/2612/1 1438/5913/1
f 2842/128/1 5691/2613/1 3987/2608/1
f 59/5902/1 2862/2611/1 5691/2613/1
f 5692/2610/1 3988/2609/1 1071/5915/1
f 2002/4415/1 5692/2610/1 3151/2620/1
f 762/5914/1 3987/2608/1 5692/2610/1
f 5693/2607/1 2313/2606/1 389/5117/1
f 3988/2609/1 5693/2607/1 2311/727/1
f 1438/5913/1 3986/2605/1 5693/2607/1
f 5694/2604/1 3985/2603/1 1437/5916/1
f 3156/737/1 5694/2604/1 3983/2599/1
f 390/5111/1 3154/2602/1 5694/2604/1
f 5695/2601/1 3984/2600/1 558/5918/1
f 2316/2588/1 5695/2601/1 2638/4348/1
f 1076/5917/1 3983/2599/1 5695/2601/1
f 5696/2598/1 1801/2597/1 68/5816/1
f 3984/2600/1 5696/2598/1 1798/151/1
f 1437/5916/1 3982/2596/1 5696/2598/1
f 5697/2595/1 3981/2594/1 1436/5919/1
f 2620/824/1 5697/2595/1 3979/2590/1
f 220/5052/1 3155/2593/1 5697/2595/1
f 5698/2592/1 3980/2591/1 778/5921/1
f 1780/2327/1 5698/2592/1 2858/2557/1
f 540/5920/1 3979/2590/1 5698/2592/1
f 5699/2589/1 2316/2588/1 238/5103/1
f 3980/2591/1 5699/2589/1 2018/748/1
f 1436/5919/1 3978/2587/1 5699/2589/1
f 5700/2586/1 3977/2585/1 1435/5923/1
f 2840/125/1 5700/2586/1 3975/2581/1
f 58/5912/1 2860/2584/1 5700/2586/1
f 5701/2583/1 3976/2582/1 1075/5925/1
f 2000/4424/1 5701/2583/1 3155/2593/1
f 760/5924/1 3975/2581/1 5701/2583/1
f 5702/2580/1 2317/2579/1 390/5111/1
f 3976/2582/1 5702/2580/1 2315/736/1
f 1435/5923/1 3974/2578/1 5702/2580/1
f 5703/2577/1 3973/2576/1 1434/5926/1
f 3160/746/1 5703/2577/1 3971/2572/1
f 391/5105/1 3158/2575/1 5703/2577/1
f 5704/2574/1 3972/2573/1 777/5928/1
f 2320/2561/1 5704/2574/1 2017/5929/1
f 1080/5927/1 3971/2572/1 5704/2574/1
f 5705/2571/1 1799/2570/1 67/5830/1
f 3972/2573/1 5705/2571/1 2857/5931/1
f 1434/5926/1 3970/2569/1 5705/2571/1
f 5706/2568/1 3969/2567/1 1433/5932/1
f 2618/833/1 5706/2568/1 3967/2563/1
f 218/5046/1 3159/2566/1 5706/2568/1
f 5707/2565/1 3968/2564/1 557/5934/1
f 1778/2300/1 5707/2565/1 1797/5935/1
f 538/5933/1 3967/2563/1 5707/2565/1
f 5708/2562/1 2320/2561/1 237/5930/1
f 3968/2564/1 5708/2562/1 2637/5937/1
f 1433/5932/1 3966/2560/1 5708/2562/1
f 5709/2559/1 3965/2558/1 1432/5938/1
f 2838/122/1 5709/2559/1 3963/2554/1
f 57/5922/1 2858/2557/1 5709/2559/1
f 5710/2556/1 3964/2555/1 1079/5940/1
f 1998/4433/1 5710/2556/1 3159/2566/1
f 758/5939/1 3963/2554/1 5710/2556/1
f 5711/2553/1 2321/2552/1 391/5105/1
f 3964/2555/1 5711/2553/1 2319/745/1
f 1432/5938/1 3962/2551/1 5711/2553/1
f 5712/2550/1 3961/2549/1 1431/5941/1
f 3164/755/1 5712/2550/1 3959/2545/1
f 392/5099/1 3162/2548/1 5712/2550/1
f 5713/2547/1 3960/2546/1 553/5943/1
f 2324/2534/1 5713/2547/1 2633/4366/1
f 1084/5942/1 3959/2545/1 5713/2547/1
f 5714/2544/1 1796/2543/1 65/5841/1
f 3960/2546/1 5714/2544/1 1793/145/1
f 1431/5941/1 3958/2542/1 5714/2544/1
f 5715/2541/1 3957/2540/1 1430/5944/1
f 2615/842/1 5715/2541/1 3955/2536/1
f 215/5040/1 3163/2539/1 5715/2541/1
f 5716/2538/1 3956/2537/1 773/5946/1
f 1775/2273/1 5716/2538/1 2853/2503/1
f 535/5945/1 3955/2536/1 5716/2538/1
f 5717/2535/1 2324/2534/1 233/5091/1
f 3956/2537/1 5717/2535/1 2013/766/1
f 1430/5944/1 3954/2533/1 5717/2535/1
f 5718/2532/1 3953/2531/1 1429/5948/1
f 2835/119/1 5718/2532/1 3951/2527/1
f 55/5950/1 2855/2530/1 5718/2532/1
f 5719/2529/1 3952/2528/1 1083/5951/1
f 1995/4442/1 5719/2529/1 3163/2539/1
f 755/5949/1 3951/2527/1 5719/2529/1
f 5720/2526/1 2325/2525/1 392/5099/1
f 3952/2528/1 5720/2526/1 2323/754/1
f 1429/5948/1 3950/2524/1 5720/2526/1
f 5721/2523/1 3949/2522/1 1428/5952/1
f 3168/764/1 5721/2523/1 3947/2518/1
f 393/5093/1 3166/2521/1 5721/2523/1
f 5722/2520/1 3948/2519/1 551/5954/1
f 2328/2507/1 5722/2520/1 2631/4375/1
f 1088/5953/1 3947/2518/1 5722/2520/1
f 5723/2517/1 1794/2516/1 64/5852/1
f 3948/2519/1 5723/2517/1 1791/142/1
f 1428/5952/1 3946/2515/1 5723/2517/1
f 5724/2514/1 3945/2513/1 1427/5955/1
f 2613/851/1 5724/2514/1 3943/2509/1
f 213/5034/1 3167/2512/1 5724/2514/1
f 5725/2511/1 3944/2510/1 771/5957/1
f 1773/2246/1 5725/2511/1 2851/2476/1
f 533/5956/1 3943/2509/1 5725/2511/1
f 5726/2508/1 2328/2507/1 231/5085/1
f 3944/2510/1 5726/2508/1 2011/775/1
f 1427/5955/1 3942/2506/1 5726/2508/1
f 5727/2505/1 3941/2504/1 1426/5959/1
f 2833/116/1 5727/2505/1 3939/2500/1
f 54/5947/1 2853/2503/1 5727/2505/1
f 5728/2502/1 3940/2501/1 1087/5961/1
f 1993/4451/1 5728/2502/1 3167/2512/1
f 753/5960/1 3939/2500/1 5728/2502/1
f 5729/2499/1 2329/2498/1 393/5093/1
f 3940/2501/1 5729/2499/1 2327/763/1
f 1426/5959/1 3938/2497/1 5729/2499/1
f 5730/2496/1 3937/2495/1 1425/5962/1
f 3172/773/1 5730/2496/1 3935/2491/1
f 394/5087/1 3170/2494/1 5730/2496/1
f 5731/2493/1 3936/2492/1 549/5964/1
f 2332/2480/1 5731/2493/1 2629/4384/1
f 1092/5963/1 3935/2491/1 5731/2493/1
f 5732/2490/1 1792/2489/1 63/5862/1
f 3936/2492/1 5732/2490/1 1789/139/1
f 1425/5962/1 3934/2488/1 5732/2490/1
f 5733/2487/1 3933/2486/1 1424/5965/1
f 2611/860/1 5733/2487/1 3931/2482/1
f 211/5028/1 3171/2485/1 5733/2487/1
f 5734/2484/1 3932/2483/1 769/5967/1
f 1771/2219/1 5734/2484/1 2849/2449/1
f 531/5966/1 3931/2482/1 5734/2484/1
f 5735/2481/1 2332/2480/1 229/5079/1
f 3932/2483/1 5735/2481/1 2009/784/1
f 1424/5965/1 3930/2479/1 5735/2481/1
f 5736/2478/1 3929/2477/1 1423/5969/1
f 2831/113/1 5736/2478/1 3927/2473/1
f 53/5958/1 2851/2476/1 5736/2478/1
f 5737/2475/1 3928/2474/1 1091/5971/1
f 1991/4460/1 5737/2475/1 3171/2485/1
f 751/5970/1 3927/2473/1 5737/2475/1
f 5738/2472/1 2333/2471/1 394/5087/1
f 3928/2474/1 5738/2472/1 2331/772/1
f 1423/5969/1 3926/2470/1 5738/2472/1
f 5739/2469/1 3925/2468/1 1422/5972/1
f 3176/782/1 5739/2469/1 3923/2464/1
f 395/5081/1 3174/2467/1 5739/2469/1
f 5740/2466/1 3924/2465/1 547/5974/1
f 2336/2453/1 5740/2466/1 2627/4393/1
f 1096/5973/1 3923/2464/1 5740/2466/1
f 5741/2463/1 1790/2462/1 62/5872/1
f 3924/2465/1 5741/2463/1 1787/136/1
f 1422/5972/1 3922/2461/1 5741/2463/1
f 5742/2460/1 3921/2459/1 1421/5975/1
f 2609/869/1 5742/2460/1 3919/2455/1
f 209/5022/1 3175/2458/1 5742/2460/1
f 5743/2457/1 3920/2456/1 767/5977/1
f 1769/2192/1 5743/2457/1 2847/2422/1
f 529/5976/1 3919/2455/1 5743/2457/1
f 5744/2454/1 2336/2453/1 227/5073/1
f 3920/2456/1 5744/2454/1 2007/793/1
f 1421/5975/1 3918/2452/1 5744/2454/1
f 5745/2451/1 3917/2450/1 1420/5979/1
f 2829/110/1 5745/2451/1 3915/2446/1
f 52/5968/1 2849/2449/1 5745/2451/1
f 5746/2448/1 3916/2447/1 1095/5981/1
f 1989/4469/1 5746/2448/1 3175/2458/1
f 749/5980/1 3915/2446/1 5746/2448/1
f 5747/2445/1 2337/2444/1 395/5081/1
f 3916/2447/1 5747/2445/1 2335/781/1
f 1420/5979/1 3914/2443/1 5747/2445/1
f 5748/2442/1 3913/2441/1 1419/5982/1
f 3180/791/1 5748/2442/1 3911/2437/1
f 396/5075/1 3178/2440/1 5748/2442/1
f 5749/2439/1 3912/2438/1 545/5984/1
f 2340/2426/1 5749/2439/1 2625/4402/1
f 1100/5983/1 3911/2437/1 5749/2439/1
f 5750/2436/1 1788/2435/1 61/5882/1
f 3912/2438/1 5750/2436/1 1785/133/1
f 1419/5982/1 3910/2434/1 5750/2436/1
f 5751/2433/1 3909/2432/1 1418/5985/1
f 2607/878/1 5751/2433/1 3907/2428/1
f 207/5016/1 3179/2431/1 5751/2433/1
f 5752/2430/1 3908/2429/1 765/5987/1
f 1767/2165/1 5752/2430/1 2845/2395/1
f 527/5986/1 3907/2428/1 5752/2430/1
f 5753/2427/1 2340/2426/1 225/5067/1
f 3908/2429/1 5753/2427/1 2005/802/1
f 1418/5985/1 3906/2425/1 5753/2427/1
f 5754/2424/1 3905/2423/1 1417/5989/1
f 2827/107/1 5754/2424/1 3903/2419/1
f 51/5978/1 2847/2422/1 5754/2424/1
f 5755/2421/1 3904/2420/1 1099/5991/1
f 1987/4478/1 5755/2421/1 3179/2431/1
f 747/5990/1 3903/2419/1 5755/2421/1
f 5756/2418/1 2341/2417/1 396/5075/1
f 3904/2420/1 5756/2418/1 2339/790/1
f 1417/5989/1 3902/2416/1 5756/2418/1
f 5757/2415/1 3901/2414/1 1416/5992/1
f 3184/800/1 5757/2415/1 3899/2410/1
f 397/5069/1 3182/2413/1 5757/2415/1
f 5758/2412/1 3900/2411/1 543/5994/1
f 2344/2399/1 5758/2412/1 2623/4411/1
f 1104/5993/1 3899/2410/1 5758/2412/1
f 5759/2409/1 1786/2408/1 60/5892/1
f 3900/2411/1 5759/2409/1 1783/130/1
f 1416/5992/1 3898/2407/1 5759/2409/1
f 5760/2406/1 3897/2405/1 1415/5995/1
f 2605/887/1 5760/2406/1 3895/2401/1
f 205/5010/1 3183/2404/1 5760/2406/1
f 5761/2403/1 3896/2402/1 763/5997/1
f 1765/2138/1 5761/2403/1 2843/2368/1
f 525/5996/1 3895/2401/1 5761/2403/1
f 5762/2400/1 2344/2399/1 223/5061/1
f 3896/2402/1 5762/2400/1 2003/811/1
f 1415/5995/1 3894/2398/1 5762/2400/1
f 5763/2397/1 3893/2396/1 1414/5999/1
f 2825/104/1 5763/2397/1 3891/2392/1
f 50/5988/1 2845/2395/1 5763/2397/1
f 5764/2394/1 3892/2393/1 1103/6001/1
f 1985/4487/1 5764/2394/1 3183/2404/1
f 745/6000/1 3891/2392/1 5764/2394/1
f 5765/2391/1 2345/2390/1 397/5069/1
f 3892/2393/1 5765/2391/1 2343/799/1
f 1414/5999/1 3890/2389/1 5765/2391/1
f 5766/2388/1 3889/2387/1 1413/6002/1
f 3188/809/1 5766/2388/1 3887/2383/1
f 398/5063/1 3186/2386/1 5766/2388/1
f 5767/2385/1 3888/2384/1 541/6004/1
f 2348/2372/1 5767/2385/1 2621/4420/1
f 1108/6003/1 3887/2383/1 5767/2385/1
f 5768/2382/1 1784/2381/1 59/5902/1
f 3888/2384/1 5768/2382/1 1781/127/1
f 1413/6002/1 3886/2380/1 5768/2382/1
f 5769/2379/1 3885/2378/1 1412/6005/1
f 2603/896/1 5769/2379/1 3883/2374/1
f 203/5004/1 3187/2377/1 5769/2379/1
f 5770/2376/1 3884/2375/1 761/6007/1
f 1763/2111/1 5770/2376/1 2841/2341/1
f 523/6006/1 3883/2374/1 5770/2376/1
f 5771/2373/1 2348/2372/1 221/5055/1
f 3884/2375/1 5771/2373/1 2001/820/1
f 1412/6005/1 3882/2371/1 5771/2373/1
f 5772/2370/1 3881/2369/1 1411/6009/1
f 2823/101/1 5772/2370/1 3879/2365/1
f 49/5998/1 2843/2368/1 5772/2370/1
f 5773/2367/1 3880/2366/1 1107/6011/1
f 1983/4496/1 5773/2367/1 3187/2377/1
f 743/6010/1 3879/2365/1 5773/2367/1
f 5774/2364/1 2349/2363/1 398/5063/1
f 3880/2366/1 5774/2364/1 2347/808/1
f 1411/6009/1 3878/2362/1 5774/2364/1
f 5775/2361/1 3877/2360/1 1410/6012/1
f 3192/818/1 5775/2361/1 3875/2356/1
f 399/5057/1 3190/2359/1 5775/2361/1
f 5776/2358/1 3876/2357/1 539/6014/1
f 2352/2345/1 5776/2358/1 2619/4429/1
f 1112/6013/1 3875/2356/1 5776/2358/1
f 5777/2355/1 1782/2354/1 58/5912/1
f 3876/2357/1 5777/2355/1 1779/124/1
f 1410/6012/1 3874/2353/1 5777/2355/1
f 5778/2352/1 3873/2351/1 1409/6015/1
f 2601/905/1 5778/2352/1 3871/2347/1
f 201/4998/1 3191/2350/1 5778/2352/1
f 5779/2349/1 3872/2348/1 759/6017/1
f 1761/2084/1 5779/2349/1 2839/2314/1
f 521/6016/1 3871/2347/1 5779/2349/1
f 5780/2346/1 2352/2345/1 219/5049/1
f 3872/2348/1 5780/2346/1 1999/829/1
f 1409/6015/1 3870/2344/1 5780/2346/1
f 5781/2343/1 3869/2342/1 1408/6019/1
f 2821/98/1 5781/2343/1 3867/2338/1
f 48/6008/1 2841/2341/1 5781/2343/1
f 5782/2340/1 3868/2339/1 1111/6021/1
f 1981/4505/1 5782/2340/1 3191/2350/1
f 741/6020/1 3867/2338/1 5782/2340/1
f 5783/2337/1 2353/2336/1 399/5057/1
f 3868/2339/1 5783/2337/1 2351/817/1
f 1408/6019/1 3866/2335/1 5783/2337/1
f 5784/2334/1 3865/2333/1 1407/6022/1
f 3196/827/1 5784/2334/1 3863/2329/1
f 400/5051/1 3194/2332/1 5784/2334/1
f 5785/2331/1 3864/2330/1 537/6024/1
f 2356/2318/1 5785/2331/1 2617/4438/1
f 1116/6023/1 3863/2329/1 5785/2331/1
f 5786/2328/1 1780/2327/1 57/5922/1
f 3864/2330/1 5786/2328/1 1777/121/1
f 1407/6022/1 3862/2326/1 5786/2328/1
f 5787/2325/1 3861/2324/1 1406/6025/1
f 2599/914/1 5787/2325/1 3859/2320/1
f 199/4992/1 3195/2323/1 5787/2325/1
f 5788/2322/1 3860/2321/1 757/6027/1
f 1759/2057/1 5788/2322/1 2837/2287/1
f 519/6026/1 3859/2320/1 5788/2322/1
f 5789/2319/1 2356/2318/1 217/5043/1
f 3860/2321/1 5789/2319/1 1997/838/1
f 1406/6025/1 3858/2317/1 5789/2319/1
f 5790/2316/1 3857/2315/1 1405/6029/1
f 2819/95/1 5790/2316/1 3855/2311/1
f 47/6018/1 2839/2314/1 5790/2316/1
f 5791/2313/1 3856/2312/1 1115/6031/1
f 1979/4514/1 5791/2313/1 3195/2323/1
f 739/6030/1 3855/2311/1 5791/2313/1
f 5792/2310/1 2357/2309/1 400/5051/1
f 3856/2312/1 5792/2310/1 2355/826/1
f 1405/6029/1 3854/2308/1 5792/2310/1
f 5793/2307/1 3853/2306/1 1404/6032/1
f 3200/836/1 5793/2307/1 3851/2302/1
f 401/5045/1 3198/2305/1 5793/2307/1
f 5794/2304/1 3852/2303/1 756/6034/1
f 2360/2291/1 5794/2304/1 1996/6035/1
f 1120/6033/1 3851/2302/1 5794/2304/1
f 5795/2301/1 1778/2300/1 56/5936/1
f 3852/2303/1 5795/2301/1 2836/6037/1
f 1404/6032/1 3850/2299/1 5795/2301/1
f 5796/2298/1 3849/2297/1 1403/6038/1
f 2597/923/1 5796/2298/1 3847/2293/1
f 197/4986/1 3199/2296/1 5796/2298/1
f 5797/2295/1 3848/2294/1 536/6040/1
f 1757/2030/1 5797/2295/1 1776/6041/1
f 517/6039/1 3847/2293/1 5797/2295/1
f 5798/2292/1 2360/2291/1 216/6036/1
f 3848/2294/1 5798/2292/1 2616/6043/1
f 1403/6038/1 3846/2290/1 5798/2292/1
f 5799/2289/1 3845/2288/1 1402/6044/1
f 2817/92/1 5799/2289/1 3843/2284/1
f 46/6028/1 2837/2287/1 5799/2289/1
f 5800/2286/1 3844/2285/1 1119/6046/1
f 1977/4523/1 5800/2286/1 3199/2296/1
f 737/6045/1 3843/2284/1 5800/2286/1
f 5801/2283/1 2361/2282/1 401/5045/1
f 3844/2285/1 5801/2283/1 2359/835/1
f 1402/6044/1 3842/2281/1 5801/2283/1
f 5802/2280/1 3841/2279/1 1401/6047/1
f 3204/845/1 5802/2280/1 3839/2275/1
f 402/5039/1 3202/2278/1 5802/2280/1
f 5803/2277/1 3840/2276/1 532/6049/1
f 2364/2264/1 5803/2277/1 2612/4456/1
f 1124/6048/1 3839/2275/1 5803/2277/1
f 5804/2274/1 1775/2273/1 54/5947/1
f 3840/2276/1 5804/2274/1 1772/115/1
f 1401/6047/1 3838/2272/1 5804/2274/1
f 5805/2271/1 3837/2270/1 1400/6050/1
f 2594/932/1 5805/2271/1 3835/2266/1
f 194/4980/1 3203/2269/1 5805/2271/1
f 5806/2268/1 3836/2267/1 752/6052/1
f 1754/2003/1 5806/2268/1 2832/2233/1
f 514/6051/1 3835/2266/1 5806/2268/1
f 5807/2265/1 2364/2264/1 212/5031/1
f 3836/2267/1 5807/2265/1 1992/856/1
f 1400/6050/1 3834/2263/1 5807/2265/1
f 5808/2262/1 3833/2261/1 1399/6054/1
f 2814/89/1 5808/2262/1 3831/2257/1
f 44/6056/1 2834/2260/1 5808/2262/1
f 5809/2259/1 3832/2258/1 1123/6057/1
f 1974/4532/1 5809/2259/1 3203/2269/1
f 734/6055/1 3831/2257/1 5809/2259/1
f 5810/2256/1 2365/2255/1 402/5039/1
f 3832/2258/1 5810/2256/1 2363/844/1
f 1399/6054/1 3830/2254/1 5810/2256/1
f 5811/2253/1 3829/2252/1 1398/6058/1
f 3208/854/1 5811/2253/1 3827/2248/1
f 403/5033/1 3206/2251/1 5811/2253/1
f 5812/2250/1 3828/2249/1 530/6060/1
f 2368/2237/1 5812/2250/1 2610/4465/1
f 1128/6059/1 3827/2248/1 5812/2250/1
f 5813/2247/1 1773/2246/1 53/5958/1
f 3828/2249/1 5813/2247/1 1770/112/1
f 1398/6058/1 3826/2245/1 5813/2247/1
f 5814/2244/1 3825/2243/1 1397/6061/1
f 2592/941/1 5814/2244/1 3823/2239/1
f 192/4974/1 3207/2242/1 5814/2244/1
f 5815/2241/1 3824/2240/1 750/6063/1
f 1752/1976/1 5815/2241/1 2830/2206/1
f 512/6062/1 3823/2239/1 5815/2241/1
f 5816/2238/1 2368/2237/1 210/5025/1
f 3824/2240/1 5816/2238/1 1990/865/1
f 1397/6061/1 3822/2236/1 5816/2238/1
f 5817/2235/1 3821/2234/1 1396/6065/1
f 2812/86/1 5817/2235/1 3819/2230/1
f 43/6053/1 2832/2233/1 5817/2235/1
f 5818/2232/1 3820/2231/1 1127/6067/1
f 1972/4541/1 5818/2232/1 3207/2242/1
f 732/6066/1 3819/2230/1 5818/2232/1
f 5819/2229/1 2369/2228/1 403/5033/1
f 3820/2231/1 5819/2229/1 2367/853/1
f 1396/6065/1 3818/2227/1 5819/2229/1
f 5820/2226/1 3817/2225/1 1395/6068/1
f 3212/863/1 5820/2226/1 3815/2221/1
f 404/5027/1 3210/2224/1 5820/2226/1
f 5821/2223/1 3816/2222/1 528/6070/1
f 2372/2210/1 5821/2223/1 2608/4474/1
f 1132/6069/1 3815/2221/1 5821/2223/1
f 5822/2220/1 1771/2219/1 52/5968/1
f 3816/2222/1 5822/2220/1 1768/109/1
f 1395/6068/1 3814/2218/1 5822/2220/1
f 5823/2217/1 3813/2216/1 1394/6071/1
f 2590/950/1 5823/2217/1 3811/2212/1
f 190/4968/1 3211/2215/1 5823/2217/1
f 5824/2214/1 3812/2213/1 748/6073/1
f 1750/1949/1 5824/2214/1 2828/2179/1
f 510/6072/1 3811/2212/1 5824/2214/1
f 5825/2211/1 2372/2210/1 208/5019/1
f 3812/2213/1 5825/2211/1 1988/874/1
f 1394/6071/1 3810/2209/1 5825/2211/1
f 5826/2208/1 3809/2207/1 1393/6075/1
f 2810/83/1 5826/2208/1 3807/2203/1
f 42/6064/1 2830/2206/1 5826/2208/1
f 5827/2205/1 3808/2204/1 1131/6077/1
f 1970/4550/1 5827/2205/1 3211/2215/1
f 730/6076/1 3807/2203/1 5827/2205/1
f 5828/2202/1 2373/2201/1 404/5027/1
f 3808/2204/1 5828/2202/1 2371/862/1
f 1393/6075/1 3806/2200/1 5828/2202/1
f 5829/2199/1 3805/2198/1 1392/6078/1
f 3216/872/1 5829/2199/1 3803/2194/1
f 405/5021/1 3214/2197/1 5829/2199/1
f 5830/2196/1 3804/2195/1 526/6080/1
f 2376/2183/1 5830/2196/1 2606/4483/1
f 1136/6079/1 3803/2194/1 5830/2196/1
f 5831/2193/1 1769/2192/1 51/5978/1
f 3804/2195/1 5831/2193/1 1766/106/1
f 1392/6078/1 3802/2191/1 5831/2193/1
f 5832/2190/1 3801/2189/1 1391/6081/1
f 2588/959/1 5832/2190/1 3799/2185/1
f 188/4962/1 3215/2188/1 5832/2190/1
f 5833/2187/1 3800/2186/1 746/6083/1
f 1748/1922/1 5833/2187/1 2826/2152/1
f 508/6082/1 3799/2185/1 5833/2187/1
f 5834/2184/1 2376/2183/1 206/5013/1
f 3800/2186/1 5834/2184/1 1986/883/1
f 1391/6081/1 3798/2182/1 5834/2184/1
f 5835/2181/1 3797/2180/1 1390/6085/1
f 2808/80/1 5835/2181/1 3795/2176/1
f 41/6074/1 2828/2179/1 5835/2181/1
f 5836/2178/1 3796/2177/1 1135/6087/1
f 1968/4559/1 5836/2178/1 3215/2188/1
f 728/6086/1 3795/2176/1 5836/2178/1
f 5837/2175/1 2377/2174/1 405/5021/1
f 3796/2177/1 5837/2175/1 2375/871/1
f 1390/6085/1 3794/2173/1 5837/2175/1
f 5838/2172/1 3793/2171/1 1389/6088/1
f 3220/881/1 5838/2172/1 3791/2167/1
f 406/5015/1 3218/2170/1 5838/2172/1
f 5839/2169/1 3792/2168/1 524/6090/1
f 2380/2156/1 5839/2169/1 2604/4492/1
f 1140/6089/1 3791/2167/1 5839/2169/1
f 5840/2166/1 1767/2165/1 50/5988/1
f 3792/2168/1 5840/2166/1 1764/103/1
f 1389/6088/1 3790/2164/1 5840/2166/1
f 5841/2163/1 3789/2162/1 1388/6091/1
f 2586/968/1 5841/2163/1 3787/2158/1
f 186/4956/1 3219/2161/1 5841/2163/1
f 5842/2160/1 3788/2159/1 744/6093/1
f 1746/1895/1 5842/2160/1 2824/2125/1
f 506/6092/1 3787/2158/1 5842/2160/1
f 5843/2157/1 2380/2156/1 204/5007/1
f 3788/2159/1 5843/2157/1 1984/892/1
f 1388/6091/1 3786/2155/1 5843/2157/1
f 5844/2154/1 3785/2153/1 1387/6095/1
f 2806/77/1 5844/2154/1 3783/2149/1
f 40/6084/1 2826/2152/1 5844/2154/1
f 5845/2151/1 3784/2150/1 1139/6097/1
f 1966/4568/1 5845/2151/1 3219/2161/1
f 726/6096/1 3783/2149/1 5845/2151/1
f 5846/2148/1 2381/2147/1 406/5015/1
f 3784/2150/1 5846/2148/1 2379/880/1
f 1387/6095/1 3782/2146/1 5846/2148/1
f 5847/2145/1 3781/2144/1 1386/6098/1
f 3224/890/1 5847/2145/1 3779/2140/1
f 407/5009/1 3222/2143/1 5847/2145/1
f 5848/2142/1 3780/2141/1 522/6100/1
f 2384/2129/1 5848/2142/1 2602/4501/1
f 1144/6099/1 3779/2140/1 5848/2142/1
f 5849/2139/1 1765/2138/1 49/5998/1
f 3780/2141/1 5849/2139/1 1762/100/1
f 1386/6098/1 3778/2137/1 5849/2139/1
f 5850/2136/1 3777/2135/1 1385/6101/1
f 2584/977/1 5850/2136/1 3775/2131/1
f 184/4950/1 3223/2134/1 5850/2136/1
f 5851/2133/1 3776/2132/1 742/6103/1
f 1744/1868/1 5851/2133/1 2822/2098/1
f 504/6102/1 3775/2131/1 5851/2133/1
f 5852/2130/1 2384/2129/1 202/5001/1
f 3776/2132/1 5852/2130/1 1982/901/1
f 1385/6101/1 3774/2128/1 5852/2130/1
f 5853/2127/1 3773/2126/1 1384/6105/1
f 2804/74/1 5853/2127/1 3771/2122/1
f 39/6094/1 2824/2125/1 5853/2127/1
f 5854/2124/1 3772/2123/1 1143/6107/1
f 1964/4577/1 5854/2124/1 3223/2134/1
f 724/6106/1 3771/2122/1 5854/2124/1
f 5855/2121/1 2385/2120/1 407/5009/1
f 3772/2123/1 5855/2121/1 2383/889/1
f 1384/6105/1 3770/2119/1 5855/2121/1
f 5856/2118/1 3769/2117/1 1383/6108/1
f 3228/899/1 5856/2118/1 3767/2113/1
f 408/5003/1 3226/2116/1 5856/2118/1
f 5857/2115/1 3768/2114/1 520/6110/1
f 2388/2102/1 5857/2115/1 2600/4510/1
f 1148/6109/1 3767/2113/1 5857/2115/1
f 5858/2112/1 1763/2111/1 48/6008/1
f 3768/2114/1 5858/2112/1 1760/97/1
f 1383/6108/1 3766/2110/1 5858/2112/1
f 5859/2109/1 3765/2108/1 1382/6111/1
f 2582/986/1 5859/2109/1 3763/2104/1
f 182/4944/1 3227/2107/1 5859/2109/1
f 5860/2106/1 3764/2105/1 740/6113/1
f 1742/1841/1 5860/2106/1 2820/2071/1
f 502/6112/1 3763/2104/1 5860/2106/1
f 5861/2103/1 2388/2102/1 200/4995/1
f 3764/2105/1 5861/2103/1 1980/910/1
f 1382/6111/1 3762/2101/1 5861/2103/1
f 5862/2100/1 3761/2099/1 1381/6115/1
f 2802/71/1 5862/2100/1 3759/2095/1
f 38/6104/1 2822/2098/1 5862/2100/1
f 5863/2097/1 3760/2096/1 1147/6117/1
f 1962/4586/1 5863/2097/1 3227/2107/1
f 722/6116/1 3759/2095/1 5863/2097/1
f 5864/2094/1 2389/2093/1 408/5003/1
f 3760/2096/1 5864/2094/1 2387/898/1
f 1381/6115/1 3758/2092/1 5864/2094/1
f 5865/2091/1 3757/2090/1 1380/6118/1
f 3232/908/1 5865/2091/1 3755/2086/1
f 409/4997/1 3230/2089/1 5865/2091/1
f 5866/2088/1 3756/2087/1 518/6120/1
f 2392/2075/1 5866/2088/1 2598/4519/1
f 1152/6119/1 3755/2086/1 5866/2088/1
f 5867/2085/1 1761/2084/1 47/6018/1
f 3756/2087/1 5867/2085/1 1758/94/1
f 1380/6118/1 3754/2083/1 5867/2085/1
f 5868/2082/1 3753/2081/1 1379/6121/1
f 2580/995/1 5868/2082/1 3751/2077/1
f 180/4938/1 3231/2080/1 5868/2082/1
f 5869/2079/1 3752/2078/1 738/6123/1
f 1740/1814/1 5869/2079/1 2818/2044/1
f 500/6122/1 3751/2077/1 5869/2079/1
f 5870/2076/1 2392/2075/1 198/4989/1
f 3752/2078/1 5870/2076/1 1978/919/1
f 1379/6121/1 3750/2074/1 5870/2076/1
f 5871/2073/1 3749/2072/1 1378/6125/1
f 2800/68/1 5871/2073/1 3747/2068/1
f 37/6114/1 2820/2071/1 5871/2073/1
f 5872/2070/1 3748/2069/1 1151/6127/1
f 1960/4595/1 5872/2070/1 3231/2080/1
f 720/6126/1 3747/2068/1 5872/2070/1
f 5873/2067/1 2393/2066/1 409/4997/1
f 3748/2069/1 5873/2067/1 2391/907/1
f 1378/6125/1 3746/2065/1 5873/2067/1
f 5874/2064/1 3745/2063/1 1377/6128/1
f 3236/917/1 5874/2064/1 3743/2059/1
f 410/4991/1 3234/2062/1 5874/2064/1
f 5875/2061/1 3744/2060/1 516/6130/1
f 2396/2048/1 5875/2061/1 2596/4528/1
f 1156/6129/1 3743/2059/1 5875/2061/1
f 5876/2058/1 1759/2057/1 46/6028/1
f 3744/2060/1 5876/2058/1 1756/91/1
f 1377/6128/1 3742/2056/1 5876/2058/1
f 5877/2055/1 3741/2054/1 1376/6131/1
f 2578/1004/1 5877/2055/1 3739/2050/1
f 178/4932/1 3235/2053/1 5877/2055/1
f 5878/2052/1 3740/2051/1 736/6133/1
f 1738/1787/1 5878/2052/1 2816/2017/1
f 498/6132/1 3739/2050/1 5878/2052/1
f 5879/2049/1 2396/2048/1 196/4983/1
f 3740/2051/1 5879/2049/1 1976/928/1
f 1376/6131/1 3738/2047/1 5879/2049/1
f 5880/2046/1 3737/2045/1 1375/6135/1
f 2798/65/1 5880/2046/1 3735/2041/1
f 36/6124/1 2818/2044/1 5880/2046/1
f 5881/2043/1 3736/2042/1 1155/6137/1
f 1958/4604/1 5881/2043/1 3235/2053/1
f 718/6136/1 3735/2041/1 5881/2043/1
f 5882/2040/1 2397/2039/1 410/4991/1
f 3736/2042/1 5882/2040/1 2395/916/1
f 1375/6135/1 3734/2038/1 5882/2040/1
f 5883/2037/1 3733/2036/1 1374/6138/1
f 3240/926/1 5883/2037/1 3731/2032/1
f 411/4985/1 3238/2035/1 5883/2037/1
f 5884/2034/1 3732/2033/1 735/6140/1
f 2400/2021/1 5884/2034/1 1975/6141/1
f 1160/6139/1 3731/2032/1 5884/2034/1
f 5885/2031/1 1757/2030/1 45/6042/1
f 3732/2033/1 5885/2031/1 2815/6143/1
f 1374/6138/1 3730/2029/1 5885/2031/1
f 5886/2028/1 3729/2027/1 1373/6144/1
f 2576/1013/1 5886/2028/1 3727/2023/1
f 176/4926/1 3239/2026/1 5886/2028/1
f 5887/2025/1 3728/2024/1 515/6146/1
f 1736/1760/1 5887/2025/1 1755/6147/1
f 496/6145/1 3727/2023/1 5887/2025/1
f 5888/2022/1 2400/2021/1 195/6142/1
f 3728/2024/1 5888/2022/1 2595/6149/1
f 1373/6144/1 3726/2020/1 5888/2022/1
f 5889/2019/1 3725/2018/1 1372/6150/1
f 2796/62/1 5889/2019/1 3723/2014/1
f 35/6134/1 2816/2017/1 5889/2019/1
f 5890/2016/1 3724/2015/1 1159/6152/1
f 1956/4613/1 5890/2016/1 3239/2026/1
f 716/6151/1 3723/2014/1 5890/2016/1
f 5891/2013/1 2401/2012/1 411/4985/1
f 3724/2015/1 5891/2013/1 2399/925/1
f 1372/6150/1 3722/2011/1 5891/2013/1
f 5892/2010/1 3721/2009/1 1371/6153/1
f 3244/935/1 5892/2010/1 3719/2005/1
f 412/4979/1 3242/2008/1 5892/2010/1
f 5893/2007/1 3720/2006/1 511/6155/1
f 2404/1994/1 5893/2007/1 2591/4546/1
f 1164/6154/1 3719/2005/1 5893/2007/1
f 5894/2004/1 1754/2003/1 43/6053/1
f 3720/2006/1 5894/2004/1 1751/85/1
f 1371/6153/1 3718/2002/1 5894/2004/1
f 5895/2001/1 3717/2000/1 1370/6156/1
f 2573/1022/1 5895/2001/1 3715/1996/1
f 173/4920/1 3243/1999/1 5895/2001/1
f 5896/1998/1 3716/1997/1 731/6158/1
f 1733/1733/1 5896/1998/1 2811/1963/1
f 493/6157/1 3715/1996/1 5896/1998/1
f 5897/1995/1 2404/1994/1 191/4971/1
f 3716/1997/1 5897/1995/1 1971/946/1
f 1370/6156/1 3714/1993/1 5897/1995/1
f 5898/1992/1 3713/1991/1 1369/6160/1
f 2793/59/1 5898/1992/1 3711/1987/1
f 33/6162/1 2813/1990/1 5898/1992/1
f 5899/1989/1 3712/1988/1 1163/6163/1
f 1953/4622/1 5899/1989/1 3243/1999/1
f 713/6161/1 3711/1987/1 5899/1989/1
f 5900/1986/1 2405/1985/1 412/4979/1
f 3712/1988/1 5900/1986/1 2403/934/1
f 1369/6160/1 3710/1984/1 5900/1986/1
f 5901/1983/1 3709/1982/1 1368/6164/1
f 3248/944/1 5901/1983/1 3707/1978/1
f 413/4973/1 3246/1981/1 5901/1983/1
f 5902/1980/1 3708/1979/1 509/6166/1
f 2408/1967/1 5902/1980/1 2589/4555/1
f 1168/6165/1 3707/1978/1 5902/1980/1
f 5903/1977/1 1752/1976/1 42/6064/1
f 3708/1979/1 5903/1977/1 1749/82/1
f 1368/6164/1 3706/1975/1 5903/1977/1
f 5904/1974/1 3705/1973/1 1367/6167/1
f 2571/1031/1 5904/1974/1 3703/1969/1
f 171/4914/1 3247/1972/1 5904/1974/1
f 5905/1971/1 3704/1970/1 729/6169/1
f 1731/1706/1 5905/1971/1 2809/1936/1
f 491/6168/1 3703/1969/1 5905/1971/1
f 5906/1968/1 2408/1967/1 189/4965/1
f 3704/1970/1 5906/1968/1 1969/955/1
f 1367/6167/1 3702/1966/1 5906/1968/1
f 5907/1965/1 3701/1964/1 1366/6171/1
f 2791/56/1 5907/1965/1 3699/1960/1
f 32/6159/1 2811/1963/1 5907/1965/1
f 5908/1962/1 3700/1961/1 1167/6173/1
f 1951/4631/1 5908/1962/1 3247/1972/1
f 711/6172/1 3699/1960/1 5908/1962/1
f 5909/1959/1 2409/1958/1 413/4973/1
f 3700/1961/1 5909/1959/1 2407/943/1
f 1366/6171/1 3698/1957/1 5909/1959/1
f 5910/1956/1 3697/1955/1 1365/6174/1
f 3252/953/1 5910/1956/1 3695/1951/1
f 414/4967/1 3250/1954/1 5910/1956/1
f 5911/1953/1 3696/1952/1 507/6176/1
f 2412/1940/1 5911/1953/1 2587/4564/1
f 1172/6175/1 3695/1951/1 5911/1953/1
f 5912/1950/1 1750/1949/1 41/6074/1
f 3696/1952/1 5912/1950/1 1747/79/1
f 1365/6174/1 3694/1948/1 5912/1950/1
f 5913/1947/1 3693/1946/1 1364/6177/1
f 2569/1040/1 5913/1947/1 3691/1942/1
f 169/4908/1 3251/1945/1 5913/1947/1
f 5914/1944/1 3692/1943/1 727/6179/1
f 1729/1679/1 5914/1944/1 2807/1909/1
f 489/6178/1 3691/1942/1 5914/1944/1
f 5915/1941/1 2412/1940/1 187/4959/1
f 3692/1943/1 5915/1941/1 1967/964/1
f 1364/6177/1 3690/1939/1 5915/1941/1
f 5916/1938/1 3689/1937/1 1363/6181/1
f 2789/53/1 5916/1938/1 3687/1933/1
f 31/6170/1 2809/1936/1 5916/1938/1
f 5917/1935/1 3688/1934/1 1171/6183/1
f 1949/4640/1 5917/1935/1 3251/1945/1
f 709/6182/1 3687/1933/1 5917/1935/1
f 5918/1932/1 2413/1931/1 414/4967/1
f 3688/1934/1 5918/1932/1 2411/952/1
f 1363/6181/1 3686/1930/1 5918/1932/1
f 5919/1929/1 3685/1928/1 1362/6184/1
f 3256/962/1 5919/1929/1 3683/1924/1
f 415/4961/1 3254/1927/1 5919/1929/1
f 5920/1926/1 3684/1925/1 505/6186/1
f 2416/1913/1 5920/1926/1 2585/4573/1
f 1176/6185/1 3683/1924/1 5920/1926/1
f 5921/1923/1 1748/1922/1 40/6084/1
f 3684/1925/1 5921/1923/1 1745/76/1
f 1362/6184/1 3682/1921/1 5921/1923/1
f 5922/1920/1 3681/1919/1 1361/6187/1
f 2567/1049/1 5922/1920/1 3679/1915/1
f 167/4902/1 3255/1918/1 5922/1920/1
f 5923/1917/1 3680/1916/1 725/6189/1
f 1727/1652/1 5923/1917/1 2805/1882/1
f 487/6188/1 3679/1915/1 5923/1917/1
f 5924/1914/1 2416/1913/1 185/4953/1
f 3680/1916/1 5924/1914/1 1965/973/1
f 1361/6187/1 3678/1912/1 5924/1914/1
f 5925/1911/1 3677/1910/1 1360/6191/1
f 2787/50/1 5925/1911/1 3675/1906/1
f 30/6180/1 2807/1909/1 5925/1911/1
f 5926/1908/1 3676/1907/1 1175/6193/1
f 1947/4649/1 5926/1908/1 3255/1918/1
f 707/6192/1 3675/1906/1 5926/1908/1
f 5927/1905/1 2417/1904/1 415/4961/1
f 3676/1907/1 5927/1905/1 2415/961/1
f 1360/6191/1 3674/1903/1 5927/1905/1
f 5928/1902/1 3673/1901/1 1359/6194/1
f 3260/971/1 5928/1902/1 3671/1897/1
f 416/4955/1 3258/1900/1 5928/1902/1
f 5929/1899/1 3672/1898/1 503/6196/1
f 2420/1886/1 5929/1899/1 2583/4582/1
f 1180/6195/1 3671/1897/1 5929/1899/1
f 5930/1896/1 1746/1895/1 39/6094/1
f 3672/1898/1 5930/1896/1 1743/73/1
f 1359/6194/1 3670/1894/1 5930/1896/1
f 5931/1893/1 3669/1892/1 1358/6197/1
f 2565/1058/1 5931/1893/1 3667/1888/1
f 165/4896/1 3259/1891/1 5931/1893/1
f 5932/1890/1 3668/1889/1 723/6199/1
f 1725/1625/1 5932/1890/1 2803/1855/1
f 485/6198/1 3667/1888/1 5932/1890/1
f 5933/1887/1 2420/1886/1 183/4947/1
f 3668/1889/1 5933/1887/1 1963/982/1
f 1358/6197/1 3666/1885/1 5933/1887/1
f 5934/1884/1 3665/1883/1 1357/6201/1
f 2785/47/1 5934/1884/1 3663/1879/1
f 29/6190/1 2805/1882/1 5934/1884/1
f 5935/1881/1 3664/1880/1 1179/6203/1
f 1945/4658/1 5935/1881/1 3259/1891/1
f 705/6202/1 3663/1879/1 5935/1881/1
f 5936/1878/1 2421/1877/1 416/4955/1
f 3664/1880/1 5936/1878/1 2419/970/1
f 1357/6201/1 3662/1876/1 5936/1878/1
f 5937/1875/1 3661/1874/1 1356/6204/1
f 3264/980/1 5937/1875/1 3659/1870/1
f 417/4949/1 3262/1873/1 5937/1875/1
f 5938/1872/1 3660/1871/1 501/6206/1
f 2424/1859/1 5938/1872/1 2581/4591/1
f 1184/6205/1 3659/1870/1 5938/1872/1
f 5939/1869/1 1744/1868/1 38/6104/1
f 3660/1871/1 5939/1869/1 1741/70/1
f 1356/6204/1 3658/1867/1 5939/1869/1
f 5940/1866/1 3657/1865/1 1355/6207/1
f 2563/1067/1 5940/1866/1 3655/1861/1
f 163/4890/1 3263/1864/1 5940/1866/1
f 5941/1863/1 3656/1862/1 721/6209/1
f 1723/1598/1 5941/1863/1 2801/1828/1
f 483/6208/1 3655/1861/1 5941/1863/1
f 5942/1860/1 2424/1859/1 181/4941/1
f 3656/1862/1 5942/1860/1 1961/991/1
f 1355/6207/1 3654/1858/1 5942/1860/1
f 5943/1857/1 3653/1856/1 1354/6211/1
f 2783/44/1 5943/1857/1 3651/1852/1
f 28/6200/1 2803/1855/1 5943/1857/1
f 5944/1854/1 3652/1853/1 1183/6213/1
f 1943/4667/1 5944/1854/1 3263/1864/1
f 703/6212/1 3651/1852/1 5944/1854/1
f 5945/1851/1 2425/1850/1 417/4949/1
f 3652/1853/1 5945/1851/1 2423/979/1
f 1354/6211/1 3650/1849/1 5945/1851/1
f 5946/1848/1 3649/1847/1 1353/6214/1
f 3268/989/1 5946/1848/1 3647/1843/1
f 418/4943/1 3266/1846/1 5946/1848/1
f 5947/1845/1 3648/1844/1 499/6216/1
f 2428/1832/1 5947/1845/1 2579/4600/1
f 1188/6215/1 3647/1843/1 5947/1845/1
f 5948/1842/1 1742/1841/1 37/6114/1
f 3648/1844/1 5948/1842/1 1739/67/1
f 1353/6214/1 3646/1840/1 5948/1842/1
f 5949/1839/1 3645/1838/1 1352/6217/1
f 2561/1076/1 5949/1839/1 3643/1834/1
f 161/4884/1 3267/1837/1 5949/1839/1
f 5950/1836/1 3644/1835/1 719/6219/1
f 1721/1571/1 5950/1836/1 2799/1801/1
f 481/6218/1 3643/1834/1 5950/1836/1
f 5951/1833/1 2428/1832/1 179/4935/1
f 3644/1835/1 5951/1833/1 1959/1000/1
f 1352/6217/1 3642/1831/1 5951/1833/1
f 5952/1830/1 3641/1829/1 1351/6221/1
f 2781/41/1 5952/1830/1 3639/1825/1
f 27/6210/1 2801/1828/1 5952/1830/1
f 5953/1827/1 3640/1826/1 1187/6223/1
f 1941/4676/1 5953/1827/1 3267/1837/1
f 701/6222/1 3639/1825/1 5953/1827/1
f 5954/1824/1 2429/1823/1 418/4943/1
f 3640/1826/1 5954/1824/1 2427/988/1
f 1351/6221/1 3638/1822/1 5954/1824/1
f 5955/1821/1 3637/1820/1 1350/6224/1
f 3272/998/1 5955/1821/1 3635/1816/1
f 419/4937/1 3270/1819/1 5955/1821/1
f 5956/1818/1 3636/1817/1 497/6226/1
f 2432/1805/1 5956/1818/1 2577/4609/1
f 1192/6225/1 3635/1816/1 5956/1818/1
f 5957/1815/1 1740/1814/1 36/6124/1
f 3636/1817/1 5957/1815/1 1737/64/1
f 1350/6224/1 3634/1813/1 5957/1815/1
f 5958/1812/1 3633/1811/1 1349/6227/1
f 2559/1085/1 5958/1812/1 3631/1807/1
f 159/4878/1 3271/1810/1 5958/1812/1
f 5959/1809/1 3632/1808/1 717/6229/1
f 1719/1544/1 5959/1809/1 2797/1774/1
f 479/6228/1 3631/1807/1 5959/1809/1
f 5960/1806/1 2432/1805/1 177/4929/1
f 3632/1808/1 5960/1806/1 1957/1009/1
f 1349/6227/1 3630/1804/1 5960/1806/1
f 5961/1803/1 3629/1802/1 1348/6231/1
f 2779/38/1 5961/1803/1 3627/1798/1
f 26/6220/1 2799/1801/1 5961/1803/1
f 5962/1800/1 3628/1799/1 1191/6233/1
f 1939/4685/1 5962/1800/1 3271/1810/1
f 699/6232/1 3627/1798/1 5962/1800/1
f 5963/1797/1 2433/1796/1 419/4937/1
f 3628/1799/1 5963/1797/1 2431/997/1
f 1348/6231/1 3626/1795/1 5963/1797/1
f 5964/1794/1 3625/1793/1 1347/6234/1
f 3276/1007/1 5964/1794/1 3623/1789/1
f 420/4931/1 3274/1792/1 5964/1794/1
f 5965/1791/1 3624/1790/1 495/6236/1
f 2436/1778/1 5965/1791/1 2575/4618/1
f 1196/6235/1 3623/1789/1 5965/1791/1
f 5966/1788/1 1738/1787/1 35/6134/1
f 3624/1790/1 5966/1788/1 1735/61/1
f 1347/6234/1 3622/1786/1 5966/1788/1
f 5967/1785/1 3621/1784/1 1346/6237/1
f 2557/1094/1 5967/1785/1 3619/1780/1
f 157/4872/1 3275/1783/1 5967/1785/1
f 5968/1782/1 3620/1781/1 715/6239/1
f 1717/1517/1 5968/1782/1 2795/1747/1
f 477/6238/1 3619/1780/1 5968/1782/1
f 5969/1779/1 2436/1778/1 175/4923/1
f 3620/1781/1 5969/1779/1 1955/1018/1
f 1346/6237/1 3618/1777/1 5969/1779/1
f 5970/1776/1 3617/1775/1 1345/6241/1
f 2777/35/1 5970/1776/1 3615/1771/1
f 25/6230/1 2797/1774/1 5970/1776/1
f 5971/1773/1 3616/1772/1 1195/6243/1
f 1937/4694/1 5971/1773/1 3275/1783/1
f 697/6242/1 3615/1771/1 5971/1773/1
f 5972/1770/1 2437/1769/1 420/4931/1
f 3616/1772/1 5972/1770/1 2435/1006/1
f 1345/6241/1 3614/1768/1 5972/1770/1
f 5973/1767/1 3613/1766/1 1344/6244/1
f 3280/1016/1 5973/1767/1 3611/1762/1
f 421/4925/1 3278/1765/1 5973/1767/1
f 5974/1764/1 3612/1763/1 714/6246/1
f 2440/1751/1 5974/1764/1 1954/6247/1
f 1200/6245/1 3611/1762/1 5974/1764/1
f 5975/1761/1 1736/1760/1 34/6148/1
f 3612/1763/1 5975/1761/1 2794/6249/1
f 1344/6244/1 3610/1759/1 5975/1761/1
f 5976/1758/1 3609/1757/1 1343/6250/1
f 2555/1103/1 5976/1758/1 3607/1753/1
f 155/4866/1 3279/1756/1 5976/1758/1
f 5977/1755/1 3608/1754/1 494/6252/1
f 1715/1490/1 5977/1755/1 1734/6253/1
f 475/6251/1 3607/1753/1 5977/1755/1
f 5978/1752/1 2440/1751/1 174/6248/1
f 3608/1754/1 5978/1752/1 2574/6255/1
f 1343/6250/1 3606/1750/1 5978/1752/1
f 5979/1749/1 3605/1748/1 1342/6256/1
f 2775/32/1 5979/1749/1 3603/1744/1
f 24/6240/1 2795/1747/1 5979/1749/1
f 5980/1746/1 3604/1745/1 1199/6258/1
f 1935/4703/1 5980/1746/1 3279/1756/1
f 695/6257/1 3603/1744/1 5980/1746/1
f 5981/1743/1 2441/1742/1 421/4925/1
f 3604/1745/1 5981/1743/1 2439/1015/1
f 1342/6256/1 3602/1741/1 5981/1743/1
f 5982/1740/1 3601/1739/1 1341/6259/1
f 3284/1025/1 5982/1740/1 3599/1735/1
f 422/4919/1 3282/1738/1 5982/1740/1
f 5983/1737/1 3600/1736/1 490/6261/1
f 2444/1724/1 5983/1737/1 2570/4636/1
f 1204/6260/1 3599/1735/1 5983/1737/1
f 5984/1734/1 1733/1733/1 32/6159/1
f 3600/1736/1 5984/1734/1 1730/55/1
f 1341/6259/1 3598/1732/1 5984/1734/1
f 5985/1731/1 3597/1730/1 1340/6262/1
f 2552/1112/1 5985/1731/1 3595/1726/1
f 152/4860/1 3283/1729/1 5985/1731/1
f 5986/1728/1 3596/1727/1 710/6264/1
f 1712/1463/1 5986/1728/1 2790/1693/1
f 472/6263/1 3595/1726/1 5986/1728/1
f 5987/1725/1 2444/1724/1 170/4911/1
f 3596/1727/1 5987/1725/1 1950/1036/1
f 1340/6262/1 3594/1723/1 5987/1725/1
f 5988/1722/1 3593/1721/1 1339/6266/1
f 2772/29/1 5988/1722/1 3591/1717/1
f 22/6268/1 2792/1720/1 5988/1722/1
f 5989/1719/1 3592/1718/1 1203/6269/1
f 1932/4712/1 5989/1719/1 3283/1729/1
f 692/6267/1 3591/1717/1 5989/1719/1
f 5990/1716/1 2445/1715/1 422/4919/1
f 3592/1718/1 5990/1716/1 2443/1024/1
f 1339/6266/1 3590/1714/1 5990/1716/1
f 5991/1713/1 3589/1712/1 1338/6270/1
f 3288/1034/1 5991/1713/1 3587/1708/1
f 423/4913/1 3286/1711/1 5991/1713/1
f 5992/1710/1 3588/1709/1 488/6272/1
f 2448/1697/1 5992/1710/1 2568/4645/1
f 1208/6271/1 3587/1708/1 5992/1710/1
f 5993/1707/1 1731/1706/1 31/6170/1
f 3588/1709/1 5993/1707/1 1728/52/1
f 1338/6270/1 3586/1705/1 5993/1707/1
f 5994/1704/1 3585/1703/1 1337/6273/1
f 2549/1121/1 5994/1704/1 3583/1699/1
f 149/4854/1 3287/1702/1 5994/1704/1
f 5995/1701/1 3584/1700/1 708/6275/1
f 1709/1436/1 5995/1701/1 2788/1666/1
f 469/6274/1 3583/1699/1 5995/1701/1
f 5996/1698/1 2448/1697/1 168/4905/1
f 3584/1700/1 5996/1698/1 1948/1045/1
f 1337/6273/1 3582/1696/1 5996/1698/1
f 5997/1695/1 3581/1694/1 1336/6277/1
f 2769/26/1 5997/1695/1 3579/1690/1
f 21/6265/1 2790/1693/1 5997/1695/1
f 5998/1692/1 3580/1691/1 1207/6279/1
f 1929/4721/1 5998/1692/1 3287/1702/1
f 689/6278/1 3579/1690/1 5998/1692/1
f 5999/1689/1 2449/1688/1 423/4913/1
f 3580/1691/1 5999/1689/1 2447/1033/1
f 1336/6277/1 3578/1687/1 5999/1689/1
f 6000/1686/1 3577/1685/1 1335/6280/1
f 3292/1043/1 6000/1686/1 3575/1681/1
f 424/4907/1 3290/1684/1 6000/1686/1
f 6001/1683/1 3576/1682/1 486/6282/1
f 2452/1670/1 6001/1683/1 2566/4654/1
f 1212/6281/1 3575/1681/1 6001/1683/1
f 6002/1680/1 1729/1679/1 30/6180/1
f 3576/1682/1 6002/1680/1 1726/49/1
f 1335/6280/1 3574/1678/1 6002/1680/1
f 6003/1677/1 3573/1676/1 1334/6283/1
f 2546/1130/1 6003/1677/1 3571/1672/1
f 146/4848/1 3291/1675/1 6003/1677/1
f 6004/1674/1 3572/1673/1 706/6285/1
f 1706/1409/1 6004/1674/1 2786/1639/1
f 466/6284/1 3571/1672/1 6004/1674/1
f 6005/1671/1 2452/1670/1 166/4899/1
f 3572/1673/1 6005/1671/1 1946/1054/1
f 1334/6283/1 3570/1669/1 6005/1671/1
f 6006/1668/1 3569/1667/1 1333/6287/1
f 2766/23/1 6006/1668/1 3567/1663/1
f 20/6276/1 2788/1666/1 6006/1668/1
f 6007/1665/1 3568/1664/1 1211/6289/1
f 1926/4730/1 6007/1665/1 3291/1675/1
f 686/6288/1 3567/1663/1 6007/1665/1
f 6008/1662/1 2453/1661/1 424/4907/1
f 3568/1664/1 6008/1662/1 2451/1042/1
f 1333/6287/1 3566/1660/1 6008/1662/1
f 6009/1659/1 3565/1658/1 1332/6290/1
f 3296/1052/1 6009/1659/1 3563/1654/1
f 425/4901/1 3294/1657/1 6009/1659/1
f 6010/1656/1 3564/1655/1 484/6292/1
f 2456/1643/1 6010/1656/1 2564/4663/1
f 1216/6291/1 3563/1654/1 6010/1656/1
f 6011/1653/1 1727/1652/1 29/6190/1
f 3564/1655/1 6011/1653/1 1724/46/1
f 1332/6290/1 3562/1651/1 6011/1653/1
f 6012/1650/1 3561/1649/1 1331/6293/1
f 2543/1139/1 6012/1650/1 3559/1645/1
f 143/4842/1 3295/1648/1 6012/1650/1
f 6013/1647/1 3560/1646/1 704/6295/1
f 1703/1382/1 6013/1647/1 2784/1612/1
f 463/6294/1 3559/1645/1 6013/1647/1
f 6014/1644/1 2456/1643/1 164/4893/1
f 3560/1646/1 6014/1644/1 1944/1063/1
f 1331/6293/1 3558/1642/1 6014/1644/1
f 6015/1641/1 3557/1640/1 1330/6297/1
f 2763/20/1 6015/1641/1 3555/1636/1
f 19/6286/1 2786/1639/1 6015/1641/1
f 6016/1638/1 3556/1637/1 1215/6299/1
f 1923/4739/1 6016/1638/1 3295/1648/1
f 683/6298/1 3555/1636/1 6016/1638/1
f 6017/1635/1 2457/1634/1 425/4901/1
f 3556/1637/1 6017/1635/1 2455/1051/1
f 1330/6297/1 3554/1633/1 6017/1635/1
f 6018/1632/1 3553/1631/1 1329/6300/1
f 3300/1061/1 6018/1632/1 3551/1627/1
f 426/4895/1 3298/1630/1 6018/1632/1
f 6019/1629/1 3552/1628/1 482/6302/1
f 2460/1616/1 6019/1629/1 2562/4672/1
f 1220/6301/1 3551/1627/1 6019/1629/1
f 6020/1626/1 1725/1625/1 28/6200/1
f 3552/1628/1 6020/1626/1 1722/43/1
f 1329/6300/1 3550/1624/1 6020/1626/1
f 6021/1623/1 3549/1622/1 1328/6303/1
f 2540/1148/1 6021/1623/1 3547/1618/1
f 140/4836/1 3299/1621/1 6021/1623/1
f 6022/1620/1 3548/1619/1 702/6305/1
f 1700/1355/1 6022/1620/1 2782/1585/1
f 460/6304/1 3547/1618/1 6022/1620/1
f 6023/1617/1 2460/1616/1 162/4887/1
f 3548/1619/1 6023/1617/1 1942/1072/1
f 1328/6303/1 3546/1615/1 6023/1617/1
f 6024/1614/1 3545/1613/1 1327/6307/1
f 2760/17/1 6024/1614/1 3543/1609/1
f 18/6296/1 2784/1612/1 6024/1614/1
f 6025/1611/1 3544/1610/1 1219/6309/1
f 1920/4748/1 6025/1611/1 3299/1621/1
f 680/6308/1 3543/1609/1 6025/1611/1
f 6026/1608/1 2461/1607/1 426/4895/1
f 3544/1610/1 6026/1608/1 2459/1060/1
f 1327/6307/1 3542/1606/1 6026/1608/1
f 6027/1605/1 3541/1604/1 1326/6310/1
f 3304/1070/1 6027/1605/1 3539/1600/1
f 427/4889/1 3302/1603/1 6027/1605/1
f 6028/1602/1 3540/1601/1 480/6312/1
f 2464/1589/1 6028/1602/1 2560/4681/1
f 1224/6311/1 3539/1600/1 6028/1602/1
f 6029/1599/1 1723/1598/1 27/6210/1
f 3540/1601/1 6029/1599/1 1720/40/1
f 1326/6310/1 3538/1597/1 6029/1599/1
f 6030/1596/1 3537/1595/1 1325/6313/1
f 2537/1157/1 6030/1596/1 3535/1591/1
f 137/4830/1 3303/1594/1 6030/1596/1
f 6031/1593/1 3536/1592/1 700/6315/1
f 1697/1328/1 6031/1593/1 2780/1558/1
f 457/6314/1 3535/1591/1 6031/1593/1
f 6032/1590/1 2464/1589/1 160/4881/1
f 3536/1592/1 6032/1590/1 1940/1081/1
f 1325/6313/1 3534/1588/1 6032/1590/1
f 6033/1587/1 3533/1586/1 1324/6317/1
f 2757/14/1 6033/1587/1 3531/1582/1
f 17/6306/1 2782/1585/1 6033/1587/1
f 6034/1584/1 3532/1583/1 1223/6319/1
f 1917/4757/1 6034/1584/1 3303/1594/1
f 677/6318/1 3531/1582/1 6034/1584/1
f 6035/1581/1 2465/1580/1 427/4889/1
f 3532/1583/1 6035/1581/1 2463/1069/1
f 1324/6317/1 3530/1579/1 6035/1581/1
f 6036/1578/1 3529/1577/1 1323/6320/1
f 3308/1079/1 6036/1578/1 3527/1573/1
f 428/4883/1 3306/1576/1 6036/1578/1
f 6037/1575/1 3528/1574/1 478/6322/1
f 2468/1562/1 6037/1575/1 2558/4690/1
f 1228/6321/1 3527/1573/1 6037/1575/1
f 6038/1572/1 1721/1571/1 26/6220/1
f 3528/1574/1 6038/1572/1 1718/37/1
f 1323/6320/1 3526/1570/1 6038/1572/1
f 6039/1569/1 3525/1568/1 1322/6323/1
f 2534/1166/1 6039/1569/1 3523/1564/1
f 134/4824/1 3307/1567/1 6039/1569/1
f 6040/1566/1 3524/1565/1 698/6325/1
f 1694/1301/1 6040/1566/1 2778/1531/1
f 454/6324/1 3523/1564/1 6040/1566/1
f 6041/1563/1 2468/1562/1 158/4875/1
f 3524/1565/1 6041/1563/1 1938/1090/1
f 1322/6323/1 3522/1561/1 6041/1563/1
f 6042/1560/1 3521/1559/1 1321/6327/1
f 2754/11/1 6042/1560/1 3519/1555/1
f 16/6316/1 2780/1558/1 6042/1560/1
f 6043/1557/1 3520/1556/1 1227/6329/1
f 1914/4766/1 6043/1557/1 3307/1567/1
f 674/6328/1 3519/1555/1 6043/1557/1
f 6044/1554/1 2469/1553/1 428/4883/1
f 3520/1556/1 6044/1554/1 2467/1078/1
f 1321/6327/1 3518/1552/1 6044/1554/1
f 6045/1551/1 3517/1550/1 1320/6330/1
f 3312/1088/1 6045/1551/1 3515/1546/1
f 429/4877/1 3310/1549/1 6045/1551/1
f 6046/1548/1 3516/1547/1 476/6332/1
f 2472/1535/1 6046/1548/1 2556/4699/1
f 1232/6331/1 3515/1546/1 6046/1548/1
f 6047/1545/1 1719/1544/1 25/6230/1
f 3516/1547/1 6047/1545/1 1716/34/1
f 1320/6330/1 3514/1543/1 6047/1545/1
f 6048/1542/1 3513/1541/1 1319/6333/1
f 2531/1175/1 6048/1542/1 3511/1537/1
f 131/4818/1 3311/1540/1 6048/1542/1
f 6049/1539/1 3512/1538/1 696/6335/1
f 1691/1274/1 6049/1539/1 2776/1504/1
f 451/6334/1 3511/1537/1 6049/1539/1
f 6050/1536/1 2472/1535/1 156/4869/1
f 3512/1538/1 6050/1536/1 1936/1099/1
f 1319/6333/1 3510/1534/1 6050/1536/1
f 6051/1533/1 3509/1532/1 1318/6337/1
f 2751/8/1 6051/1533/1 3507/1528/1
f 15/6326/1 2778/1531/1 6051/1533/1
f 6052/1530/1 3508/1529/1 1231/6339/1
f 1911/4775/1 6052/1530/1 3311/1540/1
f 671/6338/1 3507/1528/1 6052/1530/1
f 6053/1527/1 2473/1526/1 429/4877/1
f 3508/1529/1 6053/1527/1 2471/1087/1
f 1318/6337/1 3506/1525/1 6053/1527/1
f 6054/1524/1 3505/1523/1 1317/6340/1
f 3316/1097/1 6054/1524/1 3503/1519/1
f 430/4871/1 3314/1522/1 6054/1524/1
f 6055/1521/1 3504/1520/1 474/6342/1
f 2476/1508/1 6055/1521/1 2554/4708/1
f 1236/6341/1 3503/1519/1 6055/1521/1
f 6056/1518/1 1717/1517/1 24/6240/1
f 3504/1520/1 6056/1518/1 1714/31/1
f 1317/6340/1 3502/1516/1 6056/1518/1
f 6057/1515/1 3501/1514/1 1316/6343/1
f 2528/1184/1 6057/1515/1 3499/1510/1
f 128/4812/1 3315/1513/1 6057/1515/1
f 6058/1512/1 3500/1511/1 694/6345/1
f 1688/1247/1 6058/1512/1 2774/1477/1
f 448/6344/1 3499/1510/1 6058/1512/1
f 6059/1509/1 2476/1508/1 154/4863/1
f 3500/1511/1 6059/1509/1 1934/1108/1
f 1316/6343/1 3498/1507/1 6059/1509/1
f 6060/1506/1 3497/1505/1 1315/6347/1
f 2748/5/1 6060/1506/1 3495/1501/1
f 14/6336/1 2776/1504/1 6060/1506/1
f 6061/1503/1 3496/1502/1 1235/6349/1
f 1908/4784/1 6061/1503/1 3315/1513/1
f 668/6348/1 3495/1501/1 6061/1503/1
f 6062/1500/1 2477/1499/1 430/4871/1
f 3496/1502/1 6062/1500/1 2475/1096/1
f 1315/6347/1 3494/1498/1 6062/1500/1
f 6063/1497/1 3493/1496/1 1314/6350/1
f 3320/1106/1 6063/1497/1 3491/1492/1
f 431/4865/1 3318/1495/1 6063/1497/1
f 6064/1494/1 3492/1493/1 693/6352/1
f 2480/1481/1 6064/1494/1 1933/6353/1
f 1240/6351/1 3491/1492/1 6064/1494/1
f 6065/1491/1 1715/1490/1 23/6254/1
f 3492/1493/1 6065/1491/1 2773/6355/1
f 1314/6350/1 3490/1489/1 6065/1491/1
f 6066/1488/1 3489/1487/1 1313/6356/1
f 2525/1193/1 6066/1488/1 3487/1483/1
f 125/4806/1 3319/1486/1 6066/1488/1
f 6067/1485/1 3488/1484/1 473/6358/1
f 1685/1220/1 6067/1485/1 1713/6359/1
f 445/6357/1 3487/1483/1 6067/1485/1
f 6068/1482/1 2480/1481/1 153/6354/1
f 3488/1484/1 6068/1482/1 2553/6361/1
f 1313/6356/1 3486/1480/1 6068/1482/1
f 6069/1479/1 3485/1478/1 1312/6362/1
f 2745/2/1 6069/1479/1 3483/1474/1
f 13/6346/1 2774/1477/1 6069/1479/1
f 6070/1476/1 3484/1475/1 1239/6364/1
f 1905/4793/1 6070/1476/1 3319/1486/1
f 665/6363/1 3483/1474/1 6070/1476/1
f 6071/1473/1 2481/1472/1 431/4865/1
f 3484/1475/1 6071/1473/1 2479/1105/1
f 1312/6362/1 3482/1471/1 6071/1473/1
f 6072/1470/1 3481/1469/1 1311/6365/1
f 3324/1115/1 6072/1470/1 3479/1465/1
f 432/4859/1 3322/1468/1 6072/1470/1
f 6073/1467/1 3480/1466/1 468/6367/1
f 2484/1454/1 6073/1467/1 2548/4726/1
f 1244/6366/1 3479/1465/1 6073/1467/1
f 6074/1464/1 1712/1463/1 21/6265/1
f 3480/1466/1 6074/1464/1 1708/25/1
f 1311/6365/1 3478/1462/1 6074/1464/1
f 6075/1461/1 3477/1460/1 1310/6368/1
f 1930/6369/1 6075/1461/1 3475/1456/1
f 150/6371/1 3323/1459/1 6075/1461/1
f 6076/1458/1 3476/1457/1 688/6372/1
f 2770/6373/1 6076/1458/1 2768/1423/1
f 690/6370/1 3475/1456/1 6076/1458/1
f 6077/1455/1 2484/1454/1 148/4851/1
f 3476/1457/1 6077/1455/1 1928/1126/1
f 1310/6368/1 3474/1453/1 6077/1455/1
f 6078/1452/1 3473/1451/1 1309/6375/1
f 1710/6376/1 6078/1452/1 3471/1447/1
f 11/6378/1 2771/1450/1 6078/1452/1
f 6079/1449/1 3472/1448/1 1243/6379/1
f 2550/6380/1 6079/1449/1 3323/1459/1
f 470/6377/1 3471/1447/1 6079/1449/1
f 6080/1446/1 2485/1445/1 432/4859/1
f 3472/1448/1 6080/1446/1 2483/1114/1
f 1309/6375/1 3470/1444/1 6080/1446/1
f 6081/1443/1 3469/1442/1 1308/6381/1
f 3328/1124/1 6081/1443/1 3467/1438/1
f 433/4853/1 3326/1441/1 6081/1443/1
f 6082/1440/1 3468/1439/1 465/6383/1
f 2488/1427/1 6082/1440/1 2545/4735/1
f 1248/6382/1 3467/1438/1 6082/1440/1
f 6083/1437/1 1709/1436/1 20/6276/1
f 3468/1439/1 6083/1437/1 1705/22/1
f 1308/6381/1 3466/1435/1 6083/1437/1
f 6084/1434/1 3465/1433/1 1307/6384/1
f 1927/6385/1 6084/1434/1 3463/1429/1
f 147/6387/1 3327/1432/1 6084/1434/1
f 6085/1431/1 3464/1430/1 685/6388/1
f 2767/6389/1 6085/1431/1 2765/1396/1
f 687/6386/1 3463/1429/1 6085/1431/1
f 6086/1428/1 2488/1427/1 145/4845/1
f 3464/1430/1 6086/1428/1 1925/1135/1
f 1307/6384/1 3462/1426/1 6086/1428/1
f 6087/1425/1 3461/1424/1 1306/6391/1
f 1707/6392/1 6087/1425/1 3459/1420/1
f 10/6374/1 2768/1423/1 6087/1425/1
f 6088/1422/1 3460/1421/1 1247/6394/1
f 2547/6395/1 6088/1422/1 3327/1432/1
f 467/6393/1 3459/1420/1 6088/1422/1
f 6089/1419/1 2489/1418/1 433/4853/1
f 3460/1421/1 6089/1419/1 2487/1123/1
f 1306/6391/1 3458/1417/1 6089/1419/1
f 6090/1416/1 3457/1415/1 1305/6396/1
f 3332/1133/1 6090/1416/1 3455/1411/1
f 434/4847/1 3330/1414/1 6090/1416/1
f 6091/1413/1 3456/1412/1 462/6398/1
f 2492/1400/1 6091/1413/1 2542/4744/1
f 1252/6397/1 3455/1411/1 6091/1413/1
f 6092/1410/1 1706/1409/1 19/6286/1
f 3456/1412/1 6092/1410/1 1702/19/1
f 1305/6396/1 3454/1408/1 6092/1410/1
f 6093/1407/1 3453/1406/1 1304/6399/1
f 1924/6400/1 6093/1407/1 3451/1402/1
f 144/6402/1 3331/1405/1 6093/1407/1
f 6094/1404/1 3452/1403/1 682/6403/1
f 2764/6404/1 6094/1404/1 2762/1369/1
f 684/6401/1 3451/1402/1 6094/1404/1
f 6095/1401/1 2492/1400/1 142/4839/1
f 3452/1403/1 6095/1401/1 1922/1144/1
f 1304/6399/1 3450/1399/1 6095/1401/1
f 6096/1398/1 3449/1397/1 1303/6406/1
f 1704/6407/1 6096/1398/1 3447/1393/1
f 9/6390/1 2765/1396/1 6096/1398/1
f 6097/1395/1 3448/1394/1 1251/6409/1
f 2544/6410/1 6097/1395/1 3331/1405/1
f 464/6408/1 3447/1393/1 6097/1395/1
f 6098/1392/1 2493/1391/1 434/4847/1
f 3448/1394/1 6098/1392/1 2491/1132/1
f 1303/6406/1 3446/1390/1 6098/1392/1
f 6099/1389/1 3445/1388/1 1302/6411/1
f 3336/1142/1 6099/1389/1 3443/1384/1
f 435/4841/1 3334/1387/1 6099/1389/1
f 6100/1386/1 3444/1385/1 459/6413/1
f 2496/1373/1 6100/1386/1 2539/4753/1
f 1256/6412/1 3443/1384/1 6100/1386/1
f 6101/1383/1 1703/1382/1 18/6296/1
f 3444/1385/1 6101/1383/1 1699/16/1
f 1302/6411/1 3442/1381/1 6101/1383/1
f 6102/1380/1 3441/1379/1 1301/6414/1
f 1921/6415/1 6102/1380/1 3439/1375/1
f 141/6417/1 3335/1378/1 6102/1380/1
f 6103/1377/1 3440/1376/1 679/6418/1
f 2761/6419/1 6103/1377/1 2759/1342/1
f 681/6416/1 3439/1375/1 6103/1377/1
f 6104/1374/1 2496/1373/1 139/4833/1
f 3440/1376/1 6104/1374/1 1919/1153/1
f 1301/6414/1 3438/1372/1 6104/1374/1
f 6105/1371/1 3437/1370/1 1300/6421/1
f 1701/6422/1 6105/1371/1 3435/1366/1
f 8/6405/1 2762/1369/1 6105/1371/1
f 6106/1368/1 3436/1367/1 1255/6424/1
f 2541/6425/1 6106/1368/1 3335/1378/1
f 461/6423/1 3435/1366/1 6106/1368/1
f 6107/1365/1 2497/1364/1 435/4841/1
f 3436/1367/1 6107/1365/1 2495/1141/1
f 1300/6421/1 3434/1363/1 6107/1365/1
f 6108/1362/1 3433/1361/1 1299/6426/1
f 3340/1151/1 6108/1362/1 3431/1357/1
f 436/4835/1 3338/1360/1 6108/1362/1
f 6109/1359/1 3432/1358/1 456/6428/1
f 2500/1346/1 6109/1359/1 2536/4762/1
f 1260/6427/1 3431/1357/1 6109/1359/1
f 6110/1356/1 1700/1355/1 17/6306/1
f 3432/1358/1 6110/1356/1 1696/13/1
f 1299/6426/1 3430/1354/1 6110/1356/1
f 6111/1353/1 3429/1352/1 1298/6429/1
f 1918/6430/1 6111/1353/1 3427/1348/1
f 138/6432/1 3339/1351/1 6111/1353/1
f 6112/1350/1 3428/1349/1 676/6433/1
f 2758/6434/1 6112/1350/1 2756/1315/1
f 678/6431/1 3427/1348/1 6112/1350/1
f 6113/1347/1 2500/1346/1 136/4827/1
f 3428/1349/1 6113/1347/1 1916/1162/1
f 1298/6429/1 3426/1345/1 6113/1347/1
f 6114/1344/1 3425/1343/1 1297/6436/1
f 1698/6437/1 6114/1344/1 3423/1339/1
f 7/6420/1 2759/1342/1 6114/1344/1
f 6115/1341/1 3424/1340/1 1259/6439/1
f 2538/6440/1 6115/1341/1 3339/1351/1
f 458/6438/1 3423/1339/1 6115/1341/1
f 6116/1338/1 2501/1337/1 436/4835/1
f 3424/1340/1 6116/1338/1 2499/1150/1
f 1297/6436/1 3422/1336/1 6116/1338/1
f 6117/1335/1 3421/1334/1 1296/6441/1
f 3344/1160/1 6117/1335/1 3419/1330/1
f 437/4829/1 3342/1333/1 6117/1335/1
f 6118/1332/1 3420/1331/1 453/6443/1
f 2504/1319/1 6118/1332/1 2533/4771/1
f 1264/6442/1 3419/1330/1 6118/1332/1
f 6119/1329/1 1697/1328/1 16/6316/1
f 3420/1331/1 6119/1329/1 1693/10/1
f 1296/6441/1 3418/1327/1 6119/1329/1
f 6120/1326/1 3417/1325/1 1295/6444/1
f 1915/6445/1 6120/1326/1 3415/1321/1
f 135/6447/1 3343/1324/1 6120/1326/1
f 6121/1323/1 3416/1322/1 673/6448/1
f 2755/6449/1 6121/1323/1 2753/1288/1
f 675/6446/1 3415/1321/1 6121/1323/1
f 6122/1320/1 2504/1319/1 133/4821/1
f 3416/1322/1 6122/1320/1 1913/1171/1
f 1295/6444/1 3414/1318/1 6122/1320/1
f 6123/1317/1 3413/1316/1 1294/6451/1
f 1695/6452/1 6123/1317/1 3411/1312/1
f 6/6435/1 2756/1315/1 6123/1317/1
f 6124/1314/1 3412/1313/1 1263/6454/1
f 2535/6455/1 6124/1314/1 3343/1324/1
f 455/6453/1 3411/1312/1 6124/1314/1
f 6125/1311/1 2505/1310/1 437/4829/1
f 3412/1313/1 6125/1311/1 2503/1159/1
f 1294/6451/1 3410/1309/1 6125/1311/1
f 6126/1308/1 3409/1307/1 1293/6456/1
f 3348/1169/1 6126/1308/1 3407/1303/1
f 438/4823/1 3346/1306/1 6126/1308/1
f 6127/1305/1 3408/1304/1 450/6458/1
f 2508/1292/1 6127/1305/1 2530/4780/1
f 1268/6457/1 3407/1303/1 6127/1305/1
f 6128/1302/1 1694/1301/1 15/6326/1
f 3408/1304/1 6128/1302/1 1690/7/1
f 1293/6456/1 3406/1300/1 6128/1302/1
f 6129/1299/1 3405/1298/1 1292/6459/1
f 1912/6460/1 6129/1299/1 3403/1294/1
f 132/6462/1 3347/1297/1 6129/1299/1
f 6130/1296/1 3404/1295/1 670/6463/1
f 2752/6464/1 6130/1296/1 2750/1261/1
f 672/6461/1 3403/1294/1 6130/1296/1
f 6131/1293/1 2508/1292/1 130/4815/1
f 3404/1295/1 6131/1293/1 1910/1180/1
f 1292/6459/1 3402/1291/1 6131/1293/1
f 6132/1290/1 3401/1289/1 1291/6466/1
f 1692/6467/1 6132/1290/1 3399/1285/1
f 5/6450/1 2753/1288/1 6132/1290/1
f 6133/1287/1 3400/1286/1 1267/6469/1
f 2532/6470/1 6133/1287/1 3347/1297/1
f 452/6468/1 3399/1285/1 6133/1287/1
f 6134/1284/1 2509/1283/1 438/4823/1
f 3400/1286/1 6134/1284/1 2507/1168/1
f 1291/6466/1 3398/1282/1 6134/1284/1
f 6135/1281/1 3397/1280/1 1290/6471/1
f 3352/1178/1 6135/1281/1 3395/1276/1
f 439/4817/1 3350/1279/1 6135/1281/1
f 6136/1278/1 3396/1277/1 447/6473/1
f 2512/1265/1 6136/1278/1 2527/4789/1
f 1272/6472/1 3395/1276/1 6136/1278/1
f 6137/1275/1 1691/1274/1 14/6336/1
f 3396/1277/1 6137/1275/1 1687/4/1
f 1290/6471/1 3394/1273/1 6137/1275/1
f 6138/1272/1 3393/1271/1 1289/6474/1
f 1909/6475/1 6138/1272/1 3391/1267/1
f 129/6477/1 3351/1270/1 6138/1272/1
f 6139/1269/1 3392/1268/1 667/6478/1
f 2749/6479/1 6139/1269/1 2747/1234/1
f 669/6476/1 3391/1267/1 6139/1269/1
f 6140/1266/1 2512/1265/1 127/4809/1
f 3392/1268/1 6140/1266/1 1907/1189/1
f 1289/6474/1 3390/1264/1 6140/1266/1
f 6141/1263/1 3389/1262/1 1288/6481/1
f 1689/6482/1 6141/1263/1 3387/1258/1
f 4/6465/1 2750/1261/1 6141/1263/1
f 6142/1260/1 3388/1259/1 1271/6484/1
f 2529/6485/1 6142/1260/1 3351/1270/1
f 449/6483/1 3387/1258/1 6142/1260/1
f 6143/1257/1 2513/1256/1 439/4817/1
f 3388/1259/1 6143/1257/1 2511/1177/1
f 1288/6481/1 3386/1255/1 6143/1257/1
f 6144/1254/1 3385/1253/1 1287/6486/1
f 3356/1187/1 6144/1254/1 3383/1249/1
f 440/4811/1 3354/1252/1 6144/1254/1
f 6145/1251/1 3384/1250/1 444/6488/1
f 2516/1238/1 6145/1251/1 2524/4798/1
f 1276/6487/1 3383/1249/1 6145/1251/1
f 6146/1248/1 1688/1247/1 13/6346/1
f 3384/1250/1 6146/1248/1 1684/1/1
f 1287/6486/1 3382/1246/1 6146/1248/1
f 6147/1245/1 3381/1244/1 1286/6489/1
f 1906/6490/1 6147/1245/1 3379/1240/1
f 126/6492/1 3355/1243/1 6147/1245/1
f 6148/1242/1 3380/1241/1 664/6493/1
f 2746/6494/1 6148/1242/1 2744/1207/1
f 666/6491/1 3379/1240/1 6148/1242/1
f 6149/1239/1 2516/1238/1 124/4803/1
f 3380/1241/1 6149/1239/1 1904/1198/1
f 1286/6489/1 3378/1237/1 6149/1239/1
f 6150/1236/1 3377/1235/1 1285/6496/1
f 1686/6497/1 6150/1236/1 3375/1231/1
f 3/6480/1 2747/1234/1 6150/1236/1
f 6151/1233/1 3376/1232/1 1275/6499/1
f 2526/6500/1 6151/1233/1 3355/1243/1
f 446/6498/1 3375/1231/1 6151/1233/1
f 6152/1230/1 2517/1229/1 440/4811/1
f 3376/1232/1 6152/1230/1 2515/1186/1
f 1285/6496/1 3374/1228/1 6152/1230/1
f 6153/1227/1 3373/1226/1 1284/6501/1
f 3360/1196/1 6153/1227/1 3371/1222/1
f 441/4805/1 3358/1225/1 6153/1227/1
f 6154/1224/1 3372/1223/1 662/6503/1
f 2520/1211/1 6154/1224/1 1902/6504/1
f 1280/6502/1 3371/1222/1 6154/1224/1
f 6155/1221/1 1685/1220/1 12/6360/1
f 3372/1223/1 6155/1221/1 2742/6506/1
f 1284/6501/1 3370/1219/1 6155/1221/1
f 6156/1218/1 3369/1217/1 1283/6507/1
f 1903/6508/1 6156/1218/1 3367/1213/1
f 123/6510/1 3359/1216/1 6156/1218/1
f 6157/1215/1 3368/1214/1 442/6511/1
f 2743/6513/1 6157/1215/1 1682/6512/1
f 663/6509/1 3367/1213/1 6157/1215/1
f 6158/1212/1 2520/1211/1 122/6505/1
f 3368/1214/1 6158/1212/1 2522/6515/1
f 1283/6507/1 3366/1210/1 6158/1212/1
f 6159/1209/1 3365/1208/1 1282/6516/1
f 1683/6517/1 6159/1209/1 3363/1204/1
f 2/6495/1 2744/1207/1 6159/1209/1
f 6160/1206/1 3364/1205/1 1279/6519/1
f 2523/6520/1 6160/1206/1 3359/1216/1
f 443/6518/1 3363/1204/1 6160/1206/1
f 6161/1203/1 2521/1202/1 441/4805/1
f 3364/1205/1 6161/1203/1 2519/1195/1
f 1282/6516/1 3362/1201/1 6161/1203/1
f 6162/1200/1 3361/1199/1 1281/4802/1
f 3365/1208/1 6162/1200/1 3362/1201/1
f 664/6493/1 1904/1198/1 6162/1200/1
f 6163/1197/1 3360/1196/1 1280/6502/1
f 3369/1217/1 6163/1197/1 3366/1210/1
f 1279/6519/1 2519/1195/1 6163/1197/1
f 6164/1194/1 2525/1193/1 445/6357/1
f 3373/1226/1 6164/1194/1 3370/1219/1
f 1278/4804/1 2518/1192/1 6164/1194/1
f 6165/1191/1 3357/1190/1 1277/4808/1
f 3377/1235/1 6165/1191/1 3374/1228/1
f 667/6478/1 1907/1189/1 6165/1191/1
f 6166/1188/1 3356/1187/1 1276/6487/1
f 3381/1244/1 6166/1188/1 3378/1237/1
f 1275/6499/1 2515/1186/1 6166/1188/1
f 6167/1185/1 2528/1184/1 448/6344/1
f 3385/1253/1 6167/1185/1 3382/1246/1
f 1274/4810/1 2514/1183/1 6167/1185/1
f 6168/1182/1 3353/1181/1 1273/4814/1
f 3389/1262/1 6168/1182/1 3386/1255/1
f 670/6463/1 1910/1180/1 6168/1182/1
f 6169/1179/1 3352/1178/1 1272/6472/1
f 3393/1271/1 6169/1179/1 3390/1264/1
f 1271/6484/1 2511/1177/1 6169/1179/1
f 6170/1176/1 2531/1175/1 451/6334/1
f 3397/1280/1 6170/1176/1 3394/1273/1
f 1270/4816/1 2510/1174/1 6170/1176/1
f 6171/1173/1 3349/1172/1 1269/4820/1
f 3401/1289/1 6171/1173/1 3398/1282/1
f 673/6448/1 1913/1171/1 6171/1173/1
f 6172/1170/1 3348/1169/1 1268/6457/1
f 3405/1298/1 6172/1170/1 3402/1291/1
f 1267/6469/1 2507/1168/1 6172/1170/1
f 6173/1167/1 2534/1166/1 454/6324/1
f 3409/1307/1 6173/1167/1 3406/1300/1
f 1266/4822/1 2506/1165/1 6173/1167/1
f 6174/1164/1 3345/1163/1 1265/4826/1
f 3413/1316/1 6174/1164/1 3410/1309/1
f 676/6433/1 1916/1162/1 6174/1164/1
f 6175/1161/1 3344/1160/1 1264/6442/1
f 3417/1325/1 6175/1161/1 3414/1318/1
f 1263/6454/1 2503/1159/1 6175/1161/1
f 6176/1158/1 2537/1157/1 457/6314/1
f 3421/1334/1 6176/1158/1 3418/1327/1
f 1262/4828/1 2502/1156/1 6176/1158/1
f 6177/1155/1 3341/1154/1 1261/4832/1
f 3425/1343/1 6177/1155/1 3422/1336/1
f 679/6418/1 1919/1153/1 6177/1155/1
f 6178/1152/1 3340/1151/1 1260/6427/1
f 3429/1352/1 6178/1152/1 3426/1345/1
f 1259/6439/1 2499/1150/1 6178/1152/1
f 6179/1149/1 2540/1148/1 460/6304/1
f 3433/1361/1 6179/1149/1 3430/1354/1
f 1258/4834/1 2498/1147/1 6179/1149/1
f 6180/1146/1 3337/1145/1 1257/4838/1
f 3437/1370/1 6180/1146/1 3434/1363/1
f 682/6403/1 1922/1144/1 6180/1146/1
f 6181/1143/1 3336/1142/1 1256/6412/1
f 3441/1379/1 6181/1143/1 3438/1372/1
f 1255/6424/1 2495/1141/1 6181/1143/1
f 6182/1140/1 2543/1139/1 463/6294/1
f 3445/1388/1 6182/1140/1 3442/1381/1
f 1254/4840/1 2494/1138/1 6182/1140/1
f 6183/1137/1 3333/1136/1 1253/4844/1
f 3449/1397/1 6183/1137/1 3446/1390/1
f 685/6388/1 1925/1135/1 6183/1137/1
f 6184/1134/1 3332/1133/1 1252/6397/1
f 3453/1406/1 6184/1134/1 3450/1399/1
f 1251/6409/1 2491/1132/1 6184/1134/1
f 6185/1131/1 2546/1130/1 466/6284/1
f 3457/1415/1 6185/1131/1 3454/1408/1
f 1250/4846/1 2490/1129/1 6185/1131/1
f 6186/1128/1 3329/1127/1 1249/4850/1
f 3461/1424/1 6186/1128/1 3458/1417/1
f 688/6372/1 1928/1126/1 6186/1128/1
f 6187/1125/1 3328/1124/1 1248/6382/1
f 3465/1433/1 6187/1125/1 3462/1426/1
f 1247/6394/1 2487/1123/1 6187/1125/1
f 6188/1122/1 2549/1121/1 469/6274/1
f 3469/1442/1 6188/1122/1 3466/1435/1
f 1246/4852/1 2486/1120/1 6188/1122/1
f 6189/1119/1 3325/1118/1 1245/4856/1
f 3473/1451/1 6189/1119/1 3470/1444/1
f 691/6521/1 1931/1117/1 6189/1119/1
f 6190/1116/1 3324/1115/1 1244/6366/1
f 3477/1460/1 6190/1116/1 3474/1453/1
f 1243/6379/1 2483/1114/1 6190/1116/1
f 6191/1113/1 2552/1112/1 472/6263/1
f 3481/1469/1 6191/1113/1 3478/1462/1
f 1242/4858/1 2482/1111/1 6191/1113/1
f 6192/1110/1 3321/1109/1 1241/4862/1
f 3485/1478/1 6192/1110/1 3482/1471/1
f 694/6345/1 1934/1108/1 6192/1110/1
f 6193/1107/1 3320/1106/1 1240/6351/1
f 3489/1487/1 6193/1107/1 3486/1480/1
f 1239/6364/1 2479/1105/1 6193/1107/1
f 6194/1104/1 2555/1103/1 475/6251/1
f 3493/1496/1 6194/1104/1 3490/1489/1
f 1238/4864/1 2478/1102/1 6194/1104/1
f 6195/1101/1 3317/1100/1 1237/4868/1
f 3497/1505/1 6195/1101/1 3494/1498/1
f 696/6335/1 1936/1099/1 6195/1101/1
f 6196/1098/1 3316/1097/1 1236/6341/1
f 3501/1514/1 6196/1098/1 3498/1507/1
f 1235/6349/1 2475/1096/1 6196/1098/1
f 6197/1095/1 2557/1094/1 477/6238/1
f 3505/1523/1 6197/1095/1 3502/1516/1
f 1234/4870/1 2474/1093/1 6197/1095/1
f 6198/1092/1 3313/1091/1 1233/4874/1
f 3509/1532/1 6198/1092/1 3506/1525/1
f 698/6325/1 1938/1090/1 6198/1092/1
f 6199/1089/1 3312/1088/1 1232/6331/1
f 3513/1541/1 6199/1089/1 3510/1534/1
f 1231/6339/1 2471/1087/1 6199/1089/1
f 6200/1086/1 2559/1085/1 479/6228/1
f 3517/1550/1 6200/1086/1 3514/1543/1
f 1230/4876/1 2470/1084/1 6200/1086/1
f 6201/1083/1 3309/1082/1 1229/4880/1
f 3521/1559/1 6201/1083/1 3518/1552/1
f 700/6315/1 1940/1081/1 6201/1083/1
f 6202/1080/1 3308/1079/1 1228/6321/1
f 3525/1568/1 6202/1080/1 3522/1561/1
f 1227/6329/1 2467/1078/1 6202/1080/1
f 6203/1077/1 2561/1076/1 481/6218/1
f 3529/1577/1 6203/1077/1 3526/1570/1
f 1226/4882/1 2466/1075/1 6203/1077/1
f 6204/1074/1 3305/1073/1 1225/4886/1
f 3533/1586/1 6204/1074/1 3530/1579/1
f 702/6305/1 1942/1072/1 6204/1074/1
f 6205/1071/1 3304/1070/1 1224/6311/1
f 3537/1595/1 6205/1071/1 3534/1588/1
f 1223/6319/1 2463/1069/1 6205/1071/1
f 6206/1068/1 2563/1067/1 483/6208/1
f 3541/1604/1 6206/1068/1 3538/1597/1
f 1222/4888/1 2462/1066/1 6206/1068/1
f 6207/1065/1 3301/1064/1 1221/4892/1
f 3545/1613/1 6207/1065/1 3542/1606/1
f 704/6295/1 1944/1063/1 6207/1065/1
f 6208/1062/1 3300/1061/1 1220/6301/1
f 3549/1622/1 6208/1062/1 3546/1615/1
f 1219/6309/1 2459/1060/1 6208/1062/1
f 6209/1059/1 2565/1058/1 485/6198/1
f 3553/1631/1 6209/1059/1 3550/1624/1
f 1218/4894/1 2458/1057/1 6209/1059/1
f 6210/1056/1 3297/1055/1 1217/4898/1
f 3557/1640/1 6210/1056/1 3554/1633/1
f 706/6285/1 1946/1054/1 6210/1056/1
f 6211/1053/1 3296/1052/1 1216/6291/1
f 3561/1649/1 6211/1053/1 3558/1642/1
f 1215/6299/1 2455/1051/1 6211/1053/1
f 6212/1050/1 2567/1049/1 487/6188/1
f 3565/1658/1 6212/1050/1 3562/1651/1
f 1214/4900/1 2454/1048/1 6212/1050/1
f 6213/1047/1 3293/1046/1 1213/4904/1
f 3569/1667/1 6213/1047/1 3566/1660/1
f 708/6275/1 1948/1045/1 6213/1047/1
f 6214/1044/1 3292/1043/1 1212/6281/1
f 3573/1676/1 6214/1044/1 3570/1669/1
f 1211/6289/1 2451/1042/1 6214/1044/1
f 6215/1041/1 2569/1040/1 489/6178/1
f 3577/1685/1 6215/1041/1 3574/1678/1
f 1210/4906/1 2450/1039/1 6215/1041/1
f 6216/1038/1 3289/1037/1 1209/4910/1
f 3581/1694/1 6216/1038/1 3578/1687/1
f 710/6264/1 1950/1036/1 6216/1038/1
f 6217/1035/1 3288/1034/1 1208/6271/1
f 3585/1703/1 6217/1035/1 3582/1696/1
f 1207/6279/1 2447/1033/1 6217/1035/1
f 6218/1032/1 2571/1031/1 491/6168/1
f 3589/1712/1 6218/1032/1 3586/1705/1
f 1206/4912/1 2446/1030/1 6218/1032/1
f 6219/1029/1 3285/1028/1 1205/4916/1
f 3593/1721/1 6219/1029/1 3590/1714/1
f 712/6522/1 1952/1027/1 6219/1029/1
f 6220/1026/1 3284/1025/1 1204/6260/1
f 3597/1730/1 6220/1026/1 3594/1723/1
f 1203/6269/1 2443/1024/1 6220/1026/1
f 6221/1023/1 2573/1022/1 493/6157/1
f 3601/1739/1 6221/1023/1 3598/1732/1
f 1202/4918/1 2442/1021/1 6221/1023/1
f 6222/1020/1 3281/1019/1 1201/4922/1
f 3605/1748/1 6222/1020/1 3602/1741/1
f 715/6239/1 1955/1018/1 6222/1020/1
f 6223/1017/1 3280/1016/1 1200/6245/1
f 3609/1757/1 6223/1017/1 3606/1750/1
f 1199/6258/1 2439/1015/1 6223/1017/1
f 6224/1014/1 2576/1013/1 496/6145/1
f 3613/1766/1 6224/1014/1 3610/1759/1
f 1198/4924/1 2438/1012/1 6224/1014/1
f 6225/1011/1 3277/1010/1 1197/4928/1
f 3617/1775/1 6225/1011/1 3614/1768/1
f 717/6229/1 1957/1009/1 6225/1011/1
f 6226/1008/1 3276/1007/1 1196/6235/1
f 3621/1784/1 6226/1008/1 3618/1777/1
f 1195/6243/1 2435/1006/1 6226/1008/1
f 6227/1005/1 2578/1004/1 498/6132/1
f 3625/1793/1 6227/1005/1 3622/1786/1
f 1194/4930/1 2434/1003/1 6227/1005/1
f 6228/1002/1 3273/1001/1 1193/4934/1
f 3629/1802/1 6228/1002/1 3626/1795/1
f 719/6219/1 1959/1000/1 6228/1002/1
f 6229/999/1 3272/998/1 1192/6225/1
f 3633/1811/1 6229/999/1 3630/1804/1
f 1191/6233/1 2431/997/1 6229/999/1
f 6230/996/1 2580/995/1 500/6122/1
f 3637/1820/1 6230/996/1 3634/1813/1
f 1190/4936/1 2430/994/1 6230/996/1
f 6231/993/1 3269/992/1 1189/4940/1
f 3641/1829/1 6231/993/1 3638/1822/1
f 721/6209/1 1961/991/1 6231/993/1
f 6232/990/1 3268/989/1 1188/6215/1
f 3645/1838/1 6232/990/1 3642/1831/1
f 1187/6223/1 2427/988/1 6232/990/1
f 6233/987/1 2582/986/1 502/6112/1
f 3649/1847/1 6233/987/1 3646/1840/1
f 1186/4942/1 2426/985/1 6233/987/1
f 6234/984/1 3265/983/1 1185/4946/1
f 3653/1856/1 6234/984/1 3650/1849/1
f 723/6199/1 1963/982/1 6234/984/1
f 6235/981/1 3264/980/1 1184/6205/1
f 3657/1865/1 6235/981/1 3654/1858/1
f 1183/6213/1 2423/979/1 6235/981/1
f 6236/978/1 2584/977/1 504/6102/1
f 3661/1874/1 6236/978/1 3658/1867/1
f 1182/4948/1 2422/976/1 6236/978/1
f 6237/975/1 3261/974/1 1181/4952/1
f 3665/1883/1 6237/975/1 3662/1876/1
f 725/6189/1 1965/973/1 6237/975/1
f 6238/972/1 3260/971/1 1180/6195/1
f 3669/1892/1 6238/972/1 3666/1885/1
f 1179/6203/1 2419/970/1 6238/972/1
f 6239/969/1 2586/968/1 506/6092/1
f 3673/1901/1 6239/969/1 3670/1894/1
f 1178/4954/1 2418/967/1 6239/969/1
f 6240/966/1 3257/965/1 1177/4958/1
f 3677/1910/1 6240/966/1 3674/1903/1
f 727/6179/1 1967/964/1 6240/966/1
f 6241/963/1 3256/962/1 1176/6185/1
f 3681/1919/1 6241/963/1 3678/1912/1
f 1175/6193/1 2415/961/1 6241/963/1
f 6242/960/1 2588/959/1 508/6082/1
f 3685/1928/1 6242/960/1 3682/1921/1
f 1174/4960/1 2414/958/1 6242/960/1
f 6243/957/1 3253/956/1 1173/4964/1
f 3689/1937/1 6243/957/1 3686/1930/1
f 729/6169/1 1969/955/1 6243/957/1
f 6244/954/1 3252/953/1 1172/6175/1
f 3693/1946/1 6244/954/1 3690/1939/1
f 1171/6183/1 2411/952/1 6244/954/1
f 6245/951/1 2590/950/1 510/6072/1
f 3697/1955/1 6245/951/1 3694/1948/1
f 1170/4966/1 2410/949/1 6245/951/1
f 6246/948/1 3249/947/1 1169/4970/1
f 3701/1964/1 6246/948/1 3698/1957/1
f 731/6158/1 1971/946/1 6246/948/1
f 6247/945/1 3248/944/1 1168/6165/1
f 3705/1973/1 6247/945/1 3702/1966/1
f 1167/6173/1 2407/943/1 6247/945/1
f 6248/942/1 2592/941/1 512/6062/1
f 3709/1982/1 6248/942/1 3706/1975/1
f 1166/4972/1 2406/940/1 6248/942/1
f 6249/939/1 3245/938/1 1165/4976/1
f 3713/1991/1 6249/939/1 3710/1984/1
f 733/6523/1 1973/937/1 6249/939/1
f 6250/936/1 3244/935/1 1164/6154/1
f 3717/2000/1 6250/936/1 3714/1993/1
f 1163/6163/1 2403/934/1 6250/936/1
f 6251/933/1 2594/932/1 514/6051/1
f 3721/2009/1 6251/933/1 3718/2002/1
f 1162/4978/1 2402/931/1 6251/933/1
f 6252/930/1 3241/929/1 1161/4982/1
f 3725/2018/1 6252/930/1 3722/2011/1
f 736/6133/1 1976/928/1 6252/930/1
f 6253/927/1 3240/926/1 1160/6139/1
f 3729/2027/1 6253/927/1 3726/2020/1
f 1159/6152/1 2399/925/1 6253/927/1
f 6254/924/1 2597/923/1 517/6039/1
f 3733/2036/1 6254/924/1 3730/2029/1
f 1158/4984/1 2398/922/1 6254/924/1
f 6255/921/1 3237/920/1 1157/4988/1
f 3737/2045/1 6255/921/1 3734/2038/1
f 738/6123/1 1978/919/1 6255/921/1
f 6256/918/1 3236/917/1 1156/6129/1
f 3741/2054/1 6256/918/1 3738/2047/1
f 1155/6137/1 2395/916/1 6256/918/1
f 6257/915/1 2599/914/1 519/6026/1
f 3745/2063/1 6257/915/1 3742/2056/1
f 1154/4990/1 2394/913/1 6257/915/1
f 6258/912/1 3233/911/1 1153/4994/1
f 3749/2072/1 6258/912/1 3746/2065/1
f 740/6113/1 1980/910/1 6258/912/1
f 6259/909/1 3232/908/1 1152/6119/1
f 3753/2081/1 6259/909/1 3750/2074/1
f 1151/6127/1 2391/907/1 6259/909/1
f 6260/906/1 2601/905/1 521/6016/1
f 3757/2090/1 6260/906/1 3754/2083/1
f 1150/4996/1 2390/904/1 6260/906/1
f 6261/903/1 3229/902/1 1149/5000/1
f 3761/2099/1 6261/903/1 3758/2092/1
f 742/6103/1 1982/901/1 6261/903/1
f 6262/900/1 3228/899/1 1148/6109/1
f 3765/2108/1 6262/900/1 3762/2101/1
f 1147/6117/1 2387/898/1 6262/900/1
f 6263/897/1 2603/896/1 523/6006/1
f 3769/2117/1 6263/897/1 3766/2110/1
f 1146/5002/1 2386/895/1 6263/897/1
f 6264/894/1 3225/893/1 1145/5006/1
f 3773/2126/1 6264/894/1 3770/2119/1
f 744/6093/1 1984/892/1 6264/894/1
f 6265/891/1 3224/890/1 1144/6099/1
f 3777/2135/1 6265/891/1 3774/2128/1
f 1143/6107/1 2383/889/1 6265/891/1
f 6266/888/1 2605/887/1 525/5996/1
f 3781/2144/1 6266/888/1 3778/2137/1
f 1142/5008/1 2382/886/1 6266/888/1
f 6267/885/1 3221/884/1 1141/5012/1
f 3785/2153/1 6267/885/1 3782/2146/1
f 746/6083/1 1986/883/1 6267/885/1
f 6268/882/1 3220/881/1 1140/6089/1
f 3789/2162/1 6268/882/1 3786/2155/1
f 1139/6097/1 2379/880/1 6268/882/1
f 6269/879/1 2607/878/1 527/5986/1
f 3793/2171/1 6269/879/1 3790/2164/1
f 1138/5014/1 2378/877/1 6269/879/1
f 6270/876/1 3217/875/1 1137/5018/1
f 3797/2180/1 6270/876/1 3794/2173/1
f 748/6073/1 1988/874/1 6270/876/1
f 6271/873/1 3216/872/1 1136/6079/1
f 3801/2189/1 6271/873/1 3798/2182/1
f 1135/6087/1 2375/871/1 6271/873/1
f 6272/870/1 2609/869/1 529/5976/1
f 3805/2198/1 6272/870/1 3802/2191/1
f 1134/5020/1 2374/868/1 6272/870/1
f 6273/867/1 3213/866/1 1133/5024/1
f 3809/2207/1 6273/867/1 3806/2200/1
f 750/6063/1 1990/865/1 6273/867/1
f 6274/864/1 3212/863/1 1132/6069/1
f 3813/2216/1 6274/864/1 3810/2209/1
f 1131/6077/1 2371/862/1 6274/864/1
f 6275/861/1 2611/860/1 531/5966/1
f 3817/2225/1 6275/861/1 3814/2218/1
f 1130/5026/1 2370/859/1 6275/861/1
f 6276/858/1 3209/857/1 1129/5030/1
f 3821/2234/1 6276/858/1 3818/2227/1
f 752/6052/1 1992/856/1 6276/858/1
f 6277/855/1 3208/854/1 1128/6059/1
f 3825/2243/1 6277/855/1 3822/2236/1
f 1127/6067/1 2367/853/1 6277/855/1
f 6278/852/1 2613/851/1 533/5956/1
f 3829/2252/1 6278/852/1 3826/2245/1
f 1126/5032/1 2366/850/1 6278/852/1
f 6279/849/1 3205/848/1 1125/5036/1
f 3833/2261/1 6279/849/1 3830/2254/1
f 754/6524/1 1994/847/1 6279/849/1
f 6280/846/1 3204/845/1 1124/6048/1
f 3837/2270/1 6280/846/1 3834/2263/1
f 1123/6057/1 2363/844/1 6280/846/1
f 6281/843/1 2615/842/1 535/5945/1
f 3841/2279/1 6281/843/1 3838/2272/1
f 1122/5038/1 2362/841/1 6281/843/1
f 6282/840/1 3201/839/1 1121/5042/1
f 3845/2288/1 6282/840/1 3842/2281/1
f 757/6027/1 1997/838/1 6282/840/1
f 6283/837/1 3200/836/1 1120/6033/1
f 3849/2297/1 6283/837/1 3846/2290/1
f 1119/6046/1 2359/835/1 6283/837/1
f 6284/834/1 2618/833/1 538/5933/1
f 3853/2306/1 6284/834/1 3850/2299/1
f 1118/5044/1 2358/832/1 6284/834/1
f 6285/831/1 3197/830/1 1117/5048/1
f 3857/2315/1 6285/831/1 3854/2308/1
f 759/6017/1 1999/829/1 6285/831/1
f 6286/828/1 3196/827/1 1116/6023/1
f 3861/2324/1 6286/828/1 3858/2317/1
f 1115/6031/1 2355/826/1 6286/828/1
f 6287/825/1 2620/824/1 540/5920/1
f 3865/2333/1 6287/825/1 3862/2326/1
f 1114/5050/1 2354/823/1 6287/825/1
f 6288/822/1 3193/821/1 1113/5054/1
f 3869/2342/1 6288/822/1 3866/2335/1
f 761/6007/1 2001/820/1 6288/822/1
f 6289/819/1 3192/818/1 1112/6013/1
f 3873/2351/1 6289/819/1 3870/2344/1
f 1111/6021/1 2351/817/1 6289/819/1
f 6290/816/1 2622/815/1 542/5910/1
f 3877/2360/1 6290/816/1 3874/2353/1
f 1110/5056/1 2350/814/1 6290/816/1
f 6291/813/1 3189/812/1 1109/5060/1
f 3881/2369/1 6291/813/1 3878/2362/1
f 763/5997/1 2003/811/1 6291/813/1
f 6292/810/1 3188/809/1 1108/6003/1
f 3885/2378/1 6292/810/1 3882/2371/1
f 1107/6011/1 2347/808/1 6292/810/1
f 6293/807/1 2624/806/1 544/5900/1
f 3889/2387/1 6293/807/1 3886/2380/1
f 1106/5062/1 2346/805/1 6293/807/1
f 6294/804/1 3185/803/1 1105/5066/1
f 3893/2396/1 6294/804/1 3890/2389/1
f 765/5987/1 2005/802/1 6294/804/1
f 6295/801/1 3184/800/1 1104/5993/1
f 3897/2405/1 6295/801/1 3894/2398/1
f 1103/6001/1 2343/799/1 6295/801/1
f 6296/798/1 2626/797/1 546/5890/1
f 3901/2414/1 6296/798/1 3898/2407/1
f 1102/5068/1 2342/796/1 6296/798/1
f 6297/795/1 3181/794/1 1101/5072/1
f 3905/2423/1 6297/795/1 3902/2416/1
f 767/5977/1 2007/793/1 6297/795/1
f 6298/792/1 3180/791/1 1100/5983/1
f 3909/2432/1 6298/792/1 3906/2425/1
f 1099/5991/1 2339/790/1 6298/792/1
f 6299/789/1 2628/788/1 548/5880/1
f 3913/2441/1 6299/789/1 3910/2434/1
f 1098/5074/1 2338/787/1 6299/789/1
f 6300/786/1 3177/785/1 1097/5078/1
f 3917/2450/1 6300/786/1 3914/2443/1
f 769/5967/1 2009/784/1 6300/786/1
f 6301/783/1 3176/782/1 1096/5973/1
f 3921/2459/1 6301/783/1 3918/2452/1
f 1095/5981/1 2335/781/1 6301/783/1
f 6302/780/1 2630/779/1 550/5870/1
f 3925/2468/1 6302/780/1 3922/2461/1
f 1094/5080/1 2334/778/1 6302/780/1
f 6303/777/1 3173/776/1 1093/5084/1
f 3929/2477/1 6303/777/1 3926/2470/1
f 771/5957/1 2011/775/1 6303/777/1
f 6304/774/1 3172/773/1 1092/5963/1
f 3933/2486/1 6304/774/1 3930/2479/1
f 1091/5971/1 2331/772/1 6304/774/1
f 6305/771/1 2632/770/1 552/5860/1
f 3937/2495/1 6305/771/1 3934/2488/1
f 1090/5086/1 2330/769/1 6305/771/1
f 6306/768/1 3169/767/1 1089/5090/1
f 3941/2504/1 6306/768/1 3938/2497/1
f 773/5946/1 2013/766/1 6306/768/1
f 6307/765/1 3168/764/1 1088/5953/1
f 3945/2513/1 6307/765/1 3942/2506/1
f 1087/5961/1 2327/763/1 6307/765/1
f 6308/762/1 2634/761/1 554/5850/1
f 3949/2522/1 6308/762/1 3946/2515/1
f 1086/5092/1 2326/760/1 6308/762/1
f 6309/759/1 3165/758/1 1085/5096/1
f 3953/2531/1 6309/759/1 3950/2524/1
f 775/6525/1 2015/757/1 6309/759/1
f 6310/756/1 3164/755/1 1084/5942/1
f 3957/2540/1 6310/756/1 3954/2533/1
f 1083/5951/1 2323/754/1 6310/756/1
f 6311/753/1 2636/752/1 556/5839/1
f 3961/2549/1 6311/753/1 3958/2542/1
f 1082/5098/1 2322/751/1 6311/753/1
f 6312/750/1 3161/749/1 1081/5102/1
f 3965/2558/1 6312/750/1 3962/2551/1
f 778/5921/1 2018/748/1 6312/750/1
f 6313/747/1 3160/746/1 1080/5927/1
f 3969/2567/1 6313/747/1 3966/2560/1
f 1079/5940/1 2319/745/1 6313/747/1
f 6314/744/1 2639/743/1 559/5827/1
f 3973/2576/1 6314/744/1 3970/2569/1
f 1078/5104/1 2318/742/1 6314/744/1
f 6315/741/1 3157/740/1 1077/5108/1
f 3977/2585/1 6315/741/1 3974/2578/1
f 780/5911/1 2020/739/1 6315/741/1
f 6316/738/1 3156/737/1 1076/5917/1
f 3981/2594/1 6316/738/1 3978/2587/1
f 1075/5925/1 2315/736/1 6316/738/1
f 6317/735/1 2641/734/1 561/5814/1
f 3985/2603/1 6317/735/1 3982/2596/1
f 1074/5110/1 2314/733/1 6317/735/1
f 6318/732/1 3153/731/1 1073/5114/1
f 3989/2612/1 6318/732/1 3986/2605/1
f 782/5901/1 2022/730/1 6318/732/1
f 6319/729/1 3152/728/1 1072/5907/1
f 3993/2621/1 6319/729/1 3990/2614/1
f 1071/5915/1 2311/727/1 6319/729/1
f 6320/726/1 2643/725/1 563/5804/1
f 3997/2630/1 6320/726/1 3994/2623/1
f 1070/5116/1 2310/724/1 6320/726/1
f 6321/723/1 3149/722/1 1069/5120/1
f 4001/2639/1 6321/723/1 3998/2632/1
f 784/5891/1 2024/721/1 6321/723/1
f 6322/720/1 3148/719/1 1068/5897/1
f 4005/2648/1 6322/720/1 4002/2641/1
f 1067/5905/1 2307/718/1 6322/720/1
f 6323/717/1 2645/716/1 565/5794/1
f 4009/2657/1 6323/717/1 4006/2650/1
f 1066/5122/1 2306/715/1 6323/717/1
f 6324/714/1 3145/713/1 1065/5126/1
f 4013/2666/1 6324/714/1 4010/2659/1
f 786/5881/1 2026/712/1 6324/714/1
f 6325/711/1 3144/710/1 1064/5887/1
f 4017/2675/1 6325/711/1 4014/2668/1
f 1063/5895/1 2303/709/1 6325/711/1
f 6326/708/1 2647/707/1 567/5784/1
f 4021/2684/1 6326/708/1 4018/2677/1
f 1062/5128/1 2302/706/1 6326/708/1
f 6327/705/1 3141/704/1 1061/5132/1
f 4025/2693/1 6327/705/1 4022/2686/1
f 788/5871/1 2028/703/1 6327/705/1
f 6328/702/1 3140/701/1 1060/5877/1
f 4029/2702/1 6328/702/1 4026/2695/1
f 1059/5885/1 2299/700/1 6328/702/1
f 6329/699/1 2649/698/1 569/5774/1
f 4033/2711/1 6329/699/1 4030/2704/1
f 1058/5134/1 2298/697/1 6329/699/1
f 6330/696/1 3137/695/1 1057/5138/1
f 4037/2720/1 6330/696/1 4034/2713/1
f 790/5861/1 2030/694/1 6330/696/1
f 6331/693/1 3136/692/1 1056/5867/1
f 4041/2729/1 6331/693/1 4038/2722/1
f 1055/5875/1 2295/691/1 6331/693/1
f 6332/690/1 2651/689/1 571/5764/1
f 4045/2738/1 6332/690/1 4042/2731/1
f 1054/5140/1 2294/688/1 6332/690/1
f 6333/687/1 3133/686/1 1053/5144/1
f 4049/2747/1 6333/687/1 4046/2740/1
f 792/5851/1 2032/685/1 6333/687/1
f 6334/684/1 3132/683/1 1052/5857/1
f 4053/2756/1 6334/684/1 4050/2749/1
f 1051/5865/1 2291/682/1 6334/684/1
f 6335/681/1 2653/680/1 573/5754/1
f 4057/2765/1 6335/681/1 4054/2758/1
f 1050/5146/1 2290/679/1 6335/681/1
f 6336/678/1 3129/677/1 1049/5150/1
f 4061/2774/1 6336/678/1 4058/2767/1
f 794/5840/1 2034/676/1 6336/678/1
f 6337/675/1 3128/674/1 1048/5847/1
f 4065/2783/1 6337/675/1 4062/2776/1
f 1047/5855/1 2287/673/1 6337/675/1
f 6338/672/1 2655/671/1 575/5744/1
f 4069/2792/1 6338/672/1 4066/2785/1
f 1046/5152/1 2286/670/1 6338/672/1
f 6339/669/1 3125/668/1 1045/5156/1
f 4073/2801/1 6339/669/1 4070/2794/1
f 796/6526/1 2036/667/1 6339/669/1
f 6340/666/1 3124/665/1 1044/5836/1
f 4077/2810/1 6340/666/1 4074/2803/1
f 1043/5845/1 2283/664/1 6340/666/1
f 6341/663/1 2657/662/1 577/5733/1
f 4081/2819/1 6341/663/1 4078/2812/1
f 1042/5158/1 2282/661/1 6341/663/1
f 6342/660/1 3121/659/1 1041/5162/1
f 4085/2828/1 6342/660/1 4082/2821/1
f 799/5815/1 2039/658/1 6342/660/1
f 6343/657/1 3120/656/1 1040/5821/1
f 4089/2837/1 6343/657/1 4086/2830/1
f 1039/5834/1 2279/655/1 6343/657/1
f 6344/654/1 2660/653/1 580/5721/1
f 4093/2846/1 6344/654/1 4090/2839/1
f 1038/5164/1 2278/652/1 6344/654/1
f 6345/651/1 3117/650/1 1037/5168/1
f 4097/2855/1 6345/651/1 4094/2848/1
f 801/5805/1 2041/649/1 6345/651/1
f 6346/648/1 3116/647/1 1036/5811/1
f 4101/2864/1 6346/648/1 4098/2857/1
f 1035/5819/1 2275/646/1 6346/648/1
f 6347/645/1 2662/644/1 582/5708/1
f 4105/2873/1 6347/645/1 4102/2866/1
f 1034/5170/1 2274/643/1 6347/645/1
f 6348/642/1 3113/641/1 1033/5174/1
f 4109/2882/1 6348/642/1 4106/2875/1
f 803/5795/1 2043/640/1 6348/642/1
f 6349/639/1 3112/638/1 1032/5801/1
f 4113/2891/1 6349/639/1 4110/2884/1
f 1031/5809/1 2271/637/1 6349/639/1
f 6350/636/1 2664/635/1 584/5698/1
f 4117/2900/1 6350/636/1 4114/2893/1
f 1030/5176/1 2270/634/1 6350/636/1
f 6351/633/1 3109/632/1 1029/5180/1
f 4121/2909/1 6351/633/1 4118/2902/1
f 805/5785/1 2045/631/1 6351/633/1
f 6352/630/1 3108/629/1 1028/5791/1
f 4125/2918/1 6352/630/1 4122/2911/1
f 1027/5799/1 2267/628/1 6352/630/1
f 6353/627/1 2666/626/1 586/5688/1
f 4129/2927/1 6353/627/1 4126/2920/1
f 1026/5182/1 2266/625/1 6353/627/1
f 6354/624/1 3105/623/1 1025/5186/1
f 4133/2936/1 6354/624/1 4130/2929/1
f 807/5775/1 2047/622/1 6354/624/1
f 6355/621/1 3104/620/1 1024/5781/1
f 4137/2945/1 6355/621/1 4134/2938/1
f 1023/5789/1 2263/619/1 6355/621/1
f 6356/618/1 2668/617/1 588/5678/1
f 4141/2954/1 6356/618/1 4138/2947/1
f 1022/5188/1 2262/616/1 6356/618/1
f 6357/615/1 3101/614/1 1021/5192/1
f 4145/2963/1 6357/615/1 4142/2956/1
f 809/5765/1 2049/613/1 6357/615/1
f 6358/612/1 3100/611/1 1020/5771/1
f 4149/2972/1 6358/612/1 4146/2965/1
f 1019/5779/1 2259/610/1 6358/612/1
f 6359/609/1 2670/608/1 590/5668/1
f 4153/2981/1 6359/609/1 4150/2974/1
f 1018/5194/1 2258/607/1 6359/609/1
f 6360/606/1 3097/605/1 1017/5198/1
f 4157/2990/1 6360/606/1 4154/2983/1
f 811/5755/1 2051/604/1 6360/606/1
f 6361/603/1 3096/602/1 1016/5761/1
f 4161/2999/1 6361/603/1 4158/2992/1
f 1015/5769/1 2255/601/1 6361/603/1
f 6362/600/1 2672/599/1 592/5658/1
f 4165/3008/1 6362/600/1 4162/3001/1
f 1014/5200/1 2254/598/1 6362/600/1
f 6363/597/1 3093/596/1 1013/5204/1
f 4169/3017/1 6363/597/1 4166/3010/1
f 813/5745/1 2053/595/1 6363/597/1
f 6364/594/1 3092/593/1 1012/5751/1
f 4173/3026/1 6364/594/1 4170/3019/1
f 1011/5759/1 2251/592/1 6364/594/1
f 6365/591/1 2674/590/1 594/5648/1
f 4177/3035/1 6365/591/1 4174/3028/1
f 1010/5206/1 2250/589/1 6365/591/1
f 6366/588/1 3089/587/1 1009/5210/1
f 4181/3044/1 6366/588/1 4178/3037/1
f 815/5734/1 2055/586/1 6366/588/1
f 6367/585/1 3088/584/1 1008/5741/1
f 4185/3053/1 6367/585/1 4182/3046/1
f 1007/5749/1 2247/583/1 6367/585/1
f 6368/582/1 2676/581/1 596/5638/1
f 4189/3062/1 6368/582/1 4186/3055/1
f 1006/5212/1 2246/580/1 6368/582/1
f 6369/579/1 3085/578/1 1005/5216/1
f 4193/3071/1 6369/579/1 4190/3064/1
f 817/6527/1 2057/577/1 6369/579/1
f 6370/576/1 3084/575/1 1004/5730/1
f 4197/3080/1 6370/576/1 4194/3073/1
f 1003/5739/1 2243/574/1 6370/576/1
f 6371/573/1 2678/572/1 598/5627/1
f 4201/3089/1 6371/573/1 4198/3082/1
f 1002/5218/1 2242/571/1 6371/573/1
f 6372/570/1 3081/569/1 1001/5222/1
f 4205/3098/1 6372/570/1 4202/3091/1
f 820/5709/1 2060/568/1 6372/570/1
f 6373/567/1 3080/566/1 1000/5715/1
f 4209/3107/1 6373/567/1 4206/3100/1
f 999/5728/1 2239/565/1 6373/567/1
f 6374/564/1 2681/563/1 601/5615/1
f 4213/3116/1 6374/564/1 4210/3109/1
f 998/5224/1 2238/562/1 6374/564/1
f 6375/561/1 3077/560/1 997/5228/1
f 4217/3125/1 6375/561/1 4214/3118/1
f 822/5699/1 2062/559/1 6375/561/1
f 6376/558/1 3076/557/1 996/5705/1
f 4221/3134/1 6376/558/1 4218/3127/1
f 995/5713/1 2235/556/1 6376/558/1
f 6377/555/1 2683/554/1 603/5602/1
f 4225/3143/1 6377/555/1 4222/3136/1
f 994/5230/1 2234/553/1 6377/555/1
f 6378/552/1 3073/551/1 993/5234/1
f 4229/3152/1 6378/552/1 4226/3145/1
f 824/5689/1 2064/550/1 6378/552/1
f 6379/549/1 3072/548/1 992/5695/1
f 4233/3161/1 6379/549/1 4230/3154/1
f 991/5703/1 2231/547/1 6379/549/1
f 6380/546/1 2685/545/1 605/5592/1
f 4237/3170/1 6380/546/1 4234/3163/1
f 990/5236/1 2230/544/1 6380/546/1
f 6381/543/1 3069/542/1 989/5240/1
f 4241/3179/1 6381/543/1 4238/3172/1
f 826/5679/1 2066/541/1 6381/543/1
f 6382/540/1 3068/539/1 988/5685/1
f 4245/3188/1 6382/540/1 4242/3181/1
f 987/5693/1 2227/538/1 6382/540/1
f 6383/537/1 2687/536/1 607/5582/1
f 4249/3197/1 6383/537/1 4246/3190/1
f 986/5242/1 2226/535/1 6383/537/1
f 6384/534/1 3065/533/1 985/5246/1
f 4253/3206/1 6384/534/1 4250/3199/1
f 828/5669/1 2068/532/1 6384/534/1
f 6385/531/1 3064/530/1 984/5675/1
f 4257/3215/1 6385/531/1 4254/3208/1
f 983/5683/1 2223/529/1 6385/531/1
f 6386/528/1 2689/527/1 609/5572/1
f 4261/3224/1 6386/528/1 4258/3217/1
f 982/5248/1 2222/526/1 6386/528/1
f 6387/525/1 3061/524/1 981/5252/1
f 4265/3233/1 6387/525/1 4262/3226/1
f 830/5659/1 2070/523/1 6387/525/1
f 6388/522/1 3060/521/1 980/5665/1
f 4269/3242/1 6388/522/1 4266/3235/1
f 979/5673/1 2219/520/1 6388/522/1
f 6389/519/1 2691/518/1 611/5562/1
f 4273/3251/1 6389/519/1 4270/3244/1
f 978/5254/1 2218/517/1 6389/519/1
f 6390/516/1 3057/515/1 977/5258/1
f 4277/3260/1 6390/516/1 4274/3253/1
f 832/5649/1 2072/514/1 6390/516/1
f 6391/513/1 3056/512/1 976/5655/1
f 4281/3269/1 6391/513/1 4278/3262/1
f 975/5663/1 2215/511/1 6391/513/1
f 6392/510/1 2693/509/1 613/5552/1
f 4285/3278/1 6392/510/1 4282/3271/1
f 974/5260/1 2214/508/1 6392/510/1
f 6393/507/1 3053/506/1 973/5264/1
f 4289/3287/1 6393/507/1 4286/3280/1
f 834/5639/1 2074/505/1 6393/507/1
f 6394/504/1 3052/503/1 972/5645/1
f 4293/3296/1 6394/504/1 4290/3289/1
f 971/5653/1 2211/502/1 6394/504/1
f 6395/501/1 2695/500/1 615/5542/1
f 4297/3305/1 6395/501/1 4294/3298/1
f 970/5266/1 2210/499/1 6395/501/1
f 6396/498/1 3049/497/1 969/5270/1
f 4301/3314/1 6396/498/1 4298/3307/1
f 836/5628/1 2076/496/1 6396/498/1
f 6397/495/1 3048/494/1 968/5635/1
f 4305/3323/1 6397/495/1 4302/3316/1
f 967/5643/1 2207/493/1 6397/495/1
f 6398/492/1 2697/491/1 617/5532/1
f 4309/3332/1 6398/492/1 4306/3325/1
f 966/5272/1 2206/490/1 6398/492/1
f 6399/489/1 3045/488/1 965/5276/1
f 4313/3341/1 6399/489/1 4310/3334/1
f 838/6528/1 2078/487/1 6399/489/1
f 6400/486/1 3044/485/1 964/5624/1
f 4317/3350/1 6400/486/1 4314/3343/1
f 963/5633/1 2203/484/1 6400/486/1
f 6401/483/1 2699/482/1 619/5521/1
f 4321/3359/1 6401/483/1 4318/3352/1
f 962/5278/1 2202/481/1 6401/483/1
f 6402/480/1 3041/479/1 961/5282/1
f 4325/3368/1 6402/480/1 4322/3361/1
f 841/5603/1 2081/478/1 6402/480/1
f 6403/477/1 3040/476/1 960/5609/1
f 4329/3377/1 6403/477/1 4326/3370/1
f 959/5622/1 2199/475/1 6403/477/1
f 6404/474/1 2702/473/1 622/5509/1
f 4333/3386/1 6404/474/1 4330/3379/1
f 958/5284/1 2198/472/1 6404/474/1
f 6405/471/1 3037/470/1 957/5288/1
f 4337/3395/1 6405/471/1 4334/3388/1
f 843/5593/1 2083/469/1 6405/471/1
f 6406/468/1 3036/467/1 956/5599/1
f 4341/3404/1 6406/468/1 4338/3397/1
f 955/5607/1 2195/466/1 6406/468/1
f 6407/465/1 2704/464/1 624/5495/1
f 4345/3413/1 6407/465/1 4342/3406/1
f 954/5290/1 2194/463/1 6407/465/1
f 6408/462/1 3033/461/1 953/5294/1
f 4349/3422/1 6408/462/1 4346/3415/1
f 845/5583/1 2085/460/1 6408/462/1
f 6409/459/1 3032/458/1 952/5589/1
f 4353/3431/1 6409/459/1 4350/3424/1
f 951/5597/1 2191/457/1 6409/459/1
f 6410/456/1 2706/455/1 626/5484/1
f 4357/3440/1 6410/456/1 4354/3433/1
f 950/5296/1 2190/454/1 6410/456/1
f 6411/453/1 3029/452/1 949/5300/1
f 4361/3449/1 6411/453/1 4358/3442/1
f 847/5573/1 2087/451/1 6411/453/1
f 6412/450/1 3028/449/1 948/5579/1
f 4365/3458/1 6412/450/1 4362/3451/1
f 947/5587/1 2187/448/1 6412/450/1
f 6413/447/1 2708/446/1 628/5473/1
f 4369/3467/1 6413/447/1 4366/3460/1
f 946/5302/1 2186/445/1 6413/447/1
f 6414/444/1 3025/443/1 945/5306/1
f 4373/3476/1 6414/444/1 4370/3469/1
f 849/5563/1 2089/442/1 6414/444/1
f 6415/441/1 3024/440/1 944/5569/1
f 4377/3485/1 6415/441/1 4374/3478/1
f 943/5577/1 2183/439/1 6415/441/1
f 6416/438/1 2710/437/1 630/5462/1
f 4381/3494/1 6416/438/1 4378/3487/1
f 942/5308/1 2182/436/1 6416/438/1
f 6417/435/1 3021/434/1 941/5312/1
f 4385/3503/1 6417/435/1 4382/3496/1
f 851/5553/1 2091/433/1 6417/435/1
f 6418/432/1 3020/431/1 940/5559/1
f 4389/3512/1 6418/432/1 4386/3505/1
f 939/5567/1 2179/430/1 6418/432/1
f 6419/429/1 2712/428/1 632/5451/1
f 4393/3521/1 6419/429/1 4390/3514/1
f 938/5314/1 2178/427/1 6419/429/1
f 6420/426/1 3017/425/1 937/5318/1
f 4397/3530/1 6420/426/1 4394/3523/1
f 853/5543/1 2093/424/1 6420/426/1
f 6421/423/1 3016/422/1 936/5549/1
f 4401/3539/1 6421/423/1 4398/3532/1
f 935/5557/1 2175/421/1 6421/423/1
f 6422/420/1 2714/419/1 634/5440/1
f 4405/3548/1 6422/420/1 4402/3541/1
f 934/5320/1 2174/418/1 6422/420/1
f 6423/417/1 3013/416/1 933/5324/1
f 4409/3557/1 6423/417/1 4406/3550/1
f 855/5533/1 2095/415/1 6423/417/1
f 6424/414/1 3012/413/1 932/5539/1
f 4413/3566/1 6424/414/1 4410/3559/1
f 931/5547/1 2171/412/1 6424/414/1
f 6425/411/1 2716/410/1 636/5429/1
f 4417/3575/1 6425/411/1 4414/3568/1
f 930/5326/1 2170/409/1 6425/411/1
f 6426/408/1 3009/407/1 929/5330/1
f 4421/3584/1 6426/408/1 4418/3577/1
f 857/5522/1 2097/406/1 6426/408/1
f 6427/405/1 3008/404/1 928/5529/1
f 4425/3593/1 6427/405/1 4422/3586/1
f 927/5537/1 2167/403/1 6427/405/1
f 6428/402/1 2718/401/1 638/5418/1
f 4429/3602/1 6428/402/1 4426/3595/1
f 926/5332/1 2166/400/1 6428/402/1
f 6429/399/1 3005/398/1 925/5336/1
f 4433/3611/1 6429/399/1 4430/3604/1
f 859/6529/1 2099/397/1 6429/399/1
f 6430/396/1 3004/395/1 924/5518/1
f 4437/3620/1 6430/396/1 4434/3613/1
f 923/5527/1 2163/394/1 6430/396/1
f 6431/393/1 2720/392/1 640/5406/1
f 4441/3629/1 6431/393/1 4438/3622/1
f 922/5338/1 2162/391/1 6431/393/1
f 6432/390/1 3001/389/1 921/5342/1
f 4445/3638/1 6432/390/1 4442/3631/1
f 862/5496/1 2102/388/1 6432/390/1
f 6433/387/1 3000/386/1 920/5502/1
f 4449/3647/1 6433/387/1 4446/3640/1
f 919/5516/1 2159/385/1 6433/387/1
f 6434/384/1 2723/383/1 643/6530/1
f 4453/3656/1 6434/384/1 4450/3649/1
f 918/5344/1 2158/382/1 6434/384/1
f 6435/381/1 2997/380/1 917/5348/1
f 4457/3665/1 6435/381/1 4454/3658/1
f 864/5485/1 2104/379/1 6435/381/1
f 6436/378/1 2996/377/1 916/5491/1
f 4461/3674/1 6436/378/1 4458/3667/1
f 915/5500/1 2155/376/1 6436/378/1
f 6437/375/1 2725/374/1 645/6531/1
f 4465/3683/1 6437/375/1 4462/3676/1
f 914/5350/1 2154/373/1 6437/375/1
f 6438/372/1 2993/371/1 913/5354/1
f 4469/3692/1 6438/372/1 4466/3685/1
f 866/5474/1 2106/370/1 6438/372/1
f 6439/369/1 2992/368/1 912/5480/1
f 4473/3701/1 6439/369/1 4470/3694/1
f 911/5489/1 2151/367/1 6439/369/1
f 6440/366/1 2727/365/1 647/6532/1
f 4477/3710/1 6440/366/1 4474/3703/1
f 910/5356/1 2150/364/1 6440/366/1
f 6441/363/1 2989/362/1 909/5360/1
f 4481/3719/1 6441/363/1 4478/3712/1
f 868/5463/1 2108/361/1 6441/363/1
f 6442/360/1 2988/359/1 908/5469/1
f 4485/3728/1 6442/360/1 4482/3721/1
f 907/5478/1 2147/358/1 6442/360/1
f 6443/357/1 2729/356/1 649/6533/1
f 4489/3737/1 6443/357/1 4486/3730/1
f 906/5362/1 2146/355/1 6443/357/1
f 6444/354/1 2985/353/1 905/5366/1
f 4493/3746/1 6444/354/1 4490/3739/1
f 870/5452/1 2110/352/1 6444/354/1
f 6445/351/1 2984/350/1 904/5458/1
f 4497/3755/1 6445/351/1 4494/3748/1
f 903/5467/1 2143/349/1 6445/351/1
f 6446/348/1 2731/347/1 651/6534/1
f 4501/3764/1 6446/348/1 4498/3757/1
f 902/5368/1 2142/346/1 6446/348/1
f 6447/345/1 2981/344/1 901/5372/1
f 4505/3773/1 6447/345/1 4502/3766/1
f 872/5441/1 2112/343/1 6447/345/1
f 6448/342/1 2980/341/1 900/5447/1
f 4509/3782/1 6448/342/1 4506/3775/1
f 899/5456/1 2139/340/1 6448/342/1
f 6449/339/1 2733/338/1 653/6535/1
f 4513/3791/1 6449/339/1 4510/3784/1
f 898/5374/1 2138/337/1 6449/339/1
f 6450/336/1 2977/335/1 897/5378/1
f 4517/3800/1 6450/336/1 4514/3793/1
f 874/5430/1 2114/334/1 6450/336/1
f 6451/333/1 2976/332/1 896/5436/1
f 4521/3809/1 6451/333/1 4518/3802/1
f 895/5445/1 2135/331/1 6451/333/1
f 6452/330/1 2735/329/1 655/6536/1
f 4525/3818/1 6452/330/1 4522/3811/1
f 894/5380/1 2134/328/1 6452/330/1
f 6453/327/1 2973/326/1 893/5384/1
f 4529/3827/1 6453/327/1 4526/3820/1
f 876/5419/1 2116/325/1 6453/327/1
f 6454/324/1 2972/323/1 892/5425/1
f 4533/3836/1 6454/324/1 4530/3829/1
f 891/5434/1 2131/322/1 6454/324/1
f 6455/321/1 2737/320/1 657/6537/1
f 4537/3845/1 6455/321/1 4534/3838/1
f 890/5386/1 2130/319/1 6455/321/1
f 6456/318/1 2969/317/1 889/5390/1
f 4541/3854/1 6456/318/1 4538/3847/1
f 878/5407/1 2118/316/1 6456/318/1
f 6457/315/1 2968/314/1 888/5414/1
f 4545/3863/1 6457/315/1 4542/3856/1
f 887/5423/1 2127/313/1 6457/315/1
f 6458/312/1 2739/311/1 659/6538/1
f 4549/3872/1 6458/312/1 4546/3865/1
f 886/5392/1 2126/310/1 6458/312/1
f 6459/309/1 2965/308/1 885/5396/1
f 4553/3881/1 6459/309/1 4550/3874/1
f 880/6539/1 2120/307/1 6459/309/1
f 6460/306/1 2964/305/1 884/5402/1
f 4557/3890/1 6460/306/1 4554/3883/1
f 883/5412/1 2123/304/1 6460/306/1
f 6461/303/1 2741/302/1 661/6540/1
f 4561/3899/1 6461/303/1 4558/3892/1
f 882/5398/1 2122/301/1 6461/303/1
f 6462/300/1 2961/299/1 881/6541/1
f 4565/3908/1 6462/300/1 4562/3901/1
f 660/6542/1 1900/298/1 6462/300/1
f 6463/297/1 2959/296/1 879/6543/1
f 4569/3917/1 6463/297/1 4566/3910/1
f 658/5403/1 1898/295/1 6463/297/1
f 6464/294/1 2957/293/1 877/6544/1
f 4573/3926/1 6464/294/1 4570/3919/1
f 656/5415/1 1896/292/1 6464/294/1
f 6465/291/1 2955/290/1 875/6545/1
f 4577/3935/1 6465/291/1 4574/3928/1
f 654/5426/1 1894/289/1 6465/291/1
f 6466/288/1 2953/287/1 873/6546/1
f 4581/3944/1 6466/288/1 4578/3937/1
f 652/5437/1 1892/286/1 6466/288/1
f 6467/285/1 2951/284/1 871/6547/1
f 4585/3953/1 6467/285/1 4582/3946/1
f 650/5448/1 1890/283/1 6467/285/1
f 6468/282/1 2949/281/1 869/6548/1
f 4589/3962/1 6468/282/1 4586/3955/1
f 648/5459/1 1888/280/1 6468/282/1
f 6469/279/1 2947/278/1 867/6549/1
f 4593/3971/1 6469/279/1 4590/3964/1
f 646/5470/1 1886/277/1 6469/279/1
f 6470/276/1 2945/275/1 865/6550/1
f 4597/3980/1 6470/276/1 4594/3973/1
f 644/5481/1 1884/274/1 6470/276/1
f 6471/273/1 2943/272/1 863/6551/1
f 4601/3989/1 6471/273/1 4598/3982/1
f 642/5492/1 1882/271/1 6471/273/1
f 6472/270/1 2940/269/1 860/5410/1
f 4605/3998/1 6472/270/1 4602/3991/1
f 639/6552/1 1879/268/1 6472/270/1
f 6473/267/1 2938/266/1 858/5422/1
f 4609/4007/1 6473/267/1 4606/4000/1
f 637/5519/1 1877/265/1 6473/267/1
f 6474/264/1 2936/263/1 856/5433/1
f 4613/4016/1 6474/264/1 4610/4009/1
f 635/5530/1 1875/262/1 6474/264/1
f 6475/261/1 2934/260/1 854/5444/1
f 4617/4025/1 6475/261/1 4614/4018/1
f 633/5540/1 1873/259/1 6475/261/1
f 6476/258/1 2932/257/1 852/5455/1
f 4621/4034/1 6476/258/1 4618/4027/1
f 631/5550/1 1871/256/1 6476/258/1
f 6477/255/1 2930/254/1 850/5466/1
f 4625/4043/1 6477/255/1 4622/4036/1
f 629/5560/1 1869/253/1 6477/255/1
f 6478/252/1 2928/251/1 848/5477/1
f 4629/4052/1 6478/252/1 4626/4045/1
f 627/5570/1 1867/250/1 6478/252/1
f 6479/249/1 2926/248/1 846/5488/1
f 4633/4061/1 6479/249/1 4630/4054/1
f 625/5580/1 1865/247/1 6479/249/1
f 6480/246/1 2924/245/1 844/5499/1
f 4637/4070/1 6480/246/1 4634/4063/1
f 623/5590/1 1863/244/1 6480/246/1
f 6481/243/1 2922/242/1 842/5515/1
f 4641/4079/1 6481/243/1 4638/4072/1
f 621/5600/1 1861/241/1 6481/243/1
f 6482/240/1 2919/239/1 839/5525/1
f 4645/4088/1 6482/240/1 4642/4081/1
f 618/6553/1 1858/238/1 6482/240/1
f 6483/237/1 2917/236/1 837/5536/1
f 4649/4097/1 6483/237/1 4646/4090/1
f 616/5625/1 1856/235/1 6483/237/1
f 6484/234/1 2915/233/1 835/5546/1
f 4653/4106/1 6484/234/1 4650/4099/1
f 614/5636/1 1854/232/1 6484/234/1
f 6485/231/1 2913/230/1 833/5556/1
f 4657/4115/1 6485/231/1 4654/4108/1
f 612/5646/1 1852/229/1 6485/231/1
f 6486/228/1 2911/227/1 831/5566/1
f 4661/4124/1 6486/228/1 4658/4117/1
f 610/5656/1 1850/226/1 6486/228/1
f 6487/225/1 2909/224/1 829/5576/1
f 4665/4133/1 6487/225/1 4662/4126/1
f 608/5666/1 1848/223/1 6487/225/1
f 6488/222/1 2907/221/1 827/5586/1
f 4669/4142/1 6488/222/1 4666/4135/1
f 606/5676/1 1846/220/1 6488/222/1
f 6489/219/1 2905/218/1 825/5596/1
f 4673/4151/1 6489/219/1 4670/4144/1
f 604/5686/1 1844/217/1 6489/219/1
f 6490/216/1 2903/215/1 823/5606/1
f 4677/4160/1 6490/216/1 4674/4153/1
f 602/5696/1 1842/214/1 6490/216/1
f 6491/213/1 2901/212/1 821/5621/1
f 4681/4169/1 6491/213/1 4678/4162/1
f 600/5706/1 1840/211/1 6491/213/1
f 6492/210/1 2898/209/1 818/5631/1
f 4685/4178/1 6492/210/1 4682/4171/1
f 597/6554/1 1837/208/1 6492/210/1
f 6493/207/1 2896/206/1 816/5642/1
f 4689/4187/1 6493/207/1 4686/4180/1
f 595/5731/1 1835/205/1 6493/207/1
f 6494/204/1 2894/203/1 814/5652/1
f 4693/4196/1 6494/204/1 4690/4189/1
f 593/5742/1 1833/202/1 6494/204/1
f 6495/201/1 2892/200/1 812/5662/1
f 4697/4205/1 6495/201/1 4694/4198/1
f 591/5752/1 1831/199/1 6495/201/1
f 6496/198/1 2890/197/1 810/5672/1
f 4701/4214/1 6496/198/1 4698/4207/1
f 589/5762/1 1829/196/1 6496/198/1
f 6497/195/1 2888/194/1 808/5682/1
f 4705/4223/1 6497/195/1 4702/4216/1
f 587/5772/1 1827/193/1 6497/195/1
f 6498/192/1 2886/191/1 806/5692/1
f 4709/4232/1 6498/192/1 4706/4225/1
f 585/5782/1 1825/190/1 6498/192/1
f 6499/189/1 2884/188/1 804/5702/1
f 4713/4241/1 6499/189/1 4710/4234/1
f 583/5792/1 1823/187/1 6499/189/1
f 6500/186/1 2882/185/1 802/5712/1
f 4717/4250/1 6500/186/1 4714/4243/1
f 581/5802/1 1821/184/1 6500/186/1
f 6501/183/1 2880/182/1 800/5727/1
f 4721/4259/1 6501/183/1 4718/4252/1
f 579/5812/1 1819/181/1 6501/183/1
f 6502/180/1 2877/179/1 797/5737/1
f 4725/4268/1 6502/180/1 4722/4261/1
f 576/6555/1 1816/178/1 6502/180/1
f 6503/177/1 2875/176/1 795/5748/1
f 4729/4277/1 6503/177/1 4726/4270/1
f 574/5837/1 1814/175/1 6503/177/1
f 6504/174/1 2873/173/1 793/5758/1
f 4733/4286/1 6504/174/1 4730/4279/1
f 572/5848/1 1812/172/1 6504/174/1
f 6505/171/1 2871/170/1 791/5768/1
f 4737/4295/1 6505/171/1 4734/4288/1
f 570/5858/1 1810/169/1 6505/171/1
f 6506/168/1 2869/167/1 789/5778/1
f 4741/4304/1 6506/168/1 4738/4297/1
f 568/5868/1 1808/166/1 6506/168/1
f 6507/165/1 2867/164/1 787/5788/1
f 4745/4313/1 6507/165/1 4742/4306/1
f 566/5878/1 1806/163/1 6507/165/1
f 6508/162/1 2865/161/1 785/5798/1
f 4749/4322/1 6508/162/1 4746/4315/1
f 564/5888/1 1804/160/1 6508/162/1
f 6509/159/1 2863/158/1 783/5808/1
f 4753/4331/1 6509/159/1 4750/4324/1
f 562/5898/1 1802/157/1 6509/159/1
f 6510/156/1 2861/155/1 781/5818/1
f 4757/4340/1 6510/156/1 4754/4333/1
f 560/5908/1 1800/154/1 6510/156/1
f 6511/153/1 2859/152/1 779/5833/1
f 4761/4349/1 6511/153/1 4758/4342/1
f 558/5918/1 1798/151/1 6511/153/1
f 6512/150/1 2856/149/1 776/5843/1
f 4765/4358/1 6512/150/1 4762/4351/1
f 555/6556/1 1795/148/1 6512/150/1
f 6513/147/1 2854/146/1 774/5854/1
f 4769/4367/1 6513/147/1 4766/4360/1
f 553/5943/1 1793/145/1 6513/147/1
f 6514/144/1 2852/143/1 772/5864/1
f 4773/4376/1 6514/144/1 4770/4369/1
f 551/5954/1 1791/142/1 6514/144/1
f 6515/141/1 2850/140/1 770/5874/1
f 4777/4385/1 6515/141/1 4774/4378/1
f 549/5964/1 1789/139/1 6515/141/1
f 6516/138/1 2848/137/1 768/5884/1
f 4781/4394/1 6516/138/1 4778/4387/1
f 547/5974/1 1787/136/1 6516/138/1
f 6517/135/1 2846/134/1 766/5894/1
f 4785/4403/1 6517/135/1 4782/4396/1
f 545/5984/1 1785/133/1 6517/135/1
f 6518/132/1 2844/131/1 764/5904/1
f 4789/4412/1 6518/132/1 4786/4405/1
f 543/5994/1 1783/130/1 6518/132/1
f 6519/129/1 2842/128/1 762/5914/1
f 4793/4421/1 6519/129/1 4790/4414/1
f 541/6004/1 1781/127/1 6519/129/1
f 6520/126/1 2840/125/1 760/5924/1
f 4797/4430/1 6520/126/1 4794/4423/1
f 539/6014/1 1779/124/1 6520/126/1
f 6521/123/1 2838/122/1 758/5939/1
f 4801/4439/1 6521/123/1 4798/4432/1
f 537/6024/1 1777/121/1 6521/123/1
f 6522/120/1 2835/119/1 755/5949/1
f 4805/4448/1 6522/120/1 4802/4441/1
f 534/6557/1 1774/118/1 6522/120/1
f 6523/117/1 2833/116/1 753/5960/1
f 4809/4457/1 6523/117/1 4806/4450/1
f 532/6049/1 1772/115/1 6523/117/1
f 6524/114/1 2831/113/1 751/5970/1
f 4813/4466/1 6524/114/1 4810/4459/1
f 530/6060/1 1770/112/1 6524/114/1
f 6525/111/1 2829/110/1 749/5980/1
f 4817/4475/1 6525/111/1 4814/4468/1
f 528/6070/1 1768/109/1 6525/111/1
f 6526/108/1 2827/107/1 747/5990/1
f 4821/4484/1 6526/108/1 4818/4477/1
f 526/6080/1 1766/106/1 6526/108/1
f 6527/105/1 2825/104/1 745/6000/1
f 4825/4493/1 6527/105/1 4822/4486/1
f 524/6090/1 1764/103/1 6527/105/1
f 6528/102/1 2823/101/1 743/6010/1
f 4829/4502/1 6528/102/1 4826/4495/1
f 522/6100/1 1762/100/1 6528/102/1
f 6529/99/1 2821/98/1 741/6020/1
f 4833/4511/1 6529/99/1 4830/4504/1
f 520/6110/1 1760/97/1 6529/99/1
f 6530/96/1 2819/95/1 739/6030/1
f 4837/4520/1 6530/96/1 4834/4513/1
f 518/6120/1 1758/94/1 6530/96/1
f 6531/93/1 2817/92/1 737/6045/1
f 4841/4529/1 6531/93/1 4838/4522/1
f 516/6130/1 1756/91/1 6531/93/1
f 6532/90/1 2814/89/1 734/6055/1
f 4845/4538/1 6532/90/1 4842/4531/1
f 513/6558/1 1753/88/1 6532/90/1
f 6533/87/1 2812/86/1 732/6066/1
f 4849/4547/1 6533/87/1 4846/4540/1
f 511/6155/1 1751/85/1 6533/87/1
f 6534/84/1 2810/83/1 730/6076/1
f 4853/4556/1 6534/84/1 4850/4549/1
f 509/6166/1 1749/82/1 6534/84/1
f 6535/81/1 2808/80/1 728/6086/1
f 4857/4565/1 6535/81/1 4854/4558/1
f 507/6176/1 1747/79/1 6535/81/1
f 6536/78/1 2806/77/1 726/6096/1
f 4861/4574/1 6536/78/1 4858/4567/1
f 505/6186/1 1745/76/1 6536/78/1
f 6537/75/1 2804/74/1 724/6106/1
f 4865/4583/1 6537/75/1 4862/4576/1
f 503/6196/1 1743/73/1 6537/75/1
f 6538/72/1 2802/71/1 722/6116/1
f 4869/4592/1 6538/72/1 4866/4585/1
f 501/6206/1 1741/70/1 6538/72/1
f 6539/69/1 2800/68/1 720/6126/1
f 4873/4601/1 6539/69/1 4870/4594/1
f 499/6216/1 1739/67/1 6539/69/1
f 6540/66/1 2798/65/1 718/6136/1
f 4877/4610/1 6540/66/1 4874/4603/1
f 497/6226/1 1737/64/1 6540/66/1
f 6541/63/1 2796/62/1 716/6151/1
f 4881/4619/1 6541/63/1 4878/4612/1
f 495/6236/1 1735/61/1 6541/63/1
f 6542/60/1 2793/59/1 713/6161/1
f 4885/4628/1 6542/60/1 4882/4621/1
f 492/6559/1 1732/58/1 6542/60/1
f 6543/57/1 2791/56/1 711/6172/1
f 4889/4637/1 6543/57/1 4886/4630/1
f 490/6261/1 1730/55/1 6543/57/1
f 6544/54/1 2789/53/1 709/6182/1
f 4893/4646/1 6544/54/1 4890/4639/1
f 488/6272/1 1728/52/1 6544/54/1
f 6545/51/1 2787/50/1 707/6192/1
f 4897/4655/1 6545/51/1 4894/4648/1
f 486/6282/1 1726/49/1 6545/51/1
f 6546/48/1 2785/47/1 705/6202/1
f 4901/4664/1 6546/48/1 4898/4657/1
f 484/6292/1 1724/46/1 6546/48/1
f 6547/45/1 2783/44/1 703/6212/1
f 4905/4673/1 6547/45/1 4902/4666/1
f 482/6302/1 1722/43/1 6547/45/1
f 6548/42/1 2781/41/1 701/6222/1
f 4909/4682/1 6548/42/1 4906/4675/1
f 480/6312/1 1720/40/1 6548/42/1
f 6549/39/1 2779/38/1 699/6232/1
f 4913/4691/1 6549/39/1 4910/4684/1
f 478/6322/1 1718/37/1 6549/39/1
f 6550/36/1 2777/35/1 697/6242/1
f 4917/4700/1 6550/36/1 4914/4693/1
f 476/6332/1 1716/34/1 6550/36/1
f 6551/33/1 2775/32/1 695/6257/1
f 4921/4709/1 6551/33/1 4918/4702/1
f 474/6342/1 1714/31/1 6551/33/1
f 6552/30/1 2772/29/1 692/6267/1
f 4925/4718/1 6552/30/1 4922/4711/1
f 471/6560/1 1711/28/1 6552/30/1
f 6553/27/1 2769/26/1 689/6278/1
f 4929/4727/1 6553/27/1 4926/4720/1
f 468/6367/1 1708/25/1 6553/27/1
f 6554/24/1 2766/23/1 686/6288/1
f 4933/4736/1 6554/24/1 4930/4729/1
f 465/6383/1 1705/22/1 6554/24/1
f 6555/21/1 2763/20/1 683/6298/1
f 4937/4745/1 6555/21/1 4934/4738/1
f 462/6398/1 1702/19/1 6555/21/1
f 6556/18/1 2760/17/1 680/6308/1
f 4941/4754/1 6556/18/1 4938/4747/1
f 459/6413/1 1699/16/1 6556/18/1
f 6557/15/1 2757/14/1 677/6318/1
f 4945/4763/1 6557/15/1 4942/4756/1
f 456/6428/1 1696/13/1 6557/15/1
f 6558/12/1 2754/11/1 674/6328/1
f 4949/4772/1 6558/12/1 4946/4765/1
f 453/6443/1 1693/10/1 6558/12/1
f 6559/9/1 2751/8/1 671/6338/1
f 4953/4781/1 6559/9/1 4950/4774/1
f 450/6458/1 1690/7/1 6559/9/1
f 6560/6/1 2748/5/1 668/6348/1
f 4957/4790/1 6560/6/1 4954/4783/1
f 447/6473/1 1687/4/1 6560/6/1
f 6561/3/1 2745/2/1 665/6363/1
f 4961/4799/1 6561/3/1 4958/4792/1
f 444/6488/1 1684/1/1 6561/3/1
