# Blender 4.2.3 LTS
# www.blender.org
mtllib Lancet.mtl
o Blade
v 0.043137 0.923092 -2.228632
v 0.043137 0.905291 -2.296274
v 0.043137 0.853868 -2.416427
v 0.044609 0.886718 -2.358575
v 0.043137 0.938914 -2.153871
v 0.043137 0.946825 -2.088009
v 0.043137 0.948803 -2.018587
v 0.043137 0.948803 -1.943825
v 0.043137 0.944848 -1.851263
v 0.043137 0.936936 -1.764041
v 0.043137 0.925069 -1.664359
v 0.043137 0.911225 -1.575357
v 0.043137 0.899358 -1.486355
v 0.043137 0.891446 -1.427613
v 0.043137 0.889469 -1.381332
v 0.043137 0.887491 -1.306571
v 0.036774 0.875048 -1.214101
v 0.037004 0.874523 -1.153240
v 0.043137 0.861779 -1.215788
v 0.043137 0.853868 -1.240709
v 0.043137 0.853868 -1.311911
v 0.043137 0.853868 -1.375992
v 0.043137 0.853868 -1.456094
v 0.043137 0.855846 -1.534416
v 0.043137 0.855846 -1.612738
v 0.043137 0.857823 -1.692840
v 0.043137 0.857823 -1.767601
v 0.043137 0.857823 -1.844143
v 0.043137 0.856505 -1.848741
v 0.043137 0.851890 -1.854823
v 0.043137 0.843979 -1.854823
v 0.043137 0.798489 -1.856603
v 0.043137 0.782666 -1.854823
v 0.043137 0.752999 -1.849483
v 0.043137 0.733220 -1.840583
v 0.043137 0.731243 -1.790742
v 0.043137 0.731243 -1.724880
v 0.043137 0.731243 -1.653679
v 0.043137 0.731243 -1.589597
v 0.043137 0.731243 -1.511275
v 0.043137 0.729265 -1.438294
v 0.043137 0.729265 -1.356412
v 0.043137 0.727287 -1.285210
v 0.043137 0.727287 -1.282362
v 0.043137 0.719376 -1.244981
v 0.043137 0.703553 -1.193360
v 0.043137 0.683775 -1.136399
v 0.039173 0.712042 -1.102792
v 0.039173 0.698198 -1.063631
v 0.039493 0.693106 -1.067109
v 0.039493 0.695084 -1.095590
v 0.039493 0.704973 -1.124070
v 0.043137 0.669930 -1.166659
v 0.043137 0.679819 -1.209380
v 0.043137 0.683775 -1.255661
v 0.043137 0.685753 -1.294822
v 0.043137 0.683775 -1.270970
v 0.043137 0.683775 -1.313691
v 0.043137 0.677841 -1.352852
v 0.043137 0.662019 -1.399133
v 0.043137 0.650152 -1.440074
v 0.043137 0.640263 -1.489915
v 0.043137 0.622462 -1.543316
v 0.043137 0.614551 -1.586037
v 0.043137 0.604662 -1.637659
v 0.043137 0.596751 -1.680380
v 0.043137 0.594773 -1.724881
v 0.043137 0.592795 -1.776502
v 0.043263 0.597267 -1.824795
v 0.043137 0.606640 -1.881524
v 0.043137 0.618507 -1.933146
v 0.043446 0.634290 -1.991964
v 0.043137 0.652130 -2.057749
v 0.043137 0.669930 -2.116490
v 0.043137 0.689708 -2.166331
v 0.043137 0.711464 -2.216172
v 0.042584 0.740560 -2.268568
v 0.043508 0.774515 -2.325303
v 0.043137 0.806400 -2.367476
v 0.043137 0.842001 -2.406637
v 0.007804 0.923092 -2.228632
v 0.007804 0.938914 -2.153871
v 0.007804 0.905291 -2.296274
v 0.009275 0.886718 -2.358575
v 0.007804 0.853868 -2.416427
v 0.007804 0.946825 -2.088009
v 0.007804 0.948803 -2.018587
v 0.007804 0.948803 -1.943825
v 0.007804 0.944848 -1.851263
v 0.007804 0.936936 -1.764041
v 0.007804 0.925069 -1.664359
v 0.007804 0.911225 -1.575357
v 0.007804 0.899358 -1.486355
v 0.007804 0.891446 -1.427613
v 0.007804 0.889469 -1.381332
v 0.007804 0.887491 -1.306571
v 0.001440 0.875048 -1.214101
v 0.001670 0.874523 -1.153240
v 0.007804 0.861779 -1.215788
v 0.007804 0.853868 -1.240709
v 0.007804 0.853868 -1.311911
v 0.007804 0.853868 -1.375992
v 0.007804 0.853868 -1.456094
v 0.007804 0.855846 -1.534416
v 0.007804 0.855846 -1.612738
v 0.007804 0.857823 -1.692840
v 0.007804 0.857823 -1.767601
v 0.007804 0.857823 -1.844143
v 0.007804 0.856505 -1.848741
v 0.007804 0.851890 -1.854823
v 0.007804 0.843979 -1.854823
v 0.007804 0.798489 -1.856603
v 0.007804 0.782666 -1.854823
v 0.007804 0.752999 -1.849483
v 0.007804 0.733220 -1.840583
v 0.007804 0.731243 -1.790742
v 0.007804 0.731243 -1.724880
v 0.007804 0.731243 -1.653679
v 0.007804 0.731243 -1.589597
v 0.007804 0.731243 -1.511275
v 0.007804 0.729265 -1.438294
v 0.007804 0.729265 -1.356412
v 0.007804 0.727287 -1.285210
v 0.007804 0.727287 -1.282362
v 0.007804 0.719376 -1.244981
v 0.007804 0.703553 -1.193360
v 0.007804 0.683775 -1.136399
v 0.004160 0.708929 -1.081349
v 0.003839 0.698198 -1.063631
v 0.004160 0.693106 -1.067109
v 0.004160 0.695084 -1.095590
v 0.004160 0.704973 -1.124070
v 0.004160 0.716840 -1.163231
v 0.007804 0.679819 -1.209380
v 0.007804 0.683775 -1.255661
v 0.007804 0.685753 -1.294822
v 0.007804 0.683775 -1.270970
v 0.007804 0.683775 -1.313691
v 0.007804 0.677841 -1.352852
v 0.007804 0.662019 -1.399133
v 0.007804 0.650152 -1.440074
v 0.007804 0.640263 -1.489915
v 0.007804 0.622462 -1.543316
v 0.007804 0.614551 -1.586037
v 0.007804 0.604662 -1.637659
v 0.007804 0.596751 -1.680380
v 0.007804 0.594773 -1.724881
v 0.007804 0.592795 -1.776502
v 0.007804 0.598728 -1.824563
v 0.007804 0.606640 -1.881524
v 0.007804 0.618507 -1.933146
v 0.007804 0.636307 -1.991887
v 0.007804 0.652130 -2.057749
v 0.007804 0.669930 -2.116490
v 0.007804 0.689708 -2.166331
v 0.007804 0.711464 -2.216172
v 0.007804 0.743109 -2.267793
v 0.007804 0.776733 -2.324755
v 0.007804 0.806400 -2.367476
v 0.007804 0.842001 -2.406637
v 0.025470 0.947172 -2.178908
v 0.025470 0.955467 -2.109851
v 0.025470 0.673431 -1.339020
v 0.025470 0.679653 -1.297959
v 0.025470 0.799933 -1.867216
v 0.025470 0.783342 -1.865350
v 0.025470 0.957541 -2.037060
v 0.025470 0.656841 -1.387547
v 0.025470 0.752235 -1.859751
v 0.025470 0.957541 -1.958671
v 0.025470 0.644398 -1.430475
v 0.025470 0.731497 -1.850419
v 0.025470 0.953394 -1.861617
v 0.025470 0.729424 -1.798159
v 0.025470 0.945098 -1.770163
v 0.025470 0.729424 -1.729102
v 0.025470 0.932656 -1.665643
v 0.025470 0.607070 -1.583521
v 0.025470 0.729424 -1.654445
v 0.025470 0.918139 -1.572322
v 0.025470 0.596701 -1.637647
v 0.025470 0.729424 -1.587254
v 0.025470 0.905696 -1.479002
v 0.025470 0.588405 -1.682441
v 0.025470 0.729424 -1.505131
v 0.025470 0.897401 -1.417410
v 0.025470 0.586332 -1.729102
v 0.025470 0.727350 -1.428608
v 0.025470 0.895327 -1.368883
v 0.025470 0.584258 -1.783228
v 0.025470 0.727350 -1.342753
v 0.025470 0.893254 -1.290493
v 0.025470 0.590479 -1.833621
v 0.025470 0.725276 -1.268097
v 0.019107 0.880714 -1.193706
v 0.025470 0.598774 -1.893347
v 0.025470 0.725276 -1.261794
v 0.019337 0.880190 -1.129821
v 0.025470 0.611217 -1.947473
v 0.025470 0.716981 -1.222599
v 0.025470 0.866294 -1.195306
v 0.024305 0.625939 -2.009135
v 0.025470 0.700390 -1.168473
v 0.025470 0.857999 -1.221436
v 0.027749 0.644979 -2.080050
v 0.025470 0.679653 -1.108747
v 0.025470 0.857999 -1.296093
v 0.025470 0.665136 -2.139714
v 0.021826 0.703751 -1.051193
v 0.025470 0.857999 -1.363284
v 0.025470 0.685874 -2.191973
v 0.021506 0.692348 -1.031575
v 0.025470 0.857999 -1.447273
v 0.025470 0.708686 -2.244233
v 0.021506 0.690274 -1.057704
v 0.025470 0.860073 -1.529395
v 0.024396 0.740860 -2.301859
v 0.021826 0.689234 -1.066125
v 0.025470 0.860073 -1.611517
v 0.025470 0.777121 -2.358084
v 0.021826 0.699603 -1.095987
v 0.025470 0.862147 -1.695506
v 0.028204 0.810236 -2.401391
v 0.021826 0.712046 -1.137048
v 0.025470 0.862147 -1.773896
v 0.026389 0.846873 -2.443072
v 0.021826 0.722415 -1.181842
v 0.025470 0.862147 -1.854152
v 0.025470 0.930582 -2.257298
v 0.025470 0.679653 -1.233798
v 0.025470 0.860764 -1.858973
v 0.029264 0.910781 -2.327299
v 0.026942 0.859205 -2.454205
v 0.025470 0.681726 -1.274859
v 0.025470 0.855925 -1.865350
v 0.029095 0.885854 -2.393082
v 0.025470 0.679653 -1.253165
v 0.025470 0.847630 -1.865350
v -0.035798 0.857136 -1.854339
v -0.034265 0.852054 -1.914413
v -0.036600 0.859758 -1.787997
v -0.037451 0.859757 -1.717968
v -0.038618 0.857130 -1.622140
v -0.039602 0.857129 -1.541055
v -0.039151 0.856918 -1.473685
v -0.040046 0.856916 -1.399971
v -0.041352 0.859040 -1.325577
v -0.037271 0.852921 -1.270852
v -0.039506 0.868647 -1.233939
v -0.044409 0.880945 -1.191872
v -0.035204 0.881665 -1.180466
v -0.036195 0.882381 -1.099064
v -0.037356 0.882379 -1.003497
v -0.038554 0.884241 -0.904577
v -0.039895 0.886102 -0.793921
v -0.040931 0.887963 -0.708414
v -0.042030 0.887962 -0.617877
v -0.043028 0.887960 -0.535723
v -0.043924 0.887959 -0.461952
v -0.044840 0.887958 -0.386505
v -0.046224 0.888285 -0.316217
v -0.046832 0.889818 -0.222197
v -0.048345 0.890146 -0.133322
v -0.048988 0.891678 -0.044477
v -0.050311 0.891676 0.064503
v -0.051472 0.891674 0.160069
v -0.052713 0.891673 0.262342
v -0.054363 0.891670 0.398148
v -0.055910 0.891668 0.525569
v -0.057239 0.887940 0.634549
v -0.057891 0.874898 0.686523
v -0.058261 0.859993 0.715025
v -0.058598 0.839499 0.740174
v -0.058837 0.791059 0.753585
v -0.058931 0.731442 0.753583
v -0.058748 0.692318 0.733463
v -0.058388 0.662510 0.699930
v -0.058036 0.653195 0.669751
v -0.057204 0.651333 0.601010
v -0.056369 0.651334 0.532269
v -0.055619 0.649473 0.470234
v -0.054290 0.653201 0.361255
v -0.053126 0.655065 0.265688
v -0.051925 0.655067 0.166769
v -0.050759 0.658795 0.071202
v -0.049513 0.661393 -0.012636
v -0.048595 0.662524 -0.106518
v -0.047350 0.664389 -0.208791
v -0.045124 0.664756 -0.324778
v -0.044598 0.666256 -0.435133
v -0.043109 0.668121 -0.557526
v -0.041620 0.669986 -0.679918
v -0.040189 0.673714 -0.797280
v -0.038865 0.673716 -0.906260
v -0.037481 0.673718 -1.020269
v -0.036544 0.673720 -1.097393
v -0.033043 0.670346 -1.145401
v -0.031621 0.673269 -1.168855
v -0.030665 0.671306 -1.163995
v -0.044485 0.680992 -1.211944
v -0.043852 0.702330 -1.260775
v -0.043018 0.710916 -1.328371
v -0.042384 0.710917 -1.380516
v -0.041329 0.710918 -1.467426
v -0.040344 0.710919 -1.548541
v -0.039449 0.713067 -1.621931
v -0.038156 0.715215 -1.728154
v -0.036983 0.715216 -1.824719
v -0.036279 0.713906 -1.882620
v -0.035931 0.714515 -1.911650
v -0.027863 0.723710 -1.938709
v -0.031184 0.766796 -1.949388
v -0.037407 0.837151 -1.946852
v 0.099935 0.856925 -1.853004
v 0.099132 0.859548 -1.786661
v 0.101468 0.851844 -1.913078
v 0.098282 0.859547 -1.716633
v 0.097115 0.856920 -1.620805
v 0.096130 0.856918 -1.539719
v 0.096582 0.856708 -1.472349
v 0.095687 0.856706 -1.398635
v 0.094380 0.858830 -1.324242
v 0.098423 0.852711 -1.274064
v 0.096188 0.868437 -1.237151
v 0.097840 0.881621 -1.190602
v 0.088285 0.882252 -1.179363
v 0.087293 0.882232 -1.097848
v 0.086133 0.882230 -1.002282
v 0.084934 0.884091 -0.903362
v 0.083593 0.885953 -0.792706
v 0.082558 0.887814 -0.707199
v 0.081458 0.887813 -0.616662
v 0.080461 0.887811 -0.534508
v 0.079565 0.887810 -0.460737
v 0.078649 0.887809 -0.385290
v 0.077265 0.888136 -0.315002
v 0.076656 0.889669 -0.220982
v 0.075144 0.889997 -0.132106
v 0.074501 0.891529 -0.043262
v 0.073177 0.891527 0.065718
v 0.072017 0.891525 0.161284
v 0.070775 0.891523 0.263557
v 0.069126 0.891521 0.399363
v 0.067578 0.891519 0.526785
v 0.066249 0.887791 0.635764
v 0.065597 0.874749 0.687738
v 0.065228 0.859844 0.716240
v 0.064890 0.839350 0.741389
v 0.064651 0.790910 0.754800
v 0.064557 0.731293 0.754799
v 0.064740 0.692169 0.734678
v 0.065100 0.662361 0.701145
v 0.065452 0.653046 0.670966
v 0.066284 0.651184 0.602225
v 0.067119 0.651185 0.533484
v 0.067869 0.649323 0.471450
v 0.069198 0.653051 0.362471
v 0.070362 0.654916 0.266904
v 0.071563 0.654918 0.167984
v 0.072730 0.658646 0.072417
v 0.073975 0.661243 -0.011421
v 0.074894 0.662375 -0.105303
v 0.076139 0.664240 -0.207576
v 0.078364 0.664607 -0.323563
v 0.078890 0.666107 -0.433918
v 0.080380 0.667972 -0.556310
v 0.081869 0.669837 -0.678703
v 0.083300 0.673565 -0.796065
v 0.084623 0.673567 -0.905045
v 0.086008 0.673569 -1.019054
v 0.086944 0.673570 -1.096178
v 0.084386 0.675365 -1.140049
v 0.078589 0.672958 -1.167673
v 0.082388 0.679247 -1.160774
v 0.097763 0.681095 -1.210539
v 0.098397 0.702158 -1.259375
v 0.099231 0.710744 -1.326971
v 0.099864 0.710745 -1.379116
v 0.100920 0.710746 -1.466026
v 0.101905 0.710748 -1.547141
v 0.102799 0.712895 -1.620531
v 0.104093 0.715043 -1.726754
v 0.105266 0.715044 -1.823320
v 0.105969 0.713602 -1.881239
v 0.106318 0.714211 -1.910268
v 0.114386 0.723538 -1.937309
v 0.111065 0.766624 -1.947988
v 0.098326 0.836941 -1.945516
v 0.043137 0.931003 -2.191251
v 0.043137 0.914191 -2.262453
v 0.043873 0.896005 -2.327425
v 0.043873 0.870293 -2.387501
v 0.043137 0.942870 -2.120940
v 0.043137 0.947814 -2.053298
v 0.043137 0.948803 -1.981206
v 0.043137 0.946825 -1.897545
v 0.043137 0.940892 -1.807652
v 0.043137 0.931003 -1.714200
v 0.043137 0.918147 -1.619858
v 0.043137 0.905291 -1.530856
v 0.043137 0.895402 -1.456984
v 0.043137 0.890457 -1.404473
v 0.043137 0.888480 -1.343951
v 0.039955 0.881269 -1.260336
v 0.036889 0.874785 -1.183671
v 0.040070 0.868151 -1.184514
v 0.043137 0.857823 -1.228249
v 0.043137 0.853868 -1.276310
v 0.043137 0.853868 -1.343951
v 0.043137 0.853868 -1.416043
v 0.043137 0.854857 -1.495255
v 0.043137 0.855846 -1.573577
v 0.043137 0.856834 -1.652789
v 0.043137 0.857823 -1.730221
v 0.043137 0.857823 -1.805872
v 0.043137 0.857164 -1.846442
v 0.043137 0.854197 -1.851782
v 0.043137 0.847934 -1.854823
v 0.043137 0.821234 -1.855713
v 0.043137 0.790577 -1.855713
v 0.043137 0.767832 -1.852153
v 0.043137 0.743110 -1.845033
v 0.043137 0.732231 -1.815663
v 0.043137 0.731243 -1.757811
v 0.043137 0.731243 -1.689279
v 0.043137 0.731243 -1.621638
v 0.043137 0.731243 -1.550436
v 0.043137 0.730254 -1.474784
v 0.043137 0.729265 -1.397353
v 0.043137 0.728276 -1.320811
v 0.043137 0.727287 -1.283786
v 0.043137 0.723331 -1.263672
v 0.043137 0.711464 -1.219171
v 0.043137 0.693664 -1.164879
v 0.041155 0.697909 -1.119595
v 0.039173 0.705120 -1.083211
v 0.039333 0.695652 -1.065370
v 0.039493 0.694095 -1.081349
v 0.039493 0.700029 -1.109830
v 0.041315 0.687452 -1.145365
v 0.043137 0.674875 -1.188020
v 0.043137 0.681797 -1.232521
v 0.043137 0.684764 -1.275242
v 0.043137 0.684764 -1.282896
v 0.043137 0.683775 -1.292330
v 0.043137 0.680808 -1.333271
v 0.043137 0.669930 -1.375992
v 0.043137 0.656085 -1.419603
v 0.043137 0.645207 -1.464994
v 0.043137 0.631362 -1.516616
v 0.043137 0.618507 -1.564677
v 0.043137 0.609606 -1.611848
v 0.043137 0.600706 -1.659019
v 0.043137 0.595762 -1.702630
v 0.043137 0.593784 -1.750691
v 0.043200 0.595031 -1.800648
v 0.043200 0.601954 -1.853160
v 0.043137 0.612573 -1.907335
v 0.043291 0.626398 -1.962555
v 0.043291 0.643210 -2.024856
v 0.043137 0.661030 -2.087119
v 0.043137 0.679819 -2.141410
v 0.043137 0.700586 -2.191252
v 0.042861 0.726012 -2.242370
v 0.043046 0.757537 -2.296935
v 0.043323 0.790457 -2.346389
v 0.043137 0.824200 -2.387056
v 0.043873 0.846559 -2.363026
v 0.043137 0.847934 -2.411531
v 0.043323 0.839903 -2.310788
v 0.042861 0.831826 -2.248600
v 0.043137 0.814311 -2.160101
v 0.043137 0.817278 -2.222402
v 0.043137 0.808378 -2.102249
v 0.043137 0.800466 -2.038168
v 0.043291 0.791546 -1.967895
v 0.039955 0.868413 -1.214945
v 0.039955 0.864458 -1.227405
v 0.043137 0.870679 -1.309241
v 0.043137 0.871668 -1.378662
v 0.043137 0.872657 -1.441854
v 0.043137 0.877602 -1.510385
v 0.043137 0.883535 -1.594047
v 0.043137 0.891446 -1.678599
v 0.043137 0.897380 -1.765821
v 0.043137 0.901335 -1.847703
v 0.043137 0.900347 -1.899324
v 0.043137 0.898369 -1.853043
v 0.043137 0.669930 -1.861054
v 0.043137 0.708498 -1.894875
v 0.043137 0.783655 -1.938486
v 0.043200 0.664255 -1.807768
v 0.043200 0.665244 -1.832689
v 0.043137 0.662019 -1.783622
v 0.043137 0.663008 -1.724880
v 0.043137 0.667952 -1.645669
v 0.043137 0.663997 -1.667029
v 0.043137 0.672897 -1.587817
v 0.043137 0.676852 -1.527296
v 0.043137 0.636307 -1.491695
v 0.043137 0.685753 -1.500595
v 0.043137 0.689708 -1.439184
v 0.043137 0.695642 -1.377772
v 0.043137 0.703553 -1.354632
v 0.043137 0.705531 -1.299450
v 0.043137 0.705531 -1.278090
v 0.043137 0.706520 -1.288592
v 0.043137 0.701575 -1.250321
v 0.043137 0.691686 -1.201370
v 0.043137 0.676852 -1.151529
v 0.041315 0.694374 -1.130234
v 0.039333 0.702574 -1.084950
v 0.039333 0.703563 -1.099191
v 0.007804 0.931003 -2.191251
v 0.007804 0.914191 -2.262453
v 0.008539 0.896005 -2.327425
v 0.008539 0.870293 -2.387501
v 0.007804 0.942870 -2.120940
v 0.007804 0.947814 -2.053298
v 0.007804 0.948803 -1.981206
v 0.007804 0.946825 -1.897545
v 0.007804 0.940892 -1.807652
v 0.007804 0.931003 -1.714200
v 0.007804 0.918147 -1.619858
v 0.007804 0.905291 -1.530856
v 0.007804 0.895402 -1.456984
v 0.007804 0.890457 -1.404473
v 0.007804 0.888480 -1.343951
v 0.004622 0.881269 -1.260336
v 0.001555 0.874785 -1.183671
v 0.004737 0.868151 -1.184514
v 0.007804 0.857823 -1.228249
v 0.007804 0.853868 -1.276310
v 0.007804 0.853868 -1.343951
v 0.007804 0.853868 -1.416043
v 0.007804 0.854857 -1.495255
v 0.007804 0.855846 -1.573577
v 0.007804 0.856834 -1.652789
v 0.007804 0.857823 -1.730221
v 0.007804 0.857823 -1.805872
v 0.007804 0.857164 -1.846442
v 0.007804 0.854197 -1.851782
v 0.007804 0.847934 -1.854823
v 0.007804 0.821234 -1.855713
v 0.007804 0.790577 -1.855713
v 0.007804 0.767832 -1.852153
v 0.007804 0.743110 -1.845033
v 0.007804 0.732231 -1.815663
v 0.007804 0.731243 -1.757811
v 0.007804 0.731243 -1.689279
v 0.007804 0.731243 -1.621638
v 0.007804 0.731243 -1.550436
v 0.007804 0.730254 -1.474784
v 0.007804 0.729265 -1.397353
v 0.007804 0.728276 -1.320811
v 0.007804 0.727287 -1.283786
v 0.007804 0.723331 -1.263672
v 0.007804 0.711464 -1.219171
v 0.007804 0.693664 -1.164879
v 0.005982 0.696352 -1.108874
v 0.003999 0.703563 -1.072490
v 0.003999 0.695652 -1.065370
v 0.004160 0.694095 -1.081349
v 0.004160 0.700029 -1.109830
v 0.004160 0.710907 -1.143651
v 0.005982 0.698330 -1.186306
v 0.007804 0.681797 -1.232521
v 0.007804 0.684764 -1.275242
v 0.007804 0.684764 -1.282896
v 0.007804 0.683775 -1.292330
v 0.007804 0.680808 -1.333271
v 0.007804 0.669930 -1.375992
v 0.007804 0.656085 -1.419603
v 0.007804 0.645207 -1.464994
v 0.007804 0.631362 -1.516616
v 0.007804 0.618507 -1.564677
v 0.007804 0.609606 -1.611848
v 0.007804 0.600706 -1.659019
v 0.007804 0.595762 -1.702630
v 0.007804 0.593784 -1.750691
v 0.007804 0.595762 -1.800532
v 0.007804 0.602684 -1.853044
v 0.007804 0.612573 -1.907335
v 0.007804 0.627407 -1.962516
v 0.007804 0.644218 -2.024818
v 0.007804 0.661030 -2.087119
v 0.007804 0.679819 -2.141410
v 0.007804 0.700586 -2.191252
v 0.007804 0.727287 -2.241983
v 0.007804 0.759921 -2.296274
v 0.007804 0.791566 -2.346115
v 0.007804 0.824200 -2.387056
v 0.008539 0.846559 -2.363026
v 0.007804 0.847934 -2.411531
v 0.007804 0.841012 -2.310514
v 0.007804 0.833100 -2.248213
v 0.007804 0.814311 -2.160101
v 0.007804 0.817278 -2.222402
v 0.007804 0.808378 -2.102249
v 0.007804 0.800466 -2.038168
v 0.007804 0.792555 -1.967856
v 0.004622 0.868413 -1.214945
v 0.004622 0.864458 -1.227405
v 0.007804 0.870679 -1.309241
v 0.007804 0.871668 -1.378662
v 0.007804 0.872657 -1.441854
v 0.007804 0.877602 -1.510385
v 0.007804 0.883535 -1.594047
v 0.007804 0.891446 -1.678599
v 0.007804 0.897380 -1.765821
v 0.007804 0.901335 -1.847703
v 0.007804 0.900347 -1.899324
v 0.007804 0.898369 -1.853043
v 0.007804 0.669930 -1.861054
v 0.007804 0.708498 -1.894875
v 0.007804 0.783655 -1.938486
v 0.007804 0.664985 -1.807652
v 0.007804 0.665974 -1.832573
v 0.007804 0.662019 -1.783622
v 0.007804 0.663008 -1.724880
v 0.007804 0.667952 -1.645669
v 0.007804 0.663997 -1.667029
v 0.007804 0.672897 -1.587817
v 0.007804 0.676852 -1.527296
v 0.007804 0.636307 -1.491695
v 0.007804 0.685753 -1.500595
v 0.007804 0.689708 -1.439184
v 0.007804 0.695642 -1.377772
v 0.007804 0.703553 -1.354632
v 0.007804 0.705531 -1.299450
v 0.007804 0.705531 -1.278090
v 0.007804 0.706520 -1.288592
v 0.007804 0.701575 -1.250321
v 0.007804 0.691686 -1.201370
v 0.005982 0.700307 -1.149815
v 0.005982 0.694374 -1.130234
v 0.004160 0.701018 -1.074229
v 0.004160 0.702007 -1.088470
v 0.016637 0.943043 -2.166389
v 0.034304 0.951146 -2.098930
v 0.016637 0.675636 -1.345936
v 0.034304 0.681714 -1.305825
v 0.016637 0.799211 -1.861910
v 0.034304 0.783004 -1.860087
v 0.034304 0.953172 -2.027824
v 0.016637 0.659430 -1.393340
v 0.034304 0.752617 -1.854617
v 0.034304 0.953172 -1.951248
v 0.016637 0.647275 -1.435274
v 0.034304 0.732359 -1.845501
v 0.034304 0.949121 -1.856440
v 0.016637 0.730333 -1.794450
v 0.016637 0.941017 -1.767102
v 0.025470 0.640263 -1.489915
v 0.025470 0.622462 -1.543316
v 0.016637 0.730333 -1.726991
v 0.016637 0.928863 -1.665001
v 0.034304 0.610810 -1.584779
v 0.034304 0.730333 -1.654062
v 0.016637 0.914682 -1.573840
v 0.034304 0.600681 -1.637653
v 0.034304 0.730333 -1.588426
v 0.016637 0.902527 -1.482678
v 0.034304 0.592578 -1.681411
v 0.034304 0.730333 -1.508203
v 0.016637 0.894424 -1.422512
v 0.034304 0.590552 -1.726991
v 0.034304 0.728307 -1.433451
v 0.016637 0.892398 -1.375108
v 0.016637 0.588526 -1.779865
v 0.016637 0.728307 -1.349582
v 0.016637 0.890372 -1.298532
v 0.016637 0.594604 -1.829092
v 0.016637 0.726282 -1.276653
v 0.010274 0.877881 -1.203903
v 0.016637 0.602707 -1.887435
v 0.016637 0.726282 -1.272078
v 0.010504 0.877356 -1.141531
v 0.034304 0.614862 -1.940309
v 0.016637 0.718178 -1.233790
v 0.016637 0.864037 -1.205547
v 0.033875 0.630114 -2.000550
v 0.016637 0.701972 -1.180917
v 0.016637 0.855933 -1.231072
v 0.035443 0.648554 -2.068900
v 0.034304 0.681714 -1.122573
v 0.016637 0.855933 -1.304002
v 0.034304 0.667533 -2.128102
v 0.012993 0.706340 -1.066271
v 0.016637 0.855933 -1.369638
v 0.034304 0.687791 -2.179152
v 0.012673 0.695273 -1.047603
v 0.016637 0.855933 -1.451683
v 0.034304 0.710075 -2.230202
v 0.012833 0.691690 -1.062407
v 0.016637 0.857959 -1.531905
v 0.033490 0.740710 -2.285213
v 0.012993 0.692159 -1.080857
v 0.016637 0.857959 -1.612127
v 0.034489 0.775818 -2.341693
v 0.012993 0.702288 -1.110029
v 0.016637 0.859985 -1.694173
v 0.035670 0.808318 -2.384433
v 0.032482 0.690988 -1.151854
v 0.016637 0.859985 -1.770748
v 0.034763 0.844437 -2.424855
v 0.032482 0.701117 -1.195611
v 0.016637 0.859985 -1.849147
v 0.016637 0.926837 -2.242965
v 0.016637 0.681714 -1.244730
v 0.034304 0.858634 -1.853857
v 0.018534 0.908036 -2.311786
v 0.035039 0.856536 -2.435316
v 0.016637 0.683739 -1.284841
v 0.034304 0.853908 -1.860087
v 0.019185 0.886286 -2.375829
v 0.016637 0.681714 -1.262068
v 0.034304 0.845804 -1.860087
v 0.034304 0.943043 -2.166389
v 0.016637 0.951146 -2.098930
v 0.034304 0.675636 -1.345936
v 0.016637 0.681714 -1.305825
v 0.034304 0.799211 -1.861910
v 0.016637 0.783004 -1.860087
v 0.016637 0.953172 -2.027824
v 0.034304 0.659430 -1.393340
v 0.016637 0.752617 -1.854617
v 0.016637 0.953172 -1.951248
v 0.034304 0.647275 -1.435274
v 0.016637 0.732359 -1.845501
v 0.016637 0.949121 -1.856440
v 0.034304 0.730333 -1.794450
v 0.034304 0.941017 -1.767102
v 0.034304 0.730333 -1.726991
v 0.034304 0.928863 -1.665001
v 0.016637 0.610810 -1.584779
v 0.016637 0.730333 -1.654062
v 0.034304 0.914682 -1.573840
v 0.016637 0.600681 -1.637653
v 0.016637 0.730333 -1.588426
v 0.034304 0.902527 -1.482678
v 0.016637 0.592578 -1.681411
v 0.016637 0.730333 -1.508203
v 0.034304 0.894424 -1.422512
v 0.016637 0.590552 -1.726991
v 0.016637 0.728307 -1.433451
v 0.034304 0.892398 -1.375108
v 0.034304 0.588526 -1.779865
v 0.034304 0.728307 -1.349582
v 0.034304 0.890372 -1.298532
v 0.034367 0.593873 -1.829208
v 0.034304 0.726282 -1.276653
v 0.027941 0.877881 -1.203903
v 0.034304 0.602707 -1.887435
v 0.034304 0.726282 -1.272078
v 0.028171 0.877356 -1.141531
v 0.016637 0.614862 -1.940309
v 0.034304 0.718178 -1.233790
v 0.034304 0.864037 -1.205547
v 0.016054 0.631123 -2.000511
v 0.034304 0.701972 -1.180917
v 0.034304 0.855933 -1.231072
v 0.017776 0.648554 -2.068900
v 0.016637 0.681714 -1.122573
v 0.034304 0.855933 -1.304002
v 0.016637 0.667533 -2.128102
v 0.030500 0.707897 -1.076993
v 0.034304 0.855933 -1.369638
v 0.016637 0.687791 -2.179152
v 0.030339 0.695273 -1.047603
v 0.034304 0.855933 -1.451683
v 0.016637 0.710075 -2.230202
v 0.030500 0.691690 -1.062407
v 0.034304 0.857959 -1.531905
v 0.016100 0.741985 -2.284826
v 0.030660 0.692159 -1.080857
v 0.034304 0.857959 -1.612127
v 0.016637 0.776927 -2.341419
v 0.030660 0.702288 -1.110029
v 0.034304 0.859985 -1.694173
v 0.018004 0.808318 -2.384433
v 0.012993 0.714443 -1.150140
v 0.034304 0.859985 -1.770748
v 0.017096 0.844437 -2.424855
v 0.014815 0.701117 -1.195611
v 0.034304 0.859985 -1.849147
v 0.034304 0.926837 -2.242965
v 0.034304 0.681714 -1.244730
v 0.016637 0.858634 -1.853857
v 0.036201 0.908036 -2.311786
v 0.017373 0.856536 -2.435316
v 0.034304 0.683739 -1.284841
v 0.016637 0.853908 -1.860087
v 0.036852 0.886286 -2.375829
v 0.034304 0.681714 -1.262068
v 0.016637 0.845804 -1.860087
v 0.025470 0.823781 -1.866283
v 0.025470 0.679653 -1.275562
v 0.028018 0.872529 -2.423644
v 0.025470 0.851778 -1.865350
v 0.025470 0.680689 -1.264012
v 0.029179 0.898318 -2.360191
v 0.025470 0.858345 -1.862162
v 0.025470 0.680689 -1.254328
v 0.026665 0.853039 -2.448638
v 0.027367 0.920681 -2.292298
v 0.025470 0.861455 -1.856562
v 0.023648 0.701034 -1.207820
v 0.025470 0.938877 -2.218103
v 0.025470 0.862147 -1.814024
v 0.021826 0.717231 -1.159446
v 0.027296 0.828555 -2.422232
v 0.025470 0.862147 -1.734701
v 0.021826 0.705825 -1.116518
v 0.026837 0.793679 -2.379738
v 0.025470 0.861110 -1.653512
v 0.021826 0.694419 -1.081056
v 0.024933 0.758990 -2.329972
v 0.025470 0.860073 -1.570456
v 0.021666 0.689754 -1.061914
v 0.024933 0.724773 -2.273046
v 0.025470 0.859036 -1.488334
v 0.021506 0.691311 -1.044640
v 0.025470 0.697280 -2.218103
v 0.025470 0.857999 -1.405278
v 0.021666 0.698049 -1.041384
v 0.025470 0.675505 -2.165843
v 0.025470 0.857999 -1.329688
v 0.023648 0.691702 -1.079970
v 0.026610 0.655057 -2.109882
v 0.025470 0.857999 -1.258765
v 0.025470 0.690022 -1.138610
v 0.026027 0.635459 -2.044593
v 0.025470 0.862147 -1.208371
v 0.025470 0.708686 -1.195536
v 0.024888 0.618578 -1.978304
v 0.022404 0.873242 -1.162564
v 0.025470 0.721128 -1.242196
v 0.025470 0.604996 -1.920410
v 0.019222 0.880452 -1.161763
v 0.025470 0.725276 -1.264945
v 0.025470 0.594627 -1.863484
v 0.022289 0.886984 -1.242100
v 0.025470 0.726313 -1.305425
v 0.025470 0.587369 -1.808425
v 0.025470 0.894290 -1.329688
v 0.025470 0.727350 -1.385681
v 0.025470 0.585295 -1.756165
v 0.025470 0.896364 -1.393147
v 0.025470 0.728387 -1.466870
v 0.025470 0.587369 -1.705772
v 0.025470 0.901549 -1.448206
v 0.025470 0.729424 -1.546193
v 0.025470 0.592553 -1.660044
v 0.025470 0.911918 -1.525662
v 0.025470 0.729424 -1.620849
v 0.025470 0.601885 -1.610584
v 0.025470 0.925397 -1.618983
v 0.025470 0.729424 -1.691773
v 0.025470 0.938877 -1.717903
v 0.025470 0.729424 -1.763630
v 0.025470 0.949246 -1.815890
v 0.025470 0.730461 -1.824289
v 0.025470 0.955467 -1.910144
v 0.025470 0.741866 -1.855085
v 0.025470 0.650619 -1.409011
v 0.025470 0.957541 -1.997866
v 0.025470 0.767789 -1.862550
v 0.025470 0.665136 -1.363284
v 0.025470 0.956504 -2.073456
v 0.025470 0.791638 -1.866283
v 0.025470 0.676542 -1.318490
v 0.025470 0.951320 -2.144379
v -0.036199 0.858447 -1.821168
v -0.035031 0.854595 -1.884376
v -0.037026 0.859758 -1.752983
v -0.038034 0.858444 -1.670054
v -0.039110 0.857129 -1.581598
v -0.039377 0.857023 -1.507370
v -0.039599 0.856917 -1.436828
v -0.040699 0.857978 -1.362774
v -0.039312 0.855981 -1.298215
v -0.038388 0.860784 -1.252396
v -0.041957 0.874796 -1.212906
v -0.039806 0.881305 -1.186169
v -0.035699 0.882023 -1.139765
v -0.036776 0.882380 -1.051280
v -0.037955 0.883310 -0.954037
v -0.039225 0.885171 -0.849249
v -0.040413 0.887033 -0.751167
v -0.041480 0.887963 -0.663145
v -0.042529 0.887961 -0.576800
v -0.043476 0.887960 -0.498838
v -0.044382 0.887958 -0.424229
v -0.045532 0.888122 -0.351361
v -0.046528 0.889052 -0.269207
v -0.047588 0.889982 -0.177759
v -0.048666 0.890912 -0.088899
v -0.049649 0.891677 0.010013
v -0.050891 0.891675 0.112286
v -0.052092 0.891674 0.211206
v -0.053538 0.891671 0.330245
v -0.055136 0.891669 0.461859
v -0.056575 0.889804 0.580059
v -0.057565 0.881419 0.660536
v -0.058076 0.867445 0.700774
v -0.058429 0.849746 0.727599
v -0.058718 0.815279 0.746879
v -0.058884 0.761251 0.753584
v -0.058840 0.711880 0.743523
v -0.058568 0.677414 0.716696
v -0.058212 0.657853 0.684840
v -0.057620 0.652264 0.635380
v -0.056787 0.651334 0.566639
v -0.055994 0.650404 0.501252
v -0.054954 0.651337 0.415745
v -0.053708 0.654133 0.313472
v -0.052526 0.655066 0.216228
v -0.051342 0.656931 0.118985
v -0.050136 0.660094 0.029283
v -0.049054 0.661958 -0.059577
v -0.047972 0.663456 -0.157655
v -0.046237 0.664573 -0.266785
v -0.044861 0.665506 -0.379956
v -0.043853 0.667189 -0.496329
v -0.042364 0.669054 -0.618722
v -0.040904 0.671850 -0.738599
v -0.039527 0.673715 -0.851770
v -0.038173 0.673717 -0.963265
v -0.037012 0.673719 -1.058831
v -0.034793 0.672033 -1.121397
v -0.032332 0.671807 -1.157128
v -0.031143 0.672287 -1.166425
v -0.037575 0.676149 -1.187969
v -0.044169 0.691661 -1.236359
v -0.043435 0.706623 -1.294573
v -0.042701 0.710916 -1.354444
v -0.041857 0.710917 -1.423971
v -0.040836 0.710919 -1.507983
v -0.039897 0.711993 -1.585236
v -0.038803 0.714141 -1.675042
v -0.037569 0.715216 -1.776437
v -0.036631 0.714561 -1.853670
v -0.036105 0.714211 -1.897135
v -0.031897 0.719113 -1.925179
v -0.029523 0.745253 -1.944049
v -0.034295 0.801974 -1.948120
v -0.035836 0.844603 -1.930632
v -0.054373 0.652269 0.367961
v 0.099534 0.858237 -1.819832
v 0.100701 0.854384 -1.883041
v 0.098707 0.859548 -1.751647
v 0.097698 0.858234 -1.668719
v 0.096623 0.856919 -1.580262
v 0.096356 0.856813 -1.506034
v 0.096134 0.856707 -1.435492
v 0.095034 0.857768 -1.361438
v 0.096402 0.855771 -1.299153
v 0.097306 0.860574 -1.255607
v 0.097014 0.875029 -1.213876
v 0.093062 0.881937 -1.184983
v 0.087789 0.882242 -1.138606
v 0.086713 0.882231 -1.050065
v 0.085533 0.883161 -0.952822
v 0.084264 0.885022 -0.848034
v 0.083076 0.886883 -0.749952
v 0.082008 0.887813 -0.661930
v 0.080960 0.887812 -0.575585
v 0.080013 0.887811 -0.497622
v 0.079107 0.887809 -0.423013
v 0.077957 0.887972 -0.350146
v 0.076960 0.888902 -0.267992
v 0.075900 0.889833 -0.176544
v 0.074822 0.890763 -0.087684
v 0.073839 0.891528 0.011228
v 0.072597 0.891526 0.113501
v 0.071396 0.891524 0.212421
v 0.069950 0.891522 0.331460
v 0.068352 0.891520 0.463074
v 0.066914 0.889655 0.581274
v 0.065923 0.881270 0.661751
v 0.065413 0.867296 0.701989
v 0.065059 0.849597 0.728814
v 0.064771 0.815130 0.748095
v 0.064604 0.761101 0.754799
v 0.064649 0.711731 0.744738
v 0.064920 0.677265 0.717912
v 0.065276 0.657703 0.686055
v 0.065868 0.652115 0.636595
v 0.066701 0.651185 0.567855
v 0.067494 0.650254 0.502467
v 0.068534 0.651187 0.416960
v 0.069780 0.653984 0.314687
v 0.070963 0.654917 0.217444
v 0.072147 0.656782 0.120201
v 0.073353 0.659945 0.030498
v 0.074435 0.661809 -0.058362
v 0.075516 0.663307 -0.156439
v 0.077251 0.664423 -0.265569
v 0.078627 0.665357 -0.378740
v 0.079635 0.667039 -0.495114
v 0.081124 0.668904 -0.617506
v 0.082584 0.671701 -0.737384
v 0.083962 0.673566 -0.850555
v 0.085315 0.673568 -0.962049
v 0.086476 0.673570 -1.057616
v 0.085665 0.674467 -1.118114
v 0.081487 0.674161 -1.153861
v 0.080489 0.676103 -1.164224
v 0.090076 0.680171 -1.185656
v 0.098080 0.691626 -1.234957
v 0.098814 0.706451 -1.293173
v 0.099548 0.710744 -1.353043
v 0.100392 0.710745 -1.422571
v 0.101412 0.710747 -1.506583
v 0.102352 0.711821 -1.583836
v 0.103446 0.713969 -1.673642
v 0.104679 0.715044 -1.775037
v 0.105617 0.714323 -1.852279
v 0.106143 0.713907 -1.895753
v 0.110352 0.718875 -1.923788
v 0.112725 0.745081 -1.942649
v 0.104695 0.801783 -1.946752
v 0.099897 0.844392 -1.929297
v 0.033602 0.851949 -1.913745
v 0.030459 0.837046 -1.946184
v 0.014395 0.664314 -0.208184
v 0.013150 0.662449 -0.105911
v 0.014912 0.889743 -0.221590
v 0.015521 0.888211 -0.315610
v 0.016620 0.664682 -0.324170
v 0.013400 0.890072 -0.132714
v 0.017146 0.666181 -0.434526
v 0.012757 0.891603 -0.043869
v 0.018635 0.668046 -0.556918
v 0.011433 0.891601 0.065110
v 0.020125 0.669912 -0.679310
v 0.010273 0.891600 0.160677
v 0.031266 0.859653 -1.787329
v 0.032069 0.857030 -1.853672
v 0.021556 0.673640 -0.796673
v 0.009031 0.891598 0.262950
v 0.022879 0.673642 -0.905652
v 0.007382 0.891596 0.398755
v 0.030416 0.859652 -1.717301
v 0.024264 0.673644 -1.019662
v 0.005834 0.891593 0.526177
v 0.029249 0.857025 -1.621473
v 0.025200 0.673645 -1.096786
v 0.004505 0.887865 0.635156
v 0.028264 0.857023 -1.540387
v 0.025672 0.672855 -1.142725
v 0.003853 0.874823 0.687131
v 0.028715 0.856813 -1.473017
v 0.023484 0.673114 -1.168264
v 0.003484 0.859918 0.715633
v 0.027820 0.856811 -1.399303
v 0.025862 0.675277 -1.162384
v 0.003146 0.839424 0.740781
v 0.026514 0.858935 -1.324909
v 0.026639 0.681043 -1.211241
v 0.002907 0.790985 0.754193
v 0.030576 0.852816 -1.272458
v 0.027272 0.702244 -1.260075
v 0.002813 0.731367 0.754191
v 0.028341 0.868542 -1.235545
v 0.028107 0.710830 -1.327671
v 0.002996 0.692244 0.734070
v 0.026715 0.881283 -1.191237
v 0.028740 0.710831 -1.379816
v 0.003356 0.662435 0.700537
v 0.026541 0.881958 -1.179915
v 0.029796 0.710832 -1.466726
v 0.003708 0.653121 0.670358
v 0.025549 0.882306 -1.098456
v 0.030780 0.710834 -1.547841
v 0.004540 0.651259 0.601617
v 0.024388 0.882305 -1.002889
v 0.031675 0.712981 -1.621231
v 0.005375 0.651260 0.532876
v 0.023190 0.884166 -0.903969
v 0.032968 0.715129 -1.727454
v 0.006125 0.649398 0.470842
v 0.021849 0.886027 -0.793313
v 0.034141 0.715130 -1.824020
v 0.007454 0.653126 0.361863
v 0.020814 0.887889 -0.707806
v 0.034845 0.713754 -1.881930
v 0.008618 0.654991 0.266296
v 0.019714 0.887887 -0.617269
v 0.035193 0.714363 -1.910959
v 0.009819 0.654992 0.167376
v 0.018717 0.887886 -0.535115
v 0.043261 0.723624 -1.938009
v 0.010986 0.658720 0.071810
v 0.017821 0.887884 -0.461345
v 0.039941 0.766710 -1.948688
v 0.012231 0.661318 -0.012029
v 0.016904 0.887883 -0.385897
v -0.037418 0.778049 -1.011883
v -0.044261 0.777107 -0.448543
v -0.047409 0.775405 -0.211368
v -0.050535 0.775235 0.067852
v -0.052920 0.773369 0.264015
v 0.016213 0.888047 -0.350754
v 0.012690 0.661884 -0.058970
v 0.035200 0.801878 -1.947436
v 0.017363 0.887884 -0.423621
v 0.011608 0.660019 0.029891
v 0.041601 0.745167 -1.943349
v 0.018269 0.887885 -0.498230
v 0.010402 0.656856 0.119593
v 0.039227 0.718994 -1.924484
v 0.019215 0.887887 -0.576192
v 0.009219 0.654992 0.216836
v 0.035019 0.714059 -1.896444
v 0.020264 0.887888 -0.662538
v 0.008036 0.654058 0.314079
v 0.034493 0.714442 -1.852975
v 0.021331 0.886958 -0.750560
v 0.006790 0.651262 0.416352
v 0.033555 0.715130 -1.775737
v 0.022520 0.885097 -0.848641
v 0.005750 0.650329 0.501859
v 0.032322 0.714055 -1.674342
v 0.023789 0.883235 -0.953429
v 0.004957 0.651259 0.567247
v 0.031228 0.711907 -1.584536
v 0.024969 0.882306 -1.050673
v 0.004124 0.652190 0.635988
v 0.030288 0.710833 -1.507283
v 0.026045 0.882132 -1.139185
v 0.003532 0.657778 0.685448
v 0.029268 0.710831 -1.423271
v 0.026628 0.881621 -1.185576
v 0.003176 0.677339 0.717304
v 0.028423 0.710830 -1.353744
v 0.027528 0.874913 -1.213391
v 0.002904 0.711805 0.744131
v 0.027690 0.706537 -1.293873
v 0.029459 0.860679 -1.254002
v 0.002860 0.761176 0.754192
v 0.026956 0.691644 -1.235658
v 0.028545 0.855876 -1.298684
v 0.003026 0.815205 0.747487
v 0.026250 0.678160 -1.186813
v 0.027167 0.857873 -1.362106
v 0.003315 0.849671 0.728207
v 0.024673 0.674195 -1.165324
v 0.028268 0.856812 -1.436160
v 0.003668 0.867371 0.701382
v 0.024578 0.672984 -1.155495
v 0.028490 0.856918 -1.506702
v 0.004179 0.881344 0.661144
v 0.025436 0.673250 -1.119756
v 0.028756 0.857024 -1.580930
v 0.005169 0.889729 0.580667
v 0.024732 0.673644 -1.058224
v 0.029832 0.858339 -1.669387
v 0.006608 0.891595 0.462466
v 0.023571 0.673643 -0.962657
v 0.030841 0.859653 -1.752315
v 0.008206 0.891597 0.330852
v 0.022217 0.673641 -0.851163
v 0.032835 0.854490 -1.883709
v 0.009652 0.891599 0.211813
v 0.020840 0.671776 -0.737992
v 0.031667 0.858342 -1.820500
v 0.010853 0.891601 0.112894
v 0.019380 0.668979 -0.618114
v 0.012095 0.891602 0.010620
v 0.017891 0.667114 -0.495722
v 0.013078 0.890837 -0.088292
v 0.016883 0.665432 -0.379348
v 0.014156 0.889907 -0.177152
v 0.015507 0.664498 -0.266177
v 0.015216 0.888977 -0.268600
v 0.013772 0.663382 -0.157047
v 0.032030 0.844498 -1.929965
v 0.034304 0.947095 -2.132659
v 0.034304 0.678675 -1.325881
v 0.034304 0.791107 -1.860998
v 0.034304 0.952159 -2.063377
v 0.034304 0.667533 -1.369638
v 0.034304 0.767811 -1.857352
v 0.034304 0.953172 -1.989536
v 0.034304 0.653352 -1.414307
v 0.034304 0.742488 -1.850059
v 0.034304 0.951146 -1.903844
v 0.034304 0.731346 -1.819976
v 0.034304 0.945069 -1.811771
v 0.034304 0.730333 -1.760721
v 0.034304 0.934940 -1.716052
v 0.034304 0.730333 -1.690526
v 0.034304 0.921772 -1.619421
v 0.034304 0.605746 -1.611216
v 0.034304 0.730333 -1.621244
v 0.034304 0.908604 -1.528259
v 0.034304 0.596630 -1.659532
v 0.034304 0.730333 -1.548314
v 0.034304 0.898475 -1.452595
v 0.034304 0.591565 -1.704201
v 0.034304 0.729320 -1.470827
v 0.034304 0.893411 -1.398810
v 0.034304 0.589539 -1.753428
v 0.034304 0.728307 -1.391517
v 0.034304 0.891385 -1.336820
v 0.034335 0.591200 -1.804536
v 0.034304 0.727294 -1.313118
v 0.031122 0.884127 -1.251218
v 0.034335 0.598290 -1.858322
v 0.034304 0.726282 -1.274366
v 0.028056 0.877619 -1.172717
v 0.034304 0.608784 -1.913872
v 0.034304 0.722230 -1.252934
v 0.031237 0.870696 -1.173539
v 0.034090 0.622488 -1.970429
v 0.034304 0.710075 -1.207353
v 0.034304 0.859985 -1.218310
v 0.034659 0.639334 -2.034725
v 0.034304 0.691843 -1.151745
v 0.034304 0.855933 -1.267537
v 0.034873 0.658044 -2.098501
v 0.032402 0.694805 -1.099783
v 0.034304 0.855933 -1.336820
v 0.034304 0.677662 -2.153627
v 0.030420 0.701585 -1.062298
v 0.034304 0.855933 -1.410661
v 0.034304 0.698933 -2.204677
v 0.030420 0.693482 -1.055005
v 0.034304 0.856946 -1.491794
v 0.033897 0.725392 -2.257708
v 0.030580 0.691925 -1.071632
v 0.034304 0.857959 -1.572016
v 0.033990 0.758264 -2.313453
v 0.030660 0.697224 -1.095443
v 0.034304 0.858972 -1.653150
v 0.035080 0.792068 -2.363063
v 0.031571 0.696638 -1.130941
v 0.034304 0.859985 -1.732461
v 0.035217 0.826377 -2.404644
v 0.032482 0.696053 -1.173733
v 0.034304 0.859985 -1.809948
v 0.034304 0.934940 -2.204677
v 0.033393 0.691415 -1.220170
v 0.034304 0.859310 -1.851502
v 0.035252 0.917436 -2.277376
v 0.034901 0.850486 -2.430085
v 0.034304 0.682727 -1.264785
v 0.034304 0.856271 -1.856972
v 0.036526 0.897161 -2.343808
v 0.034304 0.682727 -1.273454
v 0.034304 0.849856 -1.860087
v 0.035945 0.871411 -2.405572
v 0.034304 0.681714 -1.283946
v 0.034304 0.822508 -1.860998
v 0.016637 0.822508 -1.860998
v 0.016637 0.681714 -1.283946
v 0.018279 0.871411 -2.405572
v 0.016637 0.849856 -1.860087
v 0.016637 0.682727 -1.273454
v 0.018859 0.897161 -2.343808
v 0.016637 0.856271 -1.856972
v 0.016637 0.682727 -1.264785
v 0.017234 0.850486 -2.430085
v 0.017585 0.917436 -2.277376
v 0.016637 0.859310 -1.851502
v 0.015726 0.691415 -1.220170
v 0.016637 0.934940 -2.204677
v 0.016637 0.859985 -1.809948
v 0.013904 0.707780 -1.172876
v 0.017550 0.826377 -2.404644
v 0.016637 0.859985 -1.732461
v 0.012993 0.708366 -1.130084
v 0.017320 0.792622 -2.362926
v 0.016637 0.858972 -1.653150
v 0.012993 0.697224 -1.095443
v 0.016368 0.759456 -2.313123
v 0.016637 0.857959 -1.572016
v 0.012913 0.691925 -1.071632
v 0.016368 0.726030 -2.257514
v 0.016637 0.856946 -1.491794
v 0.012753 0.693482 -1.055005
v 0.016637 0.698933 -2.204677
v 0.016637 0.855933 -1.410661
v 0.012833 0.700806 -1.056937
v 0.016637 0.677662 -2.153627
v 0.016637 0.855933 -1.336820
v 0.014815 0.694027 -1.094422
v 0.017207 0.658044 -2.098501
v 0.016637 0.855933 -1.267537
v 0.016637 0.691843 -1.151745
v 0.016915 0.639839 -2.034705
v 0.016637 0.859985 -1.218310
v 0.016637 0.710075 -1.207353
v 0.016346 0.622992 -1.970410
v 0.013570 0.870696 -1.173539
v 0.016637 0.722230 -1.252934
v 0.016637 0.608784 -1.913872
v 0.010389 0.877619 -1.172717
v 0.016637 0.726282 -1.274366
v 0.016637 0.598655 -1.858264
v 0.013455 0.884127 -1.251218
v 0.016637 0.727294 -1.313118
v 0.016637 0.591565 -1.804479
v 0.016637 0.891385 -1.336820
v 0.016637 0.728307 -1.391517
v 0.016637 0.589539 -1.753428
v 0.016637 0.893411 -1.398810
v 0.016637 0.729320 -1.470827
v 0.016637 0.591565 -1.704201
v 0.016637 0.898475 -1.452595
v 0.016637 0.730333 -1.548314
v 0.016637 0.596630 -1.659532
v 0.016637 0.908604 -1.528259
v 0.016637 0.730333 -1.621244
v 0.016637 0.605746 -1.611216
v 0.016637 0.921772 -1.619421
v 0.016637 0.730333 -1.690526
v 0.016637 0.934940 -1.716052
v 0.016637 0.730333 -1.760721
v 0.025470 0.631362 -1.516616
v 0.016637 0.945069 -1.811771
v 0.016637 0.731346 -1.819976
v 0.016637 0.951146 -1.903844
v 0.016637 0.742488 -1.850059
v 0.016637 0.653352 -1.414307
v 0.016637 0.953172 -1.989536
v 0.016637 0.767811 -1.857352
v 0.016637 0.667533 -1.369638
v 0.016637 0.952159 -2.063377
v 0.016637 0.791107 -1.860998
v 0.016637 0.678675 -1.325881
v 0.016637 0.947095 -2.132659
v 0.005071 0.698190 -1.109352
v 0.006893 0.695997 -1.175593
v 0.007804 0.696631 -1.225846
v 0.007804 0.704047 -1.269457
v 0.007804 0.706025 -1.283341
v 0.007804 0.704542 -1.327041
v 0.007804 0.692675 -1.408478
v 0.007804 0.687730 -1.469889
v 0.007804 0.661030 -1.496145
v 0.007804 0.674875 -1.557557
v 0.007804 0.670424 -1.616743
v 0.007804 0.663502 -1.695955
v 0.007804 0.662513 -1.754251
v 0.007804 0.796511 -2.003012
v 0.007804 0.804422 -2.070209
v 0.007804 0.811344 -2.131175
v 0.007804 0.815795 -2.191251
v 0.007804 0.837056 -2.279364
v 0.008171 0.843785 -2.336770
v 0.008171 0.847247 -2.387279
v 0.007804 0.877766 -1.849743
v 0.007804 0.899358 -1.806762
v 0.007804 0.894413 -1.722210
v 0.007804 0.887491 -1.636323
v 0.007804 0.880568 -1.552216
v 0.007804 0.875129 -1.476120
v 0.007804 0.872163 -1.410258
v 0.007804 0.871174 -1.343951
v 0.006213 0.867568 -1.268323
v 0.040324 0.698969 -1.114713
v 0.043137 0.684269 -1.176450
v 0.043137 0.696631 -1.225846
v 0.043137 0.704047 -1.269457
v 0.043137 0.706025 -1.283341
v 0.043137 0.704542 -1.327041
v 0.043137 0.692675 -1.408478
v 0.043137 0.687730 -1.469889
v 0.043137 0.661030 -1.496145
v 0.043137 0.674875 -1.557557
v 0.043137 0.670424 -1.616743
v 0.043137 0.663502 -1.695955
v 0.043137 0.662513 -1.754251
v 0.043214 0.796006 -2.003031
v 0.043137 0.804422 -2.070209
v 0.043137 0.811344 -2.131175
v 0.043137 0.815795 -2.191251
v 0.043092 0.835864 -2.279694
v 0.043598 0.843231 -2.336907
v 0.043505 0.847247 -2.387279
v 0.043137 0.877766 -1.849743
v 0.043137 0.899358 -1.806762
v 0.043137 0.894413 -1.722210
v 0.043137 0.887491 -1.636323
v 0.043137 0.880568 -1.552216
v 0.043137 0.875129 -1.476120
v 0.043137 0.872163 -1.410258
v 0.043137 0.871174 -1.343951
v 0.041546 0.867568 -1.268323
v 0.043137 0.934958 -2.172561
v 0.043137 0.918641 -2.245543
v 0.043505 0.900648 -2.311849
v 0.044241 0.878506 -2.373038
v 0.043137 0.944848 -2.104474
v 0.043137 0.948309 -2.035943
v 0.043137 0.948803 -1.962516
v 0.043137 0.945836 -1.874404
v 0.043137 0.938914 -1.785847
v 0.043137 0.928036 -1.689280
v 0.043137 0.914686 -1.597607
v 0.043137 0.902324 -1.508605
v 0.043137 0.893424 -1.442299
v 0.043137 0.889963 -1.392902
v 0.043137 0.887985 -1.325261
v 0.038365 0.878158 -1.237219
v 0.036946 0.874654 -1.168455
v 0.041604 0.864965 -1.200151
v 0.043137 0.855845 -1.234479
v 0.043137 0.853868 -1.294110
v 0.043137 0.853868 -1.359972
v 0.043137 0.853868 -1.436069
v 0.043137 0.855351 -1.514835
v 0.043137 0.855846 -1.593157
v 0.043137 0.857329 -1.672814
v 0.043137 0.857823 -1.748911
v 0.043137 0.857823 -1.825008
v 0.043137 0.856834 -1.847592
v 0.043137 0.853044 -1.853303
v 0.043137 0.845956 -1.854823
v 0.043137 0.809861 -1.856158
v 0.043137 0.786622 -1.855268
v 0.043137 0.760415 -1.850818
v 0.043137 0.738165 -1.842808
v 0.043137 0.731737 -1.803202
v 0.043137 0.731243 -1.741346
v 0.043137 0.731243 -1.671479
v 0.043137 0.731243 -1.605618
v 0.043137 0.731243 -1.530856
v 0.043137 0.729759 -1.456539
v 0.043137 0.729265 -1.376882
v 0.043137 0.727781 -1.303010
v 0.043137 0.727287 -1.283074
v 0.043137 0.721353 -1.254327
v 0.043137 0.707509 -1.206265
v 0.043137 0.688719 -1.150639
v 0.040164 0.704976 -1.111194
v 0.039173 0.701659 -1.073421
v 0.039413 0.694379 -1.066239
v 0.039493 0.694590 -1.088470
v 0.039493 0.702501 -1.116950
v 0.042226 0.678691 -1.156012
v 0.043137 0.677347 -1.198700
v 0.043137 0.682786 -1.244091
v 0.043137 0.685258 -1.285032
v 0.043137 0.684269 -1.276933
v 0.043137 0.683775 -1.303010
v 0.043137 0.679325 -1.343061
v 0.043137 0.665974 -1.387563
v 0.043137 0.653118 -1.429838
v 0.043137 0.642735 -1.477455
v 0.043137 0.626912 -1.529966
v 0.043137 0.616529 -1.575357
v 0.043137 0.607134 -1.624753
v 0.043137 0.598728 -1.669699
v 0.043137 0.595267 -1.713755
v 0.043137 0.593289 -1.763597
v 0.043232 0.596149 -1.812722
v 0.043169 0.604297 -1.867342
v 0.043137 0.615540 -1.920240
v 0.043368 0.630344 -1.977260
v 0.043214 0.647670 -2.041302
v 0.043137 0.665480 -2.101805
v 0.043137 0.684764 -2.153871
v 0.043137 0.706025 -2.203712
v 0.042722 0.733286 -2.255469
v 0.043277 0.766026 -2.311119
v 0.043230 0.798429 -2.356933
v 0.043137 0.833100 -2.396846
v 0.043505 0.826479 -2.365251
v 0.043137 0.850901 -2.413979
v 0.043415 0.807209 -2.318045
v 0.042722 0.786193 -2.258584
v 0.043137 0.752010 -2.163216
v 0.043137 0.764371 -2.219287
v 0.043137 0.739154 -2.109370
v 0.043137 0.726298 -2.047958
v 0.043368 0.712918 -1.979930
v 0.041546 0.865096 -1.215367
v 0.038365 0.869753 -1.220753
v 0.043137 0.862273 -1.310575
v 0.043137 0.862768 -1.377327
v 0.043137 0.863262 -1.448974
v 0.043137 0.866724 -1.522401
v 0.043137 0.869690 -1.603392
v 0.043137 0.874635 -1.685719
v 0.043137 0.877602 -1.766711
v 0.043137 0.879579 -1.845923
v 0.043137 0.876118 -1.877074
v 0.043137 0.921608 -1.852153
v 0.043137 0.638285 -1.871289
v 0.043137 0.663502 -1.914010
v 0.043137 0.701081 -1.935816
v 0.043232 0.630761 -1.816282
v 0.043169 0.699232 -1.836636
v 0.043137 0.627407 -1.780062
v 0.043137 0.628890 -1.724881
v 0.043137 0.699597 -1.649674
v 0.043137 0.630374 -1.673704
v 0.043137 0.643724 -1.586927
v 0.043137 0.649657 -1.535306
v 0.043137 0.629385 -1.517506
v 0.043137 0.663008 -1.495255
v 0.043137 0.669930 -1.439629
v 0.043137 0.712453 -1.367092
v 0.043137 0.690697 -1.353742
v 0.043137 0.716409 -1.292330
v 0.043137 0.694653 -1.274530
v 0.043137 0.696136 -1.291707
v 0.043137 0.692675 -1.252992
v 0.043137 0.685753 -1.205375
v 0.043137 0.673391 -1.159094
v 0.042226 0.689074 -1.133317
v 0.039413 0.697840 -1.076030
v 0.039253 0.707803 -1.100991
v 0.007804 0.934958 -2.172561
v 0.007804 0.918641 -2.245543
v 0.008171 0.900648 -2.311849
v 0.008907 0.878506 -2.373038
v 0.007804 0.944848 -2.104474
v 0.007804 0.948309 -2.035943
v 0.007804 0.948803 -1.962516
v 0.007804 0.945836 -1.874404
v 0.007804 0.938914 -1.785847
v 0.007804 0.928036 -1.689280
v 0.007804 0.914686 -1.597607
v 0.007804 0.902324 -1.508605
v 0.007804 0.893424 -1.442299
v 0.007804 0.889963 -1.392902
v 0.007804 0.887985 -1.325261
v 0.003031 0.878158 -1.237219
v 0.001613 0.874654 -1.168455
v 0.006270 0.864965 -1.200151
v 0.007804 0.855845 -1.234479
v 0.007804 0.853868 -1.294110
v 0.007804 0.853868 -1.359972
v 0.007804 0.853868 -1.436069
v 0.007804 0.855351 -1.514835
v 0.007804 0.855846 -1.593157
v 0.007804 0.857329 -1.672814
v 0.007804 0.857823 -1.748911
v 0.007804 0.857823 -1.825008
v 0.007804 0.856834 -1.847592
v 0.007804 0.853044 -1.853303
v 0.007804 0.845956 -1.854823
v 0.007804 0.809861 -1.856158
v 0.007804 0.786622 -1.855268
v 0.007804 0.760415 -1.850818
v 0.007804 0.738165 -1.842808
v 0.007804 0.731737 -1.803202
v 0.007804 0.731243 -1.741346
v 0.007804 0.731243 -1.671479
v 0.007804 0.731243 -1.605618
v 0.007804 0.731243 -1.530856
v 0.007804 0.729759 -1.456539
v 0.007804 0.729265 -1.376882
v 0.007804 0.727781 -1.303010
v 0.007804 0.727287 -1.283074
v 0.007804 0.721353 -1.254327
v 0.007804 0.707509 -1.206265
v 0.007804 0.688719 -1.150639
v 0.005071 0.702640 -1.095112
v 0.003919 0.700881 -1.068061
v 0.004080 0.694379 -1.066239
v 0.004160 0.694590 -1.088470
v 0.004160 0.702501 -1.116950
v 0.004160 0.713874 -1.153441
v 0.006893 0.689074 -1.197843
v 0.007804 0.682786 -1.244091
v 0.007804 0.685258 -1.285032
v 0.007804 0.684269 -1.276933
v 0.007804 0.683775 -1.303010
v 0.007804 0.679325 -1.343061
v 0.007804 0.665974 -1.387563
v 0.007804 0.653118 -1.429838
v 0.007804 0.642735 -1.477455
v 0.007804 0.626912 -1.529966
v 0.007804 0.616529 -1.575357
v 0.007804 0.607134 -1.624753
v 0.007804 0.598728 -1.669699
v 0.007804 0.595267 -1.713755
v 0.007804 0.593289 -1.763597
v 0.007804 0.597245 -1.812548
v 0.007804 0.604662 -1.867284
v 0.007804 0.615540 -1.920240
v 0.007804 0.631857 -1.977202
v 0.007804 0.648174 -2.041283
v 0.007804 0.665480 -2.101805
v 0.007804 0.684764 -2.153871
v 0.007804 0.706025 -2.203712
v 0.007804 0.735198 -2.254888
v 0.007804 0.768327 -2.310514
v 0.007804 0.798983 -2.356796
v 0.007804 0.833100 -2.396846
v 0.008171 0.826479 -2.365251
v 0.007804 0.850901 -2.413979
v 0.007804 0.808872 -2.317635
v 0.007804 0.788105 -2.258003
v 0.007804 0.752010 -2.163216
v 0.007804 0.764371 -2.219287
v 0.007804 0.739154 -2.109370
v 0.007804 0.726298 -2.047958
v 0.007804 0.714431 -1.979872
v 0.006213 0.865096 -1.215367
v 0.003031 0.869753 -1.220753
v 0.007804 0.862273 -1.310575
v 0.007804 0.862768 -1.377327
v 0.007804 0.863262 -1.448974
v 0.007804 0.866724 -1.522401
v 0.007804 0.869690 -1.603392
v 0.007804 0.874635 -1.685719
v 0.007804 0.877602 -1.766711
v 0.007804 0.879579 -1.845923
v 0.007804 0.876118 -1.877074
v 0.007804 0.921608 -1.852153
v 0.007804 0.638285 -1.871289
v 0.007804 0.663502 -1.914010
v 0.007804 0.701081 -1.935816
v 0.007804 0.631857 -1.816108
v 0.007804 0.699597 -1.836578
v 0.007804 0.627407 -1.780062
v 0.007804 0.628890 -1.724881
v 0.007804 0.699597 -1.649674
v 0.007804 0.630374 -1.673704
v 0.007804 0.643724 -1.586927
v 0.007804 0.649657 -1.535306
v 0.007804 0.629385 -1.517506
v 0.007804 0.663008 -1.495255
v 0.007804 0.669930 -1.439629
v 0.007804 0.712453 -1.367092
v 0.007804 0.690697 -1.353742
v 0.007804 0.716409 -1.292330
v 0.007804 0.694653 -1.274530
v 0.007804 0.696136 -1.291707
v 0.007804 0.692675 -1.252992
v 0.007804 0.685753 -1.205375
v 0.005071 0.708574 -1.156523
v 0.006893 0.689074 -1.133317
v 0.004160 0.697062 -1.070669
v 0.004160 0.705468 -1.084909
v 0.012220 0.940979 -2.160130
v 0.038720 0.948986 -2.093469
v 0.012220 0.676739 -1.349394
v 0.038720 0.682744 -1.309758
v 0.012220 0.798850 -1.859257
v 0.038720 0.782835 -1.857455
v 0.038720 0.950988 -2.023206
v 0.012220 0.660724 -1.396236
v 0.038720 0.752808 -1.852050
v 0.038720 0.950988 -1.947537
v 0.012220 0.648713 -1.437674
v 0.038720 0.732790 -1.843042
v 0.038720 0.946984 -1.853852
v 0.012220 0.730788 -1.792596
v 0.012220 0.938977 -1.765572
v 0.016637 0.640263 -1.489915
v 0.034304 0.622462 -1.543316
v 0.012220 0.730788 -1.725936
v 0.012220 0.926966 -1.664680
v 0.038720 0.612681 -1.585408
v 0.038720 0.730788 -1.653870
v 0.012220 0.912953 -1.574598
v 0.038720 0.602672 -1.637656
v 0.038720 0.730788 -1.589011
v 0.012220 0.900942 -1.484517
v 0.038720 0.594664 -1.680895
v 0.038720 0.730788 -1.509739
v 0.012220 0.892935 -1.425062
v 0.038720 0.592662 -1.725936
v 0.038720 0.728786 -1.435872
v 0.012220 0.890933 -1.378220
v 0.012220 0.590661 -1.778183
v 0.012220 0.728786 -1.352997
v 0.012220 0.888931 -1.302551
v 0.012220 0.596666 -1.826828
v 0.012220 0.726784 -1.280932
v 0.005857 0.876464 -1.209002
v 0.012220 0.604673 -1.884480
v 0.012220 0.726784 -1.277220
v 0.006087 0.875940 -1.147386
v 0.038720 0.616684 -1.936727
v 0.012220 0.718777 -1.239386
v 0.012220 0.862908 -1.210668
v 0.038660 0.632202 -1.996257
v 0.012220 0.702762 -1.187138
v 0.012220 0.854900 -1.235891
v 0.039290 0.650342 -2.063324
v 0.038720 0.682744 -1.129486
v 0.012220 0.854900 -1.307956
v 0.038720 0.668731 -2.122296
v 0.008576 0.707634 -1.073810
v 0.012220 0.854900 -1.372815
v 0.038720 0.688750 -2.172741
v 0.008256 0.696735 -1.055617
v 0.012220 0.854900 -1.453889
v 0.038720 0.710770 -2.223187
v 0.008496 0.692398 -1.064758
v 0.012220 0.856902 -1.533161
v 0.038037 0.740635 -2.276891
v 0.008576 0.693622 -1.088223
v 0.012220 0.856902 -1.612433
v 0.038999 0.775166 -2.333498
v 0.008576 0.703631 -1.117049
v 0.012220 0.858904 -1.693506
v 0.039404 0.807359 -2.375955
v 0.037809 0.680459 -1.159257
v 0.012220 0.858904 -1.769175
v 0.038950 0.843219 -2.415745
v 0.037809 0.690468 -1.202496
v 0.012220 0.858904 -1.846645
v 0.012220 0.924964 -2.235798
v 0.012220 0.682744 -1.250196
v 0.038720 0.857570 -1.851299
v 0.013169 0.906664 -2.304030
v 0.039088 0.855202 -2.425871
v 0.012220 0.684746 -1.289832
v 0.038720 0.852899 -1.857455
v 0.014230 0.886502 -2.367202
v 0.012220 0.682744 -1.266519
v 0.038720 0.844891 -1.857455
v 0.029887 0.945108 -2.172649
v 0.021054 0.953307 -2.104390
v 0.029887 0.674534 -1.342478
v 0.021054 0.680683 -1.301892
v 0.029887 0.799572 -1.864563
v 0.021054 0.783173 -1.862718
v 0.021054 0.955357 -2.032442
v 0.029887 0.658135 -1.390444
v 0.021054 0.752426 -1.857184
v 0.021054 0.955357 -1.954960
v 0.029887 0.645836 -1.432875
v 0.021054 0.731928 -1.847960
v 0.021054 0.951257 -1.859029
v 0.029887 0.729878 -1.796305
v 0.029887 0.943058 -1.768632
v 0.029887 0.729878 -1.728046
v 0.029887 0.930759 -1.665322
v 0.021054 0.608940 -1.584150
v 0.021054 0.729878 -1.654253
v 0.029887 0.916410 -1.573081
v 0.021054 0.598691 -1.637650
v 0.021054 0.729878 -1.587840
v 0.029887 0.904112 -1.480840
v 0.021054 0.590492 -1.681926
v 0.021054 0.729878 -1.506667
v 0.029887 0.895912 -1.419961
v 0.021054 0.588442 -1.728047
v 0.021054 0.727829 -1.431030
v 0.029887 0.893863 -1.371995
v 0.029887 0.586392 -1.781546
v 0.029887 0.727829 -1.346168
v 0.029887 0.891813 -1.294513
v 0.029919 0.592176 -1.831415
v 0.029887 0.725779 -1.272375
v 0.023524 0.879298 -1.198804
v 0.029887 0.600741 -1.890391
v 0.029887 0.725779 -1.266936
v 0.023754 0.878773 -1.135676
v 0.021054 0.613039 -1.943891
v 0.029887 0.717579 -1.228194
v 0.029887 0.865165 -1.200427
v 0.020180 0.628531 -2.004823
v 0.029887 0.701181 -1.174695
v 0.029887 0.856966 -1.226254
v 0.022763 0.646767 -2.074475
v 0.021054 0.680683 -1.115660
v 0.029887 0.856966 -1.300047
v 0.021054 0.666334 -2.133908
v 0.026163 0.705824 -1.064093
v 0.029887 0.856966 -1.366461
v 0.021054 0.686832 -2.185563
v 0.025923 0.693810 -1.039589
v 0.029887 0.856966 -1.449478
v 0.021054 0.709380 -2.237218
v 0.026003 0.690982 -1.060056
v 0.029887 0.859016 -1.530650
v 0.020248 0.741422 -2.293343
v 0.026243 0.690697 -1.073491
v 0.029887 0.859016 -1.611822
v 0.021054 0.777024 -2.349752
v 0.026243 0.700946 -1.103008
v 0.029887 0.861066 -1.694839
v 0.023104 0.809277 -2.392912
v 0.017410 0.713245 -1.143594
v 0.029887 0.861066 -1.772322
v 0.021743 0.845655 -2.433963
v 0.018321 0.711766 -1.188727
v 0.029887 0.861066 -1.851650
v 0.029887 0.928709 -2.250131
v 0.029887 0.680683 -1.239264
v 0.021054 0.859699 -1.856415
v 0.032732 0.909409 -2.319542
v 0.022157 0.857870 -2.444760
v 0.029887 0.682733 -1.279850
v 0.021054 0.854916 -1.862718
v 0.032973 0.886070 -2.384455
v 0.029887 0.680683 -1.257616
v 0.021054 0.846717 -1.862718
v 0.025470 0.811857 -1.866750
v 0.025470 0.679653 -1.264364
v 0.028556 0.879192 -2.408363
v 0.025470 0.849704 -1.865350
v 0.025470 0.681208 -1.269435
v 0.029222 0.904549 -2.343745
v 0.025470 0.857135 -1.863756
v 0.025470 0.680171 -1.244063
v 0.026804 0.856122 -2.451421
v 0.026419 0.925632 -2.274798
v 0.025470 0.861110 -1.857768
v 0.022737 0.711725 -1.194831
v 0.025470 0.943025 -2.198505
v 0.025470 0.862147 -1.793960
v 0.021826 0.719823 -1.170644
v 0.026843 0.837714 -2.432652
v 0.025470 0.862147 -1.715104
v 0.021826 0.708935 -1.126783
v 0.027520 0.801957 -2.390564
v 0.025470 0.860591 -1.632514
v 0.021826 0.691827 -1.073590
v 0.025202 0.768056 -2.344028
v 0.025470 0.860073 -1.549926
v 0.021586 0.690014 -1.059809
v 0.024665 0.732816 -2.287453
v 0.025470 0.858517 -1.467803
v 0.021506 0.691829 -1.038107
v 0.025470 0.702983 -2.231168
v 0.025470 0.857999 -1.384281
v 0.021746 0.700900 -1.046289
v 0.025470 0.680689 -2.178908
v 0.025470 0.857999 -1.312891
v 0.024559 0.685677 -1.094359
v 0.026040 0.660097 -2.124798
v 0.025470 0.857999 -1.240100
v 0.025470 0.684837 -1.123679
v 0.026888 0.640219 -2.062322
v 0.025470 0.864220 -1.201839
v 0.025470 0.712833 -1.209067
v 0.024596 0.622258 -1.993719
v 0.020870 0.876716 -1.146193
v 0.025470 0.723202 -1.251995
v 0.025470 0.608106 -1.933941
v 0.019165 0.880583 -1.177734
v 0.025470 0.725276 -1.266521
v 0.025470 0.592553 -1.848553
v 0.023880 0.890119 -1.266297
v 0.025470 0.726831 -1.324089
v 0.025470 0.585813 -1.795826
v 0.025470 0.894809 -1.349286
v 0.025470 0.727350 -1.407145
v 0.025470 0.585813 -1.742633
v 0.025470 0.896883 -1.405278
v 0.025470 0.727868 -1.447739
v 0.025470 0.586850 -1.717437
v 0.025470 0.903623 -1.463604
v 0.025470 0.729424 -1.525662
v 0.025470 0.590479 -1.671243
v 0.025470 0.915028 -1.548992
v 0.025470 0.729424 -1.604052
v 0.025470 0.599293 -1.624116
v 0.025470 0.929027 -1.642313
v 0.025470 0.729424 -1.673109
v 0.025470 0.941988 -1.744033
v 0.025470 0.729424 -1.780895
v 0.025470 0.951320 -1.838754
v 0.025470 0.730979 -1.837354
v 0.025470 0.954431 -1.885881
v 0.025470 0.736682 -1.852752
v 0.025470 0.653730 -1.398279
v 0.025470 0.957541 -1.978268
v 0.025470 0.760012 -1.861151
v 0.025470 0.669284 -1.351152
v 0.025470 0.957023 -2.055258
v 0.025470 0.787490 -1.865817
v 0.025470 0.678097 -1.308225
v 0.025470 0.953394 -2.127115
v -0.036400 0.859103 -1.804583
v -0.035415 0.855865 -1.869358
v -0.037238 0.859757 -1.735476
v -0.038326 0.857787 -1.646098
v -0.039356 0.857129 -1.561326
v -0.039264 0.856970 -1.490527
v -0.039822 0.856917 -1.418399
v -0.041026 0.858509 -1.344176
v -0.038291 0.854451 -1.284534
v -0.038947 0.864716 -1.243168
v -0.043183 0.877871 -1.202389
v -0.037505 0.881485 -1.183317
v -0.035947 0.882202 -1.119414
v -0.037066 0.882380 -1.027389
v -0.038255 0.883775 -0.929307
v -0.039560 0.885637 -0.821585
v -0.040672 0.887498 -0.729791
v -0.041755 0.887962 -0.640511
v -0.042778 0.887961 -0.556262
v -0.043700 0.887959 -0.480395
v -0.044611 0.887958 -0.405367
v -0.045878 0.888203 -0.333789
v -0.046680 0.889435 -0.245702
v -0.047966 0.890064 -0.155541
v -0.048827 0.891295 -0.066688
v -0.049980 0.891676 0.037258
v -0.051181 0.891675 0.136178
v -0.052403 0.891673 0.236774
v -0.053950 0.891671 0.364196
v -0.055523 0.891669 0.493714
v -0.056907 0.888872 0.607304
v -0.057728 0.878158 0.673529
v -0.058168 0.863719 0.707899
v -0.058514 0.844622 0.733886
v -0.058778 0.803169 0.750232
v -0.058908 0.746346 0.753584
v -0.058794 0.702099 0.738493
v -0.058478 0.669962 0.708313
v -0.058124 0.655524 0.677295
v -0.057412 0.651799 0.618195
v -0.056578 0.651334 0.549454
v -0.055807 0.649938 0.485743
v -0.054622 0.652269 0.388500
v -0.053417 0.654599 0.289580
v -0.052225 0.655067 0.191499
v -0.051050 0.657863 0.095094
v -0.049824 0.660743 0.008323
v -0.048824 0.662241 -0.083048
v -0.047661 0.663923 -0.183223
v -0.045681 0.664665 -0.295781
v -0.044730 0.665881 -0.407544
v -0.043481 0.667655 -0.526928
v -0.041992 0.669520 -0.649320
v -0.040546 0.672782 -0.767940
v -0.039196 0.673716 -0.879015
v -0.037827 0.673718 -0.991767
v -0.036778 0.673719 -1.078112
v -0.033918 0.671189 -1.133399
v -0.031977 0.672538 -1.162992
v -0.030904 0.671797 -1.165210
v -0.041030 0.678571 -1.199957
v -0.044010 0.696996 -1.248567
v -0.043226 0.708769 -1.311472
v -0.042543 0.710916 -1.367480
v -0.041593 0.710918 -1.445698
v -0.040590 0.710919 -1.528262
v -0.039673 0.712530 -1.603584
v -0.038479 0.714678 -1.701598
v -0.037276 0.715216 -1.800578
v -0.036455 0.714234 -1.868145
v -0.036018 0.714363 -1.904392
v -0.029880 0.721411 -1.931944
v -0.030353 0.756024 -1.946718
v -0.035851 0.819562 -1.947486
v -0.035050 0.848328 -1.922523
v -0.053749 0.653667 0.316825
v 0.099333 0.858893 -1.803247
v 0.100318 0.855655 -1.868022
v 0.098495 0.859547 -1.734140
v 0.097407 0.857577 -1.644762
v 0.096377 0.856919 -1.559991
v 0.096469 0.856760 -1.489192
v 0.095910 0.856706 -1.417063
v 0.094707 0.858299 -1.342840
v 0.097412 0.854241 -1.286608
v 0.096747 0.864506 -1.246379
v 0.097427 0.878325 -1.202239
v 0.090674 0.882094 -1.182173
v 0.087541 0.882237 -1.118227
v 0.086423 0.882231 -1.026173
v 0.085234 0.883626 -0.928092
v 0.083928 0.885487 -0.820370
v 0.082817 0.887349 -0.728575
v 0.081733 0.887813 -0.639296
v 0.080710 0.887812 -0.555046
v 0.079789 0.887810 -0.479180
v 0.078878 0.887809 -0.404152
v 0.077611 0.888054 -0.332574
v 0.076808 0.889286 -0.244487
v 0.075522 0.889915 -0.154325
v 0.074662 0.891146 -0.065473
v 0.073508 0.891527 0.038473
v 0.072307 0.891526 0.137393
v 0.071085 0.891524 0.237989
v 0.069538 0.891522 0.365411
v 0.067965 0.891519 0.494929
v 0.066581 0.888723 0.608519
v 0.065760 0.878009 0.674745
v 0.065320 0.863570 0.709115
v 0.064975 0.844473 0.735102
v 0.064711 0.803020 0.751447
v 0.064581 0.746197 0.754799
v 0.064694 0.701950 0.739708
v 0.065010 0.669813 0.709528
v 0.065364 0.655375 0.678511
v 0.066076 0.651650 0.619410
v 0.066910 0.651185 0.550669
v 0.067682 0.649789 0.486958
v 0.068866 0.652119 0.389715
v 0.070071 0.654450 0.290796
v 0.071263 0.654917 0.192714
v 0.072438 0.657714 0.096309
v 0.073664 0.660594 0.009539
v 0.074664 0.662092 -0.081832
v 0.075827 0.663773 -0.182008
v 0.077808 0.664515 -0.294566
v 0.078759 0.665732 -0.406329
v 0.080007 0.667506 -0.525712
v 0.081496 0.669371 -0.648105
v 0.082942 0.672633 -0.766724
v 0.084292 0.673567 -0.877800
v 0.085662 0.673568 -0.990552
v 0.086710 0.673570 -1.076897
v 0.085026 0.674916 -1.129081
v 0.080038 0.673560 -1.160767
v 0.081438 0.677675 -1.162499
v 0.093920 0.680633 -1.198097
v 0.098238 0.696892 -1.247166
v 0.099023 0.708597 -1.310072
v 0.099706 0.710744 -1.366080
v 0.100656 0.710746 -1.444298
v 0.101659 0.710747 -1.526862
v 0.102576 0.712358 -1.602184
v 0.103769 0.714506 -1.700198
v 0.104972 0.715044 -1.799178
v 0.105793 0.713963 -1.866759
v 0.106230 0.714059 -1.903010
v 0.112369 0.721207 -1.930549
v 0.111895 0.755853 -1.945318
v 0.101511 0.819362 -1.946134
v 0.100682 0.848118 -1.921187
v 0.067535 0.851896 -1.913411
v -0.003474 0.837099 -1.946518
v 0.045267 0.664277 -0.207880
v -0.017723 0.662487 -0.106214
v 0.045784 0.889706 -0.221286
v -0.015351 0.888248 -0.315914
v 0.047492 0.664645 -0.323866
v 0.044272 0.890034 -0.132410
v 0.048018 0.666144 -0.434222
v 0.043629 0.891566 -0.043565
v 0.049507 0.668009 -0.556614
v 0.042305 0.891564 0.065414
v 0.050997 0.669874 -0.679006
v 0.041145 0.891562 0.160981
v 0.065199 0.859601 -1.786995
v -0.001865 0.857083 -1.854006
v 0.052428 0.673602 -0.796369
v 0.039903 0.891561 0.263254
v 0.053751 0.673604 -0.905349
v 0.038254 0.891558 0.399059
v 0.064349 0.859599 -1.716967
v 0.055136 0.673606 -1.019358
v 0.036706 0.891556 0.526481
v 0.063182 0.856973 -1.621139
v 0.056072 0.673608 -1.096482
v 0.035377 0.887828 0.635460
v 0.062197 0.856971 -1.540053
v 0.055029 0.674110 -1.141387
v 0.034725 0.874786 0.687435
v 0.062648 0.856760 -1.472683
v 0.051036 0.673036 -1.167969
v 0.034356 0.859881 0.715936
v 0.061753 0.856759 -1.398969
v 0.054125 0.677262 -1.161579
v 0.034018 0.839387 0.741085
v 0.060447 0.858883 -1.324575
v 0.062201 0.681069 -1.210890
v 0.033779 0.790947 0.754496
v 0.064499 0.852764 -1.273261
v 0.062835 0.702201 -1.259725
v 0.033685 0.731330 0.754495
v 0.062265 0.868490 -1.236348
v 0.063669 0.710787 -1.327321
v 0.033868 0.692206 0.734374
v 0.062277 0.881452 -1.190919
v 0.064302 0.710788 -1.379466
v 0.034228 0.662398 0.700841
v 0.057413 0.882105 -1.179639
v 0.065358 0.710789 -1.466376
v 0.034580 0.653083 0.670662
v 0.056421 0.882269 -1.098152
v 0.066343 0.710791 -1.547491
v 0.035412 0.651221 0.601921
v 0.055260 0.882268 -1.002586
v 0.067237 0.712938 -1.620881
v 0.036247 0.651223 0.533180
v 0.054062 0.884129 -0.903666
v 0.068531 0.715086 -1.727104
v 0.036997 0.649361 0.471146
v 0.052721 0.885990 -0.793009
v 0.069703 0.715087 -1.823670
v 0.038326 0.653089 0.362167
v 0.051686 0.887851 -0.707502
v 0.070407 0.713678 -1.881584
v 0.039490 0.654953 0.266600
v 0.050586 0.887850 -0.616965
v 0.070755 0.714287 -1.910613
v 0.040691 0.654955 0.167680
v 0.049589 0.887848 -0.534812
v 0.078823 0.723581 -1.937659
v 0.041858 0.658683 0.072114
v 0.048693 0.887847 -0.461041
v 0.075503 0.766667 -1.948338
v 0.043103 0.661281 -0.011725
v 0.047777 0.887846 -0.385594
v -0.037449 0.725883 -1.016076
v -0.044429 0.721682 -0.441838
v -0.048002 0.718964 -0.158943
v -0.050647 0.717015 0.069527
v -0.052817 0.832521 0.263179
v 0.043137 0.927047 -2.209942
v 0.043137 0.909741 -2.279363
v 0.044241 0.891362 -2.343000
v 0.043505 0.862080 -2.401964
v 0.043137 0.940892 -2.137405
v 0.043137 0.947320 -2.070653
v 0.043137 0.948803 -1.999897
v 0.043137 0.947814 -1.920685
v 0.043137 0.942870 -1.829458
v 0.043137 0.933969 -1.739121
v 0.043137 0.921608 -1.642108
v 0.043137 0.908258 -1.553106
v 0.043137 0.897380 -1.471669
v 0.043137 0.890952 -1.416043
v 0.043137 0.888974 -1.362642
v 0.041546 0.884380 -1.283453
v 0.036831 0.874916 -1.198886
v 0.038537 0.871337 -1.168877
v 0.043137 0.859801 -1.222018
v 0.043137 0.853868 -1.258509
v 0.043137 0.853868 -1.327931
v 0.043137 0.853868 -1.396018
v 0.043137 0.854362 -1.475674
v 0.043137 0.855846 -1.553996
v 0.043137 0.856340 -1.632763
v 0.043137 0.857823 -1.711530
v 0.043137 0.857823 -1.786737
v 0.043137 0.857494 -1.845293
v 0.043137 0.855351 -1.850262
v 0.043137 0.849912 -1.854823
v 0.043137 0.832606 -1.855268
v 0.043137 0.794533 -1.856158
v 0.043137 0.775249 -1.853488
v 0.043137 0.748054 -1.847258
v 0.043137 0.732726 -1.828123
v 0.043137 0.731243 -1.774276
v 0.043137 0.731243 -1.707080
v 0.043137 0.731243 -1.637658
v 0.043137 0.731243 -1.570017
v 0.043137 0.730748 -1.493030
v 0.043137 0.729265 -1.417823
v 0.043137 0.728770 -1.338611
v 0.043137 0.727287 -1.284498
v 0.043137 0.725309 -1.273017
v 0.043137 0.715420 -1.232076
v 0.043137 0.698608 -1.179120
v 0.042146 0.690842 -1.127997
v 0.039173 0.708581 -1.093002
v 0.039253 0.696925 -1.064500
v 0.039493 0.693601 -1.074229
v 0.039493 0.697556 -1.102710
v 0.040404 0.696212 -1.134718
v 0.043137 0.672402 -1.177340
v 0.043137 0.680808 -1.220951
v 0.043137 0.684269 -1.265452
v 0.043137 0.685258 -1.288859
v 0.043137 0.683775 -1.281650
v 0.043137 0.682291 -1.323481
v 0.043137 0.673886 -1.364422
v 0.043137 0.659052 -1.409368
v 0.043137 0.647680 -1.452534
v 0.043137 0.635813 -1.503265
v 0.043137 0.620484 -1.553996
v 0.043137 0.612079 -1.598943
v 0.043137 0.602684 -1.648339
v 0.043137 0.596256 -1.691505
v 0.043137 0.594278 -1.737786
v 0.043169 0.593913 -1.788575
v 0.043232 0.599610 -1.838977
v 0.043137 0.609606 -1.894430
v 0.043214 0.622452 -1.947850
v 0.043368 0.638750 -2.008410
v 0.043137 0.656580 -2.072434
v 0.043137 0.674875 -2.128950
v 0.043137 0.695147 -2.178792
v 0.042999 0.718738 -2.229271
v 0.042815 0.749049 -2.282751
v 0.043415 0.782486 -2.335846
v 0.043137 0.815300 -2.377266
v 0.044241 0.866639 -2.360801
v 0.043137 0.844967 -2.409084
v 0.043230 0.872597 -2.303531
v 0.042999 0.877459 -2.238616
v 0.043137 0.876613 -2.156986
v 0.043137 0.870185 -2.225517
v 0.043137 0.877602 -2.095129
v 0.043137 0.874635 -2.028378
v 0.043214 0.870175 -1.955860
v 0.038365 0.871730 -1.214523
v 0.041546 0.859163 -1.234057
v 0.043137 0.879085 -1.307906
v 0.043137 0.880568 -1.379997
v 0.043137 0.882052 -1.434734
v 0.043137 0.888480 -1.498370
v 0.043137 0.897380 -1.584702
v 0.043137 0.908258 -1.671479
v 0.043137 0.917158 -1.764931
v 0.043137 0.923092 -1.849483
v 0.043137 0.924575 -1.921575
v 0.043137 0.875129 -1.853933
v 0.043137 0.701575 -1.850818
v 0.043137 0.753493 -1.875739
v 0.043137 0.866229 -1.941156
v 0.043169 0.697749 -1.799255
v 0.043232 0.631256 -1.828742
v 0.043137 0.696631 -1.787182
v 0.043137 0.697125 -1.724880
v 0.043137 0.636307 -1.641664
v 0.043137 0.697620 -1.660354
v 0.043137 0.702070 -1.588707
v 0.043137 0.704048 -1.519286
v 0.043137 0.643229 -1.465884
v 0.043137 0.708498 -1.505935
v 0.043137 0.709486 -1.438739
v 0.043137 0.678830 -1.388453
v 0.043137 0.716409 -1.355522
v 0.043137 0.694653 -1.306571
v 0.043137 0.716409 -1.281650
v 0.043137 0.716903 -1.285477
v 0.043137 0.710475 -1.247651
v 0.043137 0.697620 -1.197365
v 0.043137 0.680314 -1.143964
v 0.040404 0.699674 -1.127152
v 0.039253 0.707308 -1.093871
v 0.039413 0.699324 -1.097390
v 0.007804 0.927047 -2.209942
v 0.007804 0.909741 -2.279363
v 0.008907 0.891362 -2.343000
v 0.008171 0.862080 -2.401964
v 0.007804 0.940892 -2.137405
v 0.007804 0.947320 -2.070653
v 0.007804 0.948803 -1.999897
v 0.007804 0.947814 -1.920685
v 0.007804 0.942870 -1.829458
v 0.007804 0.933969 -1.739121
v 0.007804 0.921608 -1.642108
v 0.007804 0.908258 -1.553106
v 0.007804 0.897380 -1.471669
v 0.007804 0.890952 -1.416043
v 0.007804 0.888974 -1.362642
v 0.006213 0.884380 -1.283453
v 0.001498 0.874916 -1.198886
v 0.003204 0.871337 -1.168877
v 0.007804 0.859801 -1.222018
v 0.007804 0.853868 -1.258509
v 0.007804 0.853868 -1.327931
v 0.007804 0.853868 -1.396018
v 0.007804 0.854362 -1.475674
v 0.007804 0.855846 -1.553996
v 0.007804 0.856340 -1.632763
v 0.007804 0.857823 -1.711530
v 0.007804 0.857823 -1.786737
v 0.007804 0.857494 -1.845293
v 0.007804 0.855351 -1.850262
v 0.007804 0.849912 -1.854823
v 0.007804 0.832606 -1.855268
v 0.007804 0.794533 -1.856158
v 0.007804 0.775249 -1.853488
v 0.007804 0.748054 -1.847258
v 0.007804 0.732726 -1.828123
v 0.007804 0.731243 -1.774276
v 0.007804 0.731243 -1.707080
v 0.007804 0.731243 -1.637658
v 0.007804 0.731243 -1.570017
v 0.007804 0.730748 -1.493030
v 0.007804 0.729265 -1.417823
v 0.007804 0.728770 -1.338611
v 0.007804 0.727287 -1.284498
v 0.007804 0.725309 -1.273017
v 0.007804 0.715420 -1.232076
v 0.007804 0.698608 -1.179120
v 0.006893 0.690063 -1.122636
v 0.004080 0.706246 -1.076920
v 0.003919 0.696925 -1.064500
v 0.004160 0.693601 -1.074229
v 0.004160 0.697556 -1.102710
v 0.004160 0.707940 -1.133861
v 0.005071 0.707585 -1.174769
v 0.007804 0.680808 -1.220951
v 0.007804 0.684269 -1.265452
v 0.007804 0.685258 -1.288859
v 0.007804 0.683775 -1.281650
v 0.007804 0.682291 -1.323481
v 0.007804 0.673886 -1.364422
v 0.007804 0.659052 -1.409368
v 0.007804 0.647680 -1.452534
v 0.007804 0.635813 -1.503265
v 0.007804 0.620484 -1.553996
v 0.007804 0.612079 -1.598943
v 0.007804 0.602684 -1.648339
v 0.007804 0.596256 -1.691505
v 0.007804 0.594278 -1.737786
v 0.007804 0.594278 -1.788517
v 0.007804 0.600706 -1.838803
v 0.007804 0.609606 -1.894430
v 0.007804 0.622957 -1.947831
v 0.007804 0.640263 -2.008352
v 0.007804 0.656580 -2.072434
v 0.007804 0.674875 -2.128950
v 0.007804 0.695147 -2.178792
v 0.007804 0.719376 -2.229077
v 0.007804 0.751515 -2.282034
v 0.007804 0.784149 -2.335435
v 0.007804 0.815300 -2.377266
v 0.008907 0.866639 -2.360801
v 0.007804 0.844967 -2.409084
v 0.007804 0.873151 -2.303394
v 0.007804 0.878096 -2.238422
v 0.007804 0.876613 -2.156986
v 0.007804 0.870185 -2.225517
v 0.007804 0.877602 -2.095129
v 0.007804 0.874635 -2.028378
v 0.007804 0.870679 -1.955841
v 0.003031 0.871730 -1.214523
v 0.006213 0.859163 -1.234057
v 0.007804 0.879085 -1.307906
v 0.007804 0.880568 -1.379997
v 0.007804 0.882052 -1.434734
v 0.007804 0.888480 -1.498370
v 0.007804 0.897380 -1.584702
v 0.007804 0.908258 -1.671479
v 0.007804 0.917158 -1.764931
v 0.007804 0.923092 -1.849483
v 0.007804 0.924575 -1.921575
v 0.007804 0.875129 -1.853933
v 0.007804 0.701575 -1.850818
v 0.007804 0.753493 -1.875739
v 0.007804 0.866229 -1.941156
v 0.007804 0.698114 -1.799197
v 0.007804 0.632351 -1.828568
v 0.007804 0.696631 -1.787182
v 0.007804 0.697125 -1.724880
v 0.007804 0.636307 -1.641664
v 0.007804 0.697620 -1.660354
v 0.007804 0.702070 -1.588707
v 0.007804 0.704048 -1.519286
v 0.007804 0.643229 -1.465884
v 0.007804 0.708498 -1.505935
v 0.007804 0.709486 -1.438739
v 0.007804 0.678830 -1.388453
v 0.007804 0.716409 -1.355522
v 0.007804 0.694653 -1.306571
v 0.007804 0.716409 -1.281650
v 0.007804 0.716903 -1.285477
v 0.007804 0.710475 -1.247651
v 0.007804 0.697620 -1.197365
v 0.006893 0.692041 -1.143107
v 0.005071 0.699674 -1.127152
v 0.004160 0.704973 -1.077789
v 0.004160 0.698545 -1.092030
v 0.021054 0.945108 -2.172649
v 0.029887 0.953307 -2.104390
v 0.021054 0.674534 -1.342478
v 0.029887 0.680683 -1.301892
v 0.021054 0.799572 -1.864563
v 0.029887 0.783173 -1.862718
v 0.029887 0.955357 -2.032442
v 0.021054 0.658135 -1.390444
v 0.029887 0.752426 -1.857184
v 0.029887 0.955357 -1.954960
v 0.021054 0.645836 -1.432875
v 0.029887 0.731928 -1.847960
v 0.029887 0.951257 -1.859029
v 0.021054 0.729878 -1.796305
v 0.021054 0.943058 -1.768632
v 0.034304 0.640263 -1.489915
v 0.016637 0.622462 -1.543316
v 0.021054 0.729878 -1.728046
v 0.021054 0.930759 -1.665322
v 0.029887 0.608940 -1.584150
v 0.029887 0.729878 -1.654253
v 0.021054 0.916410 -1.573081
v 0.029887 0.598691 -1.637650
v 0.029887 0.729878 -1.587840
v 0.021054 0.904112 -1.480840
v 0.029887 0.590492 -1.681926
v 0.029887 0.729878 -1.506667
v 0.021054 0.895912 -1.419961
v 0.029887 0.588442 -1.728047
v 0.029887 0.727829 -1.431030
v 0.021054 0.893863 -1.371995
v 0.021054 0.586392 -1.781546
v 0.021054 0.727829 -1.346168
v 0.021054 0.891813 -1.294513
v 0.021054 0.592542 -1.831357
v 0.021054 0.725779 -1.272375
v 0.014690 0.879298 -1.198804
v 0.021054 0.600741 -1.890391
v 0.021054 0.725779 -1.266936
v 0.014920 0.878773 -1.135676
v 0.029887 0.613039 -1.943891
v 0.021054 0.717579 -1.228194
v 0.021054 0.865165 -1.200427
v 0.029090 0.628026 -2.004842
v 0.021054 0.701181 -1.174695
v 0.021054 0.856966 -1.226254
v 0.031596 0.646767 -2.074475
v 0.029887 0.680683 -1.115660
v 0.021054 0.856966 -1.300047
v 0.029887 0.666334 -2.133908
v 0.017410 0.705045 -1.058732
v 0.021054 0.856966 -1.366461
v 0.029887 0.686832 -2.185563
v 0.017089 0.693810 -1.039589
v 0.021054 0.856966 -1.449478
v 0.029887 0.709380 -2.237218
v 0.017169 0.690982 -1.060056
v 0.021054 0.859016 -1.530650
v 0.028943 0.740785 -2.293537
v 0.017410 0.690697 -1.073491
v 0.021054 0.859016 -1.611822
v 0.029980 0.776469 -2.349889
v 0.017410 0.700946 -1.103008
v 0.021054 0.861066 -1.694839
v 0.031937 0.809277 -2.392912
v 0.027154 0.701517 -1.144451
v 0.021054 0.861066 -1.772322
v 0.030576 0.845655 -2.433963
v 0.027154 0.711766 -1.188727
v 0.021054 0.861066 -1.851650
v 0.021054 0.928709 -2.250131
v 0.021054 0.680683 -1.239264
v 0.029887 0.859699 -1.856415
v 0.023899 0.909409 -2.319542
v 0.030991 0.857870 -2.444760
v 0.021054 0.682733 -1.279850
v 0.029887 0.854916 -1.862718
v 0.024140 0.886070 -2.384455
v 0.021054 0.680683 -1.257616
v 0.029887 0.846717 -1.862718
v 0.038720 0.940979 -2.160130
v 0.012220 0.948986 -2.093469
v 0.038720 0.676739 -1.349394
v 0.012220 0.682744 -1.309758
v 0.038720 0.798850 -1.859257
v 0.012220 0.782835 -1.857455
v 0.012220 0.950988 -2.023206
v 0.038720 0.660724 -1.396236
v 0.012220 0.752808 -1.852050
v 0.012220 0.950988 -1.947537
v 0.038720 0.648713 -1.437674
v 0.012220 0.732790 -1.843042
v 0.012220 0.946984 -1.853852
v 0.038720 0.730788 -1.792596
v 0.038720 0.938977 -1.765572
v 0.038720 0.730788 -1.725936
v 0.038720 0.926966 -1.664680
v 0.012220 0.612681 -1.585408
v 0.012220 0.730788 -1.653870
v 0.038720 0.912953 -1.574598
v 0.012220 0.602672 -1.637656
v 0.012220 0.730788 -1.589011
v 0.038720 0.900942 -1.484517
v 0.012220 0.594664 -1.680895
v 0.012220 0.730788 -1.509739
v 0.038720 0.892935 -1.425062
v 0.012220 0.592662 -1.725936
v 0.012220 0.728786 -1.435872
v 0.038720 0.890933 -1.378220
v 0.038720 0.590661 -1.778183
v 0.038720 0.728786 -1.352997
v 0.038720 0.888931 -1.302551
v 0.038815 0.595570 -1.827001
v 0.038720 0.726784 -1.280932
v 0.032357 0.876464 -1.209002
v 0.038720 0.604673 -1.884480
v 0.038720 0.726784 -1.277220
v 0.032587 0.875940 -1.147386
v 0.012220 0.616684 -1.936727
v 0.038720 0.718777 -1.239386
v 0.038720 0.862908 -1.210668
v 0.011929 0.633715 -1.996199
v 0.038720 0.702762 -1.187138
v 0.038720 0.854900 -1.235891
v 0.012790 0.650342 -2.063324
v 0.012220 0.682744 -1.129486
v 0.038720 0.854900 -1.307956
v 0.012220 0.668731 -2.122296
v 0.034836 0.709970 -1.089892
v 0.038720 0.854900 -1.372815
v 0.012220 0.688750 -2.172741
v 0.034756 0.696735 -1.055617
v 0.038720 0.854900 -1.453889
v 0.012220 0.710770 -2.223187
v 0.034996 0.692398 -1.064758
v 0.038720 0.856902 -1.533161
v 0.011952 0.742547 -2.276310
v 0.035077 0.693622 -1.088223
v 0.038720 0.856902 -1.612433
v 0.012220 0.776830 -2.333087
v 0.035077 0.703631 -1.117049
v 0.038720 0.858904 -1.693506
v 0.012904 0.807359 -2.375955
v 0.008576 0.715642 -1.156686
v 0.038720 0.858904 -1.769175
v 0.012450 0.843219 -2.415745
v 0.011309 0.690468 -1.202496
v 0.038720 0.858904 -1.846645
v 0.038720 0.924964 -2.235798
v 0.038720 0.682744 -1.250196
v 0.012220 0.857570 -1.851299
v 0.039669 0.906664 -2.304030
v 0.012588 0.855202 -2.425871
v 0.038720 0.684746 -1.289832
v 0.012220 0.852899 -1.857455
v 0.040730 0.886502 -2.367202
v 0.038720 0.682744 -1.266519
v 0.012220 0.844891 -1.857455
v 0.025470 0.835706 -1.865817
v 0.025470 0.679653 -1.286761
v 0.027480 0.865867 -2.438924
v 0.025470 0.853851 -1.865350
v 0.025470 0.680171 -1.258589
v 0.029137 0.892086 -2.376637
v 0.025470 0.859554 -1.860567
v 0.025470 0.681208 -1.264593
v 0.026527 0.849956 -2.445855
v 0.028316 0.915731 -2.309799
v 0.025470 0.861801 -1.855357
v 0.024559 0.690343 -1.220809
v 0.025470 0.934730 -2.237700
v 0.025470 0.862147 -1.834088
v 0.021826 0.714638 -1.148247
v 0.027750 0.819395 -2.411811
v 0.025470 0.862147 -1.754298
v 0.021826 0.702714 -1.106252
v 0.026154 0.785400 -2.368911
v 0.025470 0.861628 -1.674509
v 0.021826 0.697011 -1.088521
v 0.024665 0.749925 -2.315916
v 0.025470 0.860073 -1.590987
v 0.021746 0.689494 -1.064019
v 0.025202 0.716729 -2.258639
v 0.025470 0.859554 -1.508864
v 0.021506 0.690793 -1.051172
v 0.025470 0.691577 -2.205038
v 0.025470 0.857999 -1.426275
v 0.021586 0.695199 -1.036479
v 0.025470 0.670320 -2.152778
v 0.025470 0.857999 -1.346486
v 0.022737 0.697726 -1.065582
v 0.027180 0.650018 -2.094966
v 0.025470 0.857999 -1.277429
v 0.025470 0.695206 -1.153542
v 0.025166 0.630699 -2.026864
v 0.025470 0.860073 -1.214904
v 0.025470 0.704538 -1.182004
v 0.025179 0.614897 -1.962888
v 0.023937 0.869768 -1.178935
v 0.025470 0.719055 -1.232398
v 0.025470 0.601885 -1.906878
v 0.019280 0.880321 -1.145792
v 0.025470 0.725276 -1.263369
v 0.025470 0.596701 -1.878415
v 0.020698 0.883849 -1.217902
v 0.025470 0.725794 -1.286761
v 0.025470 0.588924 -1.821023
v 0.025470 0.893772 -1.310091
v 0.025470 0.727350 -1.364217
v 0.025470 0.584776 -1.769696
v 0.025470 0.895846 -1.381015
v 0.025470 0.728905 -1.486001
v 0.025470 0.587887 -1.694107
v 0.025470 0.899475 -1.432808
v 0.025470 0.729424 -1.566723
v 0.025470 0.594627 -1.648846
v 0.025470 0.908807 -1.502332
v 0.025470 0.729424 -1.637647
v 0.025470 0.604477 -1.597053
v 0.025470 0.921768 -1.595653
v 0.025470 0.729424 -1.710437
v 0.025470 0.935766 -1.691773
v 0.025470 0.729424 -1.746366
v 0.025470 0.947172 -1.793026
v 0.025470 0.729942 -1.811224
v 0.025470 0.956504 -1.934407
v 0.025470 0.747051 -1.857418
v 0.025470 0.647509 -1.419743
v 0.025470 0.957541 -2.017463
v 0.025470 0.775566 -1.863950
v 0.025470 0.660988 -1.375416
v 0.025470 0.955986 -2.091653
v 0.025470 0.795785 -1.866750
v 0.025470 0.674986 -1.328755
v 0.025470 0.949246 -2.161644
v -0.035998 0.857791 -1.837754
v -0.034648 0.853324 -1.899395
v -0.036813 0.859758 -1.770490
v -0.037742 0.859100 -1.694011
v -0.038864 0.857130 -1.601869
v -0.039489 0.857076 -1.524212
v -0.039375 0.856917 -1.455256
v -0.040373 0.857447 -1.381372
v -0.040332 0.857511 -1.311896
v -0.037830 0.856853 -1.261624
v -0.040731 0.871722 -1.223423
v -0.042108 0.881125 -1.189020
v -0.035451 0.881844 -1.160115
v -0.036485 0.882381 -1.075172
v -0.037655 0.882845 -0.978767
v -0.038889 0.884706 -0.876913
v -0.040154 0.886567 -0.772544
v -0.041205 0.887963 -0.685780
v -0.042279 0.887962 -0.597339
v -0.043252 0.887960 -0.517281
v -0.044153 0.887959 -0.443091
v -0.045186 0.888040 -0.368933
v -0.046376 0.888668 -0.292712
v -0.047210 0.889900 -0.199978
v -0.048505 0.890529 -0.111110
v -0.049318 0.891677 -0.017232
v -0.050601 0.891676 0.088394
v -0.051782 0.891674 0.185637
v -0.053126 0.891672 0.296293
v -0.054750 0.891670 0.430003
v -0.056242 0.890736 0.552814
v -0.057402 0.884679 0.647542
v -0.057983 0.871171 0.693648
v -0.058345 0.854869 0.721312
v -0.058658 0.827389 0.743527
v -0.058861 0.776155 0.753585
v -0.058885 0.721661 0.748553
v -0.058658 0.684866 0.725079
v -0.058300 0.660181 0.692385
v -0.057828 0.652730 0.652565
v -0.056996 0.651334 0.583825
v -0.056182 0.650869 0.516760
v -0.055287 0.650405 0.442989
v -0.053999 0.653667 0.337363
v -0.052826 0.655066 0.240958
v -0.051633 0.655999 0.142877
v -0.050447 0.659444 0.050243
v -0.049283 0.661676 -0.036107
v -0.048283 0.662990 -0.132086
v -0.046793 0.664481 -0.237788
v -0.044993 0.665131 -0.352367
v -0.044226 0.666722 -0.465731
v -0.042737 0.668587 -0.588124
v -0.041262 0.670918 -0.709259
v -0.039858 0.673715 -0.824525
v -0.038519 0.673717 -0.934762
v -0.037246 0.673719 -1.039550
v -0.035669 0.672876 -1.109395
v -0.032688 0.671077 -1.151265
v -0.031382 0.672778 -1.167640
v -0.034120 0.673728 -1.175982
v -0.044327 0.686327 -1.224152
v -0.043643 0.704476 -1.277674
v -0.042859 0.710916 -1.341407
v -0.042120 0.710917 -1.402244
v -0.041083 0.710918 -1.487705
v -0.040120 0.711456 -1.566888
v -0.039126 0.713604 -1.648487
v -0.037863 0.715215 -1.752295
v -0.036807 0.714889 -1.839195
v -0.036192 0.714058 -1.889878
v -0.033914 0.716814 -1.918414
v -0.028693 0.734482 -1.941379
v -0.032739 0.784385 -1.948754
v -0.036621 0.840877 -1.938742
v -0.054996 0.650871 0.419098
v 0.099734 0.857581 -1.836418
v 0.101085 0.853114 -1.898059
v 0.098920 0.859548 -1.769154
v 0.097990 0.858890 -1.692676
v 0.096869 0.856920 -1.600533
v 0.096243 0.856866 -1.522877
v 0.096358 0.856707 -1.453920
v 0.095360 0.857237 -1.380037
v 0.095391 0.857300 -1.311697
v 0.097864 0.856643 -1.264835
v 0.096601 0.871733 -1.225513
v 0.095451 0.881779 -1.187792
v 0.088037 0.882247 -1.158985
v 0.087003 0.882231 -1.073957
v 0.085833 0.882696 -0.977552
v 0.084599 0.884557 -0.875698
v 0.083334 0.886418 -0.771329
v 0.082283 0.887814 -0.684564
v 0.081209 0.887812 -0.596123
v 0.080237 0.887811 -0.516065
v 0.079336 0.887810 -0.441875
v 0.078303 0.887890 -0.367718
v 0.077113 0.888519 -0.291497
v 0.076278 0.889751 -0.198763
v 0.074983 0.890380 -0.109895
v 0.074170 0.891528 -0.016017
v 0.072887 0.891526 0.089609
v 0.071706 0.891525 0.186853
v 0.070363 0.891523 0.297509
v 0.068739 0.891520 0.431218
v 0.067246 0.890587 0.554029
v 0.066086 0.884530 0.648758
v 0.065505 0.871022 0.694864
v 0.065143 0.854720 0.722527
v 0.064830 0.827240 0.744742
v 0.064628 0.776006 0.754800
v 0.064603 0.721512 0.749768
v 0.064830 0.684717 0.726295
v 0.065188 0.660032 0.693600
v 0.065660 0.652581 0.653781
v 0.066493 0.651184 0.585040
v 0.067306 0.650720 0.517975
v 0.068202 0.650255 0.444205
v 0.069489 0.653518 0.338579
v 0.070662 0.654917 0.242174
v 0.071855 0.655850 0.144092
v 0.073041 0.659295 0.051458
v 0.074205 0.661526 -0.034891
v 0.075205 0.662841 -0.130871
v 0.076695 0.664332 -0.236573
v 0.078496 0.664982 -0.351151
v 0.079263 0.666573 -0.464516
v 0.080752 0.668438 -0.586908
v 0.082226 0.670769 -0.708043
v 0.083631 0.673566 -0.823310
v 0.084969 0.673568 -0.933547
v 0.086242 0.673569 -1.038335
v 0.086305 0.674019 -1.107146
v 0.082937 0.674763 -1.146955
v 0.079539 0.674531 -1.165948
v 0.086232 0.679709 -1.173215
v 0.097922 0.686360 -1.222748
v 0.098605 0.704305 -1.276274
v 0.099389 0.710744 -1.340007
v 0.100128 0.710745 -1.400844
v 0.101166 0.710747 -1.486305
v 0.102128 0.711284 -1.565489
v 0.103123 0.713432 -1.647087
v 0.104386 0.715043 -1.750895
v 0.105442 0.714684 -1.837800
v 0.106056 0.713754 -1.888496
v 0.108335 0.716543 -1.917028
v 0.113555 0.734310 -1.939979
v 0.107880 0.784203 -1.947370
v 0.099111 0.840667 -1.937406
v -0.000332 0.852001 -1.914079
v 0.064393 0.836994 -1.945850
v -0.016478 0.664352 -0.208487
v 0.044022 0.662412 -0.105607
v -0.015960 0.889781 -0.221894
v 0.046393 0.888173 -0.315306
v -0.014252 0.664719 -0.324474
v -0.017472 0.890109 -0.133018
v -0.013726 0.666219 -0.434829
v -0.018115 0.891641 -0.044173
v -0.012237 0.668084 -0.557222
v -0.019439 0.891639 0.064807
v -0.010748 0.669949 -0.679614
v -0.020599 0.891637 0.160373
v -0.002667 0.859706 -1.787663
v 0.066002 0.856978 -1.853338
v -0.009316 0.673677 -0.796977
v -0.021841 0.891635 0.262646
v -0.007993 0.673679 -0.905956
v -0.023491 0.891633 0.398451
v -0.003518 0.859704 -1.717635
v -0.006609 0.673681 -1.019966
v -0.025038 0.891631 0.525873
v -0.004684 0.857078 -1.621807
v -0.005672 0.673682 -1.097090
v -0.026367 0.887903 0.634853
v -0.005669 0.857076 -1.540721
v -0.003686 0.671601 -1.144063
v -0.027019 0.874860 0.686827
v -0.005218 0.856865 -1.473351
v -0.004069 0.673191 -1.168560
v -0.027389 0.859955 0.715329
v -0.006113 0.856864 -1.399637
v -0.002402 0.673291 -1.163189
v -0.027726 0.839462 0.740477
v -0.007419 0.858988 -1.325243
v -0.008923 0.681018 -1.211592
v -0.027965 0.791022 0.753889
v -0.003348 0.852869 -1.271655
v -0.008290 0.702287 -1.260425
v -0.028059 0.731405 0.753887
v -0.005582 0.868595 -1.234742
v -0.007455 0.710873 -1.328021
v -0.027876 0.692281 0.733767
v -0.008847 0.881114 -1.191554
v -0.006822 0.710873 -1.380166
v -0.027516 0.662473 0.700233
v -0.004331 0.881812 -1.180190
v -0.005767 0.710875 -1.467076
v -0.027164 0.653158 0.670054
v -0.005323 0.882344 -1.098760
v -0.004782 0.710877 -1.548191
v -0.026332 0.651296 0.601313
v -0.006484 0.882342 -1.003193
v -0.003887 0.713024 -1.621581
v -0.025497 0.651297 0.532573
v -0.007682 0.884203 -0.904273
v -0.002594 0.715172 -1.727804
v -0.024747 0.649435 0.470538
v -0.009023 0.886065 -0.793617
v -0.001421 0.715173 -1.824370
v -0.023418 0.653163 0.361559
v -0.010058 0.887926 -0.708110
v -0.000717 0.713830 -1.882275
v -0.022254 0.655028 0.265992
v -0.011158 0.887925 -0.617573
v -0.000369 0.714439 -1.911304
v -0.021053 0.655030 0.167072
v -0.012156 0.887923 -0.535419
v 0.007699 0.723667 -1.938359
v -0.019887 0.658758 0.071506
v -0.013051 0.887922 -0.461649
v 0.004379 0.766753 -1.949038
v -0.018641 0.661355 -0.012332
v -0.013968 0.887920 -0.386201
v -0.037387 0.830214 -1.007690
v -0.044092 0.832533 -0.455248
v -0.046816 0.831845 -0.263793
v -0.050423 0.833456 0.066178
v -0.053023 0.714217 0.264852
v 0.047085 0.888010 -0.350450
v -0.014660 0.888084 -0.351057
v 0.016558 0.887965 -0.368326
v 0.015867 0.888129 -0.333182
v 0.043562 0.661847 -0.058666
v -0.018182 0.661921 -0.059273
v 0.012461 0.661601 -0.035499
v 0.012920 0.662167 -0.082440
v 0.069948 0.801830 -1.947094
v 0.000452 0.801926 -1.947778
v 0.037570 0.784294 -1.948062
v 0.032830 0.819462 -1.946810
v 0.048235 0.887847 -0.423317
v -0.013510 0.887921 -0.423925
v 0.017592 0.887884 -0.442483
v 0.017133 0.887884 -0.404759
v 0.042480 0.659982 0.030194
v -0.019264 0.660056 0.029587
v 0.011297 0.659370 0.050850
v 0.011920 0.660669 0.008931
v 0.077163 0.745124 -1.942999
v 0.006039 0.745210 -1.943699
v 0.042431 0.734396 -1.940679
v 0.040771 0.755938 -1.946018
v 0.049141 0.887848 -0.497926
v -0.012603 0.887922 -0.498534
v 0.018493 0.887885 -0.516673
v 0.018045 0.887885 -0.479787
v 0.041274 0.656819 0.119897
v -0.020470 0.656894 0.119289
v 0.010111 0.655924 0.143485
v 0.010694 0.657788 0.095701
v 0.074789 0.718934 -1.924136
v 0.003665 0.719053 -1.924832
v 0.037210 0.716679 -1.917721
v 0.041244 0.721309 -1.931247
v 0.050087 0.887849 -0.575889
v -0.011657 0.887924 -0.576496
v 0.019465 0.887887 -0.596731
v 0.018966 0.887886 -0.555654
v 0.040091 0.654954 0.217140
v -0.021654 0.655029 0.216532
v 0.008918 0.654991 0.241566
v 0.009519 0.654992 0.192106
v 0.070581 0.713983 -1.896099
v -0.000543 0.714135 -1.896790
v 0.034932 0.713906 -1.889187
v 0.035106 0.714211 -1.903701
v 0.051136 0.887851 -0.662234
v -0.010608 0.887925 -0.662842
v 0.020539 0.887888 -0.685172
v 0.019989 0.887888 -0.639904
v 0.038908 0.654021 0.314383
v -0.022836 0.654096 0.313775
v 0.007745 0.653592 0.337971
v 0.008327 0.654525 0.290188
v 0.070055 0.714383 -1.852627
v -0.001069 0.714502 -1.853322
v 0.034317 0.714786 -1.838497
v 0.034669 0.714098 -1.867452
v 0.052203 0.886921 -0.750256
v -0.009541 0.886995 -0.750863
v 0.021590 0.886493 -0.771936
v 0.021072 0.887423 -0.729183
v 0.037662 0.651225 0.416656
v -0.024082 0.651299 0.416049
v 0.006457 0.650330 0.443597
v 0.007122 0.652194 0.389108
v 0.069117 0.715087 -1.775387
v -0.002007 0.715173 -1.776087
v 0.033262 0.715129 -1.751595
v 0.033848 0.715130 -1.799878
v 0.053392 0.885059 -0.848338
v -0.008353 0.885134 -0.848945
v 0.022855 0.884631 -0.876305
v 0.022184 0.885562 -0.820977
v 0.036622 0.650292 0.502163
v -0.025122 0.650366 0.501555
v 0.005562 0.650794 0.517368
v 0.005937 0.649863 0.486350
v 0.067884 0.714012 -1.673992
v -0.003240 0.714098 -1.674692
v 0.031998 0.713518 -1.647787
v 0.032645 0.714592 -1.700898
v 0.054661 0.883198 -0.953126
v -0.007083 0.883273 -0.953733
v 0.024089 0.882770 -0.978159
v 0.023490 0.883701 -0.928699
v 0.035829 0.651222 0.567551
v -0.025915 0.651297 0.566943
v 0.004749 0.651259 0.584432
v 0.005166 0.651260 0.550062
v 0.066790 0.711864 -1.584186
v -0.004334 0.711950 -1.584886
v 0.031004 0.711370 -1.566188
v 0.031451 0.712444 -1.602884
v 0.055841 0.882268 -1.050369
v -0.005903 0.882343 -1.050977
v 0.025259 0.882306 -1.074564
v 0.024678 0.882305 -1.026781
v 0.034996 0.652152 0.636292
v -0.026748 0.652227 0.635684
v 0.003916 0.652655 0.653173
v 0.004332 0.651724 0.618803
v 0.065850 0.710790 -1.506933
v -0.005274 0.710876 -1.507633
v 0.030042 0.710832 -1.487005
v 0.030534 0.710833 -1.527562
v 0.056917 0.882187 -1.138896
v -0.004827 0.882078 -1.139475
v 0.026293 0.882045 -1.159550
v 0.025797 0.882219 -1.118821
v 0.034404 0.657741 0.685752
v -0.027340 0.657815 0.685144
v 0.003444 0.660107 0.692993
v 0.003620 0.655449 0.677903
v 0.064830 0.710788 -1.422921
v -0.006294 0.710874 -1.423621
v 0.029004 0.710831 -1.401544
v 0.029532 0.710832 -1.444998
v 0.059845 0.881779 -1.185279
v -0.006589 0.881463 -1.185872
v 0.026672 0.881452 -1.188406
v 0.026584 0.881790 -1.182745
v 0.034048 0.677302 0.717608
v -0.027696 0.677377 0.717000
v 0.003086 0.684791 0.725687
v 0.003266 0.669887 0.708921
v 0.063986 0.710787 -1.353394
v -0.007139 0.710873 -1.354093
v 0.028265 0.710830 -1.340707
v 0.028582 0.710830 -1.366780
v 0.062271 0.874971 -1.213634
v -0.007214 0.874854 -1.213148
v 0.027935 0.871727 -1.224468
v 0.027122 0.878098 -1.202314
v 0.033777 0.711768 0.744434
v -0.027968 0.711843 0.743827
v 0.002859 0.721586 0.749161
v 0.002950 0.702024 0.739101
v 0.063252 0.706494 -1.293523
v -0.007873 0.706580 -1.294223
v 0.027481 0.704391 -1.276974
v 0.027898 0.708683 -1.310772
v 0.063382 0.860627 -1.254804
v -0.004465 0.860732 -1.253199
v 0.030017 0.856748 -1.263230
v 0.028900 0.864611 -1.244773
v 0.033732 0.761139 0.754496
v -0.028012 0.761213 0.753888
v 0.002883 0.776080 0.754192
v 0.002837 0.746272 0.754191
v 0.062518 0.691635 -1.235307
v -0.008606 0.691652 -1.236009
v 0.026797 0.686344 -1.223450
v 0.027114 0.696944 -1.247866
v 0.062473 0.855823 -1.298918
v -0.005383 0.855928 -1.298449
v 0.027530 0.857405 -1.311797
v 0.029560 0.854346 -1.285571
v 0.033898 0.815167 0.747791
v -0.027846 0.815242 0.747183
v 0.003086 0.827314 0.744134
v 0.002967 0.803095 0.750840
v 0.058163 0.679165 -1.186234
v -0.005662 0.677155 -1.187391
v 0.026056 0.676718 -1.174598
v 0.026445 0.679602 -1.199027
v 0.061100 0.857821 -1.361772
v -0.006766 0.857926 -1.362440
v 0.027494 0.857342 -1.380704
v 0.026841 0.858404 -1.343508
v 0.034187 0.849634 0.728511
v -0.027557 0.849709 0.727903
v 0.003399 0.854795 0.721920
v 0.003230 0.844548 0.734494
v 0.052581 0.675149 -1.164774
v -0.003235 0.673241 -1.165875
v 0.024078 0.673654 -1.166794
v 0.025267 0.674736 -1.163854
v 0.062201 0.856759 -1.435826
v -0.005665 0.856864 -1.436494
v 0.028491 0.856812 -1.454588
v 0.028044 0.856812 -1.417731
v 0.034540 0.867333 0.701685
v -0.027204 0.867408 0.701078
v 0.003761 0.871097 0.694256
v 0.003576 0.863644 0.708507
v 0.053032 0.673573 -1.154678
v -0.003877 0.672396 -1.156312
v 0.025125 0.672920 -1.149110
v 0.024031 0.673049 -1.161880
v 0.062423 0.856866 -1.506368
v -0.005444 0.856971 -1.507036
v 0.028377 0.856971 -1.523545
v 0.028602 0.856865 -1.489859
v 0.035051 0.881307 0.661447
v -0.026693 0.881382 0.660840
v 0.004342 0.884605 0.648150
v 0.004016 0.878084 0.674137
v 0.055550 0.673859 -1.118935
v -0.004679 0.672641 -1.120576
v 0.025318 0.673448 -1.108271
v 0.025554 0.673053 -1.131240
v 0.062690 0.856972 -1.580596
v -0.005177 0.857077 -1.581264
v 0.029003 0.857025 -1.601201
v 0.028510 0.857024 -1.560659
v 0.036042 0.889692 0.580971
v -0.025703 0.889767 0.580363
v 0.005502 0.890661 0.553422
v 0.004837 0.888797 0.607911
v 0.055604 0.673607 -1.057920
v -0.006140 0.673682 -1.058527
v 0.024498 0.673644 -1.038943
v 0.024966 0.673645 -1.077505
v 0.063765 0.858286 -1.669053
v -0.004101 0.858391 -1.669721
v 0.030124 0.858995 -1.693344
v 0.029540 0.857682 -1.645430
v 0.037480 0.891557 0.462770
v -0.024264 0.891632 0.462162
v 0.006995 0.891595 0.430611
v 0.006221 0.891594 0.494321
v 0.054443 0.673605 -0.962353
v -0.007301 0.673680 -0.962961
v 0.023225 0.673642 -0.934155
v 0.023917 0.673643 -0.991159
v 0.064774 0.859600 -1.751981
v -0.003092 0.859705 -1.752649
v 0.031053 0.859653 -1.769822
v 0.030628 0.859652 -1.734808
v 0.039078 0.891559 0.331156
v -0.022666 0.891634 0.330549
v 0.008618 0.891597 0.296901
v 0.007794 0.891596 0.364804
v 0.053089 0.673603 -0.850859
v -0.008655 0.673678 -0.851466
v 0.021886 0.673640 -0.823918
v 0.022548 0.673641 -0.878407
v 0.066768 0.854437 -1.883375
v -0.001098 0.854542 -1.884043
v 0.033218 0.853219 -1.898727
v 0.032452 0.855760 -1.868690
v 0.040524 0.891562 0.212117
v -0.021220 0.891636 0.211509
v 0.009962 0.891599 0.186245
v 0.009341 0.891598 0.237382
v 0.051712 0.671738 -0.737688
v -0.010032 0.671813 -0.738295
v 0.020482 0.670844 -0.708651
v 0.021198 0.672708 -0.767332
v 0.065600 0.858289 -1.820166
v -0.002266 0.858395 -1.820834
v 0.031868 0.857686 -1.837086
v 0.031467 0.858998 -1.803915
v 0.041725 0.891563 0.113197
v -0.020019 0.891638 0.112590
v 0.011143 0.891601 0.089002
v 0.010563 0.891600 0.136785
v 0.050252 0.668942 -0.617810
v -0.011492 0.669016 -0.618418
v 0.019008 0.668513 -0.587516
v 0.019752 0.669445 -0.648712
v 0.042967 0.891565 0.010924
v -0.018777 0.891640 0.010317
v 0.012426 0.891603 -0.016624
v 0.011764 0.891602 0.037865
v 0.048763 0.667077 -0.495418
v -0.012981 0.667151 -0.496026
v 0.017518 0.666648 -0.465124
v 0.018263 0.667580 -0.526320
v 0.043950 0.890800 -0.087988
v -0.017794 0.890875 -0.088595
v 0.013239 0.890455 -0.110503
v 0.012917 0.891220 -0.066080
v 0.047755 0.665394 -0.379044
v -0.013989 0.665469 -0.379652
v 0.016751 0.665057 -0.351759
v 0.017015 0.665806 -0.406937
v 0.045028 0.889870 -0.176848
v -0.016716 0.889945 -0.177456
v 0.014534 0.889825 -0.199371
v 0.013778 0.889990 -0.154933
v 0.046379 0.664461 -0.265873
v -0.015365 0.664535 -0.266481
v 0.014951 0.664406 -0.237180
v 0.016064 0.664590 -0.295174
v 0.046088 0.888940 -0.268296
v -0.015656 0.889014 -0.268904
v 0.015368 0.888594 -0.292105
v 0.015064 0.889360 -0.245095
v 0.044644 0.663345 -0.156743
v -0.017100 0.663419 -0.157351
v 0.013461 0.662916 -0.131479
v 0.014083 0.663848 -0.182615
v 0.065964 0.844445 -1.929631
v -0.001903 0.844550 -1.930298
v 0.031245 0.840772 -1.938074
v 0.032816 0.848223 -1.921855
v 0.029887 0.949207 -2.138519
v 0.038720 0.944982 -2.126800
v 0.034304 0.949121 -2.115795
v 0.034304 0.945069 -2.149524
v 0.029887 0.677608 -1.322185
v 0.038720 0.679742 -1.329576
v 0.034304 0.680194 -1.315853
v 0.034304 0.677156 -1.335908
v 0.029887 0.791372 -1.863641
v 0.038720 0.790842 -1.858356
v 0.034304 0.787056 -1.860543
v 0.034304 0.795159 -1.861454
v 0.029887 0.954332 -2.068416
v 0.038720 0.949987 -2.058337
v 0.034304 0.952666 -2.045600
v 0.034304 0.951653 -2.081153
v 0.029887 0.666334 -1.366461
v 0.038720 0.668731 -1.372815
v 0.034304 0.671585 -1.357787
v 0.034304 0.663481 -1.381489
v 0.029887 0.767800 -1.859951
v 0.038720 0.767821 -1.854753
v 0.034304 0.760214 -1.855984
v 0.034304 0.775407 -1.858719
v 0.029887 0.955357 -1.993701
v 0.038720 0.950988 -1.985371
v 0.034304 0.953172 -1.970392
v 0.034304 0.953172 -2.008680
v 0.029887 0.651986 -1.411659
v 0.038720 0.654719 -1.416955
v 0.034304 0.656391 -1.403824
v 0.034304 0.650314 -1.424791
v 0.029887 0.742177 -1.852572
v 0.038720 0.742799 -1.847546
v 0.034304 0.737423 -1.847780
v 0.034304 0.747552 -1.852338
v 0.029887 0.953307 -1.906994
v 0.038720 0.948986 -1.900694
v 0.034304 0.950134 -1.880142
v 0.034304 0.952159 -1.927546
v 0.029887 0.730903 -1.822132
v 0.038720 0.731789 -1.817819
v 0.034304 0.731852 -1.832738
v 0.034304 0.730840 -1.807213
v 0.029887 0.947158 -1.813830
v 0.038720 0.942980 -1.809712
v 0.034304 0.947095 -1.834106
v 0.034304 0.943043 -1.789437
v 0.029887 0.729878 -1.762175
v 0.038720 0.730788 -1.759266
v 0.034304 0.730333 -1.777586
v 0.034304 0.730333 -1.743856
v 0.029887 0.936909 -1.716977
v 0.038720 0.932971 -1.715126
v 0.034304 0.937979 -1.741577
v 0.034304 0.931901 -1.690526
v 0.029887 0.729878 -1.691150
v 0.038720 0.730788 -1.689903
v 0.034304 0.730333 -1.672294
v 0.034304 0.730333 -1.708759
v 0.029887 0.923585 -1.619202
v 0.038720 0.919960 -1.619639
v 0.034304 0.925317 -1.642211
v 0.034304 0.918227 -1.596630
v 0.029887 0.603815 -1.610900
v 0.038720 0.607676 -1.611532
v 0.034304 0.603214 -1.624434
v 0.034304 0.608278 -1.597998
v 0.029887 0.729878 -1.621047
v 0.038720 0.730788 -1.621441
v 0.034304 0.730333 -1.604835
v 0.034304 0.730333 -1.637653
v 0.029887 0.910261 -1.526960
v 0.038720 0.906948 -1.529557
v 0.034304 0.911643 -1.551049
v 0.034304 0.905566 -1.505469
v 0.029887 0.594591 -1.659788
v 0.038720 0.598668 -1.659275
v 0.034304 0.594604 -1.670471
v 0.034304 0.598655 -1.648592
v 0.029887 0.729878 -1.547254
v 0.038720 0.730788 -1.549375
v 0.034304 0.730333 -1.528259
v 0.034304 0.730333 -1.568370
v 0.029887 0.900012 -1.450400
v 0.038720 0.896939 -1.454789
v 0.034304 0.900501 -1.467637
v 0.034304 0.896450 -1.437553
v 0.029887 0.589467 -1.704986
v 0.038720 0.593663 -1.703416
v 0.034304 0.591059 -1.715596
v 0.034304 0.592072 -1.692806
v 0.029887 0.728853 -1.468848
v 0.038720 0.729787 -1.472806
v 0.034304 0.728814 -1.452139
v 0.034304 0.729827 -1.489515
v 0.029887 0.894888 -1.395978
v 0.038720 0.891934 -1.401641
v 0.034304 0.893917 -1.410661
v 0.034304 0.892904 -1.386959
v 0.029887 0.587417 -1.754797
v 0.038720 0.591662 -1.752060
v 0.034304 0.590046 -1.740210
v 0.034304 0.589033 -1.766647
v 0.029887 0.727829 -1.388599
v 0.038720 0.728786 -1.394435
v 0.034304 0.728307 -1.412484
v 0.034304 0.728307 -1.370550
v 0.029887 0.892838 -1.333254
v 0.038720 0.889932 -1.340386
v 0.034304 0.891891 -1.355964
v 0.034304 0.890879 -1.317676
v 0.029903 0.589284 -1.806481
v 0.038768 0.593116 -1.802592
v 0.034319 0.589863 -1.792201
v 0.034351 0.592537 -1.816872
v 0.029887 0.726804 -1.309271
v 0.038720 0.727785 -1.316964
v 0.034304 0.727801 -1.331350
v 0.034304 0.726788 -1.294886
v 0.026705 0.885555 -1.246659
v 0.035539 0.882698 -1.255777
v 0.032713 0.887249 -1.274875
v 0.029531 0.881004 -1.227561
v 0.029903 0.596459 -1.860903
v 0.038768 0.600122 -1.855741
v 0.034351 0.596082 -1.843765
v 0.034319 0.600499 -1.872879
v 0.029887 0.725779 -1.269655
v 0.038720 0.726784 -1.279076
v 0.034304 0.726282 -1.275509
v 0.034304 0.726282 -1.273222
v 0.023639 0.879035 -1.167240
v 0.032472 0.876202 -1.178194
v 0.027998 0.877750 -1.188310
v 0.028113 0.877488 -1.157124
v 0.029887 0.606890 -1.917141
v 0.038720 0.610679 -1.910604
v 0.034304 0.611823 -1.927091
v 0.034304 0.605746 -1.900654
v 0.029887 0.721679 -1.247565
v 0.038720 0.722781 -1.258303
v 0.034304 0.724256 -1.262506
v 0.034304 0.720204 -1.243362
v 0.026820 0.871969 -1.168051
v 0.035654 0.869424 -1.179027
v 0.029704 0.874026 -1.157535
v 0.032770 0.867367 -1.189543
v 0.029489 0.620533 -1.974367
v 0.038690 0.624443 -1.966492
v 0.033982 0.626301 -1.985489
v 0.034197 0.618675 -1.955369
v 0.029887 0.709380 -1.201445
v 0.038720 0.710770 -1.213262
v 0.034304 0.714127 -1.220572
v 0.034304 0.706023 -1.194135
v 0.029887 0.861066 -1.213341
v 0.038720 0.858904 -1.223279
v 0.034304 0.862011 -1.211929
v 0.034304 0.857959 -1.224691
v 0.030343 0.637396 -2.039659
v 0.038975 0.641272 -2.029790
v 0.035051 0.643944 -2.051812
v 0.034267 0.634724 -2.017637
v 0.029887 0.690932 -1.145177
v 0.038720 0.692753 -1.158312
v 0.034304 0.686778 -1.137159
v 0.034304 0.696907 -1.166331
v 0.029887 0.856966 -1.263151
v 0.038720 0.854900 -1.271924
v 0.034304 0.855933 -1.249305
v 0.034304 0.855933 -1.285769
v 0.030742 0.656551 -2.104191
v 0.039005 0.659537 -2.092810
v 0.034589 0.662788 -2.113301
v 0.035158 0.653299 -2.083700
v 0.028025 0.693254 -1.089877
v 0.036778 0.696357 -1.109689
v 0.033353 0.688259 -1.111178
v 0.031451 0.701351 -1.088388
v 0.029887 0.856966 -1.333254
v 0.038720 0.854900 -1.340386
v 0.034304 0.855933 -1.320411
v 0.034304 0.855933 -1.353229
v 0.029887 0.676583 -2.159735
v 0.038720 0.678741 -2.147519
v 0.034304 0.682727 -2.166389
v 0.034304 0.672597 -2.140864
v 0.026043 0.699817 -1.051841
v 0.034796 0.703352 -1.072755
v 0.030460 0.704741 -1.069645
v 0.030379 0.698429 -1.054950
v 0.029887 0.856966 -1.407969
v 0.038720 0.854900 -1.413352
v 0.034304 0.855933 -1.390149
v 0.034304 0.855933 -1.431172
v 0.029887 0.698106 -2.211390
v 0.038720 0.699760 -2.197964
v 0.034304 0.704504 -2.217440
v 0.034304 0.693362 -2.191915
v 0.025963 0.692396 -1.049822
v 0.034876 0.694567 -1.060187
v 0.030379 0.694377 -1.051304
v 0.030460 0.692586 -1.058706
v 0.029887 0.857991 -1.490064
v 0.038720 0.855901 -1.493525
v 0.034304 0.856440 -1.471739
v 0.034304 0.857453 -1.511850
v 0.029415 0.725083 -2.265377
v 0.038379 0.725702 -2.250039
v 0.033693 0.733051 -2.271461
v 0.034100 0.717734 -2.243955
v 0.026123 0.690840 -1.066773
v 0.035037 0.693010 -1.076491
v 0.030540 0.691808 -1.067019
v 0.030620 0.692042 -1.076245
v 0.029887 0.859016 -1.571236
v 0.038720 0.856902 -1.572797
v 0.034304 0.857959 -1.551961
v 0.034304 0.857959 -1.592072
v 0.029461 0.758627 -2.321712
v 0.038518 0.757901 -2.305194
v 0.034239 0.767041 -2.327573
v 0.033740 0.749487 -2.299333
v 0.026243 0.695821 -1.088249
v 0.035077 0.698626 -1.102636
v 0.030660 0.694692 -1.088150
v 0.030660 0.699756 -1.102736
v 0.029887 0.860041 -1.653331
v 0.038720 0.857903 -1.652969
v 0.034304 0.858466 -1.632639
v 0.034304 0.859479 -1.673661
v 0.030958 0.792873 -2.371401
v 0.039201 0.791263 -2.354726
v 0.035375 0.800193 -2.373749
v 0.034784 0.783943 -2.352378
v 0.026699 0.701231 -1.123730
v 0.036443 0.692045 -1.138153
v 0.032026 0.693813 -1.141398
v 0.031115 0.699463 -1.120485
v 0.029887 0.861066 -1.733581
v 0.038720 0.858904 -1.731341
v 0.034304 0.859985 -1.713317
v 0.034304 0.859985 -1.751604
v 0.031257 0.827466 -2.413438
v 0.039177 0.825289 -2.395850
v 0.034990 0.835407 -2.414749
v 0.035444 0.817348 -2.394539
v 0.027154 0.706642 -1.166589
v 0.037809 0.685464 -1.180876
v 0.032482 0.698585 -1.184672
v 0.032482 0.693520 -1.162793
v 0.029887 0.861066 -1.811986
v 0.038720 0.858904 -1.807910
v 0.034304 0.859985 -1.790348
v 0.034304 0.859985 -1.829548
v 0.029887 0.936909 -2.211390
v 0.038720 0.932971 -2.197964
v 0.034304 0.938992 -2.185533
v 0.034304 0.930888 -2.223821
v 0.028521 0.696225 -1.213995
v 0.038265 0.686606 -1.226346
v 0.032937 0.696266 -1.207891
v 0.033848 0.686565 -1.232450
v 0.029887 0.860382 -1.854032
v 0.038720 0.858237 -1.848972
v 0.034304 0.858972 -1.852680
v 0.034304 0.859647 -1.850325
v 0.031310 0.919059 -2.284837
v 0.039195 0.915814 -2.269914
v 0.034778 0.922137 -2.260170
v 0.035726 0.912736 -2.294581
v 0.030783 0.851763 -2.439362
v 0.039019 0.849210 -2.420808
v 0.034970 0.853511 -2.432701
v 0.034832 0.847462 -2.427470
v 0.029887 0.681708 -1.259557
v 0.038720 0.683745 -1.270014
v 0.034304 0.682220 -1.254757
v 0.034304 0.683233 -1.274813
v 0.029887 0.857308 -1.859567
v 0.038720 0.855234 -1.854377
v 0.034304 0.855089 -1.858529
v 0.034304 0.857453 -1.855415
v 0.032853 0.897739 -2.351999
v 0.040199 0.896583 -2.335616
v 0.036363 0.902599 -2.327797
v 0.036689 0.891724 -2.359818
v 0.029887 0.681708 -1.268733
v 0.038720 0.683745 -1.278175
v 0.034304 0.683233 -1.279147
v 0.034304 0.682220 -1.267761
v 0.029887 0.850817 -1.862718
v 0.038720 0.848895 -1.857455
v 0.034304 0.847830 -1.860087
v 0.034304 0.851882 -1.860087
v 0.031982 0.871970 -2.414608
v 0.039909 0.870852 -2.396537
v 0.036399 0.878849 -2.390700
v 0.035492 0.863974 -2.420444
v 0.029887 0.680683 -1.279754
v 0.038720 0.682744 -1.288138
v 0.034304 0.681714 -1.273007
v 0.034304 0.681714 -1.294886
v 0.029887 0.823144 -1.863641
v 0.038720 0.821871 -1.858356
v 0.034304 0.810859 -1.861454
v 0.034304 0.834156 -1.860543
v 0.012220 0.821871 -1.858356
v 0.021054 0.823144 -1.863641
v 0.016637 0.810859 -1.861454
v 0.016637 0.834156 -1.860543
v 0.012220 0.682744 -1.288138
v 0.021054 0.680683 -1.279754
v 0.016637 0.681714 -1.273007
v 0.016637 0.681714 -1.294886
v 0.013409 0.870852 -2.396537
v 0.023148 0.871970 -2.414608
v 0.018732 0.878849 -2.390700
v 0.017826 0.863974 -2.420444
v 0.012220 0.848895 -1.857455
v 0.021054 0.850817 -1.862718
v 0.016637 0.847830 -1.860087
v 0.016637 0.851882 -1.860087
v 0.012220 0.683745 -1.278175
v 0.021054 0.681708 -1.268733
v 0.016637 0.683233 -1.279147
v 0.016637 0.682220 -1.267761
v 0.013699 0.896583 -2.335616
v 0.024019 0.897739 -2.351999
v 0.018696 0.902599 -2.327797
v 0.019022 0.891724 -2.359818
v 0.012220 0.855234 -1.854377
v 0.021054 0.857308 -1.859567
v 0.016637 0.855089 -1.858529
v 0.016637 0.857453 -1.855415
v 0.012220 0.683745 -1.270014
v 0.021054 0.681708 -1.259557
v 0.016637 0.682220 -1.254757
v 0.016637 0.683233 -1.274813
v 0.012519 0.849210 -2.420808
v 0.021950 0.851763 -2.439362
v 0.017304 0.853511 -2.432701
v 0.017165 0.847462 -2.427470
v 0.012694 0.915814 -2.269914
v 0.022476 0.919059 -2.284837
v 0.017111 0.922137 -2.260170
v 0.018060 0.912736 -2.294581
v 0.012220 0.858237 -1.848972
v 0.021054 0.860382 -1.854032
v 0.016637 0.858972 -1.852680
v 0.016637 0.859647 -1.850325
v 0.011765 0.686606 -1.226346
v 0.019687 0.696225 -1.213995
v 0.015270 0.696266 -1.207891
v 0.016181 0.686565 -1.232450
v 0.012220 0.932971 -2.197964
v 0.021054 0.936909 -2.211390
v 0.016637 0.938992 -2.185533
v 0.016637 0.930888 -2.223821
v 0.012220 0.858904 -1.807910
v 0.021054 0.861066 -1.811986
v 0.016637 0.859985 -1.790348
v 0.016637 0.859985 -1.829548
v 0.009943 0.703055 -1.179591
v 0.017865 0.712505 -1.166161
v 0.014360 0.704449 -1.184244
v 0.013449 0.711112 -1.161508
v 0.012677 0.825289 -2.395850
v 0.022423 0.827466 -2.413438
v 0.017323 0.835407 -2.414749
v 0.017777 0.817348 -2.394539
v 0.012220 0.858904 -1.731341
v 0.021054 0.861066 -1.733581
v 0.016637 0.859985 -1.713317
v 0.016637 0.859985 -1.751604
v 0.008576 0.709636 -1.136868
v 0.017410 0.707095 -1.123301
v 0.012993 0.711404 -1.140112
v 0.012993 0.705327 -1.120057
v 0.012562 0.792094 -2.354521
v 0.022079 0.793150 -2.371332
v 0.017662 0.800470 -2.373680
v 0.016979 0.784775 -2.352173
v 0.012220 0.857903 -1.652969
v 0.021054 0.860041 -1.653331
v 0.016637 0.858466 -1.632639
v 0.016637 0.859479 -1.673661
v 0.008576 0.698626 -1.102636
v 0.017410 0.695821 -1.088249
v 0.012993 0.694692 -1.088150
v 0.012993 0.699756 -1.102736
v 0.012086 0.759688 -2.304698
v 0.020651 0.759223 -2.321548
v 0.016503 0.768191 -2.327271
v 0.016234 0.750720 -2.298975
v 0.012220 0.856902 -1.572797
v 0.021054 0.859016 -1.571236
v 0.016637 0.857959 -1.551961
v 0.016637 0.857959 -1.592072
v 0.008536 0.693010 -1.076491
v 0.017290 0.690840 -1.066773
v 0.012873 0.691808 -1.067019
v 0.012953 0.692042 -1.076245
v 0.012086 0.726658 -2.249749
v 0.020651 0.725401 -2.265280
v 0.016234 0.734007 -2.271170
v 0.016503 0.718052 -2.243858
v 0.012220 0.855901 -1.493525
v 0.021054 0.857991 -1.490064
v 0.016637 0.856440 -1.471739
v 0.016637 0.857453 -1.511850
v 0.008376 0.694567 -1.060187
v 0.017129 0.692396 -1.049822
v 0.012713 0.694377 -1.051304
v 0.012793 0.692586 -1.058706
v 0.012220 0.699760 -2.197964
v 0.021054 0.698106 -2.211390
v 0.016637 0.704504 -2.217440
v 0.016637 0.693362 -2.191915
v 0.012220 0.854900 -1.413352
v 0.021054 0.856966 -1.407969
v 0.016637 0.855933 -1.390149
v 0.016637 0.855933 -1.431172
v 0.008416 0.702185 -1.064714
v 0.017250 0.699428 -1.049160
v 0.012913 0.703573 -1.061604
v 0.012753 0.698040 -1.052270
v 0.012220 0.678741 -2.147519
v 0.021054 0.676583 -2.159735
v 0.016637 0.682727 -2.166389
v 0.016637 0.672597 -2.140864
v 0.012220 0.854900 -1.340386
v 0.021054 0.856966 -1.333254
v 0.016637 0.855933 -1.320411
v 0.016637 0.855933 -1.353229
v 0.010398 0.695189 -1.101648
v 0.019232 0.692864 -1.087196
v 0.015726 0.687870 -1.108498
v 0.013904 0.700183 -1.080347
v 0.012505 0.659537 -2.092810
v 0.021908 0.656551 -2.104191
v 0.016922 0.662788 -2.113301
v 0.017492 0.653299 -2.083700
v 0.012220 0.854900 -1.271924
v 0.021054 0.856966 -1.263151
v 0.016637 0.855933 -1.249305
v 0.016637 0.855933 -1.285769
v 0.012220 0.692753 -1.158312
v 0.021054 0.690932 -1.145177
v 0.016637 0.686778 -1.137159
v 0.016637 0.696907 -1.166331
v 0.012359 0.642028 -2.029761
v 0.021471 0.637649 -2.039649
v 0.017346 0.644196 -2.051802
v 0.016485 0.635481 -2.017608
v 0.012220 0.858904 -1.223279
v 0.021054 0.861066 -1.213341
v 0.016637 0.862011 -1.211929
v 0.016637 0.857959 -1.224691
v 0.012220 0.710770 -1.213262
v 0.021054 0.709380 -1.201445
v 0.016637 0.714127 -1.220572
v 0.016637 0.706023 -1.194135
v 0.012075 0.625200 -1.966463
v 0.020617 0.620785 -1.974357
v 0.016200 0.627058 -1.985461
v 0.016491 0.618927 -1.955360
v 0.009154 0.869424 -1.179027
v 0.017987 0.871969 -1.168051
v 0.012037 0.874026 -1.157535
v 0.015104 0.867367 -1.189543
v 0.012220 0.722781 -1.258303
v 0.021054 0.721679 -1.247565
v 0.016637 0.724256 -1.262506
v 0.016637 0.720204 -1.243362
v 0.012220 0.610679 -1.910604
v 0.021054 0.606890 -1.917141
v 0.016637 0.611823 -1.927091
v 0.016637 0.605746 -1.900654
v 0.005972 0.876202 -1.178194
v 0.014805 0.879035 -1.167240
v 0.010331 0.877750 -1.188310
v 0.010446 0.877488 -1.157124
v 0.012220 0.726784 -1.279076
v 0.021054 0.725779 -1.269655
v 0.016637 0.726282 -1.275509
v 0.016637 0.726282 -1.273222
v 0.012220 0.600670 -1.855654
v 0.021054 0.596641 -1.860874
v 0.016637 0.596630 -1.843678
v 0.016637 0.600681 -1.872850
v 0.009039 0.882698 -1.255777
v 0.017872 0.885555 -1.246659
v 0.015046 0.887249 -1.274875
v 0.011865 0.881004 -1.227561
v 0.012220 0.727785 -1.316964
v 0.021054 0.726804 -1.309271
v 0.016637 0.727801 -1.331350
v 0.016637 0.726788 -1.294886
v 0.012220 0.593663 -1.802505
v 0.021054 0.589467 -1.806452
v 0.016637 0.590046 -1.792172
v 0.016637 0.593084 -1.816785
v 0.012220 0.889932 -1.340386
v 0.021054 0.892838 -1.333254
v 0.016637 0.891891 -1.355964
v 0.016637 0.890879 -1.317676
v 0.012220 0.728786 -1.394435
v 0.021054 0.727829 -1.388599
v 0.016637 0.728307 -1.412484
v 0.016637 0.728307 -1.370550
v 0.012220 0.591662 -1.752060
v 0.021054 0.587417 -1.754797
v 0.016637 0.590046 -1.740210
v 0.016637 0.589033 -1.766647
v 0.012220 0.891934 -1.401641
v 0.021054 0.894888 -1.395978
v 0.016637 0.893917 -1.410661
v 0.016637 0.892904 -1.386959
v 0.012220 0.729787 -1.472806
v 0.021054 0.728853 -1.468848
v 0.016637 0.728814 -1.452139
v 0.016637 0.729827 -1.489515
v 0.012220 0.593663 -1.703416
v 0.021054 0.589467 -1.704986
v 0.016637 0.591059 -1.715596
v 0.016637 0.592072 -1.692806
v 0.012220 0.896939 -1.454789
v 0.021054 0.900012 -1.450400
v 0.016637 0.900501 -1.467637
v 0.016637 0.896450 -1.437553
v 0.012220 0.730788 -1.549375
v 0.021054 0.729878 -1.547254
v 0.016637 0.730333 -1.528259
v 0.016637 0.730333 -1.568370
v 0.012220 0.598668 -1.659275
v 0.021054 0.594591 -1.659788
v 0.016637 0.594604 -1.670471
v 0.016637 0.598655 -1.648592
v 0.012220 0.906948 -1.529557
v 0.021054 0.910261 -1.526960
v 0.016637 0.911643 -1.551049
v 0.016637 0.905566 -1.505469
v 0.012220 0.730788 -1.621441
v 0.021054 0.729878 -1.621047
v 0.016637 0.730333 -1.604835
v 0.016637 0.730333 -1.637653
v 0.012220 0.607676 -1.611532
v 0.021054 0.603815 -1.610900
v 0.016637 0.603214 -1.624434
v 0.016637 0.608278 -1.597998
v 0.012220 0.919960 -1.619639
v 0.021054 0.923585 -1.619202
v 0.016637 0.925317 -1.642211
v 0.016637 0.918227 -1.596630
v 0.012220 0.730788 -1.689903
v 0.021054 0.729878 -1.691150
v 0.016637 0.730333 -1.672294
v 0.016637 0.730333 -1.708759
v 0.012220 0.932971 -1.715126
v 0.021054 0.936909 -1.716977
v 0.016637 0.937979 -1.741577
v 0.016637 0.931901 -1.690526
v 0.012220 0.730788 -1.759266
v 0.021054 0.729878 -1.762175
v 0.016637 0.730333 -1.777586
v 0.016637 0.730333 -1.743856
v 0.016637 0.631362 -1.516616
v 0.034304 0.631362 -1.516616
v 0.025470 0.626912 -1.529966
v 0.025470 0.635813 -1.503265
v 0.012220 0.942980 -1.809712
v 0.021054 0.947158 -1.813830
v 0.016637 0.947095 -1.834106
v 0.016637 0.943043 -1.789437
v 0.012220 0.731789 -1.817819
v 0.021054 0.730903 -1.822132
v 0.016637 0.731852 -1.832738
v 0.016637 0.730840 -1.807213
v 0.012220 0.948986 -1.900694
v 0.021054 0.953307 -1.906994
v 0.016637 0.950134 -1.880142
v 0.016637 0.952159 -1.927546
v 0.012220 0.742799 -1.847546
v 0.021054 0.742177 -1.852572
v 0.016637 0.737423 -1.847780
v 0.016637 0.747552 -1.852338
v 0.012220 0.654719 -1.416955
v 0.021054 0.651986 -1.411659
v 0.016637 0.656391 -1.403824
v 0.016637 0.650314 -1.424791
v 0.012220 0.950988 -1.985371
v 0.021054 0.955357 -1.993701
v 0.016637 0.953172 -1.970392
v 0.016637 0.953172 -2.008680
v 0.012220 0.767821 -1.854753
v 0.021054 0.767800 -1.859951
v 0.016637 0.760214 -1.855984
v 0.016637 0.775407 -1.858719
v 0.012220 0.668731 -1.372815
v 0.021054 0.666334 -1.366461
v 0.016637 0.671585 -1.357787
v 0.016637 0.663481 -1.381489
v 0.012220 0.949987 -2.058337
v 0.021054 0.954332 -2.068416
v 0.016637 0.952666 -2.045600
v 0.016637 0.951653 -2.081153
v 0.012220 0.790842 -1.858356
v 0.021054 0.791372 -1.863641
v 0.016637 0.787056 -1.860543
v 0.016637 0.795159 -1.861454
v 0.012220 0.679742 -1.329576
v 0.021054 0.677608 -1.322185
v 0.016637 0.680194 -1.315853
v 0.016637 0.677156 -1.335908
v 0.012220 0.944982 -2.126800
v 0.021054 0.949207 -2.138519
v 0.016637 0.949121 -2.115795
v 0.016637 0.945069 -2.149524
v 0.004615 0.699110 -1.109591
v 0.005526 0.697271 -1.109113
v 0.005526 0.696282 -1.119793
v 0.004615 0.700098 -1.098911
v 0.004080 0.702290 -1.073360
v 0.003999 0.699608 -1.068930
v 0.004080 0.698335 -1.069800
v 0.006437 0.698152 -1.162704
v 0.007348 0.693841 -1.188481
v 0.007348 0.694830 -1.170236
v 0.006437 0.697163 -1.180949
v 0.007804 0.689214 -1.229183
v 0.007804 0.704047 -1.222508
v 0.007804 0.699103 -1.238084
v 0.007804 0.694158 -1.213608
v 0.007804 0.694406 -1.272349
v 0.007804 0.713689 -1.266564
v 0.007804 0.705284 -1.279025
v 0.007804 0.702811 -1.259889
v 0.007804 0.695395 -1.283119
v 0.007804 0.716656 -1.283564
v 0.007804 0.705778 -1.280715
v 0.007804 0.706273 -1.285967
v 0.007804 0.692675 -1.330156
v 0.007804 0.716409 -1.323926
v 0.007804 0.704047 -1.340836
v 0.007804 0.705036 -1.313246
v 0.007804 0.674380 -1.414041
v 0.007804 0.710970 -1.402915
v 0.007804 0.691192 -1.423831
v 0.007804 0.694158 -1.393125
v 0.007804 0.688719 -1.454537
v 0.007804 0.686742 -1.485242
v 0.007804 0.708992 -1.472337
v 0.007804 0.666469 -1.467442
v 0.007804 0.668941 -1.511720
v 0.007804 0.653118 -1.480570
v 0.007804 0.648668 -1.493920
v 0.007804 0.673391 -1.498370
v 0.007804 0.675864 -1.542426
v 0.007804 0.673886 -1.572687
v 0.007804 0.703059 -1.553996
v 0.007804 0.646691 -1.561117
v 0.007804 0.671661 -1.602280
v 0.007804 0.669188 -1.631206
v 0.007804 0.700834 -1.619190
v 0.007804 0.640015 -1.614295
v 0.007804 0.663749 -1.681492
v 0.007804 0.663255 -1.710418
v 0.007804 0.697372 -1.692617
v 0.007804 0.629632 -1.699292
v 0.007804 0.628148 -1.752471
v 0.007804 0.696878 -1.756031
v 0.007804 0.662266 -1.768937
v 0.007804 0.662760 -1.739566
v 0.007804 0.663502 -1.795637
v 0.007804 0.628890 -1.792077
v 0.007804 0.630374 -1.804093
v 0.007804 0.634329 -1.842808
v 0.007804 0.636307 -1.857049
v 0.007804 0.667952 -1.846813
v 0.007804 0.794533 -1.985434
v 0.007804 0.798489 -2.020590
v 0.007804 0.872657 -1.992109
v 0.007804 0.720365 -2.013915
v 0.007804 0.802444 -2.054188
v 0.007804 0.806400 -2.086229
v 0.007804 0.876118 -2.061753
v 0.007804 0.732726 -2.078664
v 0.007804 0.809861 -2.116712
v 0.007804 0.812828 -2.145638
v 0.007804 0.877107 -2.126057
v 0.007804 0.745582 -2.136293
v 0.007804 0.815053 -2.175676
v 0.007804 0.816536 -2.206827
v 0.007804 0.873399 -2.191251
v 0.007804 0.758190 -2.191252
v 0.007804 0.780194 -2.245098
v 0.007804 0.772282 -2.232193
v 0.007804 0.825189 -2.235307
v 0.007804 0.835078 -2.263788
v 0.007804 0.839034 -2.294939
v 0.007804 0.875624 -2.270908
v 0.007804 0.798489 -2.287819
v 0.007987 0.842399 -2.323642
v 0.008355 0.845172 -2.349898
v 0.008355 0.869895 -2.332098
v 0.007987 0.817676 -2.341443
v 0.008355 0.846903 -2.375152
v 0.007987 0.847590 -2.399405
v 0.008355 0.858770 -2.387390
v 0.007987 0.835723 -2.387167
v 0.007804 0.709981 -1.965186
v 0.007804 0.705531 -1.950501
v 0.007804 0.788105 -1.953171
v 0.007804 0.865982 -1.850763
v 0.007804 0.889551 -1.848723
v 0.007804 0.867465 -1.848093
v 0.007804 0.888068 -1.851393
v 0.007804 0.878590 -1.806317
v 0.007804 0.920125 -1.807207
v 0.007804 0.900347 -1.827233
v 0.007804 0.898369 -1.786292
v 0.007804 0.876118 -1.726215
v 0.007804 0.912708 -1.718205
v 0.007804 0.895896 -1.744016
v 0.007804 0.892930 -1.700405
v 0.007804 0.872163 -1.644556
v 0.007804 0.902819 -1.628091
v 0.007804 0.889469 -1.657461
v 0.007804 0.885513 -1.615185
v 0.007804 0.868207 -1.562897
v 0.007804 0.892930 -1.541536
v 0.007804 0.882052 -1.573132
v 0.007804 0.879085 -1.531301
v 0.007804 0.864993 -1.485687
v 0.007804 0.885266 -1.466552
v 0.007804 0.876365 -1.493252
v 0.007804 0.873893 -1.458987
v 0.007804 0.863015 -1.413150
v 0.007804 0.881310 -1.407365
v 0.007804 0.872410 -1.426056
v 0.007804 0.871915 -1.394460
v 0.007804 0.862521 -1.343951
v 0.007804 0.879827 -1.343951
v 0.007804 0.871421 -1.361307
v 0.007804 0.870926 -1.326596
v 0.007008 0.860718 -1.272316
v 0.005417 0.874419 -1.264329
v 0.007008 0.869124 -1.288782
v 0.005417 0.866013 -1.247864
v 0.003089 0.871599 -1.199308
v 0.003146 0.871468 -1.184093
v 0.004679 0.868282 -1.199729
v 0.004160 0.698051 -1.084909
v 0.004160 0.701512 -1.081349
v 0.004160 0.697556 -1.077789
v 0.005071 0.702640 -1.136943
v 0.005982 0.697341 -1.140025
v 0.005071 0.705607 -1.146733
v 0.007804 0.705531 -1.288770
v 0.007804 0.694653 -1.285210
v 0.007804 0.694653 -1.295890
v 0.007804 0.699597 -1.366202
v 0.007804 0.686741 -1.365312
v 0.007804 0.682786 -1.376882
v 0.007804 0.633835 -1.504155
v 0.007804 0.638285 -1.490805
v 0.007804 0.640757 -1.478345
v 0.007804 0.632351 -1.663024
v 0.007804 0.634329 -1.652344
v 0.007804 0.665974 -1.656349
v 0.007804 0.699103 -1.824118
v 0.007804 0.698609 -1.811657
v 0.007804 0.665480 -1.820113
v 0.007804 0.899358 -1.876184
v 0.007804 0.922597 -1.875294
v 0.007804 0.923586 -1.898434
v 0.004622 0.866435 -1.221175
v 0.006213 0.863118 -1.221597
v 0.006213 0.861140 -1.227827
v 0.039829 0.701266 -1.106952
v 0.040820 0.696671 -1.122474
v 0.040739 0.698439 -1.117154
v 0.039909 0.699499 -1.112271
v 0.039333 0.699113 -1.075160
v 0.039253 0.700386 -1.074291
v 0.039253 0.703847 -1.084081
v 0.043137 0.679572 -1.182235
v 0.043137 0.688967 -1.170665
v 0.043137 0.687978 -1.188910
v 0.043137 0.680561 -1.163989
v 0.043137 0.694158 -1.213608
v 0.043137 0.699103 -1.238084
v 0.043137 0.704047 -1.222508
v 0.043137 0.689214 -1.229183
v 0.043137 0.702811 -1.259889
v 0.043137 0.705284 -1.279025
v 0.043137 0.713689 -1.266564
v 0.043137 0.694406 -1.272349
v 0.043137 0.706273 -1.285967
v 0.043137 0.705778 -1.280715
v 0.043137 0.716656 -1.283564
v 0.043137 0.695395 -1.283119
v 0.043137 0.705036 -1.313246
v 0.043137 0.704047 -1.340836
v 0.043137 0.716409 -1.323926
v 0.043137 0.692675 -1.330156
v 0.043137 0.694158 -1.393125
v 0.043137 0.691192 -1.423831
v 0.043137 0.710970 -1.402915
v 0.043137 0.674380 -1.414041
v 0.043137 0.666469 -1.467442
v 0.043137 0.708992 -1.472337
v 0.043137 0.686742 -1.485242
v 0.043137 0.688719 -1.454536
v 0.043137 0.673391 -1.498370
v 0.043137 0.648668 -1.493920
v 0.043137 0.653118 -1.480570
v 0.043137 0.668941 -1.511720
v 0.043137 0.646691 -1.561117
v 0.043137 0.703059 -1.553996
v 0.043137 0.673886 -1.572687
v 0.043137 0.675864 -1.542426
v 0.043137 0.640015 -1.614295
v 0.043137 0.700834 -1.619190
v 0.043137 0.669188 -1.631206
v 0.043137 0.671661 -1.602280
v 0.043137 0.629632 -1.699293
v 0.043137 0.697372 -1.692617
v 0.043137 0.663255 -1.710418
v 0.043137 0.663749 -1.681492
v 0.043137 0.662760 -1.739566
v 0.043137 0.662266 -1.768937
v 0.043137 0.696878 -1.756031
v 0.043137 0.628148 -1.752471
v 0.043200 0.629643 -1.804208
v 0.043169 0.628525 -1.792135
v 0.043169 0.663137 -1.795695
v 0.043169 0.667587 -1.846871
v 0.043169 0.635942 -1.857107
v 0.043200 0.633599 -1.842924
v 0.043253 0.719608 -2.013944
v 0.043176 0.872405 -1.992119
v 0.043176 0.798236 -2.020600
v 0.043253 0.793776 -1.985463
v 0.043137 0.732726 -2.078664
v 0.043137 0.876118 -2.061753
v 0.043137 0.806400 -2.086229
v 0.043137 0.802444 -2.054188
v 0.043137 0.745582 -2.136293
v 0.043137 0.877107 -2.126057
v 0.043137 0.812828 -2.145638
v 0.043137 0.809861 -2.116712
v 0.043137 0.758190 -2.191252
v 0.043137 0.873399 -2.191251
v 0.043137 0.816536 -2.206827
v 0.043137 0.815053 -2.175676
v 0.042999 0.824552 -2.235501
v 0.042999 0.771645 -2.232386
v 0.042861 0.778919 -2.245485
v 0.043069 0.796701 -2.288314
v 0.043114 0.875028 -2.271073
v 0.043207 0.837884 -2.295241
v 0.042976 0.833845 -2.264147
v 0.043460 0.816844 -2.341648
v 0.043735 0.869618 -2.332166
v 0.043735 0.844895 -2.349966
v 0.043460 0.841567 -2.323847
v 0.043321 0.835723 -2.387167
v 0.043689 0.858770 -2.387390
v 0.043321 0.847590 -2.399405
v 0.043689 0.846903 -2.375152
v 0.043214 0.787601 -1.953190
v 0.043214 0.705027 -1.950520
v 0.043291 0.708972 -1.965225
v 0.043137 0.888068 -1.851393
v 0.043137 0.867465 -1.848093
v 0.043137 0.889551 -1.848723
v 0.043137 0.865982 -1.850763
v 0.043137 0.898369 -1.786292
v 0.043137 0.900347 -1.827233
v 0.043137 0.920125 -1.807207
v 0.043137 0.878590 -1.806317
v 0.043137 0.892930 -1.700405
v 0.043137 0.895896 -1.744016
v 0.043137 0.912708 -1.718205
v 0.043137 0.876118 -1.726215
v 0.043137 0.885513 -1.615185
v 0.043137 0.889469 -1.657461
v 0.043137 0.902819 -1.628091
v 0.043137 0.872163 -1.644556
v 0.043137 0.879085 -1.531301
v 0.043137 0.882052 -1.573132
v 0.043137 0.892930 -1.541536
v 0.043137 0.868207 -1.562897
v 0.043137 0.873893 -1.458987
v 0.043137 0.876365 -1.493252
v 0.043137 0.885266 -1.466552
v 0.043137 0.864993 -1.485687
v 0.043137 0.871915 -1.394460
v 0.043137 0.872410 -1.426056
v 0.043137 0.881310 -1.407365
v 0.043137 0.863015 -1.413150
v 0.043137 0.870926 -1.326596
v 0.043137 0.871421 -1.361307
v 0.043137 0.879827 -1.343951
v 0.043137 0.862521 -1.343951
v 0.040751 0.866013 -1.247864
v 0.042342 0.869124 -1.288782
v 0.040751 0.874419 -1.264329
v 0.042342 0.860718 -1.272316
v 0.040013 0.868282 -1.199729
v 0.038480 0.871468 -1.184093
v 0.038422 0.871599 -1.199308
v 0.039413 0.698335 -1.083150
v 0.039333 0.703069 -1.092071
v 0.039413 0.698829 -1.090270
v 0.042226 0.682152 -1.148447
v 0.042226 0.685613 -1.140882
v 0.041315 0.690913 -1.137800
v 0.043137 0.694653 -1.295890
v 0.043137 0.694653 -1.285210
v 0.043137 0.705531 -1.288770
v 0.043137 0.682786 -1.376882
v 0.043137 0.686741 -1.365312
v 0.043137 0.699597 -1.366202
v 0.043137 0.640757 -1.478345
v 0.043137 0.638285 -1.490805
v 0.043137 0.633835 -1.504155
v 0.043137 0.665974 -1.656349
v 0.043137 0.634329 -1.652344
v 0.043137 0.632351 -1.663024
v 0.043200 0.664749 -1.820229
v 0.043169 0.698243 -1.811715
v 0.043169 0.698738 -1.824176
v 0.043137 0.923586 -1.898434
v 0.043137 0.922597 -1.875294
v 0.043137 0.899358 -1.876184
v 0.041546 0.861140 -1.227827
v 0.041546 0.863118 -1.221597
v 0.039955 0.866435 -1.221175
v 0.043137 0.640757 -1.478345
v 0.042739 0.861496 -1.291446
v 0.041944 0.876752 -1.286117
v 0.039558 0.872086 -1.242541
v 0.043137 0.862644 -1.360639
v 0.043137 0.880197 -1.361974
v 0.043137 0.879456 -1.325928
v 0.043137 0.863139 -1.431062
v 0.043137 0.881681 -1.421049
v 0.043137 0.880939 -1.393681
v 0.043137 0.865858 -1.504044
v 0.043137 0.886873 -1.482461
v 0.043137 0.883659 -1.450643
v 0.043137 0.868949 -1.583145
v 0.043137 0.895155 -1.563119
v 0.043137 0.890705 -1.519953
v 0.043137 0.873399 -1.665138
v 0.043137 0.905538 -1.649785
v 0.043137 0.900099 -1.606396
v 0.043137 0.876860 -1.746463
v 0.043137 0.914933 -1.741568
v 0.043137 0.910483 -1.694842
v 0.043137 0.879085 -1.826120
v 0.043137 0.921608 -1.828345
v 0.043137 0.918641 -1.786069
v 0.043137 0.861408 -1.849177
v 0.043137 0.873522 -1.847008
v 0.043137 0.905580 -1.850438
v 0.043965 0.862704 -2.374095
v 0.043413 0.854835 -2.400684
v 0.043229 0.840346 -2.398126
v 0.043483 0.871107 -2.317848
v 0.043988 0.868128 -2.346483
v 0.043483 0.821662 -2.353450
v 0.043057 0.876243 -2.254845
v 0.043172 0.873812 -2.287302
v 0.043242 0.801955 -2.303180
v 0.043137 0.875006 -2.174119
v 0.043137 0.871792 -2.208384
v 0.043137 0.761281 -2.205269
v 0.043137 0.877354 -2.110593
v 0.043137 0.876860 -2.141521
v 0.043137 0.748796 -2.149754
v 0.043137 0.875377 -2.045065
v 0.043137 0.876860 -2.078441
v 0.043137 0.735940 -2.094017
v 0.043195 0.871290 -1.973990
v 0.043156 0.873520 -2.010248
v 0.043195 0.722953 -2.030951
v 0.043137 0.627778 -1.766266
v 0.043137 0.696754 -1.771607
v 0.043137 0.697001 -1.740456
v 0.043137 0.697496 -1.676485
v 0.043137 0.697249 -1.708749
v 0.043137 0.629261 -1.712087
v 0.043137 0.701452 -1.603949
v 0.043137 0.700215 -1.634432
v 0.043137 0.638161 -1.627979
v 0.043137 0.703553 -1.536641
v 0.043137 0.702564 -1.571352
v 0.043137 0.645207 -1.574022
v 0.043137 0.649163 -1.514613
v 0.043137 0.658063 -1.487912
v 0.043137 0.709239 -1.455538
v 0.043137 0.708745 -1.489136
v 0.043137 0.664738 -1.481348
v 0.043137 0.672155 -1.426835
v 0.043137 0.710228 -1.420827
v 0.043137 0.711712 -1.385004
v 0.043137 0.691686 -1.341949
v 0.043137 0.716409 -1.339724
v 0.043137 0.716409 -1.308128
v 0.043137 0.695024 -1.278824
v 0.043137 0.716533 -1.282607
v 0.043137 0.716780 -1.284520
v 0.043137 0.695271 -1.282028
v 0.043137 0.715296 -1.276021
v 0.043137 0.712082 -1.257108
v 0.043137 0.690944 -1.241087
v 0.043137 0.707261 -1.235080
v 0.043137 0.700833 -1.209937
v 0.043137 0.684640 -1.157314
v 0.043137 0.693293 -1.184015
v 0.043137 0.682662 -1.193805
v 0.040156 0.699586 -1.119712
v 0.041483 0.693757 -1.125235
v 0.039996 0.703121 -1.109073
v 0.007804 0.640757 -1.478345
v 0.004224 0.872086 -1.242541
v 0.006610 0.876752 -1.286117
v 0.007406 0.861496 -1.291446
v 0.007804 0.879456 -1.325928
v 0.007804 0.880197 -1.361974
v 0.007804 0.862644 -1.360639
v 0.007804 0.880939 -1.393681
v 0.007804 0.881681 -1.421049
v 0.007804 0.863139 -1.431062
v 0.007804 0.883659 -1.450643
v 0.007804 0.886873 -1.482461
v 0.007804 0.865858 -1.504044
v 0.007804 0.890705 -1.519953
v 0.007804 0.895155 -1.563119
v 0.007804 0.868949 -1.583145
v 0.007804 0.900099 -1.606396
v 0.007804 0.905538 -1.649785
v 0.007804 0.873399 -1.665138
v 0.007804 0.910483 -1.694842
v 0.007804 0.914933 -1.741568
v 0.007804 0.876860 -1.746463
v 0.007804 0.918641 -1.786069
v 0.007804 0.921608 -1.828345
v 0.007804 0.879085 -1.826120
v 0.007804 0.905580 -1.850438
v 0.007804 0.873522 -1.847008
v 0.007804 0.861408 -1.849177
v 0.007895 0.840346 -2.398126
v 0.008079 0.854835 -2.400684
v 0.008631 0.862704 -2.374095
v 0.008079 0.822078 -2.353347
v 0.008631 0.868267 -2.346449
v 0.008079 0.871523 -2.317746
v 0.007804 0.803680 -2.302727
v 0.007804 0.874388 -2.287151
v 0.007804 0.876860 -2.254665
v 0.007804 0.761281 -2.205269
v 0.007804 0.871792 -2.208384
v 0.007804 0.875006 -2.174119
v 0.007804 0.748796 -2.149754
v 0.007804 0.876860 -2.141521
v 0.007804 0.877354 -2.110593
v 0.007804 0.735940 -2.094017
v 0.007804 0.876860 -2.078441
v 0.007804 0.875377 -2.045065
v 0.007804 0.723331 -2.030936
v 0.007804 0.873646 -2.010243
v 0.007804 0.871668 -1.973975
v 0.007804 0.697001 -1.740456
v 0.007804 0.696754 -1.771606
v 0.007804 0.627778 -1.766266
v 0.007804 0.629261 -1.712087
v 0.007804 0.697249 -1.708749
v 0.007804 0.697496 -1.676485
v 0.007804 0.638161 -1.627979
v 0.007804 0.700215 -1.634432
v 0.007804 0.701452 -1.603949
v 0.007804 0.645207 -1.574022
v 0.007804 0.702564 -1.571352
v 0.007804 0.703553 -1.536641
v 0.007804 0.658063 -1.487912
v 0.007804 0.649163 -1.514613
v 0.007804 0.664738 -1.481349
v 0.007804 0.708745 -1.489136
v 0.007804 0.709239 -1.455538
v 0.007804 0.711712 -1.385004
v 0.007804 0.710228 -1.420827
v 0.007804 0.672155 -1.426835
v 0.007804 0.716409 -1.308128
v 0.007804 0.716409 -1.339724
v 0.007804 0.691686 -1.341949
v 0.007804 0.716780 -1.284520
v 0.007804 0.716533 -1.282607
v 0.007804 0.695024 -1.278824
v 0.007804 0.712082 -1.257108
v 0.007804 0.715296 -1.276021
v 0.007804 0.695271 -1.282028
v 0.007804 0.700833 -1.209937
v 0.007804 0.707261 -1.235080
v 0.007804 0.690944 -1.241087
v 0.007120 0.691458 -1.193162
v 0.007576 0.696225 -1.183801
v 0.007120 0.693436 -1.156672
v 0.004843 0.701369 -1.097011
v 0.006209 0.693173 -1.121215
v 0.004843 0.699392 -1.118372
v 0.021054 0.947158 -2.155584
v 0.021054 0.951257 -2.121455
v 0.012220 0.946984 -2.110135
v 0.021054 0.676071 -1.332332
v 0.021054 0.679146 -1.312039
v 0.012220 0.681243 -1.319667
v 0.021054 0.795472 -1.864102
v 0.021054 0.787273 -1.863180
v 0.012220 0.786839 -1.857906
v 0.021054 0.953819 -2.086403
v 0.021054 0.954844 -2.050429
v 0.012220 0.950487 -2.040771
v 0.021054 0.662235 -1.378452
v 0.021054 0.670434 -1.354470
v 0.012220 0.672735 -1.361104
v 0.021054 0.775486 -1.861335
v 0.021054 0.760113 -1.858567
v 0.012220 0.760315 -1.853401
v 0.021054 0.955357 -2.013072
v 0.021054 0.955357 -1.974330
v 0.012220 0.950988 -1.966454
v 0.021054 0.648911 -1.422267
v 0.021054 0.655061 -1.401051
v 0.012220 0.657722 -1.406596
v 0.021054 0.747302 -1.854878
v 0.021054 0.737053 -1.850266
v 0.012220 0.737794 -1.845294
v 0.021054 0.954332 -1.930977
v 0.021054 0.952282 -1.883011
v 0.012220 0.947985 -1.877273
v 0.021054 0.730391 -1.809218
v 0.021054 0.731416 -1.835046
v 0.012220 0.732289 -1.830431
v 0.021054 0.945108 -1.791231
v 0.021054 0.949207 -1.836430
v 0.012220 0.944982 -1.831782
v 0.034304 0.635813 -1.503265
v 0.034304 0.626912 -1.529966
v 0.016637 0.626912 -1.529966
v 0.021054 0.729878 -1.745111
v 0.021054 0.729878 -1.779240
v 0.012220 0.730788 -1.775931
v 0.021054 0.933834 -1.691150
v 0.021054 0.939983 -1.742805
v 0.012220 0.935974 -1.740349
v 0.021054 0.729878 -1.709598
v 0.021054 0.729878 -1.672701
v 0.012220 0.730788 -1.671887
v 0.021054 0.919998 -1.596141
v 0.021054 0.927172 -1.642262
v 0.012220 0.923463 -1.642160
v 0.021054 0.606378 -1.597525
v 0.021054 0.601253 -1.624275
v 0.012220 0.605174 -1.624594
v 0.021054 0.729878 -1.637650
v 0.021054 0.729878 -1.604443
v 0.012220 0.730788 -1.605226
v 0.021054 0.907186 -1.503900
v 0.021054 0.913336 -1.550021
v 0.012220 0.909950 -1.552078
v 0.021054 0.596641 -1.648719
v 0.021054 0.592542 -1.670857
v 0.012220 0.596666 -1.670085
v 0.021054 0.729878 -1.567547
v 0.021054 0.729878 -1.526960
v 0.012220 0.730788 -1.529557
v 0.021054 0.897962 -1.435181
v 0.021054 0.902062 -1.465620
v 0.012220 0.898941 -1.469653
v 0.021054 0.589979 -1.693456
v 0.021054 0.588954 -1.716516
v 0.012220 0.593163 -1.714676
v 0.021054 0.729366 -1.487758
v 0.021054 0.728341 -1.449939
v 0.012220 0.729286 -1.454339
v 0.021054 0.894375 -1.383987
v 0.021054 0.895400 -1.407969
v 0.012220 0.892435 -1.413352
v 0.021054 0.586905 -1.768172
v 0.021054 0.587929 -1.741422
v 0.012220 0.592162 -1.738998
v 0.021054 0.727829 -1.367383
v 0.021054 0.727829 -1.409814
v 0.012220 0.728786 -1.415154
v 0.021054 0.892325 -1.313883
v 0.021054 0.893350 -1.352625
v 0.012220 0.890433 -1.359303
v 0.021054 0.591004 -1.818904
v 0.021054 0.587929 -1.793999
v 0.012220 0.592162 -1.790344
v 0.021054 0.726291 -1.290823
v 0.021054 0.727316 -1.327720
v 0.012220 0.728286 -1.334981
v 0.016281 0.882427 -1.222731
v 0.019463 0.888684 -1.270586
v 0.010629 0.885815 -1.279164
v 0.021054 0.598691 -1.875632
v 0.021054 0.594591 -1.846115
v 0.012220 0.598668 -1.841241
v 0.021054 0.725779 -1.268296
v 0.021054 0.725779 -1.271015
v 0.012220 0.726784 -1.280004
v 0.014863 0.878904 -1.151458
v 0.014748 0.879167 -1.183022
v 0.005915 0.876333 -1.193598
v 0.021054 0.603815 -1.903766
v 0.021054 0.609965 -1.930516
v 0.012220 0.613681 -1.923666
v 0.021054 0.719629 -1.237880
v 0.021054 0.723729 -1.257251
v 0.012220 0.724782 -1.267761
v 0.019520 0.868567 -1.184239
v 0.016454 0.875371 -1.151864
v 0.007620 0.872682 -1.163206
v 0.020835 0.616912 -1.959124
v 0.020398 0.624658 -1.989590
v 0.012002 0.629457 -1.981331
v 0.021054 0.705281 -1.188070
v 0.021054 0.713480 -1.214820
v 0.012220 0.714773 -1.226324
v 0.021054 0.859016 -1.219797
v 0.021054 0.863116 -1.206884
v 0.012220 0.860906 -1.216974
v 0.020826 0.633090 -2.022236
v 0.022117 0.642208 -2.057062
v 0.012575 0.646185 -2.046543
v 0.021054 0.696057 -1.159936
v 0.021054 0.685808 -1.130419
v 0.012220 0.687749 -1.143899
v 0.021054 0.856966 -1.281599
v 0.021054 0.856966 -1.244703
v 0.012220 0.854900 -1.253907
v 0.022336 0.651659 -2.089333
v 0.021481 0.661442 -2.119050
v 0.012363 0.664134 -2.107553
v 0.018321 0.698955 -1.072964
v 0.020143 0.686774 -1.101428
v 0.011309 0.688967 -1.115567
v 0.021054 0.856966 -1.349858
v 0.021054 0.856966 -1.316651
v 0.012220 0.854900 -1.324171
v 0.021054 0.671459 -2.146821
v 0.021054 0.681708 -2.172649
v 0.012220 0.683745 -2.160130
v 0.017169 0.696619 -1.044375
v 0.017330 0.702237 -1.053946
v 0.008496 0.704910 -1.069262
v 0.021054 0.856966 -1.428724
v 0.021054 0.856966 -1.387215
v 0.012220 0.854900 -1.393083
v 0.021054 0.692469 -2.198476
v 0.021054 0.703743 -2.224304
v 0.012220 0.705265 -2.210576
v 0.017149 0.691689 -1.054939
v 0.017109 0.693103 -1.044705
v 0.008316 0.695651 -1.057902
v 0.021054 0.858503 -1.510357
v 0.021054 0.857479 -1.469771
v 0.012220 0.855401 -1.473707
v 0.020852 0.717391 -2.251249
v 0.020449 0.733412 -2.279312
v 0.012019 0.734603 -2.263029
v 0.017350 0.690768 -1.070132
v 0.017230 0.690911 -1.063414
v 0.008516 0.692704 -1.070624
v 0.021054 0.859016 -1.591529
v 0.021054 0.859016 -1.550943
v 0.012220 0.856902 -1.552979
v 0.020449 0.750323 -2.307445
v 0.020852 0.768123 -2.335649
v 0.012153 0.768259 -2.318893
v 0.017410 0.698384 -1.095629
v 0.017410 0.693259 -1.080870
v 0.008576 0.696124 -1.095430
v 0.021054 0.860553 -1.674085
v 0.021054 0.859528 -1.632577
v 0.012220 0.857403 -1.632701
v 0.021566 0.785087 -2.360542
v 0.022591 0.801214 -2.382122
v 0.012733 0.799727 -2.365238
v 0.017410 0.704021 -1.113154
v 0.017410 0.710170 -1.133448
v 0.008576 0.712639 -1.146776
v 0.021054 0.861066 -1.752951
v 0.021054 0.861066 -1.714210
v 0.012220 0.858904 -1.712423
v 0.022763 0.818372 -2.403175
v 0.022083 0.836560 -2.423701
v 0.012563 0.834254 -2.405798
v 0.017638 0.712875 -1.154877
v 0.018093 0.712136 -1.177444
v 0.010626 0.696762 -1.191043
v 0.021054 0.861066 -1.831818
v 0.021054 0.861066 -1.792154
v 0.012220 0.858904 -1.788543
v 0.021054 0.932809 -2.230761
v 0.021054 0.941008 -2.192019
v 0.012220 0.936975 -2.179047
v 0.020370 0.688454 -1.226629
v 0.019004 0.703995 -1.201361
v 0.011537 0.688537 -1.214421
v 0.021054 0.860724 -1.852841
v 0.021054 0.860041 -1.855224
v 0.012220 0.857903 -1.850136
v 0.023188 0.914234 -2.302190
v 0.021765 0.923884 -2.267484
v 0.012457 0.920389 -2.252856
v 0.021846 0.848709 -2.436662
v 0.022054 0.854816 -2.442061
v 0.012554 0.852206 -2.423340
v 0.021054 0.682220 -1.269703
v 0.021054 0.681195 -1.249410
v 0.012220 0.683245 -1.260105
v 0.021054 0.858504 -1.857991
v 0.021054 0.856112 -1.861143
v 0.012220 0.854066 -1.855916
v 0.024079 0.891905 -2.368227
v 0.023959 0.903574 -2.335771
v 0.013434 0.901623 -2.319823
v 0.021054 0.681195 -1.263175
v 0.021054 0.682220 -1.274291
v 0.012220 0.684246 -1.284003
v 0.021054 0.852867 -1.862718
v 0.021054 0.848767 -1.862718
v 0.012220 0.846893 -1.857455
v 0.022653 0.864920 -2.429684
v 0.023644 0.879020 -2.399532
v 0.013819 0.878677 -2.381869
v 0.021054 0.680683 -1.290823
v 0.021054 0.680683 -1.268685
v 0.012220 0.682744 -1.277328
v 0.021054 0.834931 -1.863180
v 0.021054 0.811358 -1.864102
v 0.012220 0.810360 -1.858806
v 0.038720 0.833381 -1.857906
v 0.038720 0.810360 -1.858806
v 0.029887 0.811358 -1.864102
v 0.038720 0.682744 -1.298948
v 0.038720 0.682744 -1.277328
v 0.029887 0.680683 -1.268685
v 0.039499 0.863027 -2.411204
v 0.040320 0.878677 -2.381869
v 0.032477 0.879020 -2.399532
v 0.038720 0.850897 -1.857455
v 0.038720 0.846893 -1.857455
v 0.029887 0.848767 -1.862718
v 0.038720 0.683245 -1.272347
v 0.038720 0.684246 -1.284003
v 0.029887 0.682220 -1.274291
v 0.040465 0.891543 -2.351409
v 0.039934 0.901623 -2.319823
v 0.032792 0.903574 -2.335771
v 0.038720 0.856402 -1.852838
v 0.038720 0.854066 -1.855916
v 0.029887 0.856112 -1.861143
v 0.038720 0.684246 -1.279922
v 0.038720 0.683245 -1.260105
v 0.029887 0.681195 -1.249410
v 0.038985 0.846215 -2.418277
v 0.039054 0.852206 -2.423340
v 0.030887 0.854816 -2.442061
v 0.039432 0.911239 -2.286972
v 0.038957 0.920389 -2.252856
v 0.030598 0.923884 -2.267484
v 0.038720 0.858570 -1.847809
v 0.038720 0.857903 -1.850136
v 0.029887 0.860041 -1.855224
v 0.038493 0.684675 -1.238271
v 0.038037 0.688537 -1.214421
v 0.027837 0.703995 -1.201361
v 0.038720 0.928968 -2.216881
v 0.038720 0.936975 -2.179047
v 0.029887 0.941008 -2.192019
v 0.038720 0.858904 -1.827278
v 0.038720 0.858904 -1.788543
v 0.029887 0.861066 -1.792154
v 0.037809 0.682961 -1.170067
v 0.037809 0.687966 -1.191686
v 0.027154 0.709204 -1.177658
v 0.039290 0.816324 -2.385902
v 0.039063 0.834254 -2.405798
v 0.030916 0.836560 -2.423701
v 0.038720 0.858904 -1.750258
v 0.038720 0.858904 -1.712423
v 0.029887 0.861066 -1.714210
v 0.035760 0.697838 -1.127601
v 0.037126 0.686252 -1.148705
v 0.026926 0.701374 -1.134090
v 0.039100 0.783215 -2.344112
v 0.039302 0.799311 -2.365340
v 0.031448 0.801075 -2.382156
v 0.038720 0.858404 -1.673238
v 0.038720 0.857403 -1.632701
v 0.029887 0.859528 -1.632577
v 0.035077 0.701128 -1.109843
v 0.035077 0.696124 -1.095430
v 0.026243 0.693259 -1.080870
v 0.038277 0.749268 -2.291042
v 0.038758 0.766533 -2.319346
v 0.029721 0.767548 -2.335801
v 0.038720 0.856902 -1.592615
v 0.038720 0.856902 -1.552979
v 0.029887 0.859016 -1.550943
v 0.035057 0.693316 -1.082357
v 0.035016 0.692704 -1.070624
v 0.026063 0.690911 -1.063414
v 0.038550 0.718236 -2.236613
v 0.038208 0.733169 -2.263465
v 0.029179 0.732934 -2.279457
v 0.038720 0.856402 -1.513343
v 0.038720 0.855401 -1.473707
v 0.029887 0.857479 -1.469771
v 0.034936 0.693483 -1.062473
v 0.034816 0.695651 -1.057902
v 0.025943 0.693103 -1.044705
v 0.038720 0.694255 -2.185353
v 0.038720 0.705265 -2.210576
v 0.029887 0.703743 -2.224304
v 0.038720 0.854900 -1.433620
v 0.038720 0.854900 -1.393083
v 0.029887 0.856966 -1.387215
v 0.034776 0.700044 -1.064186
v 0.034816 0.706661 -1.081323
v 0.026103 0.702820 -1.057967
v 0.038720 0.673736 -2.134907
v 0.038720 0.683745 -2.160130
v 0.029887 0.681708 -2.172649
v 0.038720 0.854900 -1.356600
v 0.038720 0.854900 -1.324171
v 0.029887 0.856966 -1.316651
v 0.035807 0.703163 -1.099791
v 0.037749 0.689551 -1.119588
v 0.028956 0.686968 -1.102768
v 0.039148 0.654939 -2.078067
v 0.038863 0.664134 -2.107553
v 0.030314 0.661442 -2.119050
v 0.038720 0.854900 -1.289940
v 0.038720 0.854900 -1.253907
v 0.029887 0.856966 -1.244703
v 0.038720 0.697758 -1.172725
v 0.038720 0.687749 -1.143899
v 0.029887 0.685808 -1.130419
v 0.038818 0.636737 -2.013024
v 0.039133 0.645807 -2.046557
v 0.030970 0.642082 -2.057067
v 0.038720 0.856902 -1.229585
v 0.038720 0.860906 -1.216974
v 0.029887 0.863116 -1.206884
v 0.038720 0.706766 -1.200200
v 0.038720 0.714773 -1.226324
v 0.029887 0.713480 -1.214820
v 0.038705 0.620564 -1.951610
v 0.038675 0.628322 -1.981375
v 0.029289 0.624280 -1.989604
v 0.037187 0.866166 -1.194847
v 0.034121 0.872682 -1.163206
v 0.025287 0.875371 -1.151864
v 0.038720 0.720779 -1.248844
v 0.038720 0.724782 -1.267761
v 0.029887 0.723729 -1.257251
v 0.038720 0.607676 -1.897542
v 0.038720 0.613681 -1.923666
v 0.029887 0.609965 -1.930516
v 0.032530 0.876071 -1.162790
v 0.032415 0.876333 -1.193598
v 0.023581 0.879167 -1.183022
v 0.038720 0.726784 -1.278148
v 0.038720 0.726784 -1.280004
v 0.029887 0.725779 -1.271015
v 0.038744 0.602398 -1.870110
v 0.038791 0.597846 -1.841371
v 0.029911 0.594317 -1.846159
v 0.033948 0.879581 -1.232389
v 0.037130 0.885815 -1.279164
v 0.028296 0.888684 -1.270586
v 0.038720 0.727285 -1.298948
v 0.038720 0.728286 -1.334981
v 0.029887 0.727316 -1.327720
v 0.038791 0.594343 -1.814797
v 0.038744 0.591888 -1.790388
v 0.029895 0.587838 -1.794014
v 0.038720 0.889432 -1.321468
v 0.038720 0.890433 -1.359303
v 0.029887 0.893350 -1.352625
v 0.038720 0.728786 -1.373716
v 0.038720 0.728786 -1.415154
v 0.029887 0.727829 -1.409814
v 0.038720 0.591161 -1.765122
v 0.038720 0.592162 -1.738998
v 0.029887 0.587929 -1.741422
v 0.038720 0.891434 -1.389930
v 0.038720 0.892435 -1.413352
v 0.029887 0.895400 -1.407969
v 0.038720 0.730287 -1.491273
v 0.038720 0.729286 -1.454339
v 0.029887 0.728341 -1.449939
v 0.038720 0.594164 -1.692155
v 0.038720 0.593163 -1.714676
v 0.029887 0.588954 -1.716516
v 0.038720 0.894937 -1.439926
v 0.038720 0.898941 -1.469653
v 0.029887 0.902062 -1.465620
v 0.038720 0.730788 -1.569193
v 0.038720 0.730788 -1.529557
v 0.029887 0.729878 -1.526960
v 0.038720 0.600670 -1.648466
v 0.038720 0.596666 -1.670085
v 0.029887 0.592542 -1.670857
v 0.038720 0.903945 -1.507037
v 0.038720 0.909950 -1.552078
v 0.029887 0.913336 -1.550021
v 0.038720 0.730788 -1.637655
v 0.038720 0.730788 -1.605226
v 0.029887 0.729878 -1.604443
v 0.038720 0.610178 -1.598470
v 0.038720 0.605174 -1.624594
v 0.029887 0.601253 -1.624275
v 0.038720 0.916456 -1.597119
v 0.038720 0.923463 -1.642160
v 0.029887 0.927172 -1.642262
v 0.038720 0.730788 -1.707919
v 0.038720 0.730788 -1.671887
v 0.029887 0.729878 -1.672701
v 0.038720 0.929969 -1.689903
v 0.038720 0.935974 -1.740349
v 0.029887 0.939983 -1.742805
v 0.038720 0.730788 -1.742601
v 0.038720 0.730788 -1.775931
v 0.029887 0.729878 -1.779240
v 0.038720 0.940979 -1.787642
v 0.038720 0.944982 -1.831782
v 0.029887 0.949207 -1.836430
v 0.038720 0.731288 -1.805208
v 0.038720 0.732289 -1.830431
v 0.029887 0.731416 -1.835046
v 0.038720 0.949987 -1.924116
v 0.038720 0.947985 -1.877273
v 0.029887 0.952282 -1.883011
v 0.038720 0.747803 -1.849798
v 0.038720 0.737794 -1.845294
v 0.029887 0.737053 -1.850266
v 0.038720 0.651716 -1.427315
v 0.038720 0.657722 -1.406596
v 0.029887 0.655061 -1.401051
v 0.038720 0.950988 -2.004288
v 0.038720 0.950988 -1.966454
v 0.029887 0.955357 -1.974330
v 0.038720 0.775328 -1.856104
v 0.038720 0.760315 -1.853401
v 0.029887 0.760113 -1.858567
v 0.038720 0.664728 -1.384526
v 0.038720 0.672735 -1.361104
v 0.029887 0.670434 -1.354470
v 0.038720 0.949486 -2.075903
v 0.038720 0.950487 -2.040771
v 0.029887 0.954844 -2.050429
v 0.038720 0.794846 -1.858806
v 0.038720 0.786839 -1.857906
v 0.029887 0.787273 -1.863180
v 0.038720 0.678240 -1.339485
v 0.038720 0.681243 -1.319667
v 0.029887 0.679146 -1.312039
v 0.038720 0.942981 -2.143465
v 0.038720 0.946984 -2.110135
v 0.029887 0.951257 -2.121455
v -0.001117 0.848276 -1.922189
v -0.002688 0.840824 -1.938408
v 0.065178 0.840719 -1.937740
v -0.016789 0.663885 -0.182919
v -0.017411 0.662953 -0.131783
v 0.044333 0.662878 -0.131175
v -0.015808 0.889398 -0.245399
v -0.015504 0.888631 -0.292409
v 0.046241 0.888557 -0.291801
v -0.014809 0.664627 -0.295477
v -0.015921 0.664443 -0.237484
v 0.045823 0.664369 -0.236876
v -0.017094 0.890027 -0.155237
v -0.016338 0.889863 -0.199675
v 0.045406 0.889788 -0.199067
v -0.013858 0.665844 -0.407241
v -0.014121 0.665094 -0.352063
v 0.047624 0.665019 -0.351455
v -0.017955 0.891258 -0.066384
v -0.017633 0.890492 -0.110807
v 0.044111 0.890417 -0.110199
v -0.012609 0.667617 -0.526624
v -0.013354 0.666685 -0.465428
v 0.048390 0.666610 -0.464820
v -0.019108 0.891639 0.037562
v -0.018446 0.891640 -0.016928
v 0.043298 0.891566 -0.016321
v -0.011120 0.669483 -0.649016
v -0.011864 0.668550 -0.587820
v 0.049880 0.668475 -0.587212
v -0.020309 0.891637 0.136481
v -0.019729 0.891638 0.088698
v 0.042015 0.891564 0.089306
v -0.002467 0.859050 -1.804249
v -0.002065 0.857739 -1.837420
v 0.065801 0.857634 -1.836752
v -0.009674 0.672745 -0.767636
v -0.010390 0.670881 -0.708955
v 0.051354 0.670806 -0.708347
v -0.021531 0.891636 0.237078
v -0.020910 0.891637 0.185941
v 0.040834 0.891562 0.186549
v -0.001481 0.855813 -1.869024
v -0.000715 0.853272 -1.899061
v 0.067152 0.853167 -1.898393
v -0.008324 0.673679 -0.878711
v -0.008986 0.673678 -0.824221
v 0.052759 0.673603 -0.823614
v -0.023078 0.891634 0.364500
v -0.022254 0.891635 0.296597
v 0.039490 0.891560 0.297205
v -0.003305 0.859705 -1.735142
v -0.002880 0.859706 -1.770156
v 0.064987 0.859601 -1.769488
v -0.006955 0.673680 -0.991463
v -0.007647 0.673679 -0.934458
v 0.054097 0.673605 -0.933851
v -0.024651 0.891631 0.494018
v -0.023877 0.891632 0.430307
v 0.037867 0.891558 0.430914
v -0.004393 0.857734 -1.645764
v -0.003809 0.859048 -1.693678
v 0.064057 0.858943 -1.693010
v -0.005906 0.673682 -1.077808
v -0.006374 0.673681 -1.039247
v 0.055370 0.673607 -1.038639
v -0.026035 0.888835 0.607608
v -0.025370 0.890699 0.553118
v 0.036374 0.890624 0.553726
v -0.005423 0.857076 -1.560992
v -0.004931 0.857077 -1.601535
v 0.062936 0.856972 -1.600867
v -0.004182 0.672121 -1.132320
v -0.005175 0.673162 -1.108833
v 0.055811 0.673733 -1.107708
v -0.026856 0.878121 0.673833
v -0.026530 0.884642 0.647846
v 0.035214 0.884567 0.648454
v -0.005331 0.856918 -1.490193
v -0.005556 0.857023 -1.523878
v 0.062310 0.856918 -1.523211
v -0.003973 0.672794 -1.162436
v -0.003781 0.671998 -1.150187
v 0.054031 0.673841 -1.148033
v -0.027296 0.863682 0.708203
v -0.027111 0.871134 0.693952
v 0.034633 0.871060 0.694560
v -0.005889 0.856864 -1.418065
v -0.005442 0.856865 -1.454922
v 0.062425 0.856760 -1.454254
v -0.002819 0.673266 -1.164532
v -0.003652 0.673216 -1.167217
v 0.051808 0.674092 -1.166371
v -0.027642 0.844585 0.734190
v -0.027473 0.854832 0.721616
v 0.034271 0.854757 0.722224
v -0.007092 0.858457 -1.343842
v -0.006440 0.857395 -1.381038
v 0.061427 0.857290 -1.380370
v -0.007293 0.679086 -1.199492
v -0.004032 0.675223 -1.175290
v 0.056144 0.678214 -1.173907
v -0.027905 0.803132 0.750536
v -0.027786 0.827352 0.743830
v 0.033958 0.827277 0.744438
v -0.004365 0.854399 -1.285052
v -0.006401 0.857458 -1.311846
v 0.061460 0.857353 -1.311747
v -0.008448 0.696970 -1.248217
v -0.008765 0.686335 -1.223801
v 0.062360 0.686352 -1.223099
v -0.028036 0.746309 0.753887
v -0.027989 0.776118 0.753888
v 0.033755 0.776043 0.754496
v -0.005023 0.864663 -1.243971
v -0.003906 0.856800 -1.262427
v 0.063941 0.856695 -1.264033
v -0.007664 0.708726 -1.311122
v -0.008081 0.704434 -1.277324
v 0.063043 0.704348 -1.276624
v -0.027922 0.702062 0.738797
v -0.028013 0.721624 0.748857
v 0.033731 0.721549 0.749465
v -0.008031 0.877984 -1.202351
v -0.006398 0.871724 -1.223945
v 0.062268 0.871730 -1.224991
v -0.006980 0.710873 -1.367130
v -0.007297 0.710873 -1.341057
v 0.063827 0.710787 -1.340357
v -0.027606 0.669925 0.708617
v -0.027786 0.684829 0.725383
v 0.033958 0.684754 0.725991
v -0.005460 0.881637 -1.183031
v -0.007718 0.881288 -1.188713
v 0.061061 0.881616 -1.188099
v -0.006031 0.710875 -1.445348
v -0.006558 0.710874 -1.401893
v 0.064566 0.710788 -1.401194
v -0.027252 0.655487 0.677599
v -0.027428 0.660144 0.692689
v 0.034316 0.660069 0.693296
v -0.005075 0.882211 -1.119117
v -0.004579 0.881945 -1.159833
v 0.057165 0.882146 -1.159267
v -0.005028 0.710876 -1.527912
v -0.005520 0.710875 -1.487355
v 0.065604 0.710790 -1.486655
v -0.026540 0.651762 0.618499
v -0.026956 0.652692 0.652869
v 0.034788 0.652618 0.653477
v -0.006194 0.882343 -1.027085
v -0.005613 0.882343 -1.074868
v 0.056131 0.882269 -1.074261
v -0.004111 0.712487 -1.603234
v -0.004558 0.711413 -1.566538
v 0.066566 0.711327 -1.565839
v -0.025706 0.651297 0.549758
v -0.026124 0.651296 0.584128
v 0.035621 0.651222 0.584736
v -0.007383 0.883738 -0.929003
v -0.006783 0.882807 -0.978463
v 0.054961 0.882733 -0.977856
v -0.002917 0.714635 -1.701248
v -0.003564 0.713561 -1.648137
v 0.067561 0.713475 -1.647437
v -0.024935 0.649901 0.486047
v -0.025310 0.650832 0.517064
v 0.036434 0.650757 0.517672
v -0.008688 0.885599 -0.821281
v -0.008017 0.884669 -0.876609
v 0.053727 0.884594 -0.876002
v -0.001714 0.715173 -1.800228
v -0.002300 0.715172 -1.751945
v 0.068824 0.715086 -1.751245
v -0.023750 0.652231 0.388804
v -0.024415 0.650367 0.443293
v 0.037329 0.650293 0.443901
v -0.009800 0.887461 -0.729487
v -0.009282 0.886530 -0.772240
v 0.052462 0.886455 -0.771633
v -0.000893 0.714166 -1.867799
v -0.001245 0.714838 -1.838846
v 0.069879 0.714735 -1.838148
v -0.022545 0.654562 0.289884
v -0.023127 0.653629 0.337667
v 0.038617 0.653555 0.338275
v -0.010883 0.887925 -0.640207
v -0.010333 0.887926 -0.685476
v 0.051411 0.887851 -0.684868
v -0.000456 0.714287 -1.904047
v -0.000630 0.713982 -1.889532
v 0.070494 0.713830 -1.888842
v -0.021353 0.655029 0.191802
v -0.021954 0.655028 0.241262
v 0.039790 0.654954 0.241870
v -0.011906 0.887923 -0.555958
v -0.011407 0.887924 -0.597035
v 0.050337 0.887850 -0.596427
v 0.005682 0.721360 -1.931596
v 0.001648 0.716746 -1.918068
v 0.072772 0.716611 -1.917375
v -0.020178 0.657826 0.095398
v -0.020761 0.655962 0.143181
v 0.040983 0.655887 0.143788
v -0.012827 0.887922 -0.480091
v -0.012380 0.887923 -0.516977
v 0.049365 0.887848 -0.516369
v 0.005209 0.755981 -1.946368
v 0.006869 0.734439 -1.941029
v 0.077993 0.734353 -1.940329
v -0.018952 0.660706 0.008627
v -0.019575 0.659407 0.050546
v 0.042169 0.659332 0.051154
v -0.013739 0.887921 -0.405063
v -0.013281 0.887921 -0.442787
v 0.048464 0.887847 -0.442179
v -0.001511 0.819512 -1.947148
v 0.002416 0.784339 -1.948408
v 0.072725 0.784249 -1.947716
v -0.017952 0.662204 -0.082744
v -0.018411 0.661638 -0.035803
v 0.043333 0.661564 -0.035195
v -0.015006 0.888166 -0.333486
v -0.014314 0.888002 -0.368629
v 0.047431 0.887928 -0.368022
v 0.046739 0.888091 -0.332878
v 0.043792 0.662129 -0.082136
v 0.067170 0.819412 -1.946472
v 0.048006 0.887846 -0.404455
v 0.042792 0.660631 0.009235
v 0.076333 0.755895 -1.945668
v 0.048917 0.887848 -0.479484
v 0.041566 0.657751 0.096005
v 0.076806 0.721258 -1.930898
v 0.049838 0.887849 -0.555350
v 0.040391 0.654955 0.192410
v 0.070668 0.714135 -1.903356
v 0.050861 0.887850 -0.639600
v 0.039199 0.654487 0.290492
v 0.070231 0.714030 -1.867106
v 0.051945 0.887386 -0.728879
v 0.037994 0.652157 0.389411
v 0.069410 0.715087 -1.799528
v 0.053056 0.885525 -0.820673
v 0.036810 0.649826 0.486654
v 0.068207 0.714549 -1.700548
v 0.054362 0.883664 -0.928396
v 0.036038 0.651222 0.550366
v 0.067014 0.712401 -1.602533
v 0.055551 0.882268 -1.026477
v 0.035204 0.651687 0.619106
v 0.066096 0.710790 -1.527212
v 0.056669 0.882228 -1.118524
v 0.034492 0.655412 0.678207
v 0.065094 0.710789 -1.444648
v 0.058629 0.881942 -1.182459
v 0.034138 0.669850 0.709224
v 0.064144 0.710787 -1.366430
v 0.062274 0.878212 -1.202276
v 0.033822 0.701987 0.739404
v 0.063460 0.708640 -1.310422
v 0.062823 0.864558 -1.245576
v 0.033709 0.746234 0.754495
v 0.062676 0.696918 -1.247516
v 0.063486 0.854294 -1.286089
v 0.033839 0.803057 0.751144
v 0.060182 0.680117 -1.198562
v 0.060774 0.858352 -1.343174
v 0.034102 0.844510 0.734798
v 0.053353 0.676205 -1.163177
v 0.061977 0.856759 -1.417397
v 0.034448 0.863607 0.708811
v 0.052034 0.673304 -1.161324
v 0.062536 0.856813 -1.489525
v 0.034888 0.878046 0.674441
v 0.055290 0.673984 -1.130161
v 0.062443 0.856971 -1.560325
v 0.035709 0.888760 0.608215
v 0.055838 0.673607 -1.077201
v 0.063474 0.857629 -1.645096
v 0.037093 0.891557 0.494625
v 0.054790 0.673606 -0.990855
v 0.064561 0.859600 -1.734474
v 0.038666 0.891559 0.365107
v 0.053420 0.673604 -0.878104
v 0.066385 0.855707 -1.868356
v 0.040213 0.891561 0.237685
v 0.052070 0.672670 -0.767028
v 0.065400 0.858945 -1.803581
v 0.041435 0.891563 0.137089
v 0.050624 0.669408 -0.648408
v 0.042636 0.891564 0.038169
v 0.049135 0.667543 -0.526016
v 0.043790 0.891183 -0.065777
v 0.047887 0.665769 -0.406633
v 0.044650 0.889952 -0.154629
v 0.046936 0.664553 -0.294870
v 0.045936 0.889323 -0.244791
v 0.044955 0.663811 -0.182312
v 0.066749 0.848171 -1.921521
v 0.029887 0.947158 -2.155584
v 0.029887 0.676071 -1.332332
v 0.029887 0.795472 -1.864102
v 0.029887 0.953819 -2.086403
v 0.029887 0.662235 -1.378452
v 0.029887 0.775486 -1.861335
v 0.029887 0.955357 -2.013072
v 0.029887 0.648911 -1.422267
v 0.029887 0.747302 -1.854878
v 0.029887 0.954332 -1.930977
v 0.029887 0.730391 -1.809218
v 0.029887 0.945108 -1.791231
v 0.029887 0.729878 -1.745111
v 0.029887 0.933834 -1.691150
v 0.029887 0.729878 -1.709598
v 0.029887 0.919998 -1.596141
v 0.029887 0.606378 -1.597525
v 0.029887 0.729878 -1.637650
v 0.029887 0.907186 -1.503900
v 0.029887 0.596641 -1.648719
v 0.029887 0.729878 -1.567547
v 0.029887 0.897962 -1.435181
v 0.029887 0.589979 -1.693456
v 0.029887 0.729366 -1.487758
v 0.029887 0.894375 -1.383987
v 0.029887 0.586905 -1.768172
v 0.029887 0.727829 -1.367383
v 0.029887 0.892325 -1.313883
v 0.029911 0.590730 -1.818948
v 0.029887 0.726291 -1.290823
v 0.025115 0.882427 -1.222731
v 0.029895 0.598600 -1.875647
v 0.029887 0.725779 -1.268296
v 0.023696 0.878904 -1.151458
v 0.029887 0.603815 -1.903766
v 0.029887 0.719629 -1.237880
v 0.028354 0.868567 -1.184239
v 0.029688 0.616786 -1.959129
v 0.029887 0.705281 -1.188070
v 0.029887 0.859016 -1.219797
v 0.029717 0.632711 -2.022250
v 0.029887 0.696057 -1.159936
v 0.029887 0.856966 -1.281599
v 0.031169 0.651659 -2.089333
v 0.027094 0.699539 -1.076985
v 0.029887 0.856966 -1.349858
v 0.029887 0.671459 -2.146821
v 0.025983 0.696814 -1.045715
v 0.029887 0.856966 -1.428724
v 0.029887 0.692469 -2.198476
v 0.025983 0.691689 -1.054939
v 0.029887 0.858503 -1.510357
v 0.029651 0.717232 -2.251297
v 0.026183 0.690768 -1.070132
v 0.029887 0.859016 -1.591529
v 0.029202 0.749706 -2.307625
v 0.026243 0.698384 -1.095629
v 0.029887 0.860553 -1.674085
v 0.030469 0.784671 -2.360645
v 0.026471 0.701089 -1.113369
v 0.029887 0.861066 -1.752951
v 0.031597 0.818372 -2.403175
v 0.027154 0.704079 -1.155520
v 0.029887 0.861066 -1.831818
v 0.029887 0.932809 -2.230761
v 0.029204 0.688454 -1.226629
v 0.029887 0.860724 -1.852841
v 0.032021 0.914234 -2.302190
v 0.030680 0.848709 -2.436662
v 0.029887 0.682220 -1.269703
v 0.029887 0.858504 -1.857991
v 0.032913 0.891905 -2.368227
v 0.029887 0.681195 -1.263175
v 0.029887 0.852867 -1.862718
v 0.031486 0.864920 -2.429684
v 0.029887 0.680683 -1.290823
v 0.029887 0.834931 -1.863180
v 0.012220 0.833381 -1.857906
v 0.012220 0.682744 -1.298948
v 0.012999 0.863027 -2.411204
v 0.012220 0.850897 -1.857455
v 0.012220 0.683245 -1.272347
v 0.013965 0.891543 -2.351409
v 0.012220 0.856402 -1.852838
v 0.012220 0.684246 -1.279922
v 0.012484 0.846215 -2.418277
v 0.012932 0.911239 -2.286972
v 0.012220 0.858570 -1.847809
v 0.011992 0.684675 -1.238271
v 0.012220 0.928968 -2.216881
v 0.012220 0.858904 -1.827278
v 0.009260 0.709348 -1.168138
v 0.012790 0.816324 -2.385902
v 0.012220 0.858904 -1.750258
v 0.008576 0.706634 -1.126958
v 0.012391 0.784462 -2.343804
v 0.012220 0.858404 -1.673238
v 0.008576 0.701128 -1.109843
v 0.012019 0.751118 -2.290504
v 0.012220 0.856902 -1.592615
v 0.008556 0.693316 -1.082357
v 0.012153 0.718714 -2.236468
v 0.012220 0.856402 -1.513343
v 0.008436 0.693483 -1.062473
v 0.012220 0.694255 -2.185353
v 0.012220 0.854900 -1.433620
v 0.008336 0.699460 -1.060165
v 0.012220 0.673736 -2.134907
v 0.012220 0.854900 -1.356600
v 0.009487 0.701412 -1.087729
v 0.012648 0.654939 -2.078067
v 0.012220 0.854900 -1.289940
v 0.012220 0.697758 -1.172725
v 0.012144 0.637872 -2.012980
v 0.012220 0.856902 -1.229585
v 0.012220 0.706766 -1.200200
v 0.012147 0.620942 -1.951595
v 0.010687 0.866166 -1.194847
v 0.012220 0.720779 -1.248844
v 0.012220 0.607676 -1.897542
v 0.006030 0.876071 -1.162790
v 0.012220 0.726784 -1.278148
v 0.012220 0.602672 -1.870067
v 0.007448 0.879581 -1.232389
v 0.012220 0.727285 -1.298948
v 0.012220 0.595165 -1.814667
v 0.012220 0.889432 -1.321468
v 0.012220 0.728786 -1.373716
v 0.012220 0.591161 -1.765122
v 0.012220 0.891434 -1.389930
v 0.012220 0.730287 -1.491273
v 0.012220 0.594164 -1.692155
v 0.012220 0.894937 -1.439926
v 0.012220 0.730788 -1.569193
v 0.012220 0.600670 -1.648466
v 0.012220 0.903945 -1.507037
v 0.012220 0.730788 -1.637655
v 0.012220 0.610178 -1.598470
v 0.012220 0.916456 -1.597119
v 0.012220 0.730788 -1.707919
v 0.012220 0.929969 -1.689903
v 0.012220 0.730788 -1.742601
v 0.016637 0.635813 -1.503265
v 0.012220 0.940979 -1.787642
v 0.012220 0.731288 -1.805208
v 0.012220 0.949987 -1.924116
v 0.012220 0.747803 -1.849798
v 0.012220 0.651716 -1.427315
v 0.012220 0.950988 -2.004288
v 0.012220 0.775328 -1.856104
v 0.012220 0.664728 -1.384526
v 0.012220 0.949486 -2.075903
v 0.012220 0.794846 -1.858806
v 0.012220 0.678240 -1.339485
v 0.012220 0.942981 -2.143465
v 0.004387 0.698827 -1.100810
v 0.005754 0.702869 -1.168736
v 0.007804 0.687483 -1.217279
v 0.007804 0.693540 -1.262671
v 0.007804 0.695765 -1.287413
v 0.007804 0.693664 -1.318363
v 0.007804 0.676605 -1.401247
v 0.007804 0.668199 -1.453535
v 0.007804 0.688719 -1.508828
v 0.007804 0.648174 -1.548211
v 0.007804 0.641870 -1.600611
v 0.007804 0.630003 -1.686498
v 0.007804 0.628519 -1.738676
v 0.007804 0.717398 -1.996893
v 0.007804 0.729512 -2.063311
v 0.007804 0.742368 -2.122831
v 0.007804 0.755100 -2.177234
v 0.007804 0.793297 -2.272911
v 0.007895 0.813274 -2.329539
v 0.008079 0.831101 -2.376209
v 0.007804 0.870556 -1.852348
v 0.007804 0.878096 -1.786514
v 0.007804 0.875376 -1.705967
v 0.007804 0.870926 -1.623974
v 0.007804 0.867465 -1.542649
v 0.007804 0.864128 -1.467330
v 0.007804 0.862891 -1.395239
v 0.007804 0.862397 -1.327263
v 0.006610 0.859940 -1.253187
v 0.039661 0.699411 -1.104831
v 0.043137 0.676482 -1.170665
v 0.043137 0.687483 -1.217279
v 0.043137 0.693540 -1.262671
v 0.043137 0.695765 -1.287413
v 0.043137 0.693664 -1.318363
v 0.043137 0.676605 -1.401247
v 0.043137 0.668199 -1.453535
v 0.043137 0.688719 -1.508828
v 0.043137 0.648174 -1.548211
v 0.043137 0.641870 -1.600611
v 0.043137 0.630003 -1.686498
v 0.043137 0.628519 -1.738676
v 0.043311 0.716263 -1.996937
v 0.043137 0.729512 -2.063311
v 0.043137 0.742368 -2.122831
v 0.043137 0.755100 -2.177234
v 0.042896 0.791447 -2.273449
v 0.043438 0.812027 -2.329846
v 0.043413 0.831101 -2.376209
v 0.043137 0.870556 -1.852348
v 0.043137 0.878096 -1.786514
v 0.043137 0.875377 -1.705967
v 0.043137 0.870926 -1.623974
v 0.043137 0.867465 -1.542649
v 0.043137 0.864128 -1.467330
v 0.043137 0.862891 -1.395239
v 0.043137 0.862397 -1.327263
v 0.041944 0.859940 -1.253187
vn -0.8856 -0.4426 0.1405
vn 1.0000 -0.0000 -0.0000
vn -1.0000 -0.0009 -0.0000
vn -1.0000 -0.0000 -0.0000
vn -0.9684 -0.2268 0.1038
vn -0.9998 -0.0195 -0.0014
vn -0.9017 -0.4324 -0.0003
vn -0.9671 -0.2524 -0.0304
vn 1.0000 0.0002 0.0053
vn 0.9997 -0.0164 -0.0153
vn 1.0000 -0.0011 0.0015
vn 0.9999 -0.0041 0.0102
vn 0.9999 -0.0006 -0.0109
vn 1.0000 0.0012 -0.0032
vn -1.0000 -0.0007 0.0021
vn -1.0000 -0.0003 -0.0026
vn -0.9986 -0.0506 -0.0179
vn -0.9981 0.0529 -0.0326
vn 0.8856 0.4426 -0.1405
vn 0.9885 0.1445 0.0438
vn 0.9017 0.4324 0.0003
vn 0.9812 0.1928 -0.0000
vn -0.9997 0.0164 0.0153
vn -1.0000 0.0044 -0.0061
vn 0.9937 0.1121 0.0032
vn 0.9986 0.0357 0.0397
vn 0.9923 -0.1171 -0.0406
vn -0.5349 0.8389 -0.1008
vn 0.3421 0.9291 -0.1408
vn 0.5068 0.0963 0.8567
vn -0.4643 0.8853 -0.0252
vn 0.4396 0.8499 -0.2906
vn 0.5015 0.1533 0.8515
vn -0.4433 0.8964 -0.0000
vn 0.4210 0.8712 -0.2525
vn 0.4804 0.3599 0.7998
vn -0.4166 0.9083 0.0388
vn -0.1187 -0.9922 -0.0394
vn 0.3941 -0.9153 -0.0830
vn -0.0000 -0.9487 0.3162
vn -0.1024 -0.9947 -0.0000
vn 0.3855 -0.9162 -0.1091
vn -0.4075 -0.8792 0.2471
vn 0.1024 0.9947 -0.0000
vn 0.3819 -0.9132 -0.1421
vn -0.4048 -0.8981 0.1720
vn 0.3799 -0.9169 -0.1223
vn -0.4052 -0.8989 0.1665
vn 0.3803 -0.9166 -0.1234
vn -0.4229 -0.9053 0.0402
vn 0.0931 0.9953 0.0270
vn 0.3399 -0.9396 -0.0402
vn 0.4241 0.9050 -0.0347
vn -0.1078 -0.9942 -0.0000
vn 0.3305 -0.9435 -0.0250
vn 0.4657 0.8783 0.1084
vn -0.0866 -0.9959 -0.0277
vn 0.3982 -0.9123 -0.0954
vn 0.4704 0.8741 0.1214
vn -0.1130 -0.9936 -0.0000
vn 0.3163 -0.9486 -0.0094
vn -0.5042 -0.8417 -0.1935
vn 0.1286 -0.9702 -0.2053
vn -0.0215 0.9788 -0.2037
vn -0.5635 -0.7949 -0.2249
vn 0.2349 -0.9293 -0.2849
vn 0.1066 0.9477 -0.3009
vn -0.6247 -0.7561 -0.1953
vn -0.2811 0.9066 0.3148
vn -0.2277 0.9737 -0.0000
vn -0.5528 -0.7971 -0.2432
vn -0.6575 -0.7008 0.2767
vn -0.5933 -0.7482 -0.2969
vn 0.5357 -0.7265 -0.4304
vn -0.6148 -0.7228 -0.3155
vn 0.4802 0.7973 -0.3656
vn -0.2392 0.9707 0.0245
vn -0.7060 -0.6094 -0.3609
vn 0.2111 0.9761 0.0516
vn -0.2327 0.9725 -0.0000
vn -0.7480 -0.5666 -0.3456
vn -0.2281 0.9198 0.3194
vn -0.2342 0.9719 0.0240
vn -0.7151 -0.5640 -0.4130
vn 0.1677 -0.9435 -0.2859
vn -0.2377 0.9713 -0.0000
vn -0.7053 -0.5306 -0.4701
vn -0.5181 -0.6867 0.5099
vn -0.6004 0.7824 -0.1656
vn -0.2123 0.9640 -0.1602
vn 0.3645 -0.8951 0.2567
vn -0.5509 0.8071 -0.2124
vn -0.8026 -0.3796 -0.4602
vn 0.1682 0.9845 0.0497
vn 0.4766 -0.7003 0.5314
vn -0.4671 0.8443 -0.2627
vn -0.1438 -0.9862 -0.0818
vn 0.5119 -0.0000 0.8591
vn -0.7331 0.5992 -0.3216
vn 0.2272 0.9738 -0.0000
vn 0.5167 -0.0335 0.8555
vn -0.5167 -0.0335 0.8555
vn -0.2272 0.9738 -0.0000
vn 0.7845 0.5514 -0.2836
vn -0.5119 -0.0000 0.8591
vn 0.1344 -0.9867 -0.0910
vn 0.6213 0.7381 -0.2631
vn -0.4766 -0.7003 0.5314
vn -0.1682 0.9845 0.0497
vn 0.8063 -0.4158 -0.4206
vn 0.6582 0.7318 -0.1765
vn -0.3645 -0.8951 0.2567
vn -0.4589 0.6700 -0.5836
vn 0.6004 0.7824 -0.1656
vn 0.2377 0.9713 -0.0000
vn -0.9131 -0.3973 -0.0920
vn 0.8065 -0.4262 -0.4098
vn -0.3584 -0.9333 -0.0207
vn 0.6891 -0.5960 -0.4123
vn 0.2342 0.9719 0.0240
vn 0.2281 0.9198 0.3194
vn 0.6796 -0.6223 -0.3884
vn 0.2327 0.9725 -0.0000
vn -0.4310 0.8934 -0.1267
vn 0.6786 -0.6359 -0.3677
vn 0.2392 0.9707 0.0245
vn -0.2573 0.9633 -0.0765
vn 0.6148 -0.7228 -0.3155
vn 0.2277 0.9737 -0.0000
vn -0.5181 -0.7660 -0.3806
vn 0.5933 -0.7482 -0.2969
vn 0.8693 -0.4167 0.2659
vn 0.6604 -0.7034 -0.2629
vn 0.2812 0.9066 0.3148
vn 0.5525 -0.8113 -0.1910
vn -0.1066 0.9477 -0.3009
vn -0.2349 -0.9293 -0.2849
vn 0.5202 -0.8285 -0.2076
vn 0.0188 0.9784 -0.2059
vn -0.1286 -0.9702 -0.2053
vn 0.5042 -0.8417 -0.1935
vn -0.3133 -0.9496 -0.0067
vn 0.1132 -0.9936 -0.0000
vn -0.4577 0.8798 0.1280
vn -0.4436 -0.8844 -0.1451
vn 0.0865 -0.9959 -0.0277
vn -0.4163 0.9032 0.1045
vn -0.3305 -0.9435 -0.0250
vn 0.1078 -0.9942 -0.0000
vn -0.4241 0.9049 -0.0347
vn -0.3399 -0.9396 -0.0402
vn -0.0931 0.9953 0.0270
vn 0.4229 -0.9053 0.0402
vn -0.3803 -0.9166 -0.1234
vn -0.1024 0.9947 -0.0000
vn 0.4052 -0.8989 0.1665
vn -0.3799 -0.9169 -0.1223
vn 0.4048 -0.8981 0.1720
vn -0.3818 -0.9133 -0.1421
vn -0.3855 -0.9162 -0.1091
vn 0.1024 -0.9947 -0.0000
vn -0.3941 -0.9153 -0.0830
vn 0.1187 -0.9922 -0.0394
vn 0.4166 0.9083 0.0388
vn -0.4804 0.3599 0.7998
vn -0.4209 0.8712 -0.2525
vn 0.4433 0.8964 -0.0000
vn -0.5015 0.1533 0.8515
vn -0.4396 0.8499 -0.2906
vn 0.4643 0.8853 -0.0252
vn -0.5068 0.0964 0.8567
vn -0.3421 0.9291 -0.1408
vn 0.5349 0.8389 -0.1008
vn 0.0055 0.9085 -0.4179
vn 0.9985 0.0417 0.0341
vn -0.0010 -0.9998 -0.0182
vn 0.0014 0.9999 -0.0163
vn -0.0012 -1.0000 -0.0032
vn 0.0012 1.0000 -0.0037
vn -0.0011 -0.9999 -0.0136
vn 0.0014 0.9999 -0.0172
vn -0.0011 -0.9999 -0.0153
vn 0.0012 1.0000 -0.0000
vn 0.0019 0.9992 -0.0395
vn -0.0009 -0.9995 -0.0318
vn 0.0024 0.9964 -0.0842
vn -0.0012 -1.0000 -0.0000
vn 0.0015 1.0000 -0.0000
vn 0.0013 0.9996 0.0274
vn 0.0009 0.9994 0.0342
vn 0.0328 -0.9985 -0.0428
vn -0.0012 0.9699 0.2434
vn 0.0015 1.0000 0.0031
vn 0.0074 -0.9963 0.0852
vn -0.0035 0.8862 0.4634
vn 0.0016 1.0000 -0.0000
vn -0.0309 0.8405 -0.5409
vn -0.0053 0.7752 0.6317
vn 0.0018 0.9996 -0.0285
vn 0.0163 -0.9971 -0.0743
vn -0.0092 0.2669 0.9637
vn 0.0033 0.9930 0.1181
vn 0.0032 -0.9178 -0.3971
vn -0.0098 -0.0000 1.0000
vn -0.0079 0.9198 -0.3923
vn -0.0000 -0.9920 -0.1260
vn -0.0093 -0.4574 0.8892
vn -0.0028 0.9616 -0.2744
vn -0.0074 -0.7474 0.6643
vn -0.0042 0.9982 -0.0596
vn -0.0041 -0.9555 0.2949
vn -0.0003 1.0000 0.0002
vn -0.0015 -0.9996 0.0271
vn -0.0009 -0.9996 -0.0293
vn 0.0014 0.9998 -0.0188
vn -0.0010 -0.9998 -0.0202
vn -0.0015 -0.9995 0.0300
vn 0.0014 0.9999 -0.0168
vn -0.0009 -0.9994 -0.0342
vn 0.0014 0.9998 -0.0217
vn -0.0021 -0.9997 0.0243
vn -0.0010 -0.9998 -0.0195
vn -0.0019 -0.9998 -0.0210
vn 0.0018 -0.9459 -0.3245
vn -0.0008 -0.9992 -0.0390
vn 0.0093 -0.2399 -0.9708
vn -0.0009 -0.9995 -0.0310
vn 0.0099 0.0369 -0.9993
vn -0.0011 -0.9999 -0.0121
vn 0.0013 1.0000 -0.0046
vn -0.9956 0.0543 -0.0764
vn -0.9999 0.0016 -0.0121
vn -0.9999 -0.0017 -0.0147
vn -0.9999 0.0005 -0.0107
vn 0.9999 -0.0016 0.0121
vn 0.0014 -0.9458 -0.3246
vn 0.0013 -0.9466 -0.3225
vn 0.0018 -0.9466 -0.3223
vn -0.0017 -0.9997 0.0243
vn -0.0017 -0.9997 0.0232
vn -0.0021 -0.9997 0.0232
vn -0.0033 1.0000 0.0002
vn -0.0032 1.0000 -0.0043
vn -0.0002 1.0000 -0.0043
vn -0.0043 0.9616 -0.2744
vn -0.0043 0.9610 -0.2765
vn -0.0028 0.9610 -0.2765
vn -0.0093 -0.4573 0.8892
vn 0.0041 -0.9178 -0.3971
vn 0.0042 -0.9168 -0.3993
vn 0.0033 -0.9168 -0.3993
vn 0.0014 0.9930 0.1183
vn 0.0014 0.9936 0.1133
vn 0.0033 0.9936 0.1132
vn 0.0511 -0.9963 -0.0686
vn 0.0520 -0.9919 -0.1162
vn 0.0168 -0.9930 -0.1169
vn -0.0048 0.8352 -0.5500
vn -0.0156 0.9998 -0.0138
vn -0.0522 0.9986 -0.0024
vn 0.0288 -0.9963 0.0807
vn 0.0323 -0.9994 -0.0129
vn 0.0093 -0.9999 -0.0109
vn 0.0101 -0.9991 -0.0414
vn 0.0090 -0.9998 0.0173
vn 0.0307 -0.9994 0.0175
vn -0.5067 0.0964 0.8567
vn -0.5015 0.1532 0.8515
vn -0.4210 0.8712 -0.2525
vn -0.3818 -0.9132 -0.1421
vn 0.4052 -0.8990 0.1665
vn -0.3802 -0.9166 -0.1235
vn -0.3803 -0.9166 -0.1235
vn -0.4241 0.9050 -0.0347
vn 0.1077 -0.9942 -0.0000
vn -0.4484 0.8879 0.1027
vn -0.4443 0.8914 0.0888
vn -0.4112 0.9070 0.0904
vn 0.0866 -0.9959 -0.0277
vn -0.4303 -0.8909 -0.1451
vn -0.4326 -0.8894 -0.1479
vn -0.4461 -0.8827 -0.1480
vn -0.4260 0.8953 0.1302
vn -0.4306 0.8913 0.1419
vn -0.4629 0.8754 0.1394
vn 0.1131 -0.9936 -0.0000
vn -0.3128 -0.9498 -0.0068
vn -0.3129 -0.9498 -0.0069
vn -0.3135 -0.9496 -0.0069
vn 0.5042 -0.8416 -0.1935
vn 0.0356 0.9783 -0.2043
vn 0.0416 0.9790 -0.1997
vn 0.0244 0.9792 -0.2014
vn 0.5338 -0.8202 -0.2059
vn 0.5367 -0.8171 -0.2107
vn 0.5231 -0.8253 -0.2127
vn -0.1066 0.9477 -0.3008
vn 0.5924 -0.7848 -0.1819
vn 0.6036 -0.7732 -0.1947
vn 0.5612 -0.8023 -0.2036
vn 0.2811 0.9066 0.3148
vn 0.6055 -0.7467 -0.2754
vn 0.5875 -0.7672 -0.2573
vn 0.6438 -0.7250 -0.2448
vn 0.7747 -0.5445 0.3214
vn 0.8295 -0.4189 0.3694
vn 0.9051 -0.3036 0.2976
vn -0.6259 -0.6978 -0.3483
vn -0.4870 -0.8144 -0.3156
vn -0.3840 -0.8611 -0.3334
vn -0.3745 0.9243 -0.0734
vn -0.5379 0.8180 -0.2038
vn -0.3680 0.9028 -0.2225
vn 0.2392 0.9706 0.0245
vn 0.6725 -0.6408 -0.3703
vn 0.6699 -0.6444 -0.3688
vn 0.6762 -0.6393 -0.3660
vn -0.2930 0.9475 -0.1281
vn -0.1781 0.9837 0.0235
vn -0.2471 0.9687 0.0225
vn 0.2327 0.9726 -0.0000
vn 0.6564 -0.6396 -0.4000
vn 0.6456 -0.6537 -0.3949
vn 0.6698 -0.6359 -0.3834
vn 0.7161 -0.5755 -0.3949
vn 0.7316 -0.5522 -0.3997
vn 0.7034 -0.5751 -0.4178
vn -0.8402 -0.5416 -0.0259
vn -0.5659 -0.7376 0.3683
vn 0.4260 -0.7812 0.4564
vn 0.7962 -0.4368 -0.4186
vn 0.7909 -0.4474 -0.4176
vn 0.8012 -0.4372 -0.4087
vn 0.3702 0.7298 -0.5747
vn 0.7067 0.6666 -0.2371
vn -0.0857 0.9255 -0.3688
vn -0.3644 -0.8952 0.2566
vn 0.6342 0.7513 -0.1829
vn 0.6429 0.7420 -0.1901
vn 0.6688 0.7204 -0.1839
vn 0.8144 -0.4085 -0.4122
vn 0.8286 -0.3769 -0.4140
vn 0.8207 -0.3844 -0.4228
vn -0.4766 -0.7004 0.5314
vn 0.7090 0.6644 -0.2363
vn 0.6728 0.7080 -0.2147
vn 0.5730 0.7835 -0.2404
vn 0.1263 -0.9878 -0.0911
vn 0.1332 -0.9875 -0.0848
vn 0.1409 -0.9864 -0.0847
vn 0.7263 0.6132 -0.3106
vn 0.7558 0.5687 -0.3246
vn 0.8052 0.5135 -0.2965
vn -0.6638 0.6575 -0.3565
vn -0.6249 0.7057 -0.3339
vn -0.7026 0.6447 -0.3010
vn 0.5118 -0.0000 0.8591
vn -0.1363 -0.9873 -0.0819
vn -0.1298 -0.9876 -0.0879
vn -0.1378 -0.9866 -0.0878
vn -0.5333 0.8072 -0.2532
vn -0.5576 0.7843 -0.2720
vn -0.5000 0.8185 -0.2831
vn 0.4766 -0.7004 0.5314
vn -0.8026 -0.3795 -0.4602
vn -0.6067 0.7688 -0.2023
vn -0.6278 0.7463 -0.2212
vn -0.5722 0.7870 -0.2308
vn 0.3645 -0.8952 0.2567
vn 0.3644 -0.8952 0.2567
vn -0.8616 0.4982 -0.0971
vn -0.6035 0.6642 -0.4412
vn 0.3070 0.8180 -0.4865
vn 0.3711 -0.7098 0.5987
vn 0.8018 -0.5640 0.1974
vn -0.0387 -0.9593 0.2796
vn -0.7290 -0.5126 -0.4537
vn -0.7160 -0.5341 -0.4495
vn -0.6927 -0.5510 -0.4653
vn -0.6638 -0.6041 -0.4408
vn -0.6914 -0.5626 -0.4533
vn -0.7398 -0.5217 -0.4250
vn -0.7126 -0.5991 -0.3651
vn -0.7280 -0.5750 -0.3733
vn -0.7617 -0.5430 -0.3536
vn -0.2327 0.9726 -0.0000
vn 0.1599 0.9858 0.0519
vn 0.2150 0.9765 -0.0169
vn 0.2974 0.9546 -0.0149
vn -0.7415 -0.5775 -0.3417
vn -0.7270 -0.6007 -0.3325
vn -0.6917 -0.6314 -0.3505
vn 0.6602 0.6852 -0.3077
vn 0.4398 0.8899 -0.1212
vn 0.3058 0.9433 -0.1292
vn 0.5291 -0.7300 -0.4326
vn 0.5202 -0.7386 -0.4289
vn 0.5265 -0.7352 -0.4268
vn -0.6354 -0.7174 0.2857
vn -0.6260 -0.7285 0.2781
vn -0.6484 -0.7120 0.2695
vn -0.5452 -0.8018 -0.2447
vn -0.5478 -0.7992 -0.2474
vn -0.5549 -0.7948 -0.2457
vn -0.2812 0.9066 0.3148
vn -0.5611 -0.8018 -0.2058
vn -0.5771 -0.7846 -0.2268
vn -0.6383 -0.7386 -0.2170
vn -0.6328 -0.7452 -0.2103
vn -0.6186 -0.7635 -0.1852
vn -0.5487 -0.8121 -0.1986
vn -0.0349 0.9782 -0.2048
vn -0.0302 0.9776 -0.2083
vn -0.0171 0.9782 -0.2072
vn 0.1287 -0.9702 -0.2053
vn -0.5042 -0.8416 -0.1935
vn 0.3156 -0.9489 -0.0094
vn 0.3153 -0.9489 -0.0091
vn 0.3160 -0.9487 -0.0091
vn 0.3909 -0.9154 -0.0963
vn 0.3896 -0.9161 -0.0947
vn 0.3968 -0.9131 -0.0939
vn 0.3803 -0.9166 -0.1235
vn 0.3802 -0.9166 -0.1234
vn -0.4052 -0.8990 0.1665
vn 0.3798 -0.9169 -0.1223
vn 0.3818 -0.9132 -0.1421
vn -0.4166 0.9082 0.0388
vn 0.4209 0.8712 -0.2525
vn -0.4434 0.8963 -0.0000
vn -0.4642 0.8854 -0.0252
vn 0.5068 0.0964 0.8567
vn 0.3421 0.9290 -0.1408
vn -0.9804 -0.1859 -0.0646
vn -0.9745 -0.2236 0.0207
vn 0.9432 -0.3172 0.0991
vn 0.9905 0.1338 0.0304
vn 0.7461 0.6609 0.0805
vn 0.9787 0.2014 -0.0394
vn -0.9998 0.0044 -0.0197
vn -0.9997 0.0107 -0.0204
vn -0.9999 0.0124 -0.0031
vn -0.9997 0.0166 0.0158
vn -0.9997 0.0161 0.0160
vn -0.9998 0.0153 0.0148
vn 0.9986 0.0521 -0.0000
vn 0.9984 0.0375 0.0417
vn 0.9874 0.1503 0.0498
vn 0.8857 0.4426 -0.1405
vn -0.9962 -0.0089 -0.0865
vn -0.9562 0.2064 -0.2075
vn 0.9811 0.1902 0.0349
vn 1.0000 0.0007 -0.0033
vn 1.0000 0.0005 -0.0021
vn 1.0000 0.0011 -0.0021
vn 0.9999 -0.0015 0.0111
vn 1.0000 -0.0006 0.0073
vn 1.0000 -0.0034 0.0070
vn 0.9999 -0.0105 -0.0024
vn 0.9999 -0.0122 0.0090
vn 0.9999 -0.0028 0.0102
vn 0.9998 -0.0153 -0.0148
vn 0.9998 -0.0154 -0.0156
vn 0.9997 -0.0164 -0.0156
vn -0.9770 -0.1995 -0.0749
vn -0.9949 -0.0788 -0.0629
vn -0.9946 -0.1010 -0.0248
vn -0.8857 -0.4426 0.1405
vn -0.9950 -0.0890 -0.0455
vn -0.9984 -0.0375 -0.0417
vn -0.9988 -0.0442 -0.0226
vn -0.9945 -0.0701 -0.0779
vn -0.9970 -0.0268 -0.0722
vn -0.9978 -0.0318 -0.0580
vn -0.9795 -0.1793 -0.0915
vn -0.9891 -0.1205 -0.0843
vn -0.9886 -0.1342 -0.0685
vn 0.9997 -0.0161 -0.0156
vn 0.9997 -0.0161 -0.0160
vn 0.9997 -0.0164 -0.0159
vn 0.9998 -0.0138 -0.0167
vn 0.9997 -0.0143 -0.0173
vn 0.9997 -0.0155 -0.0161
vn 0.9999 -0.0106 -0.0129
vn 0.9998 -0.0128 -0.0155
vn 0.9999 -0.0069 0.0096
vn 0.9998 -0.0085 0.0185
vn 0.9998 -0.0044 0.0181
vn 0.9998 -0.0192 0.0081
vn 0.9996 -0.0205 0.0198
vn 0.9997 -0.0137 0.0191
vn 0.9998 -0.0177 -0.0053
vn 1.0000 -0.0022 0.0071
vn 1.0000 -0.0014 0.0037
vn 1.0000 -0.0027 0.0038
vn 1.0000 0.0012 0.0076
vn 1.0000 0.0021 0.0034
vn 1.0000 0.0002 0.0035
vn 0.9999 0.0002 0.0117
vn 1.0000 0.0008 -0.0021
vn 1.0000 0.0007 -0.0010
vn 1.0000 0.0009 -0.0010
vn 1.0000 0.0003 -0.0022
vn 1.0000 0.0001 -0.0011
vn 1.0000 0.0004 -0.0010
vn 1.0000 0.0004 -0.0033
vn 0.9741 0.2261 -0.0047
vn 0.9869 0.1606 0.0155
vn 0.9881 0.1497 0.0347
vn -0.9794 0.0819 -0.1844
vn 0.9789 0.1979 -0.0510
vn 0.9844 0.1758 -0.0113
vn -0.9949 -0.0226 -0.0984
vn 0.9950 0.0890 0.0455
vn 0.9949 0.0788 0.0629
vn 0.9886 0.1342 0.0685
vn 0.9992 -0.0061 0.0384
vn 0.9985 -0.0085 0.0538
vn 0.9978 0.0318 0.0580
vn 0.9998 -0.0033 0.0207
vn 0.9988 0.0442 0.0226
vn -0.9998 0.0154 0.0156
vn -0.9998 0.0128 0.0155
vn -0.9999 0.0106 0.0129
vn -0.9997 0.0161 0.0163
vn -0.9997 0.0143 0.0173
vn -0.9998 0.0138 0.0167
vn -0.9997 0.0165 0.0160
vn -0.9997 0.0164 0.0161
vn -0.9997 0.0164 0.0159
vn -0.9998 0.0138 -0.0125
vn -0.9997 0.0196 -0.0119
vn -0.9998 0.0184 -0.0009
vn -0.9996 0.0119 -0.0272
vn -0.9995 0.0162 -0.0284
vn -0.9997 0.0151 -0.0209
vn -0.9997 0.0056 -0.0253
vn -0.9996 0.0084 -0.0261
vn -0.9998 0.0072 -0.0200
vn 0.9543 0.2984 -0.0162
vn -0.9685 0.2379 -0.0740
vn -0.3397 0.8447 -0.4136
vn -0.8210 0.5393 0.1873
vn -0.9982 0.0567 0.0197
vn -0.9943 0.1063 -0.0058
vn 0.9871 0.1514 0.0526
vn 0.9640 0.2512 0.0872
vn 0.9815 0.1880 0.0358
vn -0.8994 -0.4352 0.0403
vn -0.9015 -0.4227 0.0923
vn 0.8636 -0.4608 0.2048
vn -0.9853 -0.1706 0.0022
vn -0.9838 -0.1787 0.0165
vn -0.9716 -0.2327 0.0420
vn -0.9879 -0.1521 -0.0305
vn -0.9867 -0.1618 -0.0135
vn -0.9770 -0.2130 -0.0037
vn -0.4642 0.8853 -0.0252
vn 0.4397 0.8499 -0.2906
vn 0.5015 0.1532 0.8515
vn -0.1187 -0.9921 -0.0394
vn 0.3818 -0.9133 -0.1421
vn 0.3802 -0.9166 -0.1235
vn -0.4230 -0.9053 0.0402
vn 0.3399 -0.9396 -0.0401
vn 0.4241 0.9049 -0.0347
vn -0.1077 -0.9942 -0.0000
vn 0.3304 -0.9435 -0.0250
vn -0.0865 -0.9959 -0.0277
vn 0.3932 -0.9146 -0.0943
vn 0.3925 -0.9150 -0.0935
vn 0.3961 -0.9135 -0.0931
vn 0.3859 -0.9176 -0.0952
vn 0.3854 -0.9179 -0.0944
vn 0.3890 -0.9164 -0.0940
vn 0.3871 -0.9169 -0.0967
vn 0.3866 -0.9173 -0.0960
vn 0.3902 -0.9157 -0.0955
vn -0.1131 -0.9936 -0.0000
vn 0.3157 -0.9488 -0.0091
vn 0.3156 -0.9489 -0.0090
vn 0.3159 -0.9487 -0.0090
vn 0.3150 -0.9491 -0.0091
vn 0.3149 -0.9491 -0.0090
vn 0.3152 -0.9490 -0.0090
vn 0.3152 -0.9490 -0.0094
vn 0.3151 -0.9490 -0.0093
vn 0.3155 -0.9489 -0.0093
vn -0.0237 0.9779 -0.2077
vn -0.0215 0.9776 -0.2095
vn -0.0150 0.9778 -0.2089
vn -0.0366 0.9773 -0.2088
vn -0.0343 0.9770 -0.2105
vn -0.0279 0.9773 -0.2100
vn -0.0414 0.9778 -0.2054
vn -0.0390 0.9775 -0.2071
vn -0.0325 0.9779 -0.2066
vn -0.5847 -0.7882 -0.1920
vn -0.5773 -0.7966 -0.1793
vn -0.5412 -0.8202 -0.1856
vn -0.6504 -0.7384 -0.1784
vn -0.6433 -0.7473 -0.1663
vn -0.6114 -0.7722 -0.1728
vn -0.6641 -0.7196 -0.2028
vn -0.6573 -0.7291 -0.1906
vn -0.6258 -0.7545 -0.1977
vn 0.1066 0.9477 -0.3008
vn -0.6076 -0.7625 -0.2222
vn -0.6145 -0.7540 -0.2323
vn -0.6445 -0.7300 -0.2273
vn -0.5468 -0.8048 -0.2310
vn -0.5547 -0.7964 -0.2408
vn -0.5845 -0.7761 -0.2368
vn -0.5297 -0.8217 -0.2103
vn -0.5385 -0.8132 -0.2208
vn -0.5693 -0.7931 -0.2165
vn -0.5515 -0.7969 -0.2465
vn -0.5526 -0.7958 -0.2477
vn -0.5559 -0.7937 -0.2469
vn -0.5439 -0.8016 -0.2483
vn -0.5452 -0.8003 -0.2495
vn -0.5490 -0.7980 -0.2486
vn -0.5411 -0.8043 -0.2456
vn -0.5425 -0.8029 -0.2470
vn -0.5466 -0.8005 -0.2461
vn -0.6375 -0.7202 0.2738
vn -0.6328 -0.7257 0.2700
vn -0.6439 -0.7175 0.2658
vn -0.6142 -0.7369 0.2826
vn -0.6094 -0.7423 0.2787
vn -0.6213 -0.7340 0.2743
vn -0.6237 -0.7257 0.2903
vn -0.6190 -0.7313 0.2864
vn -0.6308 -0.7230 0.2819
vn 0.5233 -0.7369 -0.4279
vn 0.5191 -0.7409 -0.4261
vn 0.5222 -0.7393 -0.4251
vn 0.5169 -0.7402 -0.4299
vn 0.5127 -0.7442 -0.4282
vn 0.5159 -0.7425 -0.4272
vn 0.5258 -0.7318 -0.4337
vn 0.5213 -0.7361 -0.4318
vn 0.5245 -0.7344 -0.4307
vn 0.3762 0.9180 -0.1254
vn 0.3226 0.9436 -0.0749
vn 0.2639 0.9615 -0.0763
vn 0.4968 0.8600 -0.1169
vn 0.4281 0.9009 -0.0715
vn 0.3774 0.9231 -0.0733
vn 0.7207 0.6335 -0.2816
vn 0.5925 0.7844 -0.1834
vn 0.5303 0.8253 -0.1940
vn -0.2392 0.9706 0.0245
vn -0.2393 0.9706 0.0245
vn -0.7098 -0.6161 -0.3415
vn -0.7027 -0.6267 -0.3368
vn -0.6847 -0.6417 -0.3455
vn -0.7435 -0.5853 -0.3235
vn -0.7364 -0.5965 -0.3193
vn -0.7200 -0.6116 -0.3280
vn -0.7579 -0.5615 -0.3321
vn -0.7507 -0.5737 -0.3277
vn -0.7342 -0.5893 -0.3371
vn 0.2573 0.9662 -0.0159
vn 0.3448 0.9331 -0.1021
vn 0.3994 0.9116 -0.0974
vn 0.1706 0.9852 -0.0179
vn 0.2187 0.9694 -0.1114
vn 0.2845 0.9527 -0.1068
vn 0.1334 0.9897 0.0521
vn 0.1471 0.9888 0.0264
vn 0.1804 0.9832 0.0266
vn -0.2328 0.9725 -0.0000
vn -0.7453 -0.5590 -0.3634
vn -0.7522 -0.5472 -0.3672
vn -0.7681 -0.5313 -0.3573
vn -0.7099 -0.5910 -0.3831
vn -0.7176 -0.5790 -0.3871
vn -0.7353 -0.5631 -0.3772
vn -0.6935 -0.6153 -0.3748
vn -0.7018 -0.6031 -0.3790
vn -0.7205 -0.5870 -0.3693
vn -0.7160 -0.5425 -0.4394
vn -0.7279 -0.5217 -0.4449
vn -0.7510 -0.5008 -0.4304
vn -0.6661 -0.5819 -0.4665
vn -0.6795 -0.5615 -0.4722
vn -0.7041 -0.5419 -0.4588
vn -0.6373 -0.6229 -0.4538
vn -0.6520 -0.6024 -0.4604
vn -0.6780 -0.5833 -0.4473
vn -0.2378 0.9713 -0.0000
vn -0.2376 0.9714 -0.0000
vn -0.7044 -0.5427 -0.4575
vn -0.6981 -0.5526 -0.4553
vn -0.6866 -0.5607 -0.4629
vn -0.7275 -0.5253 -0.4413
vn -0.7211 -0.5357 -0.4394
vn -0.7096 -0.5442 -0.4475
vn -0.7407 -0.5033 -0.4451
vn -0.7341 -0.5145 -0.4432
vn -0.7225 -0.5235 -0.4516
vn 0.5275 -0.8093 0.2583
vn 0.7394 -0.6723 0.0369
vn 0.3366 -0.9409 0.0376
vn 0.9052 -0.3966 0.1525
vn 0.9435 -0.3299 0.0299
vn 0.8873 -0.4601 0.0330
vn 0.6849 -0.5410 0.4881
vn 0.8263 -0.4713 0.3083
vn 0.6323 -0.6624 0.4017
vn -0.2377 0.9714 -0.0000
vn -0.1955 0.8306 -0.5214
vn 0.0481 0.7729 -0.6327
vn 0.4458 0.7062 -0.5500
vn -0.8040 0.4861 -0.3424
vn -0.6785 0.5431 -0.4946
vn -0.3914 0.6968 -0.6010
vn -0.9317 0.3554 -0.0753
vn -0.8855 0.4200 -0.1988
vn -0.7640 0.5899 -0.2614
vn 0.3644 -0.8951 0.2567
vn 0.3646 -0.8951 0.2567
vn 0.3644 -0.8952 0.2566
vn -0.5997 0.7676 -0.2262
vn -0.6101 0.7566 -0.2354
vn -0.5826 0.7766 -0.2398
vn -0.6564 0.7230 -0.2156
vn -0.6664 0.7108 -0.2250
vn -0.6380 0.7347 -0.2305
vn -0.6354 0.7467 -0.1965
vn -0.6460 0.7350 -0.2061
vn -0.6173 0.7576 -0.2118
vn -0.8027 -0.3794 -0.4602
vn 0.1681 0.9845 0.0497
vn 0.4767 -0.7003 0.5314
vn -0.5302 0.8011 -0.2775
vn -0.5425 0.7899 -0.2860
vn -0.5142 0.8065 -0.2919
vn -0.5822 0.7681 -0.2668
vn -0.5912 0.7582 -0.2748
vn -0.5681 0.7737 -0.2803
vn -0.5613 0.7894 -0.2486
vn -0.5722 0.7785 -0.2581
vn -0.5460 0.7954 -0.2630
vn -0.1338 -0.9871 -0.0878
vn -0.1304 -0.9873 -0.0910
vn -0.1344 -0.9867 -0.0910
vn -0.1259 -0.9881 -0.0879
vn -0.1223 -0.9883 -0.0911
vn -0.1263 -0.9878 -0.0911
vn -0.1326 -0.9878 -0.0819
vn -0.1293 -0.9880 -0.0848
vn -0.1332 -0.9875 -0.0848
vn 0.5119 -0.0000 0.8590
vn -0.6662 0.6750 -0.3173
vn -0.6470 0.6987 -0.3055
vn -0.6856 0.6678 -0.2897
vn -0.5785 0.7365 -0.3507
vn -0.5544 0.7607 -0.3375
vn -0.6034 0.7298 -0.3214
vn -0.6222 0.6875 -0.3746
vn -0.6010 0.7120 -0.3631
vn -0.6450 0.6816 -0.3456
vn -0.2273 0.9738 -0.0000
vn 0.7826 0.5398 -0.3099
vn 0.7933 0.5206 -0.3158
vn 0.8142 0.4957 -0.3022
vn 0.7238 0.6002 -0.3405
vn 0.7391 0.5775 -0.3467
vn 0.7685 0.5478 -0.3306
vn 0.6884 0.6481 -0.3257
vn 0.7069 0.6237 -0.3335
vn 0.7418 0.5905 -0.3179
vn -0.5118 -0.0000 0.8591
vn -0.5118 -0.0001 0.8591
vn 0.1370 -0.9869 -0.0847
vn 0.1401 -0.9868 -0.0818
vn 0.1438 -0.9862 -0.0818
vn 0.1293 -0.9880 -0.0848
vn 0.1326 -0.9878 -0.0819
vn 0.1363 -0.9873 -0.0819
vn 0.1223 -0.9883 -0.0911
vn 0.1259 -0.9881 -0.0879
vn 0.1298 -0.9876 -0.0879
vn 0.6253 0.7464 -0.2277
vn 0.6011 0.7696 -0.2152
vn 0.5455 0.8066 -0.2276
vn 0.7154 0.6690 -0.2015
vn 0.6974 0.6911 -0.1896
vn 0.6518 0.7309 -0.2025
vn 0.7463 0.6272 -0.2227
vn 0.7316 0.6477 -0.2125
vn 0.6918 0.6859 -0.2259
vn 0.8247 -0.3806 -0.4184
vn 0.8318 -0.3639 -0.4193
vn 0.8278 -0.3677 -0.4238
vn 0.8325 -0.3731 -0.4096
vn 0.8395 -0.3563 -0.4102
vn 0.8356 -0.3601 -0.4147
vn 0.8182 -0.4051 -0.4080
vn 0.8254 -0.3893 -0.4088
vn 0.8215 -0.3931 -0.4132
vn 0.6554 0.7318 -0.1872
vn 0.6605 0.7261 -0.1911
vn 0.6744 0.7140 -0.1879
vn 0.6312 0.7513 -0.1927
vn 0.6354 0.7467 -0.1965
vn 0.6475 0.7370 -0.1939
vn 0.6233 0.7596 -0.1857
vn 0.6272 0.7555 -0.1891
vn 0.6384 0.7468 -0.1864
vn -0.3644 -0.8952 0.2567
vn -0.3644 -0.8951 0.2567
vn -0.3645 -0.8951 0.2566
vn 0.4311 0.8446 -0.3176
vn 0.6212 0.7753 -0.1137
vn 0.2021 0.9674 -0.1528
vn 0.8288 0.5302 -0.1787
vn 0.8765 0.4777 -0.0606
vn 0.7990 0.5958 -0.0812
vn 0.6352 0.6176 -0.4638
vn 0.7508 0.5800 -0.3161
vn 0.5616 0.7180 -0.4112
vn 0.7959 -0.4424 -0.4132
vn 0.7932 -0.4478 -0.4126
vn 0.7984 -0.4427 -0.4081
vn 0.7859 -0.4522 -0.4217
vn 0.7832 -0.4574 -0.4212
vn 0.7881 -0.4527 -0.4170
vn 0.7912 -0.4418 -0.4228
vn 0.7886 -0.4470 -0.4223
vn 0.7936 -0.4421 -0.4181
vn -0.1257 -0.8730 0.4712
vn 0.2335 -0.7410 0.6297
vn 0.6122 -0.5841 0.5330
vn -0.7709 -0.5781 0.2675
vn -0.6047 -0.6396 0.4746
vn -0.2617 -0.7562 0.5998
vn -0.8992 -0.4368 -0.0258
vn -0.8582 -0.5037 0.0987
vn -0.7521 -0.6437 0.1412
vn 0.7173 -0.5640 -0.4091
vn 0.7250 -0.5521 -0.4117
vn 0.7107 -0.5638 -0.4207
vn 0.7463 -0.5396 -0.3897
vn 0.7547 -0.5262 -0.3918
vn 0.7397 -0.5396 -0.4021
vn 0.7302 -0.5642 -0.3853
vn 0.7382 -0.5522 -0.3875
vn 0.7238 -0.5642 -0.3973
vn 0.6580 -0.6447 -0.3891
vn 0.6526 -0.6517 -0.3865
vn 0.6647 -0.6427 -0.3808
vn 0.6326 -0.6627 -0.4008
vn 0.6267 -0.6700 -0.3981
vn 0.6399 -0.6608 -0.3922
vn 0.6440 -0.6484 -0.4059
vn 0.6384 -0.6556 -0.4034
vn 0.6511 -0.6466 -0.3975
vn 0.2328 0.9725 -0.0000
vn -0.2128 0.9768 0.0230
vn -0.1839 0.9816 0.0506
vn -0.2111 0.9762 0.0502
vn -0.1433 0.9894 0.0239
vn -0.1291 0.9903 0.0512
vn -0.1566 0.9863 0.0509
vn -0.2191 0.9673 -0.1278
vn -0.1677 0.9855 -0.0239
vn -0.2153 0.9762 -0.0246
vn 0.6731 -0.6419 -0.3674
vn 0.6717 -0.6438 -0.3666
vn 0.6750 -0.6412 -0.3652
vn 0.6668 -0.6469 -0.3701
vn 0.6653 -0.6489 -0.3693
vn 0.6685 -0.6463 -0.3679
vn 0.6695 -0.6432 -0.3716
vn 0.6682 -0.6450 -0.3709
vn 0.6713 -0.6425 -0.3695
vn 0.2393 0.9706 0.0245
vn -0.4585 0.8626 -0.2137
vn -0.5922 0.7219 -0.3581
vn -0.4822 0.7865 -0.3858
vn -0.6061 0.7715 -0.1933
vn -0.7448 0.5950 -0.3019
vn -0.6784 0.6567 -0.3294
vn -0.4281 0.9009 -0.0715
vn -0.5019 0.8565 -0.1203
vn -0.4405 0.8891 -0.1246
vn -0.4374 -0.8386 -0.3248
vn -0.3838 -0.8706 -0.3078
vn -0.3336 -0.8888 -0.3142
vn -0.5328 -0.7890 -0.3059
vn -0.4757 -0.8293 -0.2932
vn -0.4312 -0.8507 -0.3007
vn -0.6703 -0.6637 -0.3320
vn -0.5978 -0.7354 -0.3191
vn -0.5518 -0.7652 -0.3317
vn 0.5934 -0.7482 -0.2969
vn 0.8742 -0.3559 0.3305
vn 0.8915 -0.2894 0.3485
vn 0.9185 -0.2426 0.3124
vn 0.7642 -0.4940 0.4146
vn 0.7928 -0.4171 0.4444
vn 0.8520 -0.3468 0.3922
vn 0.6987 -0.6219 0.3537
vn 0.7324 -0.5622 0.3841
vn 0.8034 -0.4849 0.3456
vn 0.6159 -0.7467 -0.2512
vn 0.6068 -0.7571 -0.2420
vn 0.6351 -0.7357 -0.2355
vn 0.5590 -0.7864 -0.2629
vn 0.5494 -0.7962 -0.2536
vn 0.5782 -0.7773 -0.2480
vn 0.5774 -0.7665 -0.2810
vn 0.5683 -0.7766 -0.2720
vn 0.5966 -0.7570 -0.2664
vn 0.5819 -0.7884 -0.1994
vn 0.5872 -0.7828 -0.2062
vn 0.5658 -0.7972 -0.2103
vn 0.6263 -0.7562 -0.1896
vn 0.6329 -0.7488 -0.1966
vn 0.6095 -0.7667 -0.2016
vn 0.6138 -0.7694 -0.1768
vn 0.6199 -0.7630 -0.1830
vn 0.5979 -0.7792 -0.1882
vn 0.5301 -0.8211 -0.2117
vn 0.5315 -0.8195 -0.2142
vn 0.5245 -0.8237 -0.2153
vn 0.5430 -0.8131 -0.2097
vn 0.5444 -0.8116 -0.2121
vn 0.5381 -0.8155 -0.2131
vn 0.5401 -0.8162 -0.2051
vn 0.5415 -0.8147 -0.2074
vn 0.5352 -0.8186 -0.2083
vn 0.0329 0.9791 -0.2006
vn 0.0360 0.9795 -0.1982
vn 0.0272 0.9796 -0.1991
vn 0.0504 0.9787 -0.1988
vn 0.0537 0.9790 -0.1964
vn 0.0448 0.9793 -0.1973
vn 0.0441 0.9781 -0.2034
vn 0.0472 0.9784 -0.2011
vn 0.0386 0.9786 -0.2020
vn -0.1287 -0.9702 -0.2053
vn -0.3132 -0.9497 -0.0069
vn -0.3133 -0.9496 -0.0070
vn -0.3136 -0.9495 -0.0070
vn -0.3127 -0.9498 -0.0069
vn -0.3128 -0.9498 -0.0070
vn -0.3130 -0.9497 -0.0070
vn -0.3125 -0.9499 -0.0068
vn -0.3126 -0.9499 -0.0068
vn 0.1130 -0.9936 -0.0000
vn -0.4470 0.8834 0.1406
vn -0.4495 0.8812 0.1466
vn -0.4656 0.8730 0.1453
vn -0.4139 0.8990 0.1431
vn -0.4162 0.8970 0.1491
vn -0.4330 0.8892 0.1479
vn -0.4096 0.9028 0.1313
vn -0.4117 0.9009 0.1371
vn -0.4283 0.8934 0.1360
vn -0.4394 -0.8860 -0.1480
vn -0.4406 -0.8852 -0.1494
vn -0.4474 -0.8818 -0.1494
vn -0.4258 -0.8926 -0.1479
vn -0.4269 -0.8919 -0.1494
vn -0.4337 -0.8886 -0.1494
vn -0.4237 -0.8941 -0.1451
vn -0.4247 -0.8934 -0.1465
vn -0.4314 -0.8902 -0.1465
vn -0.4280 0.8993 0.0896
vn -0.4256 0.9012 0.0823
vn -0.4086 0.9089 0.0831
vn -0.4604 0.8834 0.0879
vn -0.4584 0.8850 0.0808
vn -0.4422 0.8932 0.0816
vn -0.4640 0.8800 0.1018
vn -0.4622 0.8817 0.0950
vn -0.4464 0.8897 0.0958
vn 0.4230 -0.9053 0.0402
vn -0.3802 -0.9166 -0.1234
vn -0.3798 -0.9169 -0.1223
vn -0.3819 -0.9132 -0.1421
vn 0.1186 -0.9922 -0.0394
vn 0.1187 -0.9921 -0.0394
vn 0.4166 0.9082 0.0388
vn 0.4434 0.8963 -0.0000
vn 0.4433 0.8963 -0.0000
vn -0.4397 0.8499 -0.2906
vn 0.4642 0.8853 -0.0252
vn -0.5068 0.0963 0.8567
vn -0.5067 0.0963 0.8567
vn -0.3422 0.9290 -0.1408
vn -0.3421 0.9290 -0.1408
vn 0.0013 1.0000 -0.0037
vn 0.0197 -0.9997 0.0174
vn 0.0182 -0.9973 0.0714
vn 0.0286 -0.9970 0.0721
vn -0.0016 -0.9990 0.0442
vn -0.0019 -0.9975 0.0700
vn 0.0080 -0.9975 0.0707
vn -0.0008 -0.9992 -0.0408
vn -0.0011 -0.9999 -0.0112
vn 0.0096 -0.9999 -0.0114
vn 0.0210 -0.9997 -0.0119
vn 0.0225 -0.9976 -0.0651
vn 0.0115 -0.9923 -0.1230
vn 0.0433 -0.9990 -0.0138
vn 0.0456 -0.9968 -0.0654
vn 0.0342 -0.9973 -0.0653
vn 0.0390 -0.9961 0.0786
vn 0.0411 -0.9986 0.0342
vn 0.0305 -0.9989 0.0358
vn -0.0340 0.9994 -0.0080
vn -0.0391 0.9238 0.3808
vn -0.0575 0.9217 0.3835
vn 0.0030 0.9998 -0.0195
vn -0.0014 0.9271 0.3748
vn -0.0204 0.9257 0.3778
vn 0.0083 0.8323 -0.5543
vn 0.0064 0.9377 -0.3475
vn -0.0096 0.9397 -0.3418
vn -0.0053 0.7752 0.6316
vn 0.0334 -0.9926 -0.1166
vn 0.0340 -0.9862 -0.1620
vn 0.0173 -0.9870 -0.1599
vn 0.0729 -0.9906 -0.1158
vn 0.0738 -0.9832 -0.1669
vn 0.0527 -0.9850 -0.1643
vn 0.0718 -0.9953 -0.0651
vn -0.0092 0.2668 0.9637
vn 0.0023 0.9936 0.1133
vn 0.0023 0.9938 0.1109
vn 0.0032 0.9938 0.1109
vn 0.0004 0.9935 0.1134
vn 0.0004 0.9938 0.1111
vn 0.0014 0.9938 0.1110
vn 0.0004 0.9930 0.1184
vn 0.0004 0.9933 0.1158
vn 0.0014 0.9933 0.1158
vn 0.0037 -0.9168 -0.3993
vn 0.0037 -0.9163 -0.4004
vn 0.0033 -0.9163 -0.4004
vn 0.0046 -0.9168 -0.3993
vn 0.0046 -0.9163 -0.4004
vn 0.0042 -0.9163 -0.4004
vn 0.0046 -0.9178 -0.3971
vn 0.0046 -0.9173 -0.3982
vn 0.0041 -0.9173 -0.3982
vn -0.0035 0.9610 -0.2765
vn -0.0036 0.9604 -0.2787
vn -0.0028 0.9604 -0.2786
vn -0.0051 0.9610 -0.2765
vn -0.0051 0.9603 -0.2788
vn -0.0043 0.9604 -0.2787
vn -0.0050 0.9622 -0.2724
vn -0.0050 0.9616 -0.2744
vn -0.0017 1.0000 -0.0043
vn -0.0017 1.0000 -0.0066
vn -0.0002 1.0000 -0.0065
vn -0.0047 1.0000 -0.0043
vn -0.0047 1.0000 -0.0066
vn -0.0032 1.0000 -0.0066
vn -0.0048 1.0000 0.0002
vn -0.0047 1.0000 -0.0021
vn -0.0033 1.0000 -0.0020
vn -0.0019 -0.9997 0.0232
vn -0.0019 -0.9997 0.0226
vn -0.0021 -0.9997 0.0226
vn -0.0014 -0.9997 0.0232
vn -0.0014 -0.9997 0.0226
vn -0.0017 -0.9997 0.0226
vn -0.0014 -0.9997 0.0243
vn -0.0014 -0.9997 0.0237
vn -0.0017 -0.9997 0.0237
vn 0.0016 -0.9466 -0.3224
vn 0.0016 -0.9470 -0.3213
vn 0.0018 -0.9470 -0.3213
vn 0.0011 -0.9466 -0.3225
vn 0.0011 -0.9469 -0.3214
vn 0.0013 -0.9470 -0.3214
vn 0.0011 -0.9458 -0.3247
vn 0.0011 -0.9462 -0.3236
vn 0.0014 -0.9462 -0.3235
vn 0.0012 1.0000 -0.0046
vn 0.0016 -0.9459 -0.3246
vn 0.0016 -0.9462 -0.3235
vn 0.0018 -0.9463 -0.3234
vn -0.0019 -0.9997 0.0243
vn -0.0019 -0.9997 0.0237
vn -0.0021 -0.9997 0.0237
vn -0.0018 1.0000 0.0002
vn -0.0018 1.0000 -0.0020
vn -0.0003 1.0000 -0.0020
vn -0.0035 0.9616 -0.2744
vn 0.0037 -0.9178 -0.3971
vn 0.0037 -0.9173 -0.3982
vn 0.0033 -0.9173 -0.3982
vn 0.0024 0.9930 0.1182
vn 0.0023 0.9933 0.1157
vn 0.0033 0.9933 0.1156
vn 0.0327 -0.9969 -0.0716
vn -0.0179 0.8379 -0.5455
vn -0.0256 0.9415 -0.3360
vn -0.0414 0.9430 -0.3302
vn 0.0182 -0.9964 0.0830
vn 0.0196 -0.9991 0.0374
vn 0.0083 -0.9992 0.0391
vn 0.0213 -0.9989 -0.0421
vn 0.0205 -0.9997 -0.0117
vn 0.0317 -0.9994 -0.0119
vn -0.0011 -0.9999 -0.0152
vn -0.3399 -0.9396 -0.0401
vn -0.4325 0.8957 0.1036
vn -0.4303 0.8975 0.0967
vn -0.4138 0.9051 0.0976
vn -0.4369 -0.8877 -0.1451
vn -0.4381 -0.8869 -0.1465
vn -0.4448 -0.8835 -0.1465
vn -0.4420 0.8877 0.1291
vn -0.4445 0.8856 0.1348
vn -0.4603 0.8776 0.1336
vn -0.3130 -0.9497 -0.0068
vn -0.3131 -0.9497 -0.0068
vn -0.3134 -0.9496 -0.0068
vn 0.0272 0.9784 -0.2051
vn 0.0300 0.9788 -0.2028
vn 0.0215 0.9788 -0.2037
vn 0.5271 -0.8242 -0.2067
vn 0.5286 -0.8227 -0.2092
vn 0.5216 -0.8269 -0.2101
vn 0.5720 -0.7987 -0.1867
vn 0.5769 -0.7938 -0.1929
vn 0.5568 -0.8069 -0.1971
vn 0.6332 -0.7256 -0.2693
vn 0.6246 -0.7362 -0.2604
vn 0.6522 -0.7142 -0.2539
vn 0.8296 -0.4760 0.2920
vn 0.8533 -0.4182 0.3115
vn 0.8886 -0.3618 0.2820
vn -0.5754 -0.7321 -0.3646
vn -0.5009 -0.7943 -0.3439
vn -0.4448 -0.8220 -0.3555
vn -0.3174 0.9453 -0.0750
vn -0.3731 0.9188 -0.1284
vn -0.3000 0.9448 -0.1317
vn 0.6755 -0.6384 -0.3690
vn 0.6743 -0.6401 -0.3682
vn 0.6774 -0.6376 -0.3669
vn -0.3640 0.9226 -0.1278
vn -0.2624 0.9646 -0.0252
vn -0.3084 0.9509 -0.0257
vn 0.6683 -0.6309 -0.3941
vn 0.6632 -0.6378 -0.3917
vn 0.6748 -0.6290 -0.3859
vn 0.7024 -0.5861 -0.4038
vn 0.7098 -0.5753 -0.4064
vn 0.6961 -0.5858 -0.4150
vn -0.7053 -0.7085 -0.0253
vn -0.4910 -0.8462 0.2072
vn 0.0660 -0.9626 0.2629
vn 0.8013 -0.4316 -0.4143
vn 0.7986 -0.4370 -0.4137
vn 0.8038 -0.4317 -0.4092
vn -0.0474 0.7696 -0.6368
vn 0.1874 0.8412 -0.5072
vn -0.3129 0.8014 -0.5098
vn 0.6458 0.7420 -0.1799
vn 0.6505 0.7371 -0.1834
vn 0.6634 0.7263 -0.1801
vn 0.8103 -0.4122 -0.4164
vn 0.8175 -0.3968 -0.4175
vn 0.8135 -0.4004 -0.4218
vn 0.6674 0.7016 -0.2498
vn 0.6473 0.7237 -0.2392
vn 0.5982 0.7606 -0.2522
vn 0.1304 -0.9873 -0.0910
vn 0.1338 -0.9871 -0.0878
vn 0.1377 -0.9866 -0.0878
vn -0.5119 -0.0000 0.8590
vn 0.7580 0.5809 -0.2966
vn 0.7709 0.5600 -0.3035
vn 0.7953 0.5321 -0.2903
vn -0.7006 0.6280 -0.3388
vn -0.6841 0.6513 -0.3284
vn -0.7185 0.6218 -0.3116
vn -0.1401 -0.9867 -0.0818
vn -0.1370 -0.9869 -0.0847
vn -0.1409 -0.9864 -0.0847
vn -0.5020 0.8255 -0.2579
vn -0.5168 0.8130 -0.2682
vn -0.4843 0.8311 -0.2734
vn -0.5784 0.7889 -0.2076
vn -0.5892 0.7783 -0.2169
vn -0.5616 0.7972 -0.2216
vn -0.6767 0.7246 -0.1303
vn -0.4629 0.8184 -0.3405
vn 0.0863 0.9277 -0.3633
vn -0.1148 -0.7793 0.6161
vn 0.2025 -0.8531 0.4809
vn -0.3413 -0.8322 0.4370
vn -0.7172 -0.5217 -0.4620
vn -0.7107 -0.5324 -0.4598
vn -0.6990 -0.5410 -0.4677
vn -0.6898 -0.5845 -0.4272
vn -0.7033 -0.5634 -0.4335
vn -0.7278 -0.5427 -0.4192
vn -0.7308 -0.5828 -0.3554
vn -0.7382 -0.5709 -0.3595
vn -0.7550 -0.5547 -0.3497
vn 0.1858 0.9812 0.0518
vn 0.2126 0.9768 0.0267
vn 0.2436 0.9695 0.0268
vn -0.7242 -0.5934 -0.3513
vn -0.7169 -0.6050 -0.3464
vn -0.6988 -0.6206 -0.3557
vn 0.5817 0.7407 -0.3361
vn 0.4569 0.8657 -0.2046
vn 0.3715 0.9033 -0.2146
vn 0.5324 -0.7283 -0.4315
vn 0.5278 -0.7327 -0.4296
vn 0.5310 -0.7310 -0.4286
vn -0.6467 -0.7091 0.2812
vn -0.6421 -0.7147 0.2775
vn -0.6530 -0.7064 0.2731
vn -0.5491 -0.7993 -0.2440
vn -0.5503 -0.7981 -0.2453
vn -0.5538 -0.7959 -0.2445
vn -0.5928 -0.7799 -0.2008
vn -0.6004 -0.7712 -0.2117
vn -0.6316 -0.7473 -0.2064
vn -0.5993 -0.7704 -0.2177
vn -0.5921 -0.7794 -0.2048
vn -0.5562 -0.8036 -0.2117
vn -0.0282 0.9785 -0.2042
vn -0.0259 0.9782 -0.2060
vn -0.0193 0.9785 -0.2054
vn 0.3160 -0.9487 -0.0094
vn 0.3158 -0.9488 -0.0093
vn 0.3162 -0.9487 -0.0093
vn 0.3945 -0.9139 -0.0958
vn 0.3939 -0.9142 -0.0950
vn 0.3974 -0.9127 -0.0946
vn 0.5067 0.0964 0.8567
vn 0.3422 0.9290 -0.1408
vn -0.8663 -0.4719 -0.1638
vn -0.8915 -0.4515 -0.0376
vn 0.9789 -0.2036 0.0188
vn 0.9925 0.1214 0.0148
vn 0.9879 0.1547 0.0090
vn 0.9909 0.1342 -0.0073
vn -0.9999 0.0030 -0.0137
vn -0.9999 0.0059 -0.0134
vn -1.0000 0.0079 -0.0048
vn -0.9997 0.0164 0.0156
vn -0.9997 0.0161 0.0156
vn -0.9998 0.0161 0.0152
vn 0.9933 0.1153 -0.0000
vn 0.9946 0.1010 0.0248
vn 0.9851 0.1696 0.0274
vn -0.9976 0.0130 -0.0675
vn -0.5746 0.7740 -0.2658
vn 1.0000 0.0010 -0.0032
vn 0.9999 -0.0029 0.0106
vn 1.0000 -0.0052 -0.0002
vn 0.9998 -0.0161 -0.0152
vn -0.9732 -0.2235 -0.0548
vn -0.9874 -0.1503 -0.0498
vn -0.9851 -0.1696 -0.0274
vn 0.9905 -0.0000 -0.1376
vn 1.0000 -0.0059 -0.0000
vn 0.9833 -0.0078 -0.1821
vn -0.0000 -1.0000 -0.0000
vn -0.9812 -0.1928 -0.0000
vn 1.0000 -0.0000 -0.0001
vn 0.6689 0.0159 -0.7432
vn 0.9997 -0.0166 -0.0151
vn 1.0000 0.0041 -0.0057
vn 0.9999 -0.0058 0.0128
vn 1.0000 0.0016 -0.0042
vn -0.9997 -0.0222 -0.0077
vn -0.9994 -0.0000 -0.0347
vn 0.9671 0.2524 0.0304
vn -0.9997 0.0166 0.0151
vn 0.9926 0.1204 -0.0182
vn 0.9994 -0.0258 0.0251
vn 0.4045 -0.8992 0.1665
vn -0.0000 -0.9392 -0.3435
vn 0.4046 -0.8992 0.1665
vn 0.4045 -0.8993 0.1665
vn -0.0000 -0.9833 0.1821
vn -0.1240 0.9923 0.0043
vn 0.1754 -0.9059 0.3854
vn 0.4010 -0.9112 -0.0942
vn -0.1132 -0.9936 -0.0000
vn 0.3165 -0.9485 -0.0093
vn -0.0170 0.9794 -0.2012
vn -0.5331 -0.8097 -0.2454
vn -0.6499 -0.7390 -0.1775
vn -0.5551 -0.7960 -0.2412
vn -0.6634 -0.6983 0.2688
vn 0.5342 -0.7293 -0.4275
vn 0.4716 0.5174 -0.7141
vn -0.6941 -0.6137 -0.3762
vn 0.2100 0.9754 0.0677
vn -0.7575 -0.5622 -0.3318
vn -0.7268 -0.5642 -0.3918
vn -0.6996 -0.5287 -0.4806
vn -0.6672 -0.6689 0.3277
vn 0.1261 0.9884 0.0845
vn -0.5348 0.8143 -0.2258
vn -0.4481 0.8495 -0.2786
vn -0.1447 -0.9858 -0.0846
vn -0.7488 0.5932 -0.2955
vn -0.0000 -0.9659 0.2590
vn 0.9999 -0.0143 -0.0000
vn 0.4144 -0.8790 0.2358
vn 0.1072 -0.9727 0.2059
vn -0.0000 -0.8577 -0.5141
vn 0.8497 -0.0000 0.5273
vn -0.1987 -0.9476 0.2501
vn -0.3722 -0.8805 0.2935
vn -0.1444 -0.9650 0.2190
vn 0.7968 0.5431 -0.2649
vn 0.1351 -0.9863 -0.0943
vn 0.5947 0.7513 -0.2862
vn 0.8094 -0.4040 -0.4261
vn 0.6662 0.7263 -0.1693
vn -0.6625 0.6215 -0.4181
vn 0.8092 -0.4262 -0.4045
vn -0.1677 -0.9435 -0.2859
vn 0.6829 -0.5956 -0.4231
vn 0.2343 0.9719 0.0240
vn 0.6858 -0.6205 -0.3803
vn -0.3533 0.9351 -0.0262
vn 0.6805 -0.6351 -0.3655
vn -0.2223 0.9657 -0.1343
vn -0.5398 -0.7239 -0.4296
vn 0.8806 -0.4147 0.2294
vn 0.6792 -0.6911 -0.2471
vn 0.5376 -0.8189 -0.2010
vn 0.5142 -0.8313 -0.2111
vn 0.0131 0.9788 -0.2045
vn -0.3134 -0.9496 -0.0067
vn -0.4704 0.8741 0.1214
vn -0.4489 -0.8820 -0.1438
vn -0.4023 0.9086 0.1122
vn -0.4804 0.3600 0.7998
vn -0.0000 0.6690 -0.7433
vn 0.9999 -0.0016 0.0122
vn -0.9994 0.0078 0.0347
vn 1.0000 -0.0000 0.0043
vn -0.0000 0.1118 -0.9937
vn 0.0004 -0.0000 -1.0000
vn 1.0000 0.0078 -0.0000
vn 0.9903 -0.1393 -0.0014
vn -1.0000 0.0078 0.0037
vn -0.9973 -0.0740 -0.0007
vn 0.9999 -0.0156 0.0037
vn 0.9855 0.1694 0.0056
vn -0.0000 0.9995 0.0303
vn -0.0000 -1.0000 0.0003
vn 1.0000 -0.0000 -0.0052
vn -1.0000 -0.0000 0.0052
vn -0.0000 0.9995 0.0330
vn 0.9956 -0.0933 0.0029
vn -0.0000 -0.9995 0.0307
vn -0.9995 0.0312 0.0043
vn -0.0000 1.0000 -0.0000
vn -1.0000 -0.0078 0.0059
vn 0.9618 -0.2734 0.0117
vn -1.0000 -0.0039 0.0011
vn -0.9999 0.0078 0.0065
vn 0.9619 -0.2733 0.0117
vn 1.0000 -0.0000 0.0035
vn 0.9618 -0.2735 0.0117
vn 0.9999 -0.0074 0.0092
vn -0.0000 0.8742 0.4856
vn 0.9998 0.0127 0.0170
vn 0.7671 -0.6414 0.0154
vn -0.0000 -0.8742 0.4856
vn 0.7674 -0.6410 0.0154
vn 0.9999 -0.0011 0.0122
vn 0.7664 -0.6421 0.0154
vn 0.9999 -0.0088 0.0086
vn 0.9999 0.0008 0.0122
vn 0.9996 0.0200 0.0196
vn -0.0000 0.9463 0.3233
vn 0.9999 0.0002 0.0122
vn -0.0000 -0.2987 0.9543
vn 0.9996 0.0193 0.0196
vn -0.0000 -0.8256 -0.5642
vn 0.9999 -0.0004 0.0121
vn -0.0000 0.2332 0.9724
vn 0.9997 0.0177 0.0196
vn 0.8922 -0.4517 -0.0007
vn -1.0000 -0.0002 0.0040
vn -0.0000 0.7335 0.6797
vn 1.0000 -0.0000 0.0010
vn 0.9999 -0.0005 0.0125
vn -0.9993 0.0312 0.0217
vn -1.0000 -0.0000 0.0033
vn 0.9327 -0.3606 0.0048
vn 0.9332 -0.3594 0.0048
vn -0.0000 -0.4104 0.9119
vn 0.9328 -0.3603 0.0048
vn 0.9999 0.0051 0.0150
vn 0.9328 -0.3604 0.0048
vn 0.9999 -0.0006 0.0121
vn 1.0000 0.0010 0.0014
vn 1.0000 -0.0039 0.0049
vn -0.0000 0.8592 0.5117
vn 0.9999 -0.0032 0.0110
vn 0.9998 0.0082 0.0192
vn 0.9999 -0.0007 0.0121
vn -1.0000 -0.0039 -0.0000
vn -1.0000 -0.0010 0.0011
vn -0.0000 -0.0000 1.0000
vn 0.2179 -0.9759 -0.0122
vn 0.5856 0.8105 0.0138
vn 0.7476 0.6640 0.0150
vn 0.9863 -0.1648 0.0095
vn 0.9863 -0.1649 0.0095
vn 0.9653 0.2611 0.0063
vn -0.0000 -0.2873 0.9578
vn -0.0000 -0.6690 0.7433
vn 0.9650 0.2620 0.0105
vn 0.9999 -0.0024 0.0114
vn -1.0000 -0.0000 0.0022
vn 0.9999 -0.0013 0.0122
vn 1.0000 -0.0078 -0.0000
vn 0.9999 -0.0012 0.0121
vn -0.0000 0.9998 -0.0214
vn -0.9735 -0.2282 -0.0130
vn 0.5020 0.8649 0.0061
vn -0.9994 -0.0312 -0.0173
vn 0.9963 -0.0000 -0.0865
vn 0.5018 0.8649 0.0061
vn -0.9604 -0.2401 -0.1417
vn 0.9769 -0.2137 0.0071
vn -0.0000 -0.9995 0.0315
vn 0.5018 0.8650 0.0061
vn -1.0000 0.0078 -0.0000
vn 1.0000 -0.0083 -0.0029
vn 1.0000 -0.0078 0.0052
vn 0.9998 -0.0165 0.0121
vn 0.9124 -0.3773 -0.1586
vn 0.9778 0.0286 -0.2077
vn 0.9992 -0.0384 0.0121
vn 0.9124 -0.3772 -0.1586
vn -1.0000 -0.0000 -0.0043
vn 0.0671 0.9977 0.0011
vn -0.9905 -0.0000 0.1376
vn 0.2727 -0.1116 0.9556
vn 0.9620 -0.2405 0.1294
vn 0.9545 -0.0574 0.2928
vn 0.2401 -0.9362 0.2567
vn 0.9994 -0.0000 0.0347
vn 0.8156 0.5484 -0.1843
vn -0.0000 -0.7682 -0.6402
vn -0.0000 0.9635 -0.2676
vn 0.8158 0.5482 -0.1842
vn 0.9875 -0.0339 0.1541
vn 0.7721 0.5798 0.2601
vn 0.9976 -0.0000 -0.0693
vn 0.9982 -0.0425 0.0418
vn 0.9978 -0.0395 0.0529
vn 0.9896 0.0138 0.1433
vn 0.8377 0.5462 -0.0009
vn 0.9967 -0.0081 -0.0813
vn 0.9996 0.0246 0.0155
vn 0.8377 0.5461 -0.0009
vn 0.9997 0.0259 0.0032
vn 0.9995 0.0302 0.0121
vn -0.0000 0.9997 0.0240
vn -0.0000 -0.9986 -0.0533
vn -0.9997 -0.0234 -0.0012
vn 0.9880 0.1544 0.0037
vn 0.9999 0.0149 -0.0067
vn 0.1630 0.9866 0.0020
vn 0.9999 0.0149 -0.0066
vn 0.9993 0.0367 0.0121
vn 0.1625 0.9867 0.0020
vn -0.9995 0.0312 -0.0000
vn -0.0000 -0.9905 -0.1376
vn 0.9992 0.0367 0.0125
vn 0.9992 0.0378 0.0089
vn 0.9991 0.0395 0.0133
vn 0.9991 0.0395 0.0132
vn -0.0000 -0.0000 -1.0000
vn 0.9991 0.0394 0.0130
vn 0.9999 0.0156 0.0043
vn 0.9991 0.0394 0.0132
vn -0.9999 0.0156 -0.0000
vn 0.9584 0.2856 0.0003
vn -0.0000 -1.0000 -0.0001
vn 0.9991 0.0397 0.0121
vn 0.9584 0.2855 0.0003
vn 0.9494 -0.3100 0.0505
vn 0.9494 -0.3100 0.0504
vn 0.9899 0.1410 0.0115
vn 0.9991 0.0408 0.0111
vn 0.9999 0.0031 0.0121
vn 0.9794 -0.2013 0.0190
vn 0.9673 0.1815 -0.1771
vn 0.9678 -0.2509 0.0215
vn 0.9991 0.0400 0.0117
vn 0.7492 -0.6623 -0.0049
vn -0.8927 -0.4464 -0.0620
vn 0.9311 0.1537 0.3308
vn 0.9311 0.1538 0.3308
vn 0.9992 0.0383 0.0128
vn 0.9936 0.1128 -0.0021
vn -0.9925 -0.0000 -0.1225
vn 0.9838 0.1786 -0.0115
vn 0.9652 -0.2057 0.1617
vn 0.9838 0.1787 -0.0115
vn 0.0433 -0.9990 -0.0122
vn -0.0033 -0.9992 0.0409
vn -0.0336 0.7478 -0.6631
vn 0.0011 -0.9993 -0.0368
vn 0.0044 0.9927 0.1207
vn 0.0028 -0.9182 -0.3960
vn -0.0021 0.9622 -0.2724
vn 0.0012 1.0000 -0.0020
vn -0.0024 -0.9997 0.0249
vn 0.0021 -0.9455 -0.3255
vn -0.9583 -0.2857 -0.0003
vn -0.9584 -0.2855 -0.0003
vn -0.9584 -0.2856 -0.0003
vn -0.9494 0.3100 -0.0505
vn -0.9999 0.0012 -0.0121
vn -0.9584 -0.2854 -0.0003
vn -0.9861 -0.0922 0.1379
vn -0.9886 -0.1506 -0.0091
vn -0.9999 0.0013 -0.0121
vn -0.9956 -0.0928 -0.0121
vn -0.9954 -0.0649 0.0704
vn -0.9762 0.2169 -0.0000
vn -0.9919 -0.0909 0.0887
vn -0.9980 -0.0611 -0.0134
vn -0.9999 -0.0156 0.0044
vn -0.9986 -0.0520 -0.0136
vn -0.9968 -0.0657 0.0447
vn -0.9877 -0.1562 -0.0120
vn -0.1625 -0.9867 -0.0020
vn -0.9877 -0.1561 -0.0120
vn -0.9994 -0.0000 0.0347
vn -0.7071 -0.7071 -0.0000
vn -0.7442 0.6679 0.0051
vn -0.9314 -0.1535 -0.3299
vn -0.7441 0.6680 0.0051
vn -1.0000 -0.0000 0.0076
vn -0.9999 -0.0035 -0.0121
vn 0.9995 0.0312 -0.0011
vn -0.9999 -0.0156 -0.0000
vn -0.7442 0.6680 0.0051
vn -0.9927 0.0029 -0.1209
vn -0.7753 -0.6316 -0.0037
vn 0.9999 0.0156 -0.0040
vn -0.5565 -0.8309 0.0011
vn -0.5564 -0.8309 0.0011
vn -0.9927 0.0028 -0.1204
vn -0.9999 0.0102 -0.0123
vn -0.9833 0.1818 -0.0119
vn -0.9999 0.0103 -0.0121
vn -0.9999 0.0106 -0.0120
vn -0.9832 0.1820 -0.0119
vn 0.9999 0.0156 -0.0011
vn -0.8360 -0.5487 0.0010
vn -0.9999 0.0121 -0.0109
vn -0.9998 0.0142 -0.0119
vn -1.0000 -0.0000 0.0011
vn -0.0000 0.9790 0.2040
vn 1.0000 -0.0000 -0.0033
vn -0.0000 -1.0000 -0.0057
vn -0.9995 -0.0312 0.0022
vn -0.9007 0.3774 -0.2153
vn -0.0000 -0.9635 0.2676
vn -0.9992 -0.0356 0.0204
vn -0.9999 0.0017 -0.0121
vn -0.9006 0.3775 -0.2153
vn -0.9989 0.0447 -0.0116
vn -0.9999 -0.0156 -0.0047
vn -0.9989 0.0453 -0.0121
vn 1.0000 -0.0000 0.0087
vn -0.2334 -0.9403 0.2477
vn -0.9990 0.0432 -0.0068
vn -0.5703 -0.7864 0.2373
vn -0.2953 -0.9085 0.2957
vn -0.9990 0.0441 0.0063
vn 1.0000 -0.0000 -0.0046
vn -0.9999 -0.0043 -0.0121
vn -0.9935 0.1126 -0.0131
vn -0.5830 0.7473 0.3190
vn 1.0000 -0.0000 -0.0087
vn -0.8608 0.3901 0.3268
vn -0.8606 0.3904 0.3269
vn -0.5830 0.7472 0.3190
vn -0.9991 0.0430 0.0024
vn -0.9999 0.0016 -0.0122
vn -1.0000 -0.0011 -0.0000
vn -0.9796 -0.0416 0.1967
vn -0.8606 0.3905 0.3270
vn -0.0000 0.9994 -0.0347
vn -0.8607 0.3903 0.3269
vn -0.9998 -0.0046 -0.0172
vn -0.8510 -0.4507 0.2694
vn -1.0000 -0.0000 0.0087
vn -0.9979 0.0298 -0.0568
vn 0.9976 0.0623 -0.0303
vn -0.9979 -0.0624 -0.0152
vn -0.9999 0.0024 -0.0122
vn -0.9999 0.0024 -0.0121
vn 0.9796 -0.2009 -0.0027
vn 1.0000 -0.0000 -0.0022
vn 1.0000 -0.0020 0.0011
vn -0.9999 0.0014 -0.0121
vn -0.9999 0.0012 -0.0122
vn -0.9999 0.0025 -0.0122
vn 1.0000 -0.0002 0.0011
vn -0.0000 -0.1483 -0.9889
vn 0.8742 -0.0000 0.4856
vn -0.0000 -0.0383 -0.9993
vn 0.8742 -0.0000 -0.4856
vn -1.0000 0.0025 -0.0047
vn 1.0000 -0.0000 -0.0011
vn -0.5855 -0.8106 -0.0138
vn 0.9999 0.0078 -0.0098
vn 1.0000 0.0020 -0.0062
vn -0.0000 0.2332 -0.9724
vn -1.0000 0.0016 -0.0053
vn -0.5856 -0.8105 -0.0138
vn -0.0000 -0.5843 -0.8115
vn -0.9999 -0.0008 -0.0122
vn -1.0000 -0.0026 -0.0022
vn -0.9999 -0.0029 -0.0164
vn -1.0000 -0.0000 -0.0031
vn -0.9998 -0.0044 -0.0197
vn -0.9998 -0.0077 -0.0196
vn -1.0000 0.0044 -0.0065
vn -0.9976 -0.0000 0.0693
vn -1.0000 0.0014 -0.0098
vn -0.0000 0.8742 -0.4856
vn -0.0000 -0.5145 -0.8575
vn 0.9995 0.0312 0.0043
vn -0.9999 0.0015 -0.0148
vn -0.9998 -0.0156 -0.0087
vn -1.0000 0.0026 -0.0093
vn -0.7672 0.6412 -0.0154
vn -1.0000 -0.0039 -0.0011
vn -1.0000 -0.0078 -0.0000
vn -0.9999 0.0020 -0.0099
vn -0.9998 -0.0039 -0.0170
vn -1.0000 0.0039 0.0011
vn -0.9618 0.2735 -0.0117
vn -0.9999 0.0007 -0.0131
vn -1.0000 0.0013 -0.0073
vn -0.0000 -0.9999 -0.0145
vn -0.0000 0.9153 -0.4028
vn -0.0000 -0.9961 -0.0877
vn 1.0000 -0.0000 -0.0043
vn -1.0000 -0.0000 -0.0022
vn -0.9989 -0.0312 0.0347
vn 0.9995 0.0312 -0.0000
vn -0.0000 0.9905 0.1376
vn -0.0000 -0.9729 -0.2311
vn -0.9993 -0.0156 0.0347
vn -1.0000 -0.0000 0.0065
vn -1.0000 -0.0000 0.0053
vn 0.9683 0.2496 0.0079
vn 0.0016 -0.9455 -0.3256
vn 0.0020 -0.9463 -0.3234
vn -0.0019 -0.9997 0.0249
vn -0.0024 -0.9997 0.0237
vn 0.0013 1.0000 -0.0065
vn -0.0035 0.9622 -0.2724
vn -0.0021 0.9604 -0.2786
vn 0.0037 -0.9182 -0.3960
vn 0.0028 -0.9173 -0.3982
vn 0.0024 0.9927 0.1209
vn 0.0043 0.9933 0.1155
vn 0.0320 -0.9991 -0.0272
vn 0.0023 -0.9874 -0.1579
vn -0.0122 0.7423 -0.6699
vn -0.0571 0.9443 -0.3242
vn -0.0021 -0.9979 -0.0648
vn 0.0190 -0.9988 0.0451
vn 0.0406 -0.9981 0.0459
vn 0.5350 0.8389 -0.1008
vn 0.4642 0.8854 -0.0252
vn -0.4347 0.8938 0.1104
vn -0.3969 0.9126 0.0984
vn -0.4358 -0.8885 -0.1438
vn -0.4515 -0.8802 -0.1465
vn -0.4396 0.8897 0.1236
vn -0.4757 0.8696 0.1324
vn -0.3129 -0.9498 -0.0067
vn -0.3136 -0.9495 -0.0068
vn 0.0300 0.9787 -0.2028
vn 0.0186 0.9796 -0.1999
vn 0.5171 -0.8281 -0.2164
vn 0.5456 -0.8103 -0.2140
vn 0.6628 -0.7130 -0.2287
vn 0.8039 -0.5288 0.2723
vn 0.9140 -0.3142 0.2568
vn -0.6604 -0.6445 -0.3854
vn -0.3838 -0.8477 -0.3662
vn -0.3731 0.9189 -0.1284
vn -0.3469 0.8438 -0.4094
vn 0.6782 -0.6386 -0.3637
vn -0.2623 0.9647 -0.0252
vn -0.1839 0.9816 0.0505
vn -0.2382 0.9699 0.0498
vn 0.6763 -0.6339 -0.3752
vn 0.7098 -0.5754 -0.4064
vn 0.6968 -0.5747 -0.4291
vn -0.7996 -0.5747 -0.1742
vn 0.6019 -0.7639 0.2326
vn 0.7986 -0.4370 -0.4138
vn 0.8037 -0.4374 -0.4034
vn -0.4012 0.9030 -0.1539
vn 0.6413 0.7467 -0.1765
vn 0.6773 0.7143 -0.1765
vn 0.8175 -0.3968 -0.4174
vn 0.8317 -0.3639 -0.4192
vn 0.8238 -0.3714 -0.4283
vn 0.6857 0.6801 -0.2595
vn 0.5445 0.7959 -0.2647
vn 0.1268 -0.9874 -0.0944
vn 0.1417 -0.9860 -0.0877
vn 0.7438 0.6027 -0.2890
vn 0.8160 0.5066 -0.2782
vn -0.6840 0.6513 -0.3284
vn -0.6470 0.6987 -0.3054
vn -0.7197 0.6377 -0.2745
vn -0.1370 -0.9869 -0.0848
vn -0.1385 -0.9862 -0.0909
vn -0.4827 0.8236 -0.2979
vn -0.5892 0.7783 -0.2170
vn -0.5558 0.7948 -0.2438
vn 0.3645 -0.8951 0.2566
vn -0.8019 0.5952 0.0509
vn -0.4628 0.8184 -0.3405
vn 0.5437 0.7873 -0.2908
vn 0.7393 -0.6723 0.0369
vn -0.2965 -0.9547 0.0253
vn -0.7237 -0.5107 -0.4643
vn -0.6871 -0.5494 -0.4755
vn -0.6756 -0.6056 -0.4205
vn -0.7514 -0.5214 -0.4044
vn -0.7231 -0.5949 -0.3511
vn -0.7709 -0.5387 -0.3399
vn 0.1680 0.9834 0.0683
vn 0.2736 0.9615 0.0268
vn -0.7315 -0.5813 -0.3563
vn -0.6797 -0.6362 -0.3650
vn 0.7368 0.4124 -0.5358
vn 0.2739 0.9355 -0.2234
vn 0.5253 -0.7377 -0.4241
vn -0.6545 -0.7093 0.2617
vn -0.5479 -0.8006 -0.2426
vn -0.5571 -0.7938 -0.2438
vn -0.5848 -0.7888 -0.1895
vn -0.6629 -0.7214 -0.2006
vn -0.6064 -0.7610 -0.2306
vn -0.5183 -0.8269 -0.2183
vn -0.0306 0.9788 -0.2024
vn -0.0126 0.9787 -0.2049
vn 0.3163 -0.9486 -0.0090
vn 0.3939 -0.9142 -0.0951
vn 0.3996 -0.9120 -0.0927
vn -0.5350 0.8388 -0.1008
vn -0.8914 -0.4516 -0.0376
vn 0.9924 -0.0884 0.0860
vn -0.9685 0.2378 -0.0740
vn 0.8899 0.3876 -0.2407
vn -1.0000 0.0063 0.0044
vn -0.9998 0.0161 0.0146
vn 0.9770 0.1995 0.0749
vn -0.9978 -0.0408 -0.0516
vn 0.9526 0.2873 0.0997
vn 1.0000 0.0011 -0.0044
vn 1.0000 0.0011 -0.0010
vn 0.9999 -0.0037 0.0141
vn 1.0000 -0.0039 0.0038
vn 0.9999 -0.0032 -0.0112
vn 0.9998 -0.0011 0.0178
vn 0.9998 -0.0161 -0.0146
vn 0.9997 -0.0166 -0.0158
vn -0.9986 -0.0521 -0.0000
vn -0.9998 0.0033 -0.0207
vn -0.9985 0.0085 -0.0538
vn -0.9992 0.0061 -0.0384
vn 0.9997 -0.0164 -0.0161
vn 0.9997 -0.0165 -0.0160
vn 0.9997 -0.0161 -0.0163
vn 0.9998 -0.0151 -0.0137
vn 0.9997 -0.0059 0.0254
vn 0.9997 -0.0026 0.0244
vn 0.9995 -0.0151 0.0281
vn 0.9996 -0.0100 0.0266
vn 0.9998 -0.0086 -0.0153
vn 1.0000 -0.0020 0.0005
vn 1.0000 -0.0032 0.0008
vn 1.0000 0.0010 -0.0003
vn 1.0000 -0.0006 0.0002
vn 0.9999 -0.0023 0.0149
vn 1.0000 0.0007 -0.0000
vn 1.0000 0.0010 -0.0000
vn 1.0000 0.0003 -0.0000
vn 1.0000 0.0005 -0.0000
vn 1.0000 0.0009 -0.0045
vn 0.8577 0.5129 0.0346
vn 0.9840 0.1684 0.0585
vn 0.9515 0.2961 -0.0840
vn 0.9514 0.2961 -0.0841
vn -0.9968 -0.0464 -0.0648
vn 0.9891 0.1205 0.0843
vn 0.9795 0.1793 0.0915
vn 0.9970 0.0268 0.0722
vn 0.9945 0.0701 0.0779
vn -0.9998 0.0151 0.0137
vn -0.9997 0.0155 0.0161
vn -0.9999 0.0108 0.0075
vn -0.9996 0.0207 -0.0216
vn -0.9999 0.0094 -0.0130
vn -0.3398 0.8447 -0.4136
vn -0.9952 0.0549 -0.0813
vn -0.9791 0.1138 -0.1686
vn -0.9998 0.0106 -0.0157
vn -0.9988 0.0269 -0.0398
vn 0.8635 -0.4609 0.2048
vn 0.7093 -0.6222 0.3313
vn 0.9843 -0.1264 0.1229
vn -0.9771 -0.2130 -0.0037
vn -0.9015 -0.4228 0.0923
vn -0.9792 -0.2006 -0.0318
vn 0.5067 0.0963 0.8567
vn 0.4804 0.3600 0.7998
vn 0.3954 -0.9139 -0.0924
vn 0.3988 -0.9124 -0.0920
vn 0.3889 -0.9165 -0.0940
vn 0.3884 -0.9168 -0.0932
vn 0.3919 -0.9153 -0.0928
vn 0.3902 -0.9158 -0.0955
vn 0.3158 -0.9488 -0.0089
vn 0.3161 -0.9487 -0.0089
vn 0.3151 -0.9490 -0.0089
vn 0.3154 -0.9489 -0.0089
vn 0.3154 -0.9489 -0.0093
vn -0.0105 0.9784 -0.2066
vn -0.0237 0.9779 -0.2078
vn -0.0373 0.9785 -0.2030
vn -0.0348 0.9782 -0.2048
vn -0.5488 -0.8121 -0.1986
vn -0.5107 -0.8350 -0.2050
vn -0.6397 -0.7356 -0.2229
vn -0.6317 -0.7473 -0.2064
vn -0.6382 -0.7386 -0.2170
vn -0.6688 -0.7127 -0.2114
vn -0.5525 -0.8105 -0.1947
vn -0.5581 -0.7928 -0.2450
vn -0.5466 -0.8004 -0.2461
vn -0.5439 -0.8031 -0.2434
vn -0.6393 -0.7229 0.2622
vn -0.6500 -0.7147 0.2581
vn -0.6166 -0.7394 0.2705
vn -0.6282 -0.7311 0.2663
vn -0.6307 -0.7230 0.2819
vn -0.5934 -0.7482 -0.2969
vn 0.5180 -0.7432 -0.4235
vn 0.5211 -0.7416 -0.4225
vn 0.5118 -0.7464 -0.4255
vn 0.5149 -0.7448 -0.4245
vn 0.5246 -0.7344 -0.4307
vn 0.5201 -0.7386 -0.4289
vn 0.2292 0.9643 -0.1324
vn 0.3761 0.9180 -0.1254
vn 0.8049 0.3684 -0.4652
vn 0.6603 0.6851 -0.3077
vn -0.6917 -0.6314 -0.3506
vn -0.6728 -0.6466 -0.3595
vn -0.7271 -0.6007 -0.3325
vn -0.7488 -0.5650 -0.3464
vn 0.2437 0.9695 0.0268
vn 0.2974 0.9546 -0.0150
vn 0.3353 0.9420 -0.0140
vn 0.2149 0.9765 -0.0169
vn 0.2572 0.9662 -0.0159
vn 0.1464 0.9868 0.0685
vn -0.7772 -0.5271 -0.3438
vn -0.7045 -0.6112 -0.3608
vn -0.2343 0.9719 0.0240
vn -0.7397 -0.5217 -0.4250
vn -0.7626 -0.5003 -0.4101
vn -0.6780 -0.5833 -0.4472
vn -0.6490 -0.6249 -0.4340
vn -0.6899 -0.5844 -0.4272
vn -0.6810 -0.5591 -0.4729
vn -0.7160 -0.5341 -0.4496
vn -0.7356 -0.5013 -0.4557
vn 0.3365 -0.9409 0.0376
vn 0.6086 -0.7730 -0.1789
vn 0.0697 -0.9719 -0.2250
vn 0.9240 -0.3725 -0.0862
vn 0.8394 -0.5295 -0.1226
vn 0.6323 -0.6625 0.4017
vn 0.0864 0.9277 -0.3633
vn 0.3071 0.8180 -0.4865
vn 0.6302 0.6761 -0.3818
vn -0.9112 0.4105 0.0351
vn -0.5928 0.7660 -0.2488
vn -0.5660 0.7847 -0.2526
vn -0.6381 0.7347 -0.2304
vn -0.6480 0.7229 -0.2396
vn -0.6202 0.7454 -0.2445
vn -0.8025 -0.3797 -0.4602
vn -0.8026 -0.3797 -0.4602
vn 0.4766 -0.7002 0.5315
vn -0.5271 0.7951 -0.2999
vn -0.4977 0.8115 -0.3062
vn -0.5778 0.7637 -0.2879
vn -0.5537 0.7791 -0.2938
vn -0.5575 0.7843 -0.2720
vn -0.5303 0.8011 -0.2775
vn -0.1310 -0.9869 -0.0943
vn -0.1351 -0.9863 -0.0943
vn -0.1227 -0.9879 -0.0944
vn -0.1268 -0.9874 -0.0944
vn -0.1331 -0.9875 -0.0848
vn -0.6856 0.6678 -0.2898
vn -0.6673 0.6910 -0.2778
vn -0.7035 0.6603 -0.2631
vn -0.6034 0.7298 -0.3215
vn -0.5804 0.7538 -0.3082
vn -0.6264 0.7224 -0.2929
vn -0.6450 0.6815 -0.3456
vn -0.6661 0.6750 -0.3173
vn 0.2273 0.9738 -0.0000
vn 0.7954 0.5321 -0.2903
vn 0.8244 0.4895 -0.2842
vn 0.7558 0.5687 -0.3245
vn 0.7093 0.6367 -0.3026
vn 0.7263 0.6131 -0.3106
vn -0.5119 0.0001 0.8591
vn 0.1447 -0.9858 -0.0846
vn 0.1331 -0.9875 -0.0848
vn 0.1370 -0.9869 -0.0848
vn 0.1227 -0.9879 -0.0944
vn 0.5161 0.8185 -0.2525
vn 0.7247 0.6437 -0.2458
vn 0.7091 0.6644 -0.2362
vn -0.4766 -0.7002 0.5315
vn 0.8278 -0.3676 -0.4238
vn 0.8349 -0.3503 -0.4246
vn 0.8309 -0.3541 -0.4293
vn 0.8357 -0.3601 -0.4147
vn 0.8427 -0.3427 -0.4153
vn 0.8388 -0.3465 -0.4200
vn 0.8214 -0.3931 -0.4132
vn 0.6832 0.7076 -0.1803
vn 0.6301 0.7555 -0.1796
vn -0.3645 -0.8952 0.2566
vn 0.2020 0.9674 -0.1528
vn 0.4558 0.8869 0.0758
vn -0.1261 0.9884 0.0845
vn 0.8508 0.5236 0.0448
vn 0.7373 0.6731 0.0575
vn 0.4310 0.8446 -0.3176
vn 0.7956 -0.4483 -0.4075
vn 0.8009 -0.4430 -0.4028
vn 0.7854 -0.4581 -0.4164
vn 0.7904 -0.4533 -0.4121
vn 0.7935 -0.4421 -0.4181
vn 0.2377 0.9714 -0.0000
vn 0.7423 -0.5659 0.3588
vn -0.8780 -0.4581 -0.1388
vn 0.7183 -0.5520 -0.4236
vn 0.7041 -0.5635 -0.4322
vn 0.7478 -0.5264 -0.4045
vn 0.7329 -0.5396 -0.4144
vn 0.6595 -0.6497 -0.3781
vn 0.6713 -0.6407 -0.3725
vn 0.6341 -0.6680 -0.3895
vn 0.6471 -0.6588 -0.3837
vn -0.2112 0.9762 0.0502
vn -0.1876 0.9799 0.0681
vn -0.2100 0.9754 0.0677
vn -0.1566 0.9864 0.0509
vn -0.1425 0.9874 0.0686
vn -0.1651 0.9839 0.0683
vn -0.1782 0.9837 0.0235
vn 0.6749 -0.6412 -0.3652
vn 0.6736 -0.6431 -0.3642
vn 0.6769 -0.6404 -0.3628
vn 0.6670 -0.6484 -0.3671
vn 0.6703 -0.6457 -0.3656
vn 0.6712 -0.6426 -0.3696
vn 0.6730 -0.6419 -0.3674
vn -0.6342 0.4086 -0.6564
vn -0.4647 0.4793 -0.7445
vn -0.8197 0.2870 -0.4957
vn -0.7466 0.3426 -0.5703
vn -0.3270 -0.8813 -0.3411
vn -0.7077 -0.6057 -0.3636
vn 0.9271 -0.2602 0.2699
vn 0.8295 -0.4188 0.3694
vn 0.7444 -0.5978 0.2974
vn 0.7747 -0.5446 0.3214
vn 0.6261 -0.7462 -0.2261
vn 0.6542 -0.7238 -0.2193
vn 0.5687 -0.7872 -0.2385
vn 0.5976 -0.7674 -0.2325
vn 0.5876 -0.7672 -0.2573
vn 0.5659 -0.7972 -0.2103
vn 0.5707 -0.7919 -0.2174
vn 0.5498 -0.8056 -0.2210
vn 0.6095 -0.7667 -0.2017
vn 0.6157 -0.7598 -0.2089
vn 0.5927 -0.7767 -0.2134
vn 0.6036 -0.7731 -0.1947
vn 0.5819 -0.7885 -0.1994
vn -0.1065 0.9477 -0.3009
vn 0.5260 -0.8221 -0.2178
vn 0.5186 -0.8265 -0.2190
vn 0.5396 -0.8139 -0.2156
vn 0.5330 -0.8179 -0.2167
vn 0.0302 0.9800 -0.1967
vn 0.0214 0.9801 -0.1976
vn 0.0480 0.9796 -0.1949
vn 0.0391 0.9799 -0.1958
vn 0.0385 0.9786 -0.2020
vn 0.0330 0.9791 -0.2006
vn -0.3133 -0.9496 -0.0068
vn -0.3137 -0.9495 -0.0069
vn -0.3126 -0.9498 -0.0067
vn -0.3127 -0.9498 -0.0068
vn -0.4603 0.8777 0.1336
vn -0.4785 0.8672 0.1381
vn -0.4283 0.8933 0.1360
vn -0.4237 0.8972 0.1246
vn -0.4529 -0.8792 -0.1480
vn -0.4292 -0.8917 -0.1437
vn -0.4370 -0.8877 -0.1451
vn -0.4138 0.9051 0.0975
vn -0.3941 0.9145 0.0912
vn -0.4504 0.8861 0.1094
vn -0.4325 0.8956 0.1036
vn 0.5350 0.8388 -0.1008
vn 0.0296 -0.9985 0.0455
vn 0.0085 -0.9990 0.0446
vn 0.0104 -0.9978 -0.0650
vn 0.0362 -0.9919 -0.1214
vn 0.0240 -0.9922 -0.1222
vn -0.0414 0.9430 -0.3301
vn -0.0702 0.9975 0.0032
vn -0.0096 0.9397 -0.3417
vn -0.0156 0.9998 -0.0137
vn -0.0340 0.9994 -0.0081
vn -0.0014 0.7395 -0.6732
vn -0.0048 0.8352 -0.5499
vn 0.0178 -0.9790 -0.2029
vn 0.0027 -0.9800 -0.1988
vn 0.0534 -0.9757 -0.2125
vn 0.0346 -0.9776 -0.2075
vn 0.0501 -0.9985 -0.0216
vn 0.0042 0.9936 0.1131
vn 0.0014 0.9927 0.1209
vn 0.0028 -0.9168 -0.3993
vn 0.0041 -0.9182 -0.3960
vn -0.0028 0.9597 -0.2809
vn -0.0021 0.9598 -0.2808
vn -0.0044 0.9597 -0.2811
vn -0.0036 0.9597 -0.2810
vn -0.0002 1.0000 -0.0088
vn 0.0013 1.0000 -0.0088
vn -0.0032 1.0000 -0.0088
vn -0.0017 1.0000 -0.0088
vn -0.0032 1.0000 -0.0021
vn -0.0024 -0.9997 0.0232
vn -0.0017 -0.9997 0.0249
vn 0.0020 -0.9466 -0.3223
vn 0.0014 -0.9455 -0.3257
vn 0.0018 -0.9455 -0.3256
vn 0.0020 -0.9459 -0.3244
vn -0.0021 -0.9997 0.0249
vn -0.0024 -0.9997 0.0243
vn 0.0013 1.0000 -0.0043
vn -0.0028 0.9622 -0.2724
vn -0.0021 0.9610 -0.2764
vn 0.0032 -0.9182 -0.3960
vn 0.0028 -0.9178 -0.3971
vn 0.0034 0.9927 0.1208
vn 0.0043 0.9930 0.1181
vn 0.0157 -0.9994 -0.0322
vn 0.0015 -0.9970 -0.0767
vn -0.0229 0.7451 -0.6665
vn -0.0439 0.8429 -0.5362
vn -0.0027 -0.9999 -0.0099
vn 0.0419 -0.9990 0.0176
vn -0.1025 0.9947 -0.0000
vn -0.4187 0.9013 0.1113
vn -0.3996 0.9106 0.1054
vn -0.4423 -0.8852 -0.1438
vn -0.4502 -0.8811 -0.1451
vn -0.4552 0.8819 0.1225
vn -0.4730 0.8719 0.1269
vn -0.3132 -0.9497 -0.0067
vn -0.3135 -0.9496 -0.0067
vn 0.0243 0.9792 -0.2014
vn 0.0158 0.9792 -0.2022
vn 0.5157 -0.8297 -0.2137
vn 0.5612 -0.8022 -0.2036
vn 0.6712 -0.7021 -0.2380
vn 0.8478 -0.4679 0.2496
vn 0.8983 -0.3658 0.2432
vn -0.6048 -0.6842 -0.4076
vn -0.4539 -0.7983 -0.3958
vn -0.2673 0.9359 -0.2294
vn 0.6794 -0.6368 -0.3647
vn -0.3085 0.9509 -0.0257
vn -0.2472 0.9687 0.0225
vn -0.2811 0.9594 0.0220
vn 0.6748 -0.6291 -0.3859
vn 0.6812 -0.6271 -0.3778
vn 0.7033 -0.5751 -0.4179
vn 0.6898 -0.5854 -0.4261
vn -0.6147 -0.7549 -0.2287
vn 0.2805 -0.9598 -0.0071
vn 0.8065 -0.4318 -0.4039
vn -0.5719 0.7555 -0.3197
vn -0.3645 -0.8952 0.2567
vn -0.3646 -0.8951 0.2567
vn 0.6533 0.7370 -0.1731
vn 0.6583 0.7318 -0.1765
vn 0.6716 0.7205 -0.1728
vn 0.8207 -0.3843 -0.4228
vn 0.8166 -0.3881 -0.4273
vn 0.6423 0.7161 -0.2730
vn 0.5707 0.7734 -0.2759
vn 0.1310 -0.9869 -0.0943
vn 0.1385 -0.9862 -0.0909
vn 0.7726 0.5716 -0.2764
vn 0.7845 0.5514 -0.2837
vn 0.8068 0.5245 -0.2718
vn -0.7348 0.6153 -0.2853
vn -0.1377 -0.9866 -0.0878
vn -0.1417 -0.9860 -0.0877
vn -0.5000 0.8185 -0.2830
vn -0.4662 0.8362 -0.2887
vn -0.8026 -0.3796 -0.4601
vn -0.5453 0.8047 -0.2348
vn -0.4937 0.8665 0.0741
vn -0.2123 0.9640 -0.1601
vn 0.3863 0.9116 -0.1402
vn -0.5413 -0.8125 0.2164
vn -0.7117 -0.5198 -0.4726
vn -0.6933 -0.5392 -0.4780
vn -0.7016 -0.5853 -0.4065
vn -0.7395 -0.5427 -0.3983
vn -0.7408 -0.5785 -0.3415
vn -0.7643 -0.5504 -0.3359
vn 0.1892 0.9796 0.0680
vn 0.2356 0.9705 0.0514
vn -0.7133 -0.5975 -0.3663
vn -0.6869 -0.6252 -0.3705
vn 0.6321 0.4638 -0.6207
vn 0.3521 0.8492 -0.3936
vn 0.5297 -0.7336 -0.4258
vn -0.6590 -0.7038 0.2652
vn -0.5516 -0.7983 -0.2419
vn -0.5561 -0.7949 -0.2425
vn -0.6173 -0.7650 -0.1838
vn -0.6566 -0.7301 -0.1893
vn -0.5708 -0.7858 -0.2381
vn -0.5636 -0.7949 -0.2249
vn -0.5257 -0.8185 -0.2318
vn -0.0238 0.9791 -0.2018
vn -0.0148 0.9791 -0.2031
vn 0.3164 -0.9486 -0.0091
vn 0.4703 0.8741 0.1214
vn 0.4003 -0.9116 -0.0934
vn 0.9432 -0.3171 0.0991
vn 0.9970 -0.0551 0.0536
vn 0.9861 0.1585 -0.0493
vn -1.0000 0.0028 0.0019
vn -0.9997 0.0166 0.0154
vn -0.9998 0.0165 0.0150
vn 0.9732 0.2235 0.0548
vn -0.9989 -0.0332 -0.0337
vn 1.0000 0.0014 -0.0043
vn 1.0000 0.0013 -0.0020
vn 0.9999 -0.0048 0.0134
vn 1.0000 -0.0045 0.0068
vn 1.0000 0.0009 -0.0081
vn 1.0000 0.0022 0.0028
vn 0.9998 -0.0165 -0.0150
vn 0.9997 -0.0166 -0.0154
vn -0.9933 -0.1153 -0.0000
vt 0.875609 0.493943
vt 0.875610 0.493944
vt 0.875610 0.493943
vt 0.875610 0.493944
vt 0.875605 0.493917
vt 0.875604 0.493913
vt 0.875668 0.493924
vt 0.875556 0.493754
vt 0.875574 0.493806
vt 0.875682 0.493782
vt 0.880143 0.496486
vt 0.879174 0.495995
vt 0.880715 0.493469
vt 0.658710 0.621971
vt 0.659056 0.615654
vt 0.659056 0.627706
vt 0.780573 0.385451
vt 0.781301 0.385681
vt 0.780491 0.384385
vt 0.780564 0.387064
vt 0.780588 0.387058
vt 0.780566 0.387034
vt 0.780580 0.387121
vt 0.875609 0.493943
vt 0.875609 0.493943
vt 0.875609 0.493943
vt 0.875610 0.493943
vt 0.875609 0.493942
vt 0.875610 0.493943
vt 0.875609 0.493939
vt 0.875618 0.493941
vt 0.875611 0.493944
vt 0.875632 0.493962
vt 0.875628 0.493959
vt 0.875628 0.493944
vt 0.875614 0.493949
vt 0.875614 0.493949
vt 0.875614 0.493949
vt 0.875614 0.493949
vt 0.875614 0.493949
vt 0.875614 0.493949
vt 0.875614 0.493949
vt 0.875614 0.493949
vt 0.875614 0.493949
vt 0.875614 0.493949
vt 0.875615 0.493949
vt 0.875615 0.493950
vt 0.875615 0.493949
vt 0.875616 0.493949
vt 0.875615 0.493950
vt 0.875615 0.493949
vt 0.875617 0.493949
vt 0.875616 0.493951
vt 0.875617 0.493949
vt 0.875622 0.493947
vt 0.875620 0.493953
vt 0.875620 0.493948
vt 0.875656 0.493977
vt 0.875668 0.493985
vt 0.875670 0.493954
vt 0.875892 0.494131
vt 0.875916 0.493955
vt 0.875838 0.494095
vt 0.876292 0.493936
vt 0.876358 0.494411
vt 0.876505 0.493922
vt 0.877556 0.493876
vt 0.877405 0.495055
vt 0.877055 0.494833
vt 0.888549 0.491926
vt 0.891902 0.502055
vt 0.887234 0.499924
vt 0.922945 0.474384
vt 0.950774 0.517743
vt 0.923159 0.514353
vt 0.871029 0.430807
vt 0.859813 0.420618
vt 0.882736 0.411058
vt 0.815189 0.345616
vt 0.780089 0.337703
vt 0.788149 0.304834
vt 0.784066 0.377727
vt 0.779584 0.376730
vt 0.782589 0.381092
vt 0.780721 0.386776
vt 0.780574 0.386801
vt 0.780661 0.386911
vt 0.780584 0.387082
vt 0.780593 0.387084
vt 0.780593 0.387080
vt 0.780586 0.387109
vt 0.780581 0.387112
vt 0.780584 0.387113
vt 0.780581 0.387120
vt 0.780580 0.387121
vt 0.780581 0.387121
vt 0.780580 0.387121
vt 0.780580 0.387121
vt 0.780580 0.387121
vt 0.875610 0.493944
vt 0.875610 0.493944
vt 0.875609 0.493944
vt 0.875629 0.493987
vt 0.875581 0.493932
vt 0.875585 0.493933
vt 0.875436 0.493851
vt 0.875436 0.493979
vt 0.875482 0.493879
vt 0.877111 0.498911
vt 0.874058 0.498810
vt 0.876845 0.497861
vt 0.741609 0.592793
vt 0.709016 0.593779
vt 0.777138 0.587605
vt 0.778918 0.386919
vt 0.777864 0.386710
vt 0.779061 0.387673
vt 0.780525 0.387099
vt 0.780495 0.387097
vt 0.780516 0.387122
vt 0.780580 0.387121
vt 0.875609 0.493943
vt 0.875609 0.493943
vt 0.875609 0.493943
vt 0.875609 0.493944
vt 0.875608 0.493943
vt 0.875608 0.493943
vt 0.875608 0.493943
vt 0.875606 0.493962
vt 0.875610 0.493972
vt 0.875622 0.493969
vt 0.875621 0.493965
vt 0.875614 0.493949
vt 0.875614 0.493949
vt 0.875614 0.493949
vt 0.875614 0.493949
vt 0.875614 0.493949
vt 0.875614 0.493949
vt 0.875614 0.493950
vt 0.875614 0.493949
vt 0.875614 0.493949
vt 0.875614 0.493950
vt 0.875614 0.493950
vt 0.875614 0.493950
vt 0.875615 0.493951
vt 0.875614 0.493951
vt 0.875614 0.493950
vt 0.875615 0.493952
vt 0.875613 0.493952
vt 0.875613 0.493952
vt 0.875617 0.493956
vt 0.875610 0.493956
vt 0.875611 0.493955
vt 0.875632 0.493996
vt 0.875607 0.494005
vt 0.875637 0.494010
vt 0.875732 0.494260
vt 0.875708 0.494200
vt 0.875556 0.494246
vt 0.875457 0.494609
vt 0.875907 0.494774
vt 0.875845 0.494590
vt 0.875129 0.495829
vt 0.876311 0.495934
vt 0.874995 0.496407
vt 0.870872 0.506011
vt 0.879837 0.511545
vt 0.868362 0.510604
vt 0.847200 0.533464
vt 0.879889 0.572646
vt 0.830821 0.540538
vt 0.807513 0.467777
vt 0.816083 0.479356
vt 0.796862 0.488124
vt 0.735172 0.420988
vt 0.719823 0.370960
vt 0.745713 0.403820
vt 0.770652 0.389489
vt 0.770257 0.384770
vt 0.765443 0.383673
vt 0.780220 0.387222
vt 0.780262 0.387079
vt 0.780095 0.387058
vt 0.780541 0.387130
vt 0.780540 0.387121
vt 0.780537 0.387130
vt 0.780566 0.387126
vt 0.780570 0.387121
vt 0.780564 0.387121
vt 0.780579 0.387122
vt 0.780579 0.387122
vt 0.780578 0.387122
vt 0.780580 0.387121
vt 0.780580 0.387121
vt 0.875613 0.493949
vt 0.875613 0.493949
vt 0.875613 0.493949
vt 0.779174 0.386691
vt 0.779472 0.386977
vt 0.779652 0.386828
vt 0.875603 0.493940
vt 0.875603 0.493941
vt 0.875603 0.493941
vt 0.875613 0.493948
vt 0.875613 0.493948
vt 0.875613 0.493948
vt 0.771603 0.383547
vt 0.773870 0.385734
vt 0.774788 0.384933
vt 0.875598 0.493938
vt 0.875600 0.493940
vt 0.875598 0.493939
vt 0.875612 0.493947
vt 0.875612 0.493947
vt 0.875612 0.493947
vt 0.733549 0.364241
vt 0.745942 0.379301
vt 0.750978 0.374639
vt 0.875587 0.493931
vt 0.875588 0.493935
vt 0.875610 0.493945
vt 0.875611 0.493946
vt 0.875610 0.493945
vt 0.875454 0.493840
vt 0.875497 0.493871
vt 0.875609 0.493943
vt 0.875609 0.493944
vt 0.647901 0.621380
vt 0.644643 0.614866
vt 0.648246 0.615063
vt 0.874900 0.493424
vt 0.875074 0.493623
vt 0.875119 0.493588
vt 0.907630 0.571564
vt 0.881755 0.511192
vt 0.874567 0.493169
vt 0.874838 0.493476
vt 0.874486 0.493247
vt 0.880204 0.506264
vt 0.878858 0.506552
vt 0.870975 0.490486
vt 0.872125 0.491750
vt 0.870713 0.490888
vt 0.877578 0.498736
vt 0.877196 0.497710
vt 0.862685 0.484256
vt 0.855881 0.481040
vt 0.856675 0.479387
vt 0.876468 0.495843
vt 0.876169 0.495545
vt 0.876294 0.495468
vt 0.826497 0.452405
vt 0.813351 0.444051
vt 0.814993 0.440389
vt 0.875787 0.494320
vt 0.875761 0.494343
vt 0.781548 0.390043
vt 0.780791 0.388751
vt 0.781238 0.390513
vt 0.875684 0.494101
vt 0.875663 0.494080
vt 0.875674 0.494111
vt 0.780600 0.387253
vt 0.780571 0.387185
vt 0.780577 0.387285
vt 0.875641 0.494005
vt 0.780584 0.387165
vt 0.780572 0.387176
vt 0.780572 0.387178
vt 0.875635 0.493993
vt 0.875631 0.493984
vt 0.780581 0.387131
vt 0.780580 0.387129
vt 0.780579 0.387134
vt 0.875623 0.493968
vt 0.875621 0.493964
vt 0.780580 0.387122
vt 0.780580 0.387122
vt 0.780580 0.387123
vt 0.875618 0.493957
vt 0.875617 0.493955
vt 0.780580 0.387122
vt 0.780580 0.387122
vt 0.780580 0.387122
vt 0.875616 0.493952
vt 0.875615 0.493952
vt 0.875615 0.493951
vt 0.875615 0.493950
vt 0.875614 0.493950
vt 0.875614 0.493950
vt 0.875614 0.493950
vt 0.875614 0.493949
vt 0.780580 0.387121
vt 0.780580 0.387121
vt 0.875609 0.493943
vt 0.875609 0.493943
vt 0.875609 0.493943
vt 0.875614 0.493949
vt 0.875614 0.493949
vt 0.875614 0.493949
vt 0.780573 0.387120
vt 0.780574 0.387122
vt 0.780576 0.387121
vt 0.875608 0.493943
vt 0.875608 0.493943
vt 0.875614 0.493949
vt 0.875614 0.493949
vt 0.875614 0.493949
vt 0.780543 0.387120
vt 0.780548 0.387122
vt 0.780552 0.387117
vt 0.875608 0.493943
vt 0.875608 0.493943
vt 0.875608 0.493943
vt 0.780534 0.387100
vt 0.780531 0.387110
vt 0.875608 0.493943
vt 0.780319 0.387036
vt 0.780379 0.387087
vt 0.780415 0.387061
vt 0.875607 0.493942
vt 0.875607 0.493943
vt 0.875607 0.493942
vt 0.685798 0.293226
vt 0.661692 0.160628
vt 0.875608 0.493942
vt 0.875608 0.493941
vt 0.875608 0.493941
vt 0.780509 0.387011
vt 0.780464 0.386991
vt 0.780505 0.387037
vt 0.875609 0.493942
vt 0.875608 0.493942
vt 0.875608 0.493942
vt 0.780544 0.387079
vt 0.780544 0.387081
vt 0.780548 0.387080
vt 0.875609 0.493942
vt 0.875609 0.493942
vt 0.875608 0.493942
vt 0.780570 0.387104
vt 0.780559 0.387097
vt 0.780570 0.387110
vt 0.875614 0.493949
vt 0.875614 0.493949
vt 0.875609 0.493942
vt 0.875609 0.493942
vt 0.875609 0.493942
vt 0.780579 0.387120
vt 0.780578 0.387119
vt 0.780579 0.387120
vt 0.875614 0.493949
vt 0.875614 0.493949
vt 0.875609 0.493942
vt 0.875609 0.493943
vt 0.875609 0.493943
vt 0.780580 0.387121
vt 0.780580 0.387121
vt 0.780580 0.387121
vt 0.875609 0.493943
vt 0.875609 0.493943
vt 0.875614 0.493949
vt 0.875614 0.493949
vt 0.875614 0.493949
vt 0.875614 0.493949
vt 0.875614 0.493949
vt 0.875614 0.493950
vt 0.875614 0.493950
vt 0.875614 0.493950
vt 0.875615 0.493950
vt 0.875615 0.493950
vt 0.875615 0.493950
vt 0.875616 0.493951
vt 0.875616 0.493951
vt 0.875616 0.493951
vt 0.780580 0.387121
vt 0.780580 0.387122
vt 0.780580 0.387121
vt 0.875618 0.493954
vt 0.875619 0.493955
vt 0.875618 0.493954
vt 0.780580 0.387122
vt 0.780580 0.387122
vt 0.780580 0.387122
vt 0.875624 0.493960
vt 0.875625 0.493963
vt 0.875623 0.493960
vt 0.780583 0.387124
vt 0.780583 0.387125
vt 0.780584 0.387125
vt 0.875638 0.493975
vt 0.875641 0.493982
vt 0.875635 0.493976
vt 0.780599 0.387136
vt 0.780593 0.387137
vt 0.780601 0.387137
vt 0.875644 0.493982
vt 0.875648 0.493992
vt 0.875653 0.493991
vt 0.780606 0.387141
vt 0.780627 0.387174
vt 0.780649 0.387174
vt 0.875699 0.494040
vt 0.875708 0.494067
vt 0.875721 0.494063
vt 0.781413 0.387805
vt 0.782033 0.388744
vt 0.782446 0.388693
vt 0.875823 0.494171
vt 0.875850 0.494242
vt 0.875880 0.494231
vt 0.823482 0.428400
vt 0.831328 0.442293
vt 0.819805 0.429668
vt 0.876732 0.495117
vt 0.876865 0.495504
vt 0.876613 0.495190
vt 0.861404 0.473826
vt 0.865033 0.481023
vt 0.859715 0.474681
vt 0.878416 0.496841
vt 0.878810 0.497930
vt 0.878114 0.497061
vt 0.873316 0.490578
vt 0.871952 0.489430
vt 0.872343 0.489148
vt 0.889010 0.507344
vt 0.884001 0.504462
vt 0.885018 0.503464
vt 0.875142 0.493248
vt 0.874838 0.492987
vt 0.874908 0.492907
vt 0.875291 0.493468
vt 0.875095 0.493306
vt 0.875260 0.493511
vt 0.875609 0.493944
vt 0.875609 0.493943
vt 0.875545 0.493843
vt 0.875509 0.493819
vt 0.875539 0.493856
vt 0.875611 0.493946
vt 0.875611 0.493945
vt 0.875611 0.493945
vt 0.875598 0.493925
vt 0.875594 0.493925
vt 0.875596 0.493923
vt 0.767203 0.364751
vt 0.758591 0.359795
vt 0.764930 0.368503
vt 0.875612 0.493947
vt 0.875612 0.493947
vt 0.875612 0.493947
vt 0.875604 0.493935
vt 0.875602 0.493934
vt 0.875603 0.493933
vt 0.777895 0.382833
vt 0.775735 0.381616
vt 0.777535 0.383679
vt 0.875613 0.493948
vt 0.875613 0.493948
vt 0.875613 0.493948
vt 0.875606 0.493938
vt 0.875605 0.493938
vt 0.875606 0.493937
vt 0.780197 0.386496
vt 0.779920 0.386380
vt 0.780157 0.386647
vt 0.875614 0.493949
vt 0.875614 0.493949
vt 0.875614 0.493949
vt 0.436032 0.321620
vt 0.436020 0.321589
vt 0.436057 0.321602
vt 0.436071 0.321579
vt 0.436058 0.321559
vt 0.435273 0.322370
vt 0.430503 0.327946
vt 0.430372 0.328051
vt 0.430411 0.327959
vt 0.430426 0.327933
vt 0.430445 0.327784
vt 0.430503 0.327838
vt 0.430871 0.327712
vt 0.430808 0.327833
vt 0.430784 0.327786
vt 0.430171 0.328281
vt 0.429920 0.328329
vt 0.430048 0.328188
vt 0.431109 0.327478
vt 0.431228 0.327442
vt 0.431145 0.327530
vt 0.429515 0.329361
vt 0.429408 0.328876
vt 0.429685 0.329060
vt 0.431445 0.327091
vt 0.431581 0.327031
vt 0.431492 0.327136
vt 0.427941 0.332075
vt 0.427777 0.330596
vt 0.428508 0.331145
vt 0.431812 0.326636
vt 0.431960 0.326575
vt 0.431865 0.326687
vt 0.424035 0.337730
vt 0.423673 0.334301
vt 0.425391 0.335861
vt 0.435713 0.321955
vt 0.435607 0.321981
vt 0.435660 0.321918
vt 0.432300 0.326058
vt 0.432264 0.326214
vt 0.432204 0.326170
vt 0.413838 0.350552
vt 0.413353 0.343014
vt 0.417085 0.346571
vt 0.435914 0.321737
vt 0.435815 0.321747
vt 0.435866 0.321697
vt 0.432561 0.325747
vt 0.432694 0.325698
vt 0.432611 0.325795
vt 0.391656 0.376800
vt 0.392087 0.364923
vt 0.397796 0.369940
vt 0.435444 0.322257
vt 0.435451 0.322166
vt 0.435497 0.322196
vt 0.432905 0.325380
vt 0.433011 0.325340
vt 0.432936 0.325421
vt 0.372347 0.396784
vt 0.372055 0.389638
vt 0.376106 0.392946
vt 0.435170 0.322553
vt 0.435204 0.322439
vt 0.435242 0.322477
vt 0.433174 0.325115
vt 0.433272 0.325095
vt 0.433211 0.325159
vt 0.366395 0.403259
vt 0.364022 0.403648
vt 0.364777 0.402146
vt 0.434913 0.322833
vt 0.434927 0.322718
vt 0.434977 0.322762
vt 0.433375 0.324895
vt 0.433509 0.324877
vt 0.433451 0.324940
vt 0.363906 0.406007
vt 0.362885 0.405955
vt 0.363040 0.405588
vt 0.434686 0.323090
vt 0.434689 0.322986
vt 0.434742 0.323026
vt 0.433486 0.324732
vt 0.433544 0.324745
vt 0.433548 0.324773
vt 0.363042 0.406869
vt 0.362376 0.406641
vt 0.362481 0.406482
vt 0.434440 0.323359
vt 0.434459 0.323247
vt 0.434504 0.323292
vt 0.433580 0.324610
vt 0.433572 0.324746
vt 0.433562 0.324631
vt 0.362423 0.407385
vt 0.361921 0.407174
vt 0.362021 0.407045
vt 0.434242 0.323569
vt 0.434110 0.323572
vt 0.434182 0.323508
vt 0.433798 0.324407
vt 0.433841 0.324516
vt 0.433744 0.324464
vt 0.361649 0.407961
vt 0.360889 0.408047
vt 0.361222 0.407676
vt 0.433945 0.323868
vt 0.433953 0.323740
vt 0.434003 0.323811
vt 0.434021 0.324141
vt 0.434053 0.324282
vt 0.433964 0.324211
vt 0.360866 0.408360
vt 0.360417 0.407995
vt 0.360593 0.407831
vt 0.433795 0.324036
vt 0.433675 0.324022
vt 0.433728 0.323957
vt 0.434270 0.323820
vt 0.434285 0.323945
vt 0.434209 0.323897
vt 0.360033 0.408692
vt 0.359652 0.408147
vt 0.359850 0.408101
vt 0.433514 0.324337
vt 0.433521 0.324223
vt 0.433574 0.324276
vt 0.434430 0.323622
vt 0.434558 0.323600
vt 0.434503 0.323666
vt 0.358893 0.408977
vt 0.358465 0.408131
vt 0.358786 0.408101
vt 0.433430 0.324452
vt 0.433373 0.324410
vt 0.433425 0.324329
vt 0.434679 0.323307
vt 0.434793 0.323276
vt 0.434730 0.323352
vt 0.357509 0.409153
vt 0.357209 0.407730
vt 0.357589 0.407841
vt 0.433172 0.324727
vt 0.433027 0.324771
vt 0.433104 0.324671
vt 0.434938 0.323002
vt 0.435051 0.322978
vt 0.434988 0.323054
vt 0.352632 0.409269
vt 0.351175 0.404844
vt 0.353286 0.405802
vt 0.432831 0.325156
vt 0.432833 0.325042
vt 0.432890 0.325074
vt 0.435246 0.322642
vt 0.435247 0.322749
vt 0.435188 0.322712
vt 0.337611 0.408561
vt 0.335049 0.396296
vt 0.340584 0.399520
vt 0.432581 0.325499
vt 0.432593 0.325382
vt 0.432647 0.325412
vt 0.435463 0.322376
vt 0.435575 0.322329
vt 0.435503 0.322412
vt 0.304601 0.397799
vt 0.311661 0.375171
vt 0.317018 0.382095
vt 0.432260 0.325872
vt 0.432293 0.325735
vt 0.432344 0.325779
vt 0.435732 0.322049
vt 0.435830 0.322015
vt 0.435770 0.322098
vt 0.293708 0.281724
vt 0.304693 0.319644
vt 0.276451 0.308701
vt 0.431975 0.326188
vt 0.431996 0.326057
vt 0.432048 0.326108
vt 0.435969 0.321738
vt 0.435974 0.321822
vt 0.435934 0.321791
vt 0.367496 0.261799
vt 0.377529 0.289923
vt 0.362265 0.286569
vt 0.431666 0.326514
vt 0.431697 0.326382
vt 0.431744 0.326434
vt 0.436024 0.321632
vt 0.436061 0.321629
vt 0.436055 0.321651
vt 0.417994 0.303526
vt 0.415342 0.314686
vt 0.409847 0.309873
vt 0.431390 0.326808
vt 0.431411 0.326684
vt 0.431456 0.326735
vt 0.436074 0.321528
vt 0.436068 0.321543
vt 0.427441 0.323653
vt 0.424215 0.323435
vt 0.426539 0.321802
vt 0.431154 0.327067
vt 0.431170 0.326955
vt 0.431211 0.327004
vt 0.436094 0.321497
vt 0.436059 0.321566
vt 0.429231 0.326875
vt 0.428227 0.326965
vt 0.428928 0.326389
vt 0.430928 0.327318
vt 0.430941 0.327207
vt 0.430985 0.327254
vt 0.436123 0.321527
vt 0.436077 0.321561
vt 0.436076 0.321560
vt 0.429891 0.327710
vt 0.429893 0.327996
vt 0.429684 0.327920
vt 0.430768 0.327516
vt 0.430662 0.327547
vt 0.430717 0.327472
vt 0.433201 0.324750
vt 0.433144 0.324978
vt 0.432870 0.325278
vt 0.431181 0.327083
vt 0.431010 0.327412
vt 0.431451 0.327067
vt 0.430570 0.327882
vt 0.430677 0.327896
vt 0.430934 0.327635
vt 0.431192 0.327012
vt 0.431154 0.330573
vt 0.430598 0.329051
vt 0.354923 0.443843
vt 0.360553 0.411223
vt 0.361202 0.410332
vt 0.432480 0.337317
vt 0.433267 0.343852
vt 0.445719 0.363433
vt 0.430875 0.327382
vt 0.430770 0.327401
vt 0.430831 0.327334
vt 0.430969 0.327462
vt 0.430871 0.327490
vt 0.430922 0.327425
vt 0.430871 0.327597
vt 0.430768 0.327626
vt 0.430819 0.327558
vt 0.429501 0.327259
vt 0.429426 0.327791
vt 0.429103 0.327594
vt 0.430464 0.327125
vt 0.430057 0.327391
vt 0.429977 0.327094
vt 0.430381 0.327571
vt 0.430214 0.327731
vt 0.430136 0.327594
vt 0.436110 0.321499
vt 0.436069 0.321565
vt 0.436048 0.321582
vt 0.436327 0.321291
vt 0.436199 0.321448
vt 0.436189 0.321415
vt 0.436295 0.321447
vt 0.436189 0.321530
vt 0.436198 0.321488
vt 0.431041 0.327192
vt 0.431058 0.327083
vt 0.431098 0.327129
vt 0.431123 0.327280
vt 0.431137 0.327176
vt 0.431174 0.327223
vt 0.431018 0.327402
vt 0.431028 0.327299
vt 0.431071 0.327340
vt 0.428541 0.325726
vt 0.426776 0.325785
vt 0.428054 0.324837
vt 0.430880 0.325463
vt 0.429566 0.324404
vt 0.431117 0.324528
vt 0.430563 0.326701
vt 0.429793 0.326112
vt 0.430699 0.326171
vt 0.436083 0.321514
vt 0.436066 0.321563
vt 0.436070 0.321564
vt 0.436202 0.321297
vt 0.436142 0.321412
vt 0.436125 0.321427
vt 0.436269 0.321249
vt 0.436164 0.321396
vt 0.436156 0.321401
vt 0.431270 0.326940
vt 0.431290 0.326823
vt 0.431330 0.326874
vt 0.431347 0.327057
vt 0.431369 0.326930
vt 0.431407 0.326992
vt 0.431229 0.327169
vt 0.431251 0.327057
vt 0.431286 0.327115
vt 0.425347 0.319225
vt 0.419301 0.318640
vt 0.423744 0.315623
vt 0.432835 0.318907
vt 0.429016 0.314492
vt 0.434206 0.315497
vt 0.431439 0.323302
vt 0.429262 0.321115
vt 0.431977 0.321433
vt 0.436060 0.321560
vt 0.436065 0.321611
vt 0.436050 0.321580
vt 0.436131 0.321370
vt 0.436066 0.321507
vt 0.436112 0.321397
vt 0.436168 0.321323
vt 0.436094 0.321463
vt 0.436149 0.321345
vt 0.431525 0.326662
vt 0.431550 0.326537
vt 0.431595 0.326589
vt 0.431601 0.326768
vt 0.431638 0.326642
vt 0.431681 0.326696
vt 0.431464 0.326921
vt 0.431495 0.326787
vt 0.431527 0.326837
vt 0.402936 0.282559
vt 0.402088 0.303684
vt 0.391425 0.296599
vt 0.454631 0.267455
vt 0.427562 0.288229
vt 0.422731 0.270222
vt 0.440672 0.303130
vt 0.429019 0.308989
vt 0.428805 0.300619
vt 0.435990 0.321700
vt 0.436045 0.321674
vt 0.436033 0.321701
vt 0.436011 0.321552
vt 0.436009 0.321605
vt 0.435986 0.321645
vt 0.436067 0.321465
vt 0.436049 0.321532
vt 0.436030 0.321567
vt 0.431822 0.326353
vt 0.431847 0.326221
vt 0.431898 0.326271
vt 0.431925 0.326456
vt 0.431951 0.326321
vt 0.432005 0.326373
vt 0.431761 0.326621
vt 0.431793 0.326486
vt 0.431844 0.326539
vt 0.342721 0.259699
vt 0.329146 0.292584
vt 0.316470 0.265606
vt 0.273593 0.144153
vt 0.342979 0.214024
vt 0.299673 0.223307
vt 0.421602 0.169445
vt 0.408785 0.247127
vt 0.382073 0.226446
vt 0.435892 0.321848
vt 0.435886 0.321951
vt 0.435847 0.321907
vt 0.435854 0.321727
vt 0.435818 0.321855
vt 0.435794 0.321794
vt 0.435977 0.321605
vt 0.435917 0.321738
vt 0.435916 0.321663
vt 0.432121 0.326029
vt 0.432141 0.325899
vt 0.432191 0.325950
vt 0.432231 0.326127
vt 0.432246 0.325999
vt 0.432303 0.326046
vt 0.432084 0.326290
vt 0.432102 0.326158
vt 0.432158 0.326209
vt 0.271441 0.339945
vt 0.303070 0.358214
vt 0.278783 0.368893
vt 0.147246 0.364347
vt 0.244225 0.391329
vt 0.193438 0.442545
vt 0.202142 0.187669
vt 0.230174 0.292735
vt 0.150310 0.268539
vt 0.435599 0.322214
vt 0.435706 0.322177
vt 0.435640 0.322258
vt 0.435514 0.322132
vt 0.435627 0.322086
vt 0.435559 0.322170
vt 0.435660 0.321954
vt 0.435767 0.321916
vt 0.435697 0.322001
vt 0.432426 0.325686
vt 0.432451 0.325558
vt 0.432504 0.325593
vt 0.432537 0.325765
vt 0.432560 0.325629
vt 0.432618 0.325665
vt 0.432373 0.325965
vt 0.432399 0.325822
vt 0.432456 0.325864
vt 0.323316 0.405811
vt 0.323431 0.388048
vt 0.329341 0.392601
vt 0.330658 0.443153
vt 0.310113 0.424377
vt 0.322088 0.423269
vt 0.297462 0.464176
vt 0.276193 0.418074
vt 0.294730 0.423342
vt 0.435392 0.322461
vt 0.435366 0.322586
vt 0.435315 0.322555
vt 0.435222 0.322478
vt 0.435338 0.322432
vt 0.435267 0.322518
vt 0.435444 0.322221
vt 0.435414 0.322345
vt 0.435375 0.322304
vt 0.432711 0.325326
vt 0.432719 0.325213
vt 0.432771 0.325241
vt 0.432827 0.325378
vt 0.432825 0.325268
vt 0.432879 0.325292
vt 0.432699 0.325563
vt 0.432705 0.325442
vt 0.432770 0.325468
vt 0.347011 0.409214
vt 0.344847 0.401766
vt 0.348376 0.403497
vt 0.352105 0.420414
vt 0.344129 0.416992
vt 0.348180 0.415263
vt 0.345036 0.428853
vt 0.331187 0.421330
vt 0.338658 0.419050
vt 0.435128 0.322783
vt 0.435119 0.322901
vt 0.435066 0.322854
vt 0.435028 0.322693
vt 0.435016 0.322808
vt 0.434967 0.322761
vt 0.435147 0.322561
vt 0.435138 0.322670
vt 0.435088 0.322626
vt 0.432954 0.324990
vt 0.432959 0.324864
vt 0.433023 0.324903
vt 0.433049 0.325078
vt 0.433076 0.324949
vt 0.433118 0.325002
vt 0.432929 0.325215
vt 0.432941 0.325109
vt 0.432984 0.325147
vt 0.355964 0.409217
vt 0.354989 0.406577
vt 0.356255 0.407200
vt 0.357869 0.412901
vt 0.355206 0.411906
vt 0.356530 0.411236
vt 0.355799 0.415642
vt 0.351204 0.413867
vt 0.353478 0.412767
vt 0.434810 0.323153
vt 0.434922 0.323132
vt 0.434858 0.323204
vt 0.434710 0.323054
vt 0.434825 0.323028
vt 0.434760 0.323103
vt 0.434841 0.322904
vt 0.434953 0.322877
vt 0.434889 0.322953
vt 0.433328 0.324561
vt 0.433193 0.324576
vt 0.433283 0.324486
vt 0.433444 0.324672
vt 0.433306 0.324701
vt 0.433382 0.324622
vt 0.433278 0.324840
vt 0.433155 0.324864
vt 0.433229 0.324782
vt 0.358211 0.409087
vt 0.357912 0.407947
vt 0.358203 0.408045
vt 0.359327 0.411144
vt 0.358290 0.410349
vt 0.358603 0.410194
vt 0.358846 0.411670
vt 0.357560 0.410712
vt 0.357945 0.410521
vt 0.434548 0.323471
vt 0.434669 0.323430
vt 0.434611 0.323512
vt 0.434429 0.323364
vt 0.434557 0.323338
vt 0.434486 0.323421
vt 0.434575 0.323207
vt 0.434695 0.323179
vt 0.434626 0.323258
vt 0.433486 0.324375
vt 0.433447 0.324306
vt 0.433467 0.324286
vt 0.433584 0.324539
vt 0.433550 0.324447
vt 0.433619 0.324510
vt 0.433515 0.324596
vt 0.433485 0.324514
vt 0.433548 0.324568
vt 0.359526 0.408832
vt 0.359104 0.408068
vt 0.359398 0.408109
vt 0.360328 0.410207
vt 0.359562 0.409707
vt 0.359849 0.409558
vt 0.359832 0.410653
vt 0.358888 0.410052
vt 0.359244 0.409870
vt 0.434324 0.323753
vt 0.434449 0.323732
vt 0.434396 0.323799
vt 0.434179 0.323643
vt 0.434306 0.323635
vt 0.434251 0.323701
vt 0.434294 0.323511
vt 0.434414 0.323506
vt 0.434360 0.323570
vt 0.433634 0.324215
vt 0.433621 0.324088
vt 0.433692 0.324152
vt 0.433821 0.324308
vt 0.433698 0.324291
vt 0.433754 0.324230
vt 0.433709 0.324425
vt 0.433584 0.324412
vt 0.433641 0.324352
vt 0.360445 0.408548
vt 0.360044 0.408052
vt 0.360240 0.408024
vt 0.361132 0.409600
vt 0.360554 0.409194
vt 0.360756 0.409088
vt 0.360751 0.409866
vt 0.360111 0.409422
vt 0.360340 0.409304
vt 0.434147 0.323977
vt 0.434174 0.324109
vt 0.434085 0.324058
vt 0.433985 0.323864
vt 0.434001 0.324003
vt 0.433916 0.323944
vt 0.434121 0.323711
vt 0.434131 0.323844
vt 0.434053 0.323787
vt 0.433895 0.323923
vt 0.433784 0.323896
vt 0.433841 0.323839
vt 0.434030 0.324072
vt 0.433909 0.324055
vt 0.433958 0.323999
vt 0.433929 0.324190
vt 0.433809 0.324169
vt 0.433860 0.324113
vt 0.361267 0.408187
vt 0.360810 0.407624
vt 0.360946 0.407801
vt 0.362038 0.409003
vt 0.361424 0.408714
vt 0.361644 0.408580
vt 0.361572 0.409325
vt 0.360949 0.408987
vt 0.361193 0.408849
vt 0.433907 0.324279
vt 0.433916 0.324416
vt 0.433851 0.324343
vt 0.433737 0.324170
vt 0.433770 0.324287
vt 0.433685 0.324241
vt 0.433848 0.324026
vt 0.433879 0.324152
vt 0.433791 0.324098
vt 0.434061 0.323754
vt 0.434056 0.323630
vt 0.434117 0.323697
vt 0.434195 0.323883
vt 0.434182 0.323761
vt 0.434252 0.323820
vt 0.434078 0.324013
vt 0.434066 0.323881
vt 0.434137 0.323948
vt 0.362064 0.407655
vt 0.361461 0.407466
vt 0.361698 0.407301
vt 0.362792 0.408454
vt 0.362247 0.408180
vt 0.362449 0.408042
vt 0.362428 0.408705
vt 0.361860 0.408440
vt 0.362051 0.408313
vt 0.433687 0.324520
vt 0.433684 0.324670
vt 0.433630 0.324570
vt 0.433518 0.324461
vt 0.433624 0.324463
vt 0.433578 0.324514
vt 0.433596 0.324364
vt 0.433716 0.324352
vt 0.433670 0.324409
vt 0.434376 0.323428
vt 0.434256 0.323441
vt 0.434327 0.323374
vt 0.434487 0.323531
vt 0.434367 0.323553
vt 0.434430 0.323480
vt 0.434367 0.323682
vt 0.434238 0.323703
vt 0.434303 0.323627
vt 0.362722 0.407146
vt 0.362130 0.406914
vt 0.362249 0.406785
vt 0.363462 0.408125
vt 0.362976 0.407708
vt 0.363144 0.407606
vt 0.363139 0.408263
vt 0.362660 0.407901
vt 0.362815 0.407806
vt 0.433544 0.324652
vt 0.433550 0.324743
vt 0.433527 0.324672
vt 0.433447 0.324552
vt 0.433479 0.324628
vt 0.433434 0.324569
vt 0.433473 0.324518
vt 0.433516 0.324585
vt 0.433459 0.324535
vt 0.434565 0.323225
vt 0.434577 0.323119
vt 0.434626 0.323158
vt 0.434668 0.323312
vt 0.434677 0.323200
vt 0.434728 0.323242
vt 0.434546 0.323456
vt 0.434554 0.323338
vt 0.434607 0.323384
vt 0.363391 0.406548
vt 0.362596 0.406330
vt 0.362739 0.406157
vt 0.364268 0.407836
vt 0.363708 0.407264
vt 0.363921 0.407134
vt 0.363836 0.407985
vt 0.363320 0.407499
vt 0.363509 0.407385
vt 0.433439 0.324804
vt 0.433541 0.324808
vt 0.433527 0.324844
vt 0.433333 0.324705
vt 0.433409 0.324721
vt 0.433382 0.324759
vt 0.433395 0.324629
vt 0.433462 0.324649
vt 0.433435 0.324684
vt 0.434799 0.322961
vt 0.434803 0.322853
vt 0.434856 0.322897
vt 0.434904 0.323043
vt 0.434908 0.322938
vt 0.434961 0.322979
vt 0.434789 0.323172
vt 0.434794 0.323067
vt 0.434846 0.323108
vt 0.364714 0.405088
vt 0.363257 0.404962
vt 0.363561 0.404260
vt 0.366109 0.407280
vt 0.365031 0.406435
vt 0.365566 0.406091
vt 0.364963 0.407624
vt 0.364150 0.406994
vt 0.364560 0.406735
vt 0.433285 0.325000
vt 0.433394 0.324999
vt 0.433333 0.325049
vt 0.433190 0.324924
vt 0.433278 0.324903
vt 0.433237 0.324955
vt 0.433266 0.324801
vt 0.433355 0.324797
vt 0.433317 0.324849
vt 0.435042 0.322691
vt 0.435059 0.322580
vt 0.435106 0.322622
vt 0.435140 0.322769
vt 0.435153 0.322660
vt 0.435201 0.322697
vt 0.435017 0.322914
vt 0.435028 0.322803
vt 0.435079 0.322841
vt 0.369867 0.399457
vt 0.365797 0.400108
vt 0.367175 0.397527
vt 0.373451 0.404955
vt 0.369559 0.403544
vt 0.371992 0.401964
vt 0.368463 0.406548
vt 0.366173 0.405702
vt 0.367652 0.404762
vt 0.433049 0.325239
vt 0.433147 0.325222
vt 0.433080 0.325284
vt 0.432977 0.325161
vt 0.433073 0.325137
vt 0.433014 0.325198
vt 0.433091 0.325042
vt 0.433191 0.325010
vt 0.433133 0.325075
vt 0.435311 0.322403
vt 0.435339 0.322301
vt 0.435378 0.322330
vt 0.435394 0.322467
vt 0.435419 0.322361
vt 0.435460 0.322392
vt 0.435262 0.322624
vt 0.435284 0.322512
vt 0.435329 0.322544
vt 0.380691 0.388300
vt 0.380647 0.378225
vt 0.385952 0.382875
vt 0.388523 0.398527
vt 0.390893 0.388050
vt 0.395578 0.394027
vt 0.377018 0.403660
vt 0.379502 0.396905
vt 0.382175 0.401590
vt 0.432736 0.325554
vt 0.432858 0.325508
vt 0.432777 0.325600
vt 0.432663 0.325443
vt 0.432787 0.325416
vt 0.432697 0.325503
vt 0.432845 0.325288
vt 0.432956 0.325256
vt 0.432874 0.325335
vt 0.435551 0.322135
vt 0.435556 0.322041
vt 0.435605 0.322075
vt 0.435643 0.322201
vt 0.435654 0.322108
vt 0.435702 0.322141
vt 0.435527 0.322319
vt 0.435542 0.322228
vt 0.435584 0.322260
vt 0.403643 0.363062
vt 0.403990 0.352098
vt 0.409019 0.356506
vt 0.415871 0.371931
vt 0.414454 0.360496
vt 0.420432 0.364078
vt 0.402957 0.388026
vt 0.403713 0.374968
vt 0.410160 0.380176
vt 0.432387 0.325951
vt 0.432526 0.325895
vt 0.432440 0.325997
vt 0.432278 0.325849
vt 0.432424 0.325796
vt 0.432333 0.325902
vt 0.432469 0.325635
vt 0.432605 0.325597
vt 0.432515 0.325694
vt 0.435998 0.321653
vt 0.435919 0.321650
vt 0.435961 0.321619
vt 0.436134 0.321667
vt 0.436017 0.321712
vt 0.436055 0.321667
vt 0.436048 0.321778
vt 0.435926 0.321814
vt 0.435973 0.321762
vt 0.419878 0.343115
vt 0.419596 0.337705
vt 0.422187 0.340177
vt 0.427893 0.347335
vt 0.425332 0.342071
vt 0.429004 0.343320
vt 0.424107 0.356865
vt 0.421379 0.349507
vt 0.426273 0.351868
vt 0.432107 0.326286
vt 0.432062 0.326458
vt 0.432007 0.326404
vt 0.431988 0.326189
vt 0.431950 0.326353
vt 0.431891 0.326303
vt 0.432184 0.325963
vt 0.432145 0.326124
vt 0.432085 0.326075
vt 0.435817 0.321840
vt 0.435714 0.321859
vt 0.435763 0.321802
vt 0.435936 0.321901
vt 0.435820 0.321930
vt 0.435874 0.321872
vt 0.435819 0.322023
vt 0.435712 0.322049
vt 0.435766 0.321989
vt 0.426457 0.334334
vt 0.426155 0.332138
vt 0.427292 0.333089
vt 0.430090 0.335542
vt 0.428674 0.333724
vt 0.430215 0.333983
vt 0.429623 0.339911
vt 0.427504 0.336957
vt 0.429910 0.337484
vt 0.431627 0.326870
vt 0.431767 0.326807
vt 0.431676 0.326916
vt 0.431526 0.326785
vt 0.431665 0.326709
vt 0.431577 0.326826
vt 0.431708 0.326534
vt 0.431853 0.326466
vt 0.431759 0.326586
vt 0.428937 0.330406
vt 0.428818 0.329518
vt 0.429262 0.329821
vt 0.430364 0.330716
vt 0.429781 0.329994
vt 0.430342 0.330016
vt 0.430301 0.332733
vt 0.429382 0.331492
vt 0.430354 0.331604
vt 0.431270 0.327300
vt 0.431400 0.327247
vt 0.431311 0.327349
vt 0.431179 0.327221
vt 0.431307 0.327156
vt 0.431227 0.327257
vt 0.431343 0.327008
vt 0.431489 0.326938
vt 0.431396 0.327048
vt 0.429831 0.328813
vt 0.429777 0.328482
vt 0.429958 0.328607
vt 0.430335 0.328908
vt 0.430161 0.328680
vt 0.430369 0.328698
vt 0.430311 0.329475
vt 0.429997 0.329159
vt 0.430314 0.329160
vt 0.430950 0.327637
vt 0.431064 0.327609
vt 0.430980 0.327690
vt 0.430893 0.327536
vt 0.430998 0.327509
vt 0.430920 0.327588
vt 0.431042 0.327385
vt 0.431148 0.327350
vt 0.431074 0.327430
vt 0.430348 0.328035
vt 0.430166 0.328068
vt 0.430270 0.327962
vt 0.430532 0.328121
vt 0.430373 0.328207
vt 0.430438 0.328088
vt 0.430446 0.328370
vt 0.430238 0.328499
vt 0.430306 0.328342
vt 0.430693 0.327853
vt 0.430606 0.327967
vt 0.430602 0.327907
vt 0.430663 0.327781
vt 0.430603 0.327861
vt 0.430603 0.327836
vt 0.430811 0.327628
vt 0.430761 0.327744
vt 0.430734 0.327712
vt 0.430575 0.327751
vt 0.430595 0.327623
vt 0.430646 0.327667
vt 0.430689 0.327833
vt 0.430700 0.327710
vt 0.430753 0.327753
vt 0.430579 0.328016
vt 0.430567 0.327884
vt 0.430632 0.327919
vt 0.430296 0.327954
vt 0.430081 0.328046
vt 0.430177 0.327913
vt 0.430456 0.327850
vt 0.430296 0.327828
vt 0.430417 0.327793
vt 0.430549 0.327871
vt 0.430451 0.327902
vt 0.430500 0.327875
vt 0.436080 0.321585
vt 0.436060 0.321567
vt 0.436101 0.321569
vt 0.436222 0.321561
vt 0.436167 0.321553
vt 0.436248 0.321533
vt 0.436165 0.321618
vt 0.436117 0.321601
vt 0.436194 0.321588
vt 0.875613 0.493948
vt 0.875613 0.493948
vt 0.875613 0.493948
vt 0.875613 0.493948
vt 0.875613 0.493948
vt 0.875613 0.493948
vt 0.875614 0.493949
vt 0.875614 0.493948
vt 0.875614 0.493948
vt 0.780418 0.386858
vt 0.780307 0.386815
vt 0.780403 0.386923
vt 0.780499 0.386710
vt 0.780379 0.386608
vt 0.780448 0.386786
vt 0.780396 0.386167
vt 0.780126 0.385913
vt 0.780275 0.386333
vt 0.875605 0.493937
vt 0.875604 0.493937
vt 0.875605 0.493936
vt 0.875607 0.493936
vt 0.875606 0.493935
vt 0.875607 0.493935
vt 0.875608 0.493937
vt 0.875607 0.493937
vt 0.875607 0.493937
vt 0.875613 0.493948
vt 0.875613 0.493947
vt 0.875613 0.493947
vt 0.875613 0.493947
vt 0.875613 0.493947
vt 0.875613 0.493947
vt 0.875613 0.493948
vt 0.875613 0.493948
vt 0.875613 0.493948
vt 0.779586 0.385495
vt 0.778707 0.385010
vt 0.779453 0.385854
vt 0.780097 0.384749
vt 0.779263 0.383883
vt 0.779797 0.385123
vt 0.779131 0.381140
vt 0.777124 0.379079
vt 0.778422 0.381978
vt 0.875602 0.493931
vt 0.875598 0.493930
vt 0.875600 0.493928
vt 0.875605 0.493929
vt 0.875602 0.493927
vt 0.875604 0.493926
vt 0.875607 0.493934
vt 0.875605 0.493932
vt 0.875606 0.493932
vt 0.875612 0.493946
vt 0.875612 0.493946
vt 0.875612 0.493946
vt 0.875612 0.493946
vt 0.875612 0.493946
vt 0.875612 0.493946
vt 0.875612 0.493947
vt 0.875612 0.493947
vt 0.875612 0.493946
vt 0.774271 0.377055
vt 0.769931 0.374761
vt 0.773387 0.378884
vt 0.777179 0.373552
vt 0.773293 0.369573
vt 0.775529 0.375254
vt 0.773878 0.357612
vt 0.764341 0.348105
vt 0.770113 0.361103
vt 0.875595 0.493920
vt 0.875590 0.493919
vt 0.875592 0.493916
vt 0.875601 0.493915
vt 0.875595 0.493913
vt 0.875599 0.493911
vt 0.875603 0.493922
vt 0.875599 0.493921
vt 0.875602 0.493919
vt 0.875610 0.493945
vt 0.875610 0.493944
vt 0.875610 0.493944
vt 0.875611 0.493944
vt 0.875610 0.493944
vt 0.875610 0.493944
vt 0.875611 0.493945
vt 0.875611 0.493945
vt 0.875611 0.493945
vt 0.875581 0.493897
vt 0.875561 0.493884
vt 0.875578 0.493904
vt 0.875592 0.493882
vt 0.875572 0.493864
vt 0.875586 0.493890
vt 0.875563 0.493818
vt 0.875529 0.493786
vt 0.875553 0.493830
vt 0.875610 0.493944
vt 0.875610 0.493944
vt 0.875610 0.493944
vt 0.875610 0.493944
vt 0.875610 0.493944
vt 0.875610 0.493944
vt 0.875609 0.493943
vt 0.875467 0.493728
vt 0.875374 0.493652
vt 0.875454 0.493750
vt 0.875501 0.493684
vt 0.875418 0.493591
vt 0.875483 0.493705
vt 0.875365 0.493389
vt 0.875194 0.493193
vt 0.875326 0.493427
vt 0.875609 0.493943
vt 0.874567 0.492407
vt 0.873895 0.491822
vt 0.874063 0.491668
vt 0.874815 0.492209
vt 0.874244 0.491527
vt 0.874438 0.491401
vt 0.875252 0.493140
vt 0.874987 0.492831
vt 0.875073 0.492761
vt 0.880495 0.498942
vt 0.881638 0.501477
vt 0.879969 0.499381
vt 0.881392 0.497897
vt 0.882992 0.500061
vt 0.880972 0.498444
vt 0.891099 0.503850
vt 0.885899 0.502361
vt 0.886640 0.501175
vt 0.868980 0.484284
vt 0.870388 0.487514
vt 0.868154 0.484793
vt 0.870726 0.483473
vt 0.871552 0.486794
vt 0.869838 0.483844
vt 0.873885 0.490218
vt 0.872755 0.488899
vt 0.873186 0.488685
vt 0.877363 0.495772
vt 0.877584 0.496399
vt 0.877177 0.495892
vt 0.877703 0.495474
vt 0.878042 0.496049
vt 0.877539 0.495632
vt 0.878949 0.496305
vt 0.879551 0.497287
vt 0.878695 0.496588
vt 0.845781 0.453857
vt 0.852358 0.466067
vt 0.842781 0.455102
vt 0.851865 0.451710
vt 0.857058 0.464065
vt 0.848806 0.452725
vt 0.864885 0.472456
vt 0.867412 0.479784
vt 0.863129 0.473083
vt 0.876325 0.494693
vt 0.876409 0.494937
vt 0.876247 0.494735
vt 0.876473 0.494585
vt 0.876598 0.494815
vt 0.876400 0.494643
vt 0.876953 0.494938
vt 0.877150 0.495308
vt 0.876845 0.495033
vt 0.802135 0.406757
vt 0.808734 0.417703
vt 0.799294 0.407548
vt 0.808031 0.404611
vt 0.815641 0.415427
vt 0.805045 0.405778
vt 0.830957 0.425776
vt 0.838377 0.439705
vt 0.827193 0.427099
vt 0.875955 0.494308
vt 0.876004 0.494433
vt 0.876053 0.494410
vt 0.876030 0.494264
vt 0.876101 0.494382
vt 0.876147 0.494349
vt 0.875869 0.494147
vt 0.875910 0.494216
vt 0.875939 0.494198
vt 0.784457 0.390461
vt 0.786796 0.394001
vt 0.788124 0.393735
vt 0.786134 0.389898
vt 0.789517 0.393315
vt 0.790971 0.392728
vt 0.781897 0.387658
vt 0.782894 0.388581
vt 0.783371 0.388400
vt 0.875748 0.494091
vt 0.875763 0.494134
vt 0.875782 0.494127
vt 0.875779 0.494076
vt 0.875800 0.494118
vt 0.875819 0.494107
vt 0.875720 0.494032
vt 0.875733 0.494058
vt 0.875746 0.494052
vt 0.780751 0.387255
vt 0.780865 0.387441
vt 0.780969 0.387435
vt 0.780874 0.387221
vt 0.781087 0.387411
vt 0.781218 0.387363
vt 0.780628 0.387132
vt 0.780676 0.387168
vt 0.780708 0.387156
vt 0.875665 0.494003
vt 0.875672 0.494021
vt 0.875680 0.494019
vt 0.875677 0.493998
vt 0.875688 0.494017
vt 0.875696 0.494013
vt 0.875652 0.493979
vt 0.875658 0.493989
vt 0.875663 0.493987
vt 0.780602 0.387138
vt 0.780596 0.387139
vt 0.780604 0.387139
vt 0.780624 0.387131
vt 0.780614 0.387137
vt 0.780626 0.387131
vt 0.780620 0.387130
vt 0.780610 0.387135
vt 0.780622 0.387131
vt 0.875630 0.493966
vt 0.875631 0.493970
vt 0.875628 0.493966
vt 0.875634 0.493965
vt 0.875636 0.493969
vt 0.875632 0.493966
vt 0.875644 0.493973
vt 0.875648 0.493980
vt 0.875641 0.493974
vt 0.780587 0.387127
vt 0.780587 0.387130
vt 0.780592 0.387131
vt 0.780595 0.387126
vt 0.780597 0.387130
vt 0.780604 0.387127
vt 0.780586 0.387123
vt 0.780587 0.387125
vt 0.780589 0.387124
vt 0.875620 0.493956
vt 0.875621 0.493958
vt 0.875620 0.493956
vt 0.875622 0.493956
vt 0.875623 0.493958
vt 0.875621 0.493956
vt 0.875627 0.493960
vt 0.875628 0.493963
vt 0.875625 0.493960
vt 0.780581 0.387122
vt 0.780581 0.387123
vt 0.780581 0.387123
vt 0.780582 0.387122
vt 0.780582 0.387123
vt 0.780583 0.387122
vt 0.780580 0.387122
vt 0.780581 0.387122
vt 0.780581 0.387122
vt 0.875617 0.493952
vt 0.875617 0.493953
vt 0.875616 0.493952
vt 0.875617 0.493952
vt 0.875618 0.493953
vt 0.875617 0.493952
vt 0.875619 0.493954
vt 0.875620 0.493955
vt 0.875619 0.493954
vt 0.780580 0.387121
vt 0.780580 0.387122
vt 0.780580 0.387122
vt 0.780580 0.387121
vt 0.875615 0.493950
vt 0.875615 0.493951
vt 0.875615 0.493950
vt 0.875616 0.493950
vt 0.875616 0.493951
vt 0.875615 0.493950
vt 0.875616 0.493951
vt 0.875616 0.493951
vt 0.875616 0.493951
vt 0.875615 0.493950
vt 0.875615 0.493950
vt 0.875614 0.493950
vt 0.875615 0.493950
vt 0.875615 0.493950
vt 0.875615 0.493950
vt 0.875615 0.493950
vt 0.875615 0.493950
vt 0.875615 0.493950
vt 0.875614 0.493949
vt 0.875614 0.493949
vt 0.875614 0.493949
vt 0.875614 0.493949
vt 0.875614 0.493949
vt 0.875614 0.493949
vt 0.875615 0.493950
vt 0.875615 0.493950
vt 0.875614 0.493950
vt 0.875614 0.493949
vt 0.875614 0.493949
vt 0.875614 0.493949
vt 0.875614 0.493949
vt 0.875614 0.493949
vt 0.875614 0.493949
vt 0.780580 0.387121
vt 0.780580 0.387121
vt 0.780580 0.387121
vt 0.780580 0.387121
vt 0.780580 0.387121
vt 0.780580 0.387121
vt 0.780580 0.387121
vt 0.875609 0.493943
vt 0.875609 0.493943
vt 0.875609 0.493943
vt 0.875609 0.493943
vt 0.875609 0.493943
vt 0.875609 0.493942
vt 0.875609 0.493943
vt 0.875609 0.493943
vt 0.875614 0.493949
vt 0.875614 0.493949
vt 0.875614 0.493949
vt 0.875614 0.493949
vt 0.875614 0.493949
vt 0.875614 0.493949
vt 0.875614 0.493949
vt 0.875614 0.493949
vt 0.875614 0.493949
vt 0.780580 0.387121
vt 0.780580 0.387121
vt 0.780580 0.387121
vt 0.780580 0.387120
vt 0.780579 0.387120
vt 0.780580 0.387121
vt 0.780580 0.387118
vt 0.780578 0.387116
vt 0.780579 0.387119
vt 0.875609 0.493942
vt 0.875609 0.493942
vt 0.875609 0.493942
vt 0.875609 0.493942
vt 0.875609 0.493942
vt 0.875609 0.493942
vt 0.875609 0.493942
vt 0.875609 0.493942
vt 0.875614 0.493949
vt 0.875614 0.493949
vt 0.875614 0.493949
vt 0.875614 0.493949
vt 0.780576 0.387115
vt 0.780574 0.387115
vt 0.780576 0.387118
vt 0.780578 0.387109
vt 0.780575 0.387107
vt 0.780577 0.387113
vt 0.780579 0.387093
vt 0.780577 0.387087
vt 0.780574 0.387097
vt 0.875609 0.493942
vt 0.875608 0.493942
vt 0.875608 0.493942
vt 0.875609 0.493942
vt 0.875609 0.493942
vt 0.875609 0.493942
vt 0.875609 0.493942
vt 0.875609 0.493942
vt 0.875609 0.493942
vt 0.780553 0.387083
vt 0.780550 0.387088
vt 0.780561 0.387088
vt 0.780572 0.387078
vt 0.780571 0.387084
vt 0.780578 0.387082
vt 0.780554 0.387071
vt 0.780554 0.387078
vt 0.780563 0.387074
vt 0.875608 0.493942
vt 0.875608 0.493942
vt 0.875608 0.493942
vt 0.875609 0.493942
vt 0.875609 0.493942
vt 0.875609 0.493942
vt 0.875609 0.493942
vt 0.875609 0.493942
vt 0.875609 0.493942
vt 0.780541 0.387069
vt 0.780528 0.387063
vt 0.780540 0.387076
vt 0.780554 0.387048
vt 0.780537 0.387030
vt 0.780546 0.387060
vt 0.780539 0.386951
vt 0.780492 0.386903
vt 0.780520 0.386982
vt 0.875608 0.493940
vt 0.875606 0.493940
vt 0.875607 0.493939
vt 0.875608 0.493940
vt 0.875607 0.493939
vt 0.875608 0.493939
vt 0.875609 0.493941
vt 0.875608 0.493941
vt 0.875609 0.493941
vt 0.875605 0.493941
vt 0.875606 0.493942
vt 0.875605 0.493942
vt 0.875606 0.493940
vt 0.875607 0.493941
vt 0.875606 0.493941
vt 0.875607 0.493942
vt 0.875608 0.493942
vt 0.875607 0.493942
vt 0.780473 0.387078
vt 0.780509 0.387088
vt 0.780513 0.387064
vt 0.780523 0.387081
vt 0.780533 0.387077
vt 0.780421 0.386995
vt 0.780449 0.387046
vt 0.780479 0.387038
vt 0.875608 0.493943
vt 0.875608 0.493943
vt 0.875608 0.493943
vt 0.875608 0.493942
vt 0.875608 0.493942
vt 0.875608 0.493942
vt 0.875608 0.493942
vt 0.875608 0.493942
vt 0.875608 0.493942
vt 0.780541 0.387115
vt 0.780536 0.387117
vt 0.780549 0.387099
vt 0.780542 0.387099
vt 0.780544 0.387108
vt 0.780543 0.387085
vt 0.780539 0.387084
vt 0.780539 0.387091
vt 0.875614 0.493949
vt 0.875608 0.493943
vt 0.875608 0.493943
vt 0.875608 0.493942
vt 0.875608 0.493942
vt 0.875608 0.493942
vt 0.875608 0.493942
vt 0.875608 0.493943
vt 0.875608 0.493942
vt 0.780561 0.387117
vt 0.780568 0.387119
vt 0.780570 0.387114
vt 0.780571 0.387118
vt 0.780574 0.387117
vt 0.780550 0.387108
vt 0.780557 0.387113
vt 0.780563 0.387109
vt 0.875614 0.493949
vt 0.875614 0.493949
vt 0.875614 0.493949
vt 0.875608 0.493943
vt 0.875608 0.493943
vt 0.875608 0.493943
vt 0.875609 0.493943
vt 0.875608 0.493943
vt 0.875608 0.493943
vt 0.875609 0.493943
vt 0.875609 0.493943
vt 0.875609 0.493943
vt 0.780578 0.387121
vt 0.780579 0.387121
vt 0.780579 0.387121
vt 0.780579 0.387121
vt 0.780580 0.387121
vt 0.780577 0.387119
vt 0.780577 0.387120
vt 0.780578 0.387120
vt 0.875614 0.493949
vt 0.875614 0.493949
vt 0.875614 0.493949
vt 0.875614 0.493949
vt 0.875614 0.493949
vt 0.875614 0.493949
vt 0.875614 0.493949
vt 0.875614 0.493949
vt 0.875609 0.493943
vt 0.875609 0.493943
vt 0.875609 0.493943
vt 0.875609 0.493943
vt 0.875609 0.493943
vt 0.875609 0.493943
vt 0.780580 0.387122
vt 0.780580 0.387122
vt 0.780579 0.387122
vt 0.780580 0.387121
vt 0.780580 0.387121
vt 0.780580 0.387121
vt 0.780580 0.387121
vt 0.875614 0.493949
vt 0.875614 0.493949
vt 0.875614 0.493949
vt 0.875614 0.493949
vt 0.875614 0.493949
vt 0.875614 0.493949
vt 0.875614 0.493949
vt 0.875614 0.493950
vt 0.875614 0.493950
vt 0.875614 0.493950
vt 0.875614 0.493950
vt 0.875614 0.493950
vt 0.875614 0.493949
vt 0.875614 0.493950
vt 0.875614 0.493950
vt 0.875614 0.493950
vt 0.875615 0.493950
vt 0.875614 0.493950
vt 0.875614 0.493950
vt 0.875615 0.493950
vt 0.875614 0.493950
vt 0.875614 0.493950
vt 0.875615 0.493950
vt 0.875615 0.493950
vt 0.875615 0.493950
vt 0.875615 0.493951
vt 0.875615 0.493951
vt 0.875615 0.493951
vt 0.875615 0.493951
vt 0.875615 0.493951
vt 0.875615 0.493951
vt 0.875616 0.493952
vt 0.875615 0.493951
vt 0.875616 0.493951
vt 0.780580 0.387122
vt 0.780580 0.387122
vt 0.780580 0.387122
vt 0.875617 0.493954
vt 0.875616 0.493953
vt 0.875616 0.493953
vt 0.875617 0.493953
vt 0.875616 0.493953
vt 0.875616 0.493952
vt 0.875618 0.493956
vt 0.875617 0.493955
vt 0.875618 0.493954
vt 0.780580 0.387125
vt 0.780580 0.387124
vt 0.780580 0.387126
vt 0.780581 0.387123
vt 0.780580 0.387123
vt 0.780581 0.387124
vt 0.780580 0.387122
vt 0.780580 0.387122
vt 0.780580 0.387122
vt 0.875620 0.493961
vt 0.875618 0.493959
vt 0.875619 0.493959
vt 0.875621 0.493959
vt 0.875619 0.493958
vt 0.875619 0.493957
vt 0.875625 0.493965
vt 0.875622 0.493963
vt 0.875623 0.493961
vt 0.780583 0.387146
vt 0.780579 0.387141
vt 0.780577 0.387153
vt 0.780587 0.387134
vt 0.780584 0.387133
vt 0.780586 0.387140
vt 0.780583 0.387126
vt 0.780581 0.387126
vt 0.780582 0.387129
vt 0.875628 0.493977
vt 0.875624 0.493973
vt 0.875625 0.493972
vt 0.875630 0.493973
vt 0.875626 0.493970
vt 0.875627 0.493968
vt 0.875639 0.493986
vt 0.875633 0.493981
vt 0.875634 0.493978
vt 0.780584 0.387169
vt 0.780571 0.387180
vt 0.780571 0.387182
vt 0.780595 0.387147
vt 0.780591 0.387155
vt 0.780591 0.387157
vt 0.780593 0.387144
vt 0.780590 0.387151
vt 0.780590 0.387153
vt 0.875658 0.494043
vt 0.875643 0.494027
vt 0.875652 0.494050
vt 0.875668 0.494029
vt 0.875652 0.494016
vt 0.875663 0.494036
vt 0.875646 0.493996
vt 0.875637 0.493989
vt 0.875644 0.494001
vt 0.780748 0.387784
vt 0.780600 0.387492
vt 0.780655 0.387918
vt 0.780848 0.387544
vt 0.780676 0.387364
vt 0.780810 0.387658
vt 0.780624 0.387197
vt 0.780592 0.387160
vt 0.780615 0.387223
vt 0.875724 0.494184
vt 0.875688 0.494151
vt 0.875751 0.494152
vt 0.875713 0.494125
vt 0.875738 0.494168
vt 0.875702 0.494079
vt 0.875678 0.494062
vt 0.875694 0.494090
vt 0.785149 0.398067
vt 0.782208 0.393815
vt 0.784243 0.399518
vt 0.786411 0.395303
vt 0.783188 0.392130
vt 0.785866 0.396660
vt 0.781938 0.389150
vt 0.781089 0.388249
vt 0.781779 0.389586
vt 0.875891 0.494555
vt 0.875798 0.494451
vt 0.875971 0.494476
vt 0.875864 0.494391
vt 0.875933 0.494517
vt 0.875832 0.494269
vt 0.875771 0.494221
vt 0.875811 0.494295
vt 0.804370 0.427820
vt 0.794149 0.419002
vt 0.795718 0.416045
vt 0.807405 0.421037
vt 0.797100 0.413153
vt 0.798293 0.410323
vt 0.829655 0.445647
vt 0.816624 0.436785
vt 0.818231 0.433218
vt 0.876158 0.495166
vt 0.875973 0.494976
vt 0.876052 0.494923
vt 0.876334 0.495019
vt 0.876124 0.494865
vt 0.876189 0.494802
vt 0.876746 0.495626
vt 0.876410 0.495383
vt 0.876516 0.495290
vt 0.848558 0.472639
vt 0.837048 0.466557
vt 0.838309 0.463637
vt 0.850966 0.468218
vt 0.839687 0.460762
vt 0.841178 0.457920
vt 0.864171 0.482054
vt 0.857580 0.477774
vt 0.858594 0.476204
vt 0.876893 0.496923
vt 0.876450 0.496422
vt 0.876655 0.496315
vt 0.877374 0.496594
vt 0.876846 0.496189
vt 0.877020 0.496047
vt 0.878433 0.498241
vt 0.877527 0.497524
vt 0.877834 0.497307
vt 0.869053 0.489062
vt 0.865909 0.487890
vt 0.866373 0.487058
vt 0.869900 0.487994
vt 0.866903 0.486262
vt 0.867498 0.485505
vt 0.871597 0.489755
vt 0.872554 0.491230
vt 0.871271 0.490108
vt 0.879047 0.502822
vt 0.877556 0.500654
vt 0.878208 0.500436
vt 0.880820 0.502025
vt 0.878833 0.500150
vt 0.879423 0.499796
vt 0.882797 0.505218
vt 0.883665 0.510664
vt 0.881523 0.505819
vt 0.873370 0.492266
vt 0.873971 0.492919
vt 0.873219 0.492444
vt 0.873710 0.491954
vt 0.874201 0.492696
vt 0.873535 0.492102
vt 0.874744 0.493040
vt 0.874963 0.493379
vt 0.874654 0.493100
vt 0.875272 0.493702
vt 0.875354 0.493798
vt 0.875379 0.493783
vt 0.875340 0.493665
vt 0.875403 0.493769
vt 0.875429 0.493759
vt 0.875029 0.493340
vt 0.875165 0.493557
vt 0.875212 0.493532
vt 0.648592 0.608746
vt 0.645334 0.602232
vt 0.648937 0.602429
vt 0.655798 0.609140
vt 0.652540 0.602626
vt 0.656143 0.602823
vt 0.655107 0.621774
vt 0.651850 0.615260
vt 0.655453 0.615457
vt 0.875609 0.493944
vt 0.875610 0.493944
vt 0.875610 0.493944
vt 0.875610 0.493944
vt 0.875609 0.493944
vt 0.875529 0.493895
vt 0.875545 0.493918
vt 0.875554 0.493913
vt 0.875551 0.493887
vt 0.875562 0.493909
vt 0.875570 0.493906
vt 0.875491 0.493824
vt 0.875511 0.493865
vt 0.875525 0.493860
vt 0.875610 0.493944
vt 0.875610 0.493945
vt 0.875610 0.493944
vt 0.875610 0.493945
vt 0.875610 0.493944
vt 0.875611 0.493945
vt 0.875611 0.493946
vt 0.875611 0.493945
vt 0.875580 0.493926
vt 0.875577 0.493930
vt 0.875586 0.493921
vt 0.875586 0.493926
vt 0.875583 0.493923
vt 0.875592 0.493926
vt 0.875592 0.493930
vt 0.875589 0.493928
vt 0.760995 0.379159
vt 0.767378 0.381805
vt 0.767031 0.375628
vt 0.769399 0.380417
vt 0.771424 0.379460
vt 0.752368 0.360026
vt 0.755957 0.371625
vt 0.760596 0.369706
vt 0.875611 0.493946
vt 0.875611 0.493946
vt 0.875611 0.493946
vt 0.875611 0.493946
vt 0.875612 0.493947
vt 0.875611 0.493946
vt 0.875612 0.493947
vt 0.875612 0.493947
vt 0.875612 0.493947
vt 0.875593 0.493935
vt 0.875595 0.493938
vt 0.875592 0.493937
vt 0.875597 0.493931
vt 0.875597 0.493935
vt 0.875595 0.493933
vt 0.875601 0.493935
vt 0.875601 0.493938
vt 0.875600 0.493937
vt 0.776891 0.385812
vt 0.778275 0.386361
vt 0.778126 0.385160
vt 0.778684 0.386108
vt 0.779080 0.385943
vt 0.774394 0.381997
vt 0.775724 0.384336
vt 0.776646 0.383925
vt 0.875612 0.493947
vt 0.875612 0.493948
vt 0.875612 0.493947
vt 0.875613 0.493947
vt 0.875613 0.493948
vt 0.875612 0.493948
vt 0.875613 0.493948
vt 0.875613 0.493948
vt 0.875613 0.493948
vt 0.875601 0.493939
vt 0.875602 0.493941
vt 0.875601 0.493941
vt 0.875603 0.493938
vt 0.875603 0.493939
vt 0.875602 0.493938
vt 0.875604 0.493939
vt 0.875604 0.493940
vt 0.875604 0.493939
vt 0.779971 0.386927
vt 0.780180 0.386994
vt 0.780206 0.386828
vt 0.780262 0.386952
vt 0.780337 0.386930
vt 0.779682 0.386429
vt 0.779832 0.386727
vt 0.780003 0.386669
vt 0.875613 0.493948
vt 0.875613 0.493948
vt 0.875613 0.493948
vt 0.875613 0.493948
vt 0.875613 0.493948
vt 0.875613 0.493948
vt 0.875613 0.493949
vt 0.875614 0.493949
vt 0.875613 0.493949
vt 0.780580 0.387122
vt 0.780580 0.387122
vt 0.780580 0.387122
vt 0.780580 0.387122
vt 0.780580 0.387122
vt 0.780575 0.387123
vt 0.780577 0.387122
vt 0.780578 0.387126
vt 0.780578 0.387123
vt 0.780577 0.387125
vt 0.780579 0.387123
vt 0.780579 0.387122
vt 0.780579 0.387123
vt 0.780551 0.387130
vt 0.780556 0.387121
vt 0.780563 0.387149
vt 0.780564 0.387135
vt 0.780555 0.387139
vt 0.780574 0.387133
vt 0.780574 0.387127
vt 0.780570 0.387131
vt 0.780524 0.387126
vt 0.780544 0.387167
vt 0.780533 0.387145
vt 0.780527 0.387147
vt 0.780549 0.387161
vt 0.780537 0.387144
vt 0.780548 0.387163
vt 0.779628 0.387438
vt 0.779845 0.387024
vt 0.780288 0.387905
vt 0.780197 0.387464
vt 0.779926 0.387755
vt 0.780484 0.387315
vt 0.780454 0.387213
vt 0.780359 0.387302
vt 0.757004 0.395570
vt 0.758104 0.382027
vt 0.777320 0.401904
vt 0.772311 0.395188
vt 0.768195 0.401336
vt 0.778923 0.391602
vt 0.777455 0.389547
vt 0.775377 0.391597
vt 0.779674 0.424608
vt 0.763683 0.411374
vt 0.777433 0.411660
vt 0.770559 0.465829
vt 0.785484 0.439288
vt 0.794979 0.454418
vt 0.676800 0.477862
vt 0.729349 0.446497
vt 0.732197 0.476631
vt 0.796592 0.548050
vt 0.815183 0.508536
vt 0.731515 0.534551
vt 0.784737 0.484281
vt 0.764449 0.499394
vt 0.830356 0.486408
vt 0.852066 0.492699
vt 0.844835 0.508255
vt 0.842490 0.490533
vt 0.864570 0.516598
vt 0.882988 0.527302
vt 0.858107 0.524450
vt 0.863631 0.494074
vt 0.860914 0.503026
vt 0.859239 0.493717
vt 0.870312 0.497865
vt 0.867002 0.494167
vt 0.869427 0.494173
vt 0.873400 0.500458
vt 0.878114 0.503061
vt 0.872431 0.502719
vt 0.873113 0.494144
vt 0.873325 0.495912
vt 0.872085 0.494224
vt 0.874354 0.494059
vt 0.874373 0.495011
vt 0.873839 0.494092
vt 0.875328 0.495065
vt 0.876059 0.495230
vt 0.875239 0.495395
vt 0.875498 0.494453
vt 0.875531 0.494335
vt 0.875155 0.494002
vt 0.875351 0.494200
vt 0.875287 0.493994
vt 0.874719 0.494038
vt 0.875117 0.494395
vt 0.874972 0.494016
vt 0.875424 0.494140
vt 0.875465 0.494099
vt 0.875382 0.493988
vt 0.875566 0.494185
vt 0.875576 0.494136
vt 0.875599 0.494041
vt 0.875604 0.494020
vt 0.875578 0.493997
vt 0.875554 0.493970
vt 0.875565 0.494010
vt 0.875610 0.493948
vt 0.875608 0.493951
vt 0.875609 0.493948
vt 0.875611 0.493948
vt 0.875610 0.493951
vt 0.875610 0.493948
vt 0.875612 0.493954
vt 0.875612 0.493953
vt 0.875612 0.493949
vt 0.875611 0.493951
vt 0.875611 0.493949
vt 0.875612 0.493949
vt 0.875612 0.493950
vt 0.875612 0.493949
vt 0.875613 0.493951
vt 0.875613 0.493951
vt 0.875613 0.493949
vt 0.875613 0.493950
vt 0.875612 0.493949
vt 0.875613 0.493949
vt 0.875613 0.493950
vt 0.875613 0.493949
vt 0.875614 0.493950
vt 0.875614 0.493950
vt 0.875613 0.493949
vt 0.875613 0.493950
vt 0.875613 0.493949
vt 0.875614 0.493949
vt 0.875614 0.493949
vt 0.875614 0.493949
vt 0.875614 0.493950
vt 0.875614 0.493950
vt 0.875614 0.493949
vt 0.875614 0.493949
vt 0.875614 0.493949
vt 0.875614 0.493949
vt 0.875614 0.493949
vt 0.875614 0.493949
vt 0.875614 0.493949
vt 0.875614 0.493949
vt 0.875614 0.493949
vt 0.875614 0.493949
vt 0.875614 0.493949
vt 0.875614 0.493949
vt 0.875619 0.493962
vt 0.875609 0.493958
vt 0.875608 0.493960
vt 0.875605 0.493952
vt 0.875608 0.493947
vt 0.875607 0.493952
vt 0.875608 0.493943
vt 0.875608 0.493943
vt 0.875609 0.493944
vt 0.875609 0.493944
vt 0.875609 0.493943
vt 0.875609 0.493944
vt 0.875609 0.493944
vt 0.875609 0.493944
vt 0.875609 0.493943
vt 0.875609 0.493944
vt 0.875609 0.493944
vt 0.875609 0.493944
vt 0.875609 0.493944
vt 0.875609 0.493943
vt 0.875609 0.493944
vt 0.875609 0.493944
vt 0.780521 0.387147
vt 0.780496 0.387172
vt 0.780541 0.387168
vt 0.780486 0.387132
vt 0.780450 0.387093
vt 0.780439 0.387149
vt 0.779478 0.388273
vt 0.778688 0.388801
vt 0.780083 0.388656
vt 0.778079 0.387863
vt 0.776271 0.386342
vt 0.776571 0.388105
vt 0.811344 0.582637
vt 0.780395 0.583492
vt 0.844021 0.577955
vt 0.712583 0.589435
vt 0.749926 0.584239
vt 0.671441 0.586445
vt 0.708504 0.550310
vt 0.711570 0.585312
vt 0.876626 0.497051
vt 0.874768 0.497019
vt 0.874466 0.497802
vt 0.871798 0.496857
vt 0.871160 0.494150
vt 0.872659 0.496338
vt 0.875517 0.493901
vt 0.875511 0.493974
vt 0.875479 0.493976
vt 0.875498 0.494067
vt 0.875584 0.494098
vt 0.875526 0.494044
vt 0.875609 0.493945
vt 0.875609 0.493944
vt 0.875609 0.493944
vt 0.875610 0.493945
vt 0.780580 0.387121
vt 0.780580 0.387121
vt 0.780580 0.387121
vt 0.780580 0.387121
vt 0.780580 0.387121
vt 0.780580 0.387121
vt 0.780580 0.387121
vt 0.780580 0.387121
vt 0.780581 0.387121
vt 0.780581 0.387121
vt 0.780581 0.387121
vt 0.780584 0.387120
vt 0.780582 0.387120
vt 0.780582 0.387121
vt 0.780582 0.387117
vt 0.780581 0.387119
vt 0.780581 0.387119
vt 0.780592 0.387117
vt 0.780587 0.387116
vt 0.780588 0.387119
vt 0.780609 0.387109
vt 0.780595 0.387107
vt 0.780599 0.387114
vt 0.780592 0.387093
vt 0.780582 0.387098
vt 0.780589 0.387102
vt 0.780607 0.387082
vt 0.780624 0.387095
vt 0.780626 0.387094
vt 0.780630 0.387090
vt 0.780609 0.387077
vt 0.780628 0.387092
vt 0.780591 0.387067
vt 0.780580 0.387078
vt 0.780593 0.387074
vt 0.780783 0.387048
vt 0.780686 0.387007
vt 0.780674 0.387077
vt 0.781391 0.386921
vt 0.780964 0.386780
vt 0.780996 0.386999
vt 0.781003 0.386214
vt 0.780568 0.386381
vt 0.780825 0.386558
vt 0.785183 0.385979
vt 0.783327 0.384316
vt 0.782963 0.386390
vt 0.795399 0.385387
vt 0.789349 0.379943
vt 0.789053 0.385542
vt 0.791229 0.365798
vt 0.778874 0.365116
vt 0.786651 0.372814
vt 0.840323 0.338286
vt 0.870555 0.278560
vt 0.872290 0.340267
vt 0.832088 0.395849
vt 0.860339 0.381643
vt 0.846962 0.406510
vt 0.817664 0.389217
vt 0.805499 0.372968
vt 0.820114 0.370851
vt 0.937030 0.338376
vt 0.879361 0.397814
vt 0.910497 0.352350
vt 0.954259 0.417219
vt 0.902911 0.433767
vt 0.914509 0.406753
vt 0.900680 0.488089
vt 0.906570 0.508973
vt 0.897435 0.504793
vt 0.879131 0.470206
vt 0.896694 0.465832
vt 0.891950 0.475117
vt 0.876422 0.446711
vt 0.900992 0.452303
vt 0.882483 0.493184
vt 0.883982 0.498396
vt 0.881751 0.497308
vt 0.877633 0.485515
vt 0.880596 0.489572
vt 0.877135 0.487917
vt 0.878233 0.482139
vt 0.887793 0.481285
vt 0.884680 0.485233
vt 0.876766 0.493907
vt 0.876770 0.494657
vt 0.876541 0.494519
vt 0.875988 0.492739
vt 0.876917 0.492960
vt 0.876580 0.493224
vt 0.876334 0.491541
vt 0.878025 0.492124
vt 0.877381 0.492605
vt 0.876156 0.493558
vt 0.875890 0.493093
vt 0.875816 0.493335
vt 0.875915 0.493745
vt 0.875763 0.493511
vt 0.875727 0.493639
vt 0.875968 0.494176
vt 0.876131 0.493943
vt 0.876009 0.493950
vt 0.875794 0.494066
vt 0.875805 0.493954
vt 0.875758 0.494044
vt 0.875854 0.493954
vt 0.875841 0.493804
vt 0.875701 0.493730
vt 0.875793 0.493836
vt 0.875684 0.493915
vt 0.875647 0.493895
vt 0.875686 0.493955
vt 0.875684 0.493995
vt 0.875704 0.494009
vt 0.875707 0.493955
vt 0.875619 0.493948
vt 0.875618 0.493952
vt 0.875618 0.493949
vt 0.875614 0.493946
vt 0.875617 0.493946
vt 0.875616 0.493946
vt 0.875614 0.493944
vt 0.875618 0.493944
vt 0.875617 0.493945
vt 0.875616 0.493949
vt 0.875616 0.493950
vt 0.875616 0.493949
vt 0.875614 0.493947
vt 0.875615 0.493948
vt 0.875615 0.493948
vt 0.875614 0.493947
vt 0.875616 0.493947
vt 0.875616 0.493947
vt 0.875615 0.493949
vt 0.875615 0.493950
vt 0.875615 0.493949
vt 0.875614 0.493948
vt 0.875615 0.493948
vt 0.875615 0.493949
vt 0.875614 0.493948
vt 0.875615 0.493948
vt 0.875615 0.493948
vt 0.875615 0.493949
vt 0.875614 0.493949
vt 0.875614 0.493949
vt 0.875614 0.493949
vt 0.875614 0.493949
vt 0.875614 0.493949
vt 0.875614 0.493949
vt 0.875614 0.493949
vt 0.875614 0.493949
vt 0.875614 0.493949
vt 0.875614 0.493949
vt 0.875614 0.493949
vt 0.875614 0.493949
vt 0.875614 0.493949
vt 0.875614 0.493949
vt 0.875614 0.493949
vt 0.875614 0.493949
vt 0.875614 0.493949
vt 0.875614 0.493949
vt 0.875614 0.493949
vt 0.875614 0.493949
vt 0.875614 0.493949
vt 0.875614 0.493949
vt 0.875618 0.493942
vt 0.875613 0.493943
vt 0.875626 0.493946
vt 0.875625 0.493957
vt 0.875623 0.493956
vt 0.875624 0.493947
vt 0.875610 0.493943
vt 0.875610 0.493943
vt 0.875610 0.493943
vt 0.875610 0.493943
vt 0.875610 0.493943
vt 0.875609 0.493942
vt 0.875609 0.493942
vt 0.875610 0.493942
vt 0.875609 0.493943
vt 0.875609 0.493943
vt 0.875610 0.493943
vt 0.875610 0.493943
vt 0.875610 0.493943
vt 0.875610 0.493943
vt 0.875609 0.493943
vt 0.875609 0.493943
vt 0.875610 0.493943
vt 0.875609 0.493943
vt 0.780567 0.386990
vt 0.780624 0.386984
vt 0.780569 0.386918
vt 0.780601 0.387030
vt 0.780613 0.387065
vt 0.780632 0.387088
vt 0.780640 0.387043
vt 0.780324 0.382773
vt 0.782017 0.383282
vt 0.780034 0.380349
vt 0.781602 0.384734
vt 0.781846 0.386160
vt 0.782156 0.386802
vt 0.782456 0.385441
vt 0.999881 0.358162
vt 0.963298 0.359529
vt 0.995241 0.310799
vt 0.659746 0.627123
vt 0.660092 0.620806
vt 0.660092 0.632858
vt 0.659401 0.609337
vt 0.659746 0.603020
vt 0.659746 0.615072
vt 0.879281 0.490823
vt 0.878586 0.491560
vt 0.876750 0.489622
vt 0.879635 0.493651
vt 0.878429 0.495604
vt 0.877852 0.495296
vt 0.878802 0.493778
vt 0.875755 0.493862
vt 0.875726 0.493884
vt 0.875766 0.493954
vt 0.875670 0.493823
vt 0.875587 0.493845
vt 0.875598 0.493875
vt 0.875661 0.493854
vt 0.875611 0.493944
vt 0.875611 0.493944
vt 0.875611 0.493945
vt 0.875610 0.493944
vt 0.875611 0.493943
vt 0.875611 0.493943
vt 0.875611 0.493943
vt 0.875611 0.493945
vt 0.875654 0.493878
vt 0.875704 0.493902
vt 0.875605 0.493902
vt 0.875734 0.493956
vt 0.875730 0.494026
vt 0.878152 0.493869
vt 0.876629 0.490548
vt 0.874191 0.490073
vt 0.660092 0.608755
vt 0.660092 0.596703
vt 0.659746 0.639175
vt 0.659401 0.633440
vt 0.659401 0.621389
vt 0.954539 0.311046
vt 0.990776 0.264767
vt 0.927768 0.364851
vt 0.782173 0.387512
vt 0.780642 0.387120
vt 0.875609 0.493943
vt 0.875610 0.493943
vt 0.875610 0.493943
vt 0.875610 0.493943
vt 0.875609 0.493943
vt 0.875610 0.493944
vt 0.875610 0.493944
vt 0.875610 0.493943
vt 0.875610 0.493943
vt 0.875609 0.493942
vt 0.875609 0.493942
vt 0.875609 0.493942
vt 0.875609 0.493942
vt 0.875610 0.493943
vt 0.875621 0.493955
vt 0.875614 0.493944
vt 0.875614 0.493949
vt 0.875614 0.493949
vt 0.875614 0.493949
vt 0.875614 0.493949
vt 0.875614 0.493949
vt 0.875614 0.493949
vt 0.875614 0.493949
vt 0.875614 0.493948
vt 0.875614 0.493948
vt 0.875613 0.493948
vt 0.875613 0.493948
vt 0.875614 0.493948
vt 0.875614 0.493948
vt 0.875614 0.493948
vt 0.875615 0.493950
vt 0.875614 0.493947
vt 0.875613 0.493947
vt 0.875613 0.493947
vt 0.875614 0.493946
vt 0.875613 0.493948
vt 0.875613 0.493948
vt 0.875615 0.493950
vt 0.875614 0.493945
vt 0.875612 0.493946
vt 0.875612 0.493945
vt 0.875612 0.493947
vt 0.875612 0.493946
vt 0.875617 0.493951
vt 0.876017 0.493666
vt 0.875475 0.493535
vt 0.875522 0.493663
vt 0.875315 0.493091
vt 0.875409 0.493353
vt 0.876130 0.492242
vt 0.874953 0.492125
vt 0.874645 0.491289
vt 0.876333 0.493420
vt 0.875165 0.492697
vt 0.877108 0.493891
vt 0.882413 0.487763
vt 0.871637 0.483177
vt 0.872816 0.486277
vt 0.869925 0.478891
vt 0.873634 0.488509
vt 0.878681 0.459991
vt 0.861888 0.462587
vt 0.854971 0.450817
vt 0.878758 0.477667
vt 0.866668 0.471945
vt 0.893719 0.490482
vt 0.910387 0.483436
vt 0.999540 0.446031
vt 0.936009 0.458312
vt 0.991528 0.222549
vt 0.644298 0.639414
vt 0.995986 0.268397
vt 0.916630 0.281286
vt 0.951589 0.276922
vt 0.839173 0.372958
vt 0.811096 0.403258
vt 0.822807 0.412672
vt 0.801008 0.396607
vt 0.834796 0.424443
vt 0.845572 0.437394
vt 0.795605 0.376588
vt 0.799423 0.356415
vt 0.778698 0.354664
vt 0.792481 0.391957
vt 0.787033 0.389431
vt 0.804939 0.386221
vt 0.783868 0.388142
vt 0.785558 0.382519
vt 0.781283 0.386545
vt 0.780565 0.386005
vt 0.781362 0.387285
vt 0.780945 0.387183
vt 0.780743 0.387137
vt 0.780784 0.386923
vt 0.780611 0.387072
vt 0.780574 0.387072
vt 0.780640 0.387120
vt 0.780638 0.387120
vt 0.780635 0.387120
vt 0.780633 0.387121
vt 0.780601 0.387099
vt 0.780605 0.387086
vt 0.780584 0.387090
vt 0.780612 0.387122
vt 0.780600 0.387123
vt 0.780592 0.387123
vt 0.780588 0.387122
vt 0.780590 0.387113
vt 0.780584 0.387119
vt 0.780581 0.387116
vt 0.780584 0.387122
vt 0.780582 0.387122
vt 0.780581 0.387122
vt 0.780581 0.387122
vt 0.780581 0.387121
vt 0.780580 0.387121
vt 0.780580 0.387121
vt 0.780580 0.387121
vt 0.780580 0.387121
vt 0.875610 0.493946
vt 0.875609 0.493945
vt 0.875608 0.493944
vt 0.875594 0.494068
vt 0.875548 0.494026
vt 0.875535 0.493973
vt 0.875570 0.493930
vt 0.750027 0.555347
vt 0.754590 0.525770
vt 0.745233 0.588540
vt 0.675024 0.594758
vt 0.638892 0.595677
vt 0.676953 0.590310
vt 0.812529 0.578912
vt 0.774285 0.388412
vt 0.779581 0.389417
vt 0.780362 0.387178
vt 0.780525 0.387209
vt 0.875609 0.493943
vt 0.875609 0.493944
vt 0.875609 0.493944
vt 0.875609 0.493944
vt 0.875609 0.493944
vt 0.875609 0.493944
vt 0.875609 0.493944
vt 0.875608 0.493943
vt 0.875608 0.493943
vt 0.875608 0.493943
vt 0.875618 0.493957
vt 0.875614 0.493949
vt 0.875614 0.493949
vt 0.875614 0.493949
vt 0.875614 0.493949
vt 0.875613 0.493950
vt 0.875614 0.493950
vt 0.875613 0.493950
vt 0.875612 0.493950
vt 0.875615 0.493951
vt 0.875612 0.493950
vt 0.875611 0.493951
vt 0.875616 0.493953
vt 0.875609 0.493951
vt 0.875252 0.494282
vt 0.875239 0.493725
vt 0.874701 0.494739
vt 0.874945 0.494539
vt 0.875398 0.494814
vt 0.873929 0.495388
vt 0.868192 0.499235
vt 0.868699 0.489643
vt 0.862063 0.485423
vt 0.854300 0.505683
vt 0.881165 0.517509
vt 0.847545 0.474910
vt 0.825025 0.455836
vt 0.831875 0.509692
vt 0.678795 0.549322
vt 0.681261 0.518299
vt 0.644298 0.639652
vt 0.636662 0.591457
vt 0.762780 0.445222
vt 0.743717 0.511144
vt 0.802679 0.431303
vt 0.788221 0.408443
vt 0.778076 0.395469
vt 0.765175 0.391538
vt 0.780411 0.387521
vt 0.779992 0.387301
vt 0.780546 0.387165
vt 0.780531 0.387129
vt 0.780570 0.387140
vt 0.780577 0.387129
vt 0.780542 0.387142
vt 0.780543 0.387123
vt 0.780559 0.387128
vt 0.780579 0.387124
vt 0.780580 0.387122
vt 0.780571 0.387125
vt 0.780577 0.387123
vt 0.780580 0.387122
vt 0.780579 0.387122
vt 0.780580 0.387122
vt 0.875613 0.493948
vt 0.875613 0.493948
vt 0.875614 0.493949
vt 0.875613 0.493948
vt 0.875613 0.493948
vt 0.875613 0.493948
vt 0.875613 0.493948
vt 0.780092 0.386863
vt 0.780373 0.387009
vt 0.875604 0.493938
vt 0.875605 0.493938
vt 0.875605 0.493939
vt 0.875602 0.493937
vt 0.875603 0.493936
vt 0.875601 0.493939
vt 0.875602 0.493940
vt 0.875613 0.493948
vt 0.875613 0.493948
vt 0.875612 0.493947
vt 0.875612 0.493947
vt 0.875612 0.493947
vt 0.875612 0.493948
vt 0.777515 0.385423
vt 0.779431 0.386530
vt 0.875599 0.493934
vt 0.875600 0.493932
vt 0.875594 0.493929
vt 0.875596 0.493927
vt 0.875590 0.493933
vt 0.875596 0.493936
vt 0.875612 0.493947
vt 0.875612 0.493947
vt 0.875611 0.493946
vt 0.875611 0.493946
vt 0.875611 0.493946
vt 0.875611 0.493946
vt 0.764021 0.377062
vt 0.773002 0.382630
vt 0.875589 0.493924
vt 0.875592 0.493922
vt 0.875583 0.493917
vt 0.875579 0.493920
vt 0.875587 0.493916
vt 0.875574 0.493924
vt 0.875584 0.493929
vt 0.875610 0.493945
vt 0.875610 0.493945
vt 0.875610 0.493944
vt 0.875610 0.493944
vt 0.875610 0.493944
vt 0.875610 0.493944
vt 0.875610 0.493945
vt 0.875540 0.493890
vt 0.652195 0.608943
vt 0.652885 0.596309
vt 0.656489 0.596506
vt 0.645679 0.595915
vt 0.649282 0.596112
vt 0.875305 0.493682
vt 0.875473 0.493831
vt 0.874327 0.492601
vt 0.874458 0.492518
vt 0.872797 0.490999
vt 0.873059 0.490790
vt 0.872329 0.491481
vt 0.874082 0.492802
vt 0.879953 0.502475
vt 0.885627 0.509998
vt 0.878021 0.498511
vt 0.869454 0.488512
vt 0.863388 0.483133
vt 0.877144 0.496770
vt 0.876613 0.495740
vt 0.849699 0.470409
vt 0.828043 0.449012
vt 0.876250 0.495095
vt 0.876024 0.494682
vt 0.876075 0.494631
vt 0.876119 0.494576
vt 0.875968 0.494730
vt 0.805948 0.424405
vt 0.790602 0.403996
vt 0.791473 0.401879
vt 0.792146 0.399830
vt 0.789521 0.406181
vt 0.875892 0.494359
vt 0.875917 0.494325
vt 0.875786 0.494201
vt 0.875833 0.494422
vt 0.783492 0.391336
vt 0.783690 0.390583
vt 0.781166 0.388026
vt 0.782765 0.392958
vt 0.875724 0.494111
vt 0.875732 0.494097
vt 0.875684 0.494053
vt 0.875800 0.494180
vt 0.875753 0.494241
vt 0.875702 0.494138
vt 0.780694 0.387307
vt 0.780701 0.387257
vt 0.780596 0.387149
vt 0.781207 0.387824
vt 0.780967 0.388492
vt 0.780645 0.387426
vt 0.875656 0.494010
vt 0.875658 0.494005
vt 0.875689 0.494043
vt 0.875671 0.494071
vt 0.875648 0.494022
vt 0.780594 0.387146
vt 0.780594 0.387138
vt 0.780592 0.387143
vt 0.780597 0.387141
vt 0.780584 0.387172
vt 0.780584 0.387167
vt 0.875629 0.493975
vt 0.875624 0.493966
vt 0.780585 0.387129
vt 0.780585 0.387127
vt 0.780582 0.387125
vt 0.780592 0.387136
vt 0.780584 0.387162
vt 0.780582 0.387137
vt 0.875620 0.493960
vt 0.875618 0.493956
vt 0.780580 0.387122
vt 0.780580 0.387122
vt 0.780582 0.387124
vt 0.780581 0.387128
vt 0.780580 0.387123
vt 0.875617 0.493954
vt 0.875616 0.493952
vt 0.875615 0.493951
vt 0.875615 0.493950
vt 0.875615 0.493950
vt 0.875614 0.493950
vt 0.875614 0.493950
vt 0.875614 0.493949
vt 0.875614 0.493949
vt 0.780580 0.387121
vt 0.780580 0.387121
vt 0.780579 0.387122
vt 0.780580 0.387121
vt 0.875609 0.493943
vt 0.875609 0.493943
vt 0.875614 0.493949
vt 0.875613 0.493949
vt 0.875614 0.493949
vt 0.780579 0.387121
vt 0.875608 0.493943
vt 0.875608 0.493943
vt 0.780566 0.387115
vt 0.780575 0.387119
vt 0.875608 0.493943
vt 0.875608 0.493942
vt 0.875608 0.493942
vt 0.875608 0.493943
vt 0.780545 0.387091
vt 0.780546 0.387084
vt 0.780542 0.387081
vt 0.780546 0.387115
vt 0.780538 0.387109
vt 0.875608 0.493942
vt 0.875608 0.493942
vt 0.875608 0.493942
vt 0.875608 0.493942
vt 0.875608 0.493943
vt 0.875608 0.493943
vt 0.780494 0.387068
vt 0.780543 0.387080
vt 0.780533 0.387090
vt 0.875607 0.493941
vt 0.875607 0.493941
vt 0.875606 0.493939
vt 0.875604 0.493940
vt 0.875606 0.493942
vt 0.875608 0.493940
vt 0.875609 0.493941
vt 0.875609 0.493940
vt 0.875609 0.493941
vt 0.875607 0.493938
vt 0.875609 0.493937
vt 0.780549 0.387011
vt 0.780525 0.386853
vt 0.780547 0.387076
vt 0.780530 0.387048
vt 0.875609 0.493942
vt 0.875609 0.493942
vt 0.875609 0.493942
vt 0.875609 0.493942
vt 0.875609 0.493942
vt 0.780563 0.387081
vt 0.780583 0.387085
vt 0.780586 0.387085
vt 0.780570 0.387090
vt 0.875609 0.493942
vt 0.875609 0.493942
vt 0.875609 0.493942
vt 0.875609 0.493942
vt 0.875609 0.493942
vt 0.875609 0.493942
vt 0.780578 0.387102
vt 0.780579 0.387114
vt 0.780581 0.387106
vt 0.780578 0.387118
vt 0.780574 0.387111
vt 0.875609 0.493942
vt 0.875609 0.493942
vt 0.875609 0.493942
vt 0.780580 0.387119
vt 0.780580 0.387121
vt 0.780580 0.387121
vt 0.780580 0.387120
vt 0.780580 0.387121
vt 0.780579 0.387121
vt 0.875614 0.493949
vt 0.875609 0.493943
vt 0.875609 0.493943
vt 0.780580 0.387121
vt 0.875614 0.493949
vt 0.875614 0.493949
vt 0.875614 0.493950
vt 0.875615 0.493950
vt 0.875615 0.493950
vt 0.875614 0.493949
vt 0.875614 0.493950
vt 0.875615 0.493950
vt 0.875615 0.493950
vt 0.875615 0.493950
vt 0.875614 0.493950
vt 0.875615 0.493950
vt 0.875616 0.493951
vt 0.875616 0.493951
vt 0.875617 0.493951
vt 0.875615 0.493950
vt 0.875615 0.493951
vt 0.875618 0.493953
vt 0.875619 0.493953
vt 0.875621 0.493955
vt 0.875616 0.493951
vt 0.875617 0.493953
vt 0.780581 0.387122
vt 0.780584 0.387124
vt 0.875624 0.493958
vt 0.875630 0.493962
vt 0.875619 0.493955
vt 0.875622 0.493958
vt 0.780590 0.387127
vt 0.780608 0.387135
vt 0.875638 0.493968
vt 0.875641 0.493967
vt 0.875648 0.493971
vt 0.875636 0.493964
vt 0.875627 0.493963
vt 0.875633 0.493970
vt 0.780612 0.387136
vt 0.780616 0.387138
vt 0.875671 0.494001
vt 0.875709 0.494037
vt 0.780810 0.387244
vt 0.781643 0.387752
vt 0.875763 0.494085
vt 0.875846 0.494160
vt 0.785274 0.390237
vt 0.796412 0.398626
vt 0.798666 0.397723
vt 0.794239 0.399325
vt 0.875993 0.494288
vt 0.876065 0.494235
vt 0.876243 0.494506
vt 0.876302 0.494462
vt 0.876191 0.494311
vt 0.876182 0.494544
vt 0.819182 0.414106
vt 0.841950 0.438511
vt 0.812163 0.416629
vt 0.876687 0.494741
vt 0.877282 0.495188
vt 0.876505 0.494881
vt 0.859457 0.463259
vt 0.868653 0.479294
vt 0.834841 0.440969
vt 0.854692 0.465002
vt 0.878246 0.495838
vt 0.879869 0.496905
vt 0.877010 0.495414
vt 0.877820 0.496237
vt 0.872174 0.486509
vt 0.866204 0.480361
vt 0.870956 0.487130
vt 0.883537 0.499254
vt 0.879197 0.497630
vt 0.882356 0.500805
vt 0.874686 0.492304
vt 0.873592 0.490386
vt 0.875445 0.493562
vt 0.875542 0.493770
vt 0.875518 0.493802
vt 0.875395 0.493621
vt 0.875610 0.493944
vt 0.875610 0.493944
vt 0.875610 0.493944
vt 0.875610 0.493944
vt 0.875579 0.493854
vt 0.875597 0.493905
vt 0.875593 0.493909
vt 0.875589 0.493913
vt 0.875566 0.493874
vt 0.875610 0.493944
vt 0.875597 0.493917
vt 0.875606 0.493921
vt 0.875603 0.493909
vt 0.775798 0.367195
vt 0.770580 0.340693
vt 0.778216 0.377853
vt 0.779234 0.372023
vt 0.776303 0.380349
vt 0.771343 0.372128
vt 0.875612 0.493946
vt 0.875611 0.493945
vt 0.875604 0.493930
vt 0.875608 0.493931
vt 0.875607 0.493928
vt 0.875608 0.493933
vt 0.875600 0.493924
vt 0.875607 0.493925
vt 0.779725 0.383316
vt 0.780316 0.385677
vt 0.779996 0.386150
vt 0.778927 0.384453
vt 0.875613 0.493948
vt 0.875612 0.493947
vt 0.875606 0.493936
vt 0.875609 0.493936
vt 0.875609 0.493935
vt 0.875606 0.493934
vt 0.875608 0.493934
vt 0.780457 0.386494
vt 0.780572 0.386633
vt 0.780473 0.386949
vt 0.780331 0.386716
vt 0.875613 0.493948
vt 0.875613 0.493948
vt 0.436142 0.321577
vt 0.436287 0.321565
vt 0.436308 0.321543
vt 0.436258 0.321605
vt 0.436274 0.321505
vt 0.436326 0.321517
vt 0.436341 0.321492
vt 0.436119 0.321553
vt 0.430375 0.327882
vt 0.430542 0.327882
vt 0.430533 0.327857
vt 0.430390 0.327698
vt 0.430527 0.327801
vt 0.430542 0.327718
vt 0.430039 0.327830
vt 0.430633 0.327795
vt 0.430690 0.327939
vt 0.430735 0.327867
vt 0.430655 0.328031
vt 0.430822 0.327669
vt 0.430801 0.327804
vt 0.430883 0.327722
vt 0.430715 0.327584
vt 0.430680 0.327810
vt 0.430699 0.327698
vt 0.430635 0.327767
vt 0.430768 0.327590
vt 0.430527 0.327892
vt 0.430595 0.327831
vt 0.430494 0.328017
vt 0.430488 0.328238
vt 0.430601 0.328247
vt 0.430582 0.328367
vt 0.430408 0.328520
vt 0.430500 0.327983
vt 0.430626 0.328136
vt 0.430364 0.327868
vt 0.430263 0.328149
vt 0.430968 0.327459
vt 0.430941 0.327404
vt 0.431013 0.327339
vt 0.431111 0.327310
vt 0.430842 0.327669
vt 0.430880 0.327478
vt 0.430899 0.327756
vt 0.431030 0.327558
vt 0.430081 0.328897
vt 0.430574 0.328853
vt 0.430659 0.329313
vt 0.430568 0.328667
vt 0.430573 0.328495
vt 0.430071 0.328434
vt 0.431252 0.327118
vt 0.431279 0.326966
vt 0.431446 0.326899
vt 0.431079 0.327278
vt 0.431124 0.327196
vt 0.431187 0.327395
vt 0.431355 0.327199
vt 0.429615 0.330654
vt 0.431381 0.331460
vt 0.431592 0.332586
vt 0.429907 0.329482
vt 0.430912 0.329870
vt 0.429171 0.329135
vt 0.431609 0.326666
vt 0.431644 0.326495
vt 0.431551 0.326617
vt 0.431744 0.326366
vt 0.431416 0.326875
vt 0.431474 0.326744
vt 0.431535 0.326982
vt 0.431718 0.326756
vt 0.428168 0.335170
vt 0.432078 0.335389
vt 0.432923 0.339721
vt 0.429058 0.332554
vt 0.431798 0.333838
vt 0.427017 0.331343
vt 0.435877 0.321963
vt 0.435931 0.321999
vt 0.435869 0.322059
vt 0.435762 0.322082
vt 0.435995 0.321838
vt 0.436069 0.321871
vt 0.435999 0.321940
vt 0.435867 0.321785
vt 0.435765 0.321897
vt 0.432048 0.326238
vt 0.432023 0.326027
vt 0.431927 0.326140
vt 0.432118 0.325916
vt 0.431798 0.326414
vt 0.431829 0.326257
vt 0.431907 0.326518
vt 0.423593 0.345532
vt 0.431868 0.353668
vt 0.432832 0.348510
vt 0.430224 0.359306
vt 0.426625 0.339158
vt 0.421926 0.335760
vt 0.436096 0.321719
vt 0.436212 0.321696
vt 0.436141 0.321792
vt 0.436089 0.321625
vt 0.436240 0.321650
vt 0.435999 0.321599
vt 0.435958 0.321692
vt 0.432374 0.325740
vt 0.432325 0.325680
vt 0.432425 0.325571
vt 0.432565 0.325536
vt 0.432243 0.326011
vt 0.432224 0.325793
vt 0.432355 0.326101
vt 0.432474 0.325847
vt 0.409472 0.367600
vt 0.417736 0.385706
vt 0.423086 0.375896
vt 0.409170 0.395103
vt 0.418688 0.353962
vt 0.427032 0.367196
vt 0.409437 0.346575
vt 0.435598 0.322168
vt 0.435624 0.322293
vt 0.435687 0.322235
vt 0.435561 0.322351
vt 0.435747 0.322172
vt 0.435808 0.322113
vt 0.435660 0.322015
vt 0.432757 0.325362
vt 0.432732 0.325303
vt 0.432825 0.325241
vt 0.432924 0.325217
vt 0.432530 0.325463
vt 0.432634 0.325373
vt 0.432648 0.325650
vt 0.432821 0.325465
vt 0.384874 0.392992
vt 0.383899 0.407089
vt 0.391561 0.405298
vt 0.378147 0.407966
vt 0.397222 0.382106
vt 0.400007 0.401146
vt 0.386019 0.371790
vt 0.435352 0.322436
vt 0.435374 0.322572
vt 0.435435 0.322495
vt 0.435312 0.322655
vt 0.435486 0.322288
vt 0.435497 0.322422
vt 0.435401 0.322232
vt 0.433032 0.325102
vt 0.432983 0.325070
vt 0.433047 0.325015
vt 0.433150 0.324980
vt 0.432894 0.325186
vt 0.432934 0.325132
vt 0.432987 0.325298
vt 0.433111 0.325178
vt 0.370641 0.405875
vt 0.371055 0.408464
vt 0.368740 0.408493
vt 0.366799 0.407058
vt 0.375043 0.399922
vt 0.374100 0.408327
vt 0.368994 0.394300
vt 0.367914 0.401587
vt 0.435091 0.322731
vt 0.435131 0.322879
vt 0.435191 0.322807
vt 0.435073 0.322950
vt 0.435215 0.322590
vt 0.435251 0.322734
vt 0.435129 0.322510
vt 0.433228 0.324862
vt 0.433170 0.324827
vt 0.433233 0.324691
vt 0.433149 0.324903
vt 0.433237 0.325050
vt 0.433332 0.324948
vt 0.365498 0.407468
vt 0.365628 0.408620
vt 0.365024 0.408575
vt 0.364512 0.407757
vt 0.367060 0.408506
vt 0.366342 0.408636
vt 0.365209 0.404550
vt 0.364281 0.405578
vt 0.434851 0.323002
vt 0.434899 0.323148
vt 0.434959 0.323083
vt 0.434840 0.323213
vt 0.434964 0.322875
vt 0.435016 0.323016
vt 0.434862 0.322787
vt 0.433364 0.324667
vt 0.433286 0.324574
vt 0.433403 0.324428
vt 0.433340 0.324498
vt 0.433305 0.324743
vt 0.433246 0.324653
vt 0.433413 0.324842
vt 0.433463 0.324768
vt 0.364044 0.407911
vt 0.364185 0.408592
vt 0.363990 0.408608
vt 0.363643 0.408056
vt 0.364620 0.408542
vt 0.364396 0.408569
vt 0.363581 0.406365
vt 0.363212 0.406715
vt 0.434616 0.323269
vt 0.434661 0.323426
vt 0.434720 0.323353
vt 0.434601 0.323504
vt 0.434737 0.323131
vt 0.434780 0.323282
vt 0.434634 0.323052
vt 0.433498 0.324606
vt 0.433451 0.324448
vt 0.433435 0.324442
vt 0.433468 0.324451
vt 0.433421 0.324586
vt 0.433418 0.324436
vt 0.433509 0.324693
vt 0.363295 0.408194
vt 0.363488 0.408677
vt 0.363341 0.408700
vt 0.362993 0.408333
vt 0.363807 0.408616
vt 0.363644 0.408648
vt 0.362878 0.407014
vt 0.362571 0.407269
vt 0.434427 0.323606
vt 0.434489 0.323656
vt 0.434434 0.323731
vt 0.434307 0.323759
vt 0.434491 0.323408
vt 0.434545 0.323580
vt 0.434397 0.323308
vt 0.434310 0.323498
vt 0.433559 0.324411
vt 0.433482 0.324496
vt 0.433513 0.324372
vt 0.433635 0.324306
vt 0.433535 0.324563
vt 0.433473 0.324455
vt 0.433586 0.324753
vt 0.362608 0.408577
vt 0.362948 0.408952
vt 0.362807 0.409076
vt 0.362249 0.408836
vt 0.363208 0.408719
vt 0.363082 0.408831
vt 0.362272 0.407499
vt 0.361856 0.407810
vt 0.434125 0.323821
vt 0.434216 0.324005
vt 0.434271 0.323934
vt 0.434165 0.324082
vt 0.434325 0.323867
vt 0.434381 0.323801
vt 0.434173 0.323642
vt 0.433824 0.324220
vt 0.433686 0.324042
vt 0.433629 0.324134
vt 0.433751 0.323955
vt 0.433583 0.324233
vt 0.433549 0.324295
vt 0.433879 0.324459
vt 0.361816 0.409169
vt 0.362331 0.409663
vt 0.361965 0.409802
vt 0.361323 0.409478
vt 0.362635 0.409206
vt 0.362500 0.409419
vt 0.361451 0.408104
vt 0.361078 0.408257
vt 0.433980 0.324132
vt 0.434061 0.324218
vt 0.434005 0.324281
vt 0.433877 0.324248
vt 0.434007 0.323942
vt 0.434115 0.324152
vt 0.433901 0.323787
vt 0.433845 0.323979
vt 0.434066 0.323923
vt 0.433976 0.323727
vt 0.433905 0.323800
vt 0.434047 0.323656
vt 0.433935 0.324084
vt 0.433831 0.323875
vt 0.434117 0.324204
vt 0.360944 0.409727
vt 0.361378 0.410182
vt 0.360552 0.410019
vt 0.361668 0.409899
vt 0.361525 0.410038
vt 0.360630 0.408475
vt 0.360247 0.408621
vt 0.433765 0.324367
vt 0.433820 0.324445
vt 0.433758 0.324498
vt 0.433655 0.324481
vt 0.433946 0.324341
vt 0.433884 0.324396
vt 0.433746 0.324092
vt 0.434236 0.323576
vt 0.434172 0.323511
vt 0.434233 0.323442
vt 0.434350 0.323447
vt 0.434196 0.323768
vt 0.434110 0.323580
vt 0.434340 0.323866
vt 0.434377 0.323687
vt 0.360093 0.410416
vt 0.360792 0.410950
vt 0.359548 0.410920
vt 0.361030 0.410478
vt 0.360916 0.410699
vt 0.359796 0.408762
vt 0.359226 0.408903
vt 0.433517 0.324481
vt 0.433661 0.324578
vt 0.433682 0.324558
vt 0.433593 0.324625
vt 0.433701 0.324540
vt 0.433716 0.324524
vt 0.433485 0.324269
vt 0.433458 0.324414
vt 0.434503 0.323285
vt 0.434455 0.323229
vt 0.434527 0.323155
vt 0.434645 0.323129
vt 0.434294 0.323373
vt 0.434378 0.323302
vt 0.434481 0.323558
vt 0.434613 0.323388
vt 0.359096 0.411390
vt 0.360139 0.412048
vt 0.360039 0.412373
vt 0.358572 0.411989
vt 0.360317 0.411492
vt 0.360231 0.411755
vt 0.358511 0.409047
vt 0.357879 0.409122
vt 0.433362 0.324757
vt 0.433432 0.324827
vt 0.433321 0.324917
vt 0.433196 0.324918
vt 0.433453 0.324547
vt 0.433524 0.324700
vt 0.433402 0.324488
vt 0.433250 0.324642
vt 0.434775 0.322979
vt 0.434725 0.322931
vt 0.434795 0.322854
vt 0.434906 0.322829
vt 0.434596 0.323080
vt 0.434661 0.323005
vt 0.434746 0.323228
vt 0.434874 0.323078
vt 0.356977 0.414085
vt 0.359574 0.415287
vt 0.359221 0.417226
vt 0.354232 0.417685
vt 0.359902 0.412759
vt 0.359808 0.413857
vt 0.357087 0.409178
vt 0.354516 0.409245
vt 0.433006 0.325031
vt 0.433016 0.325190
vt 0.433084 0.325136
vt 0.432967 0.325238
vt 0.433149 0.325069
vt 0.433202 0.324975
vt 0.433099 0.324814
vt 0.435077 0.322739
vt 0.435041 0.322578
vt 0.434980 0.322647
vt 0.435102 0.322511
vt 0.434922 0.322715
vt 0.434864 0.322781
vt 0.435003 0.322926
vt 0.349172 0.424032
vt 0.357414 0.427882
vt 0.356383 0.434171
vt 0.338937 0.435398
vt 0.358779 0.419702
vt 0.358208 0.423186
vt 0.350192 0.409270
vt 0.342893 0.409029
vt 0.432767 0.325354
vt 0.432847 0.325482
vt 0.432894 0.325394
vt 0.432763 0.325597
vt 0.432883 0.325186
vt 0.432931 0.325308
vt 0.432778 0.325129
vt 0.435302 0.322386
vt 0.435325 0.322275
vt 0.435257 0.322355
vt 0.435197 0.322601
vt 0.435183 0.322434
vt 0.435306 0.322674
vt 0.317923 0.452916
vt 0.349061 0.475924
vt 0.341566 0.513847
vt 0.265222 0.472631
vt 0.352805 0.456553
vt 0.330841 0.407546
vt 0.314528 0.402784
vt 0.432480 0.325725
vt 0.432514 0.325907
vt 0.432595 0.325807
vt 0.432439 0.326007
vt 0.432638 0.325531
vt 0.432678 0.325705
vt 0.432526 0.325468
vt 0.435586 0.322043
vt 0.435542 0.322000
vt 0.435617 0.321909
vt 0.435736 0.321863
vt 0.435493 0.322251
vt 0.435398 0.322182
vt 0.435465 0.322093
vt 0.435531 0.322296
vt 0.435666 0.322132
vt 0.225478 0.345770
vt 0.000119 0.227649
vt 0.000119 0.412470
vt 0.093348 0.065624
vt 0.107529 0.573976
vt 0.313478 0.622257
vt 0.294241 0.390124
vt 0.432175 0.326078
vt 0.432216 0.326259
vt 0.432290 0.326176
vt 0.432140 0.326344
vt 0.432315 0.325920
vt 0.432364 0.326092
vt 0.432209 0.325819
vt 0.435869 0.321795
vt 0.435911 0.321567
vt 0.435829 0.321650
vt 0.436013 0.321485
vt 0.435760 0.321733
vt 0.435702 0.321816
vt 0.435798 0.321967
vt 0.353974 0.142105
vt 0.514310 0.086583
vt 0.392737 0.009677
vt 0.594075 0.221633
vt 0.258910 0.246477
vt 0.242544 0.000119
vt 0.316056 0.303222
vt 0.431873 0.326404
vt 0.431899 0.326592
vt 0.431980 0.326507
vt 0.431816 0.326677
vt 0.432029 0.326238
vt 0.432060 0.326425
vt 0.431918 0.326138
vt 0.436041 0.321507
vt 0.436139 0.321344
vt 0.436140 0.321317
vt 0.436091 0.321426
vt 0.435961 0.321687
vt 0.436125 0.321391
vt 0.436006 0.321756
vt 0.436008 0.321665
vt 0.447000 0.290614
vt 0.463830 0.306810
vt 0.449821 0.312026
vt 0.436434 0.310822
vt 0.453557 0.223918
vt 0.488887 0.293248
vt 0.387912 0.270470
vt 0.412327 0.294152
vt 0.431565 0.326715
vt 0.431529 0.326874
vt 0.431633 0.326817
vt 0.431499 0.326994
vt 0.431713 0.326567
vt 0.431727 0.326750
vt 0.431616 0.326460
vt 0.436081 0.321484
vt 0.436208 0.321214
vt 0.436188 0.321240
vt 0.436233 0.321191
vt 0.436176 0.321266
vt 0.436152 0.321295
vt 0.436038 0.321603
vt 0.429112 0.318350
vt 0.434286 0.322589
vt 0.435927 0.320650
vt 0.433209 0.324133
vt 0.438345 0.318241
vt 0.441443 0.315520
vt 0.421518 0.310557
vt 0.431309 0.326995
vt 0.431316 0.327185
vt 0.431387 0.327133
vt 0.431255 0.327224
vt 0.431429 0.326862
vt 0.431351 0.326755
vt 0.436236 0.321271
vt 0.436376 0.321071
vt 0.436495 0.321012
vt 0.436294 0.321232
vt 0.436105 0.321446
vt 0.436291 0.321134
vt 0.436070 0.321568
vt 0.436090 0.321504
vt 0.429688 0.325379
vt 0.431543 0.326568
vt 0.431986 0.325972
vt 0.429429 0.323112
vt 0.432527 0.325176
vt 0.425750 0.324891
vt 0.431082 0.327237
vt 0.431118 0.327376
vt 0.431163 0.327317
vt 0.431065 0.327436
vt 0.431193 0.327116
vt 0.431205 0.327265
vt 0.431110 0.327019
vt 0.436314 0.321376
vt 0.436449 0.321362
vt 0.436391 0.321443
vt 0.436719 0.320852
vt 0.436513 0.321228
vt 0.436097 0.321493
vt 0.436120 0.321509
vt 0.430399 0.327389
vt 0.430684 0.327499
vt 0.430588 0.327620
vt 0.429882 0.326658
vt 0.430886 0.327375
vt 0.428700 0.327316
vt 0.429715 0.327528
vt 0.430920 0.327525
vt 0.430961 0.327536
vt 0.430972 0.327362
vt 0.431015 0.327492
vt 0.430888 0.327269
vt 0.430821 0.327448
vt 0.431001 0.327145
vt 0.427585 0.326463
vt 0.431225 0.326889
vt 0.422142 0.321430
vt 0.436069 0.321593
vt 0.431483 0.326612
vt 0.431773 0.326302
vt 0.345112 0.286987
vt 0.435934 0.321887
vt 0.432070 0.325978
vt 0.300306 0.338856
vt 0.432374 0.325647
vt 0.435430 0.322502
vt 0.432658 0.325297
vt 0.435184 0.322825
vt 0.432894 0.324954
vt 0.433575 0.324154
vt 0.434229 0.324026
vt 0.433986 0.324352
vt 0.434004 0.323687
vt 0.433767 0.324593
vt 0.433559 0.324744
vt 0.434519 0.323184
vt 0.434744 0.322919
vt 0.434993 0.322649
vt 0.375949 0.384236
vt 0.435502 0.322102
vt 0.398161 0.358292
vt 0.416751 0.340093
vt 0.432167 0.326332
vt 0.425059 0.333111
vt 0.428366 0.330001
vt 0.429607 0.328662
vt 0.430706 0.327909
vt 0.430518 0.327702
vt 0.430236 0.328064
vt 0.436041 0.321576
vt 0.761118 0.354569
vt 0.890128 0.505591
vt 0.875614 0.493950
vt 0.875615 0.493950
vt 0.875615 0.493951
vt 0.875616 0.493954
vt 0.875626 0.493979
vt 0.644989 0.608549
vt 0.651504 0.621577
vt 0.744214 0.360784
vt 0.761054 0.426186
vt 0.693386 0.402140
vt 0.790956 0.515882
vt 0.883931 0.544617
vt 0.865298 0.500880
vt 0.827545 0.287237
vt 0.896731 0.375514
vt 0.884930 0.492730
vt 0.875617 0.493926
vt 0.875637 0.493950
vt 0.875633 0.493932
vt 0.875591 0.493947
vt 0.875593 0.493964
vt 0.644298 0.621183
vt 0.943050 0.544059
vt 0.932785 0.567509
vt 0.887737 0.509208
vt 0.717284 0.004916
vt 0.744155 0.000119
vt 0.760175 0.089865
vt 0.776332 0.179586
vt 0.792547 0.269297
vt 0.690412 0.009712
vt 0.663537 0.014486
vt 0.645031 0.066378
vt 0.636662 0.019260
vt 0.653361 0.113503
vt 0.693715 0.335957
vt 0.677508 0.250564
vt 0.432941 0.325240
vt 0.432886 0.325208
vt 0.431053 0.327308
vt 0.431142 0.327292
vt 0.430644 0.327989
vt 0.430626 0.328012
vt 0.435290 0.326729
vt 0.436719 0.329799
vt 0.434017 0.331531
vt 0.473253 0.370028
vt 0.498162 0.353143
vt 0.636423 0.480266
vt 0.606518 0.671280
vt 0.442298 0.682458
vt 0.681511 0.438989
vt 0.640455 0.600230
vt 0.636662 0.832981
vt 0.644060 0.605429
s 0
f 19/1/1 1481/1/1 2127/1/1
f 9/2/2 1492/3/2 1400/4/2
f 2142/5/2 422/6/2 489/7/2
f 36/8/3 1427/9/3 2212/10/3
f 65/11/2 2173/12/2 2216/13/2
f 62/14/4 2170/15/4 1453/16/4
f 59/17/4 1508/18/4 2167/19/4
f 57/20/4 1510/21/4 2165/22/4
f 47/23/5 1515/23/5 2230/23/5
f 48/23/6 1517/23/6 2232/23/6
f 18/1/7 1409/1/7 2126/1/7
f 5218/1/8 20/1/8 2198/1/8
f 5217/1/4 21/1/4 1483/1/4
f 2130/1/4 1484/1/4 5216/1/4
f 5215/1/4 23/1/4 1485/1/4
f 5214/1/4 24/1/4 1486/1/4
f 5213/1/4 25/1/4 1487/1/4
f 5212/24/4 26/24/4 1488/24/4
f 5211/25/4 27/26/4 1489/26/4
f 5210/27/2 30/28/2 2208/29/2
f 1423/30/2 491/31/2 2207/32/2
f 71/33/9 2179/34/9 1495/35/9
f 1472/36/10 2187/37/10 5209/36/10
f 1474/38/11 2186/37/11 5208/39/11
f 1475/40/12 2185/41/12 5207/42/12
f 76/43/13 2184/44/13 1477/45/13
f 1476/46/2 2183/47/2 5206/48/2
f 1478/49/2 2182/50/2 5205/51/2
f 1479/52/2 2181/53/2 5204/54/2
f 1480/55/14 2180/56/14 5203/57/14
f 70/58/15 1461/59/15 1493/60/15
f 68/61/16 1498/62/16 2176/63/16
f 5202/64/4 67/65/4 1499/66/4
f 5201/67/2 66/68/2 2174/69/2
f 5200/70/2 64/71/2 2172/72/2
f 5199/73/2 63/74/2 2171/75/2
f 2219/76/2 2221/77/2 5198/78/2
f 5197/79/2 61/80/2 2169/81/2
f 5196/82/4 60/83/4 2223/84/4
f 5195/85/4 58/86/4 2225/87/4
f 2164/88/2 1511/89/2 5194/90/2
f 5193/91/4 55/92/4 1512/93/4
f 5192/94/4 54/95/4 1513/96/4
f 5191/97/2 53/98/2 2161/99/2
f 49/23/17 1440/23/17 2157/23/17
f 2159/23/18 2233/23/18 5190/23/18
f 99/1/19 2252/1/19 1606/1/19
f 89/100/4 1525/101/4 1617/102/4
f 2303/103/4 547/104/4 2267/105/4
f 116/106/2 2337/107/2 1552/108/2
f 145/109/4 2341/110/4 2298/111/4
f 142/112/2 1578/113/2 2295/114/2
f 139/115/2 2292/116/2 1633/117/2
f 137/118/2 2290/119/2 1635/120/2
f 127/121/20 2355/121/20 1640/121/20
f 128/23/2 2357/23/2 1642/23/2
f 98/1/21 2251/1/21 1534/1/21
f 5189/1/22 100/1/22 2253/1/22
f 5188/1/2 101/1/2 2254/1/2
f 1609/1/2 2255/1/2 5187/1/2
f 5186/1/2 103/1/2 2256/1/2
f 5185/1/2 104/1/2 2257/1/2
f 5184/1/2 105/1/2 2258/1/2
f 5183/1/2 106/1/2 2259/1/2
f 5182/122/2 107/123/2 2260/124/2
f 5181/125/4 110/126/4 1546/127/4
f 2263/128/4 1620/129/4 1619/130/4
f 151/131/4 1620/129/4 2304/132/4
f 2312/133/23 1597/133/23 5180/133/23
f 2311/134/24 1599/135/24 5179/135/24
f 2310/136/4 1600/137/4 5178/138/4
f 156/139/4 1602/140/4 2309/141/4
f 2308/142/4 1601/143/4 5177/144/4
f 2307/145/4 1603/146/4 5176/147/4
f 2306/148/4 1604/149/4 5175/150/4
f 2305/151/4 1605/152/4 5174/153/4
f 150/154/2 1618/155/2 1586/156/2
f 148/157/2 2301/158/2 1623/159/2
f 5173/160/2 147/161/2 2300/162/2
f 5172/163/4 146/164/4 1626/165/4
f 5171/166/4 144/167/4 1627/168/4
f 5170/169/4 143/170/4 1628/171/4
f 2346/172/4 2344/173/4 5169/174/4
f 5168/175/4 141/176/4 1631/177/4
f 5167/178/2 140/179/2 2293/180/2
f 5166/181/2 138/182/2 2291/183/2
f 1636/184/4 2289/185/4 5165/186/4
f 5164/187/2 135/188/2 2288/189/2
f 5163/190/2 134/191/2 2287/192/2
f 5162/193/25 133/194/25 1639/194/25
f 129/23/26 2282/23/26 1565/23/26
f 5161/23/27 131/23/27 2284/23/27
f 5160/195/28 82/196/28 2238/197/28
f 1645/198/29 1575/199/29 5159/200/29
f 5158/201/30 112/202/30 2265/203/30
f 5157/204/31 86/205/31 2239/206/31
f 1650/207/32 1576/208/32 5156/209/32
f 5155/210/33 113/211/33 2266/212/33
f 5154/213/34 87/214/34 2240/215/34
f 1653/216/35 1577/217/35 5153/218/35
f 5152/219/36 114/220/36 2267/105/36
f 5151/221/37 88/222/37 2241/223/37
f 1656/224/38 1552/108/38 5150/225/38
f 1657/226/39 1526/227/39 5149/227/39
f 1658/228/40 2295/229/40 5148/230/40
f 1660/231/41 1553/232/41 5147/233/41
f 1661/24/42 1527/24/42 5146/24/42
f 2375/234/43 144/167/43 2456/235/43
f 5145/236/44 117/237/44 2270/238/44
f 5144/24/45 92/1/45 1528/24/45
f 5143/239/46 144/167/46 2297/240/46
f 5142/241/44 118/242/44 2271/243/44
f 5141/1/47 93/1/47 1529/1/47
f 2459/244/48 2298/111/48 5140/245/48
f 2460/246/44 2272/247/44 5139/248/44
f 5138/1/49 94/1/49 1530/1/49
f 2462/249/50 2299/250/50 5137/251/50
f 2463/252/51 2273/253/51 5136/254/51
f 5135/1/52 95/1/52 1531/1/52
f 5134/255/53 148/157/53 1584/256/53
f 5133/257/54 122/258/54 1558/259/54
f 5132/1/55 96/1/55 1532/1/55
f 5131/260/56 149/261/56 1585/262/56
f 5130/263/57 123/264/57 1559/265/57
f 5129/1/58 97/1/58 1533/1/58
f 5128/266/59 150/154/59 1586/156/59
f 5127/267/60 124/268/60 1560/269/60
f 5126/1/61 98/1/61 1534/1/61
f 1680/270/62 2303/103/62 5125/271/62
f 5124/272/63 125/273/63 1561/274/63
f 1685/1/64 1535/1/64 5123/1/64
f 2477/275/65 2304/132/65 5122/276/65
f 5121/277/66 126/278/66 1562/279/66
f 1688/1/67 1536/1/67 5120/1/67
f 2480/280/68 2305/151/68 5119/281/68
f 1687/282/69 2279/283/69 5118/284/69
f 1691/1/70 1537/1/70 5117/1/70
f 2483/285/71 2306/148/71 5116/286/71
f 5115/23/72 128/23/72 1564/23/72
f 1694/1/70 1538/1/70 5114/1/70
f 2486/287/73 2307/145/73 5113/288/73
f 5112/23/74 129/23/74 1565/23/74
f 1697/1/70 1539/1/70 5111/1/70
f 2489/289/75 2308/142/75 5110/290/75
f 1699/23/76 1566/23/76 5109/23/76
f 1700/1/77 1540/1/77 5108/1/77
f 2492/291/78 2309/141/78 5107/292/78
f 1702/23/79 1567/23/79 5106/23/79
f 1703/1/80 1541/1/80 5105/1/80
f 2495/136/81 2310/136/81 5104/136/81
f 1705/23/82 1568/23/82 5103/23/82
f 5102/1/83 106/1/83 1542/1/83
f 2498/37/84 2311/134/84 5101/37/84
f 5100/23/85 132/23/85 2285/194/85
f 5099/123/86 107/123/86 1543/1/86
f 2501/37/87 2312/133/87 5098/133/87
f 5097/293/88 133/194/88 2286/294/88
f 5096/295/86 108/296/86 1544/297/86
f 5095/298/89 81/299/89 2234/300/89
f 1714/301/90 1571/302/90 5094/303/90
f 1712/304/91 2261/296/91 5093/305/91
f 5092/306/92 83/307/92 2235/308/92
f 2504/133/93 2314/133/93 5091/133/93
f 1718/309/94 1572/310/94 5090/311/94
f 2509/312/95 2262/313/95 5089/314/95
f 5088/133/96 84/133/96 2236/133/96
f 5087/315/97 137/118/97 1573/316/97
f 5086/317/98 110/126/98 2263/128/98
f 5085/133/99 85/133/99 2237/133/99
f 2442/318/100 1574/319/100 5084/320/100
f 5083/321/101 111/322/101 2264/323/101
f 141/176/4 574/324/4 2295/325/4
f 2438/326/102 2517/327/102 5082/328/102
f 5081/329/103 164/330/103 2518/331/103
f 2433/133/104 2519/133/104 5080/133/104
f 2435/332/105 2520/333/105 5079/334/105
f 1799/335/106 2521/336/106 5078/337/106
f 1798/133/107 2522/133/107 5077/133/107
f 5076/338/108 231/339/108 2523/340/108
f 5075/341/109 234/342/109 2524/343/109
f 5074/133/110 226/133/110 2525/133/110
f 1794/344/111 2526/344/111 5073/345/111
f 5072/346/112 228/347/112 2527/348/112
f 5071/349/113 230/350/113 2528/351/113
f 1791/352/114 2529/353/114 5070/353/114
f 1790/354/115 2530/355/115 5069/356/115
f 2424/357/116 2531/358/116 5068/359/116
f 5067/133/117 223/133/117 2532/133/117
f 1787/360/115 2533/123/115 5066/361/115
f 1783/23/118 2534/23/118 5065/23/118
f 5064/37/119 220/37/119 2535/37/119
f 1784/24/120 2536/1/120 5063/1/120
f 5062/23/121 221/23/121 2537/23/121
f 5061/362/122 217/362/122 2538/363/122
f 5060/1/123 219/1/123 2539/1/123
f 5059/23/124 218/23/124 2540/23/124
f 5058/364/125 214/365/125 2541/366/125
f 5057/1/126 216/1/126 2542/1/126
f 5056/23/127 215/23/127 2543/23/127
f 5055/367/128 211/368/128 2544/369/128
f 5054/1/129 213/1/129 2545/1/129
f 1774/23/130 2546/23/130 5053/23/130
f 5052/370/131 208/371/131 2547/372/131
f 5051/1/129 210/1/129 2548/1/129
f 1771/23/132 2549/23/132 5050/23/132
f 5049/373/133 205/374/133 2550/375/133
f 5048/1/129 207/1/129 2551/1/129
f 5047/376/134 203/377/134 2552/378/134
f 5046/379/135 202/380/135 2553/381/135
f 5045/1/136 204/1/136 2554/1/136
f 1765/382/137 2555/383/137 5044/384/137
f 5043/385/138 199/386/138 2556/387/138
f 5042/1/139 201/1/139 2557/1/139
f 1762/388/140 2558/389/140 5041/390/140
f 5040/391/141 196/392/141 2559/393/141
f 1760/1/142 2560/1/142 5039/1/142
f 1759/394/143 2561/395/143 5038/396/143
f 1758/397/144 2562/398/144 5037/399/144
f 1757/1/145 2563/1/145 5036/1/145
f 1756/400/146 2564/401/146 5035/402/146
f 1755/403/147 2565/404/147 5034/405/147
f 1754/1/148 2566/1/148 5033/1/148
f 1753/406/149 2567/407/149 5032/408/149
f 1752/409/150 2568/410/150 5031/411/150
f 1751/1/151 2569/1/151 5030/1/151
f 5029/412/152 185/413/152 2570/414/152
f 5028/415/153 184/416/153 2571/417/153
f 1748/1/154 2572/1/154 5027/1/154
f 5026/418/155 182/419/155 2573/420/155
f 5025/421/156 181/422/156 2574/423/156
f 1745/1/157 2575/1/157 5024/1/157
f 2379/424/155 2576/425/155 5023/426/155
f 2378/427/158 2577/428/158 5022/429/158
f 1742/24/159 2578/24/159 5021/24/159
f 1738/430/155 2579/431/155 5020/432/155
f 5019/24/160 177/24/160 2580/24/160
f 5018/433/161 176/434/161 2581/435/161
f 5017/436/162 175/437/162 2582/436/162
f 5016/438/163 174/439/163 2583/440/163
f 2368/441/164 2584/442/164 5015/443/164
f 2367/444/165 2585/445/165 5014/446/165
f 5013/447/166 171/448/166 2586/449/166
f 2365/450/167 2587/451/167 5012/452/167
f 2364/453/168 2588/454/168 5011/455/168
f 5010/456/169 168/457/169 2589/458/169
f 2360/459/170 2590/460/170 5009/461/170
f 1727/462/171 2591/463/171 5008/464/171
f 5007/465/172 163/466/172 2592/467/172
f 1723/468/173 2593/469/173 5006/470/173
f 2029/471/174 2028/472/174 5005/473/174
f 2025/474/175 387/475/175 953/476/175
f 2031/477/176 2002/478/176 5004/479/176
f 2033/480/177 1976/481/177 5003/482/177
f 2035/483/178 2003/484/178 5002/485/178
f 5001/486/179 338/487/179 1977/488/179
f 5000/489/180 365/490/180 2004/491/180
f 2038/492/181 1978/493/181 4999/494/181
f 4998/495/182 366/496/182 2005/497/182
f 2040/498/183 1979/499/183 4997/500/183
f 4996/501/182 367/502/182 2006/503/182
f 2042/504/183 1980/505/183 4995/506/183
f 4994/507/184 315/508/184 1954/509/184
f 2045/510/185 2007/511/185 4993/512/185
f 2046/513/183 1981/514/183 4992/515/183
f 4991/516/186 314/517/186 1955/518/186
f 4990/519/187 369/520/187 2008/521/187
f 2048/522/183 1982/523/183 4989/524/183
f 2049/525/188 1956/526/188 4988/527/188
f 4987/528/187 370/529/187 2009/530/187
f 2051/531/183 1983/532/183 4986/533/183
f 2052/534/189 1957/535/189 4985/536/189
f 4984/537/187 371/538/187 2010/539/187
f 4983/540/190 345/541/190 1984/542/190
f 2055/543/188 1958/544/188 4982/545/188
f 4981/546/191 372/547/191 2011/548/191
f 4980/549/192 346/550/192 1985/551/192
f 2058/552/193 1959/553/193 4979/554/193
f 4978/555/194 373/556/194 2012/557/194
f 4977/558/195 347/559/195 1986/560/195
f 2061/561/196 1960/562/196 4976/563/196
f 2062/564/197 2013/565/197 4975/566/197
f 4974/567/198 348/568/198 1987/569/198
f 4973/570/199 322/571/199 1961/572/199
f 2065/573/200 2014/574/200 4972/575/200
f 4971/576/201 349/577/201 1988/578/201
f 2067/579/202 1962/580/202 4970/581/202
f 2068/582/203 2015/583/203 4969/584/203
f 4968/585/204 350/586/204 1989/587/204
f 4967/588/205 324/589/205 1963/590/205
f 2071/591/206 2016/592/206 4966/593/206
f 4965/594/207 351/595/207 1990/596/207
f 2073/597/208 1964/598/208 4964/599/208
f 4963/600/187 378/601/187 2017/602/187
f 4962/603/209 352/604/209 1991/605/209
f 4961/606/210 326/607/210 1965/608/210
f 4960/609/187 379/610/187 2018/611/187
f 4959/612/211 353/613/211 1992/614/211
f 4958/615/212 327/616/212 1966/617/212
f 4957/618/187 380/619/187 2019/620/187
f 4956/621/213 354/622/213 1993/623/213
f 2082/624/183 1967/625/183 4955/626/183
f 2083/627/214 2020/628/214 4954/629/214
f 4953/630/187 355/631/187 1994/632/187
f 2085/633/215 1968/634/215 4952/635/215
f 4951/636/216 382/637/216 2021/638/216
f 4950/639/217 356/640/217 1995/641/217
f 2088/642/218 1969/643/218 4949/644/218
f 4948/645/187 383/646/187 2022/647/187
f 2090/648/219 1996/649/219 4947/650/219
f 2091/651/220 1970/652/220 4946/653/220
f 2092/654/221 2023/655/221 4945/656/221
f 4944/657/222 358/658/222 1997/659/222
f 2094/660/183 1971/661/183 4943/662/183
f 4942/663/223 385/664/223 2024/665/223
f 4941/666/187 359/667/187 1998/668/187
f 2097/669/183 1972/670/183 4940/671/183
f 2098/672/224 2025/474/224 4939/673/224
f 2099/674/225 1999/675/225 4938/676/225
f 2100/677/183 1973/678/183 4937/679/183
f 4936/680/226 387/475/226 2026/681/226
f 2102/682/227 2000/683/227 4935/684/227
f 2103/685/183 1974/686/183 4934/687/183
f 4933/688/228 388/689/228 2027/690/228
f 4932/691/229 362/692/229 2001/693/229
f 4931/694/230 336/695/230 1975/696/230
f 1935/697/231 296/698/231 1100/699/231
f 925/700/232 1101/701/232 2613/702/232
f 288/703/233 2822/704/233 1899/705/233
f 286/706/234 899/707/234 1902/708/234
f 280/709/232 1915/710/232 1914/711/232
f 1904/712/235 2621/713/235 2108/714/235
f 4930/715/230 971/716/230 2691/717/230
f 4929/718/230 1105/719/230 2827/720/230
f 4928/721/230 1030/722/230 2828/723/230
f 4927/724/229 997/725/229 2717/726/229
f 4926/727/229 1106/728/229 2831/729/229
f 4925/730/229 1028/731/229 2832/732/229
f 4924/733/228 1023/734/228 2743/735/228
f 4923/736/228 1107/737/228 2835/738/228
f 4922/739/228 1026/740/228 2836/741/228
f 2837/742/183 2690/743/183 4921/744/183
f 2838/745/183 2839/746/183 4920/747/183
f 2819/748/183 2840/749/183 4919/750/183
f 2841/751/227 2716/752/227 4918/753/227
f 2842/754/227 2843/755/227 4917/756/227
f 2818/757/227 2844/758/227 4916/759/227
f 4915/760/226 1022/761/226 2742/762/226
f 4914/763/226 1110/764/226 2847/765/226
f 4913/766/226 1097/767/226 2848/768/226
f 2849/769/183 2689/770/183 4912/771/183
f 2850/772/183 2851/773/183 4911/774/183
f 2816/775/183 2852/776/183 4910/777/183
f 2853/778/225 2715/779/225 4909/780/225
f 2854/781/225 2855/782/225 4908/783/225
f 2815/784/225 2856/785/225 4907/786/225
f 2857/787/236 2741/788/236 4906/789/236
f 2858/790/237 2859/791/237 4905/792/237
f 2814/793/238 2860/794/238 4904/795/238
f 2861/796/183 2688/797/183 4903/798/183
f 2862/799/183 2863/800/183 4902/801/183
f 2813/802/183 2864/803/183 4901/804/183
f 4900/805/187 994/806/187 2714/807/187
f 4899/808/187 1115/809/187 2867/810/187
f 4898/811/187 1092/812/187 2868/813/187
f 4897/814/223 1020/815/223 2740/816/223
f 4896/817/223 1116/818/223 2871/819/223
f 4895/820/223 1091/821/223 2872/822/223
f 2873/823/183 2687/824/183 4894/825/183
f 2874/826/183 2875/827/183 4893/828/183
f 2810/829/183 2876/830/183 4892/831/183
f 2877/832/222 2713/833/222 4891/834/222
f 4890/835/222 1118/836/222 2879/837/222
f 4889/838/222 1089/839/222 2880/840/222
f 2881/841/239 2739/842/239 4888/843/239
f 2882/844/240 2883/845/240 4887/846/240
f 2808/847/241 2884/848/241 4886/849/241
f 2885/850/220 2686/851/220 4885/852/220
f 2886/853/220 2887/854/220 4884/855/220
f 2807/856/220 2888/857/220 4883/858/220
f 2889/859/219 2712/860/219 4882/861/219
f 2890/862/219 2891/863/219 4881/864/219
f 2806/865/219 2892/866/219 4880/867/219
f 4879/868/187 1018/869/187 2738/870/187
f 4878/871/187 1122/872/187 2895/873/187
f 4877/874/187 1085/875/187 2896/876/187
f 2897/877/218 2685/878/218 4876/879/218
f 2898/880/218 2899/881/218 4875/882/218
f 2804/883/218 2900/884/218 4874/885/218
f 4873/886/217 991/887/217 2711/888/217
f 4872/889/217 1124/890/217 2903/891/217
f 4871/892/217 1083/893/217 2904/894/217
f 2905/895/216 2737/896/216 4870/897/216
f 4869/898/216 1125/899/216 2907/900/216
f 2802/901/216 2908/902/216 4868/903/216
f 2909/904/215 2684/905/215 4867/906/215
f 2910/907/215 2911/908/215 4866/909/215
f 2801/910/215 2912/911/215 4865/912/215
f 4864/913/187 990/914/187 2710/915/187
f 4863/916/187 1127/917/187 2915/918/187
f 4862/919/187 1080/920/187 2916/921/187
f 2917/922/214 2736/923/214 4861/924/214
f 2918/925/214 2919/926/214 4860/927/214
f 2799/928/214 2920/929/214 4859/930/214
f 2921/931/183 2683/932/183 4858/933/183
f 2922/934/183 2923/935/183 4857/936/183
f 2798/937/183 2924/938/183 4856/939/183
f 4855/940/213 989/941/213 2709/942/213
f 4854/943/213 1130/944/213 2927/945/213
f 4853/946/213 1077/947/213 2928/948/213
f 4852/949/187 1015/950/187 2735/951/187
f 4851/952/187 1131/953/187 2931/954/187
f 4850/955/187 1076/956/187 2932/957/187
f 4849/958/242 962/959/242 2682/960/242
f 4848/961/243 1132/962/243 2935/963/243
f 4847/964/244 1075/965/244 2936/966/244
f 4846/967/211 988/968/211 2708/969/211
f 4845/970/211 1133/971/211 2939/972/211
f 4844/973/211 1074/974/211 2940/975/211
f 4843/976/187 1014/977/187 2734/978/187
f 4842/979/187 1134/980/187 2943/981/187
f 4841/982/187 1073/983/187 2944/984/187
f 4840/985/210 961/986/210 2681/987/210
f 2946/988/210 2947/989/210 4839/990/210
f 2792/991/210 2948/992/210 4838/993/210
f 4837/994/209 987/995/209 2707/996/209
f 4836/997/209 1136/998/209 2951/999/209
f 4835/1000/209 1071/1001/209 2952/1002/209
f 4834/1003/187 1013/1004/187 2733/1005/187
f 4833/1006/187 1137/1007/187 2955/1008/187
f 4832/1009/187 1070/1010/187 2956/1011/187
f 2957/1012/245 2680/1013/245 4831/1014/245
f 4830/1015/246 1138/1016/246 2959/1017/246
f 4829/1018/247 1069/1019/247 2960/1020/247
f 4828/1021/207 986/1022/207 2706/1023/207
f 4827/1024/248 1139/1025/248 2963/1026/248
f 4826/1027/248 1068/1028/248 2964/1029/248
f 2965/1030/206 2732/1031/206 4825/1032/206
f 2966/1033/206 2967/1034/206 4824/1035/206
f 2787/1036/206 2968/1037/206 4823/1038/206
f 4822/1039/205 959/1040/205 2679/1041/205
f 4821/1042/205 1141/1043/205 2971/1044/205
f 4820/1045/205 1066/1046/205 2972/1047/205
f 4819/1048/204 985/1049/204 2705/1050/204
f 4818/1051/204 1142/1052/204 2975/1053/204
f 4817/1054/204 1065/1055/204 2976/1056/204
f 2977/1057/249 2731/1058/249 4816/1059/249
f 2978/1060/250 2979/1061/250 4815/1062/250
f 2784/1063/251 2980/1064/251 4814/1065/251
f 2981/1066/252 2678/1067/252 4813/1068/252
f 2982/1069/253 2983/1070/253 4812/1071/253
f 2783/1072/254 2984/1073/254 4811/1074/254
f 4810/1075/201 984/1076/201 2704/1077/201
f 4809/1078/201 1145/1079/201 2987/1080/201
f 4808/1081/201 1062/1082/201 2988/1083/201
f 2989/1084/255 2730/1085/255 4807/1086/255
f 4806/1087/256 1146/1088/256 2991/1089/256
f 4805/1090/257 1061/1091/257 2992/1092/257
f 4804/1093/199 957/1094/199 2677/1095/199
f 4803/1096/199 1147/1097/199 2995/1098/199
f 4802/1099/199 1060/1100/199 2996/1101/199
f 4801/1102/198 983/1103/198 2703/1104/198
f 4800/1105/198 1148/1106/198 2999/1107/198
f 4799/1108/198 1059/1109/198 3000/1110/198
f 3001/1111/258 2729/1112/258 4798/1113/258
f 3002/1114/259 3003/1115/259 4797/1116/259
f 2778/1117/260 3004/1118/260 4796/1119/260
f 3005/1120/188 2676/1121/188 4795/1122/188
f 3006/1123/188 3007/1124/188 4794/1125/188
f 2777/1126/196 3008/1127/196 4793/1128/196
f 4792/1129/195 982/1130/195 2702/1131/195
f 4791/1132/195 1151/1133/195 3011/1134/195
f 4790/1135/195 1056/1136/195 3012/1137/195
f 4789/1138/261 1008/1139/261 2728/1140/261
f 4788/1141/262 1152/1142/262 3015/1143/262
f 4787/1144/263 1055/1145/263 3016/1146/263
f 3017/1147/193 2675/1148/193 4786/1149/193
f 3018/1150/193 3019/1151/193 4785/1152/193
f 2774/1153/193 3020/1154/193 4784/1155/193
f 4783/1156/192 981/1157/192 2701/1158/192
f 4782/1159/192 1154/1160/192 3023/1161/192
f 4781/1162/192 1053/1163/192 3024/1164/192
f 4780/1165/264 1007/1166/264 2727/1167/264
f 4779/1168/265 1155/1169/265 3027/1170/265
f 4778/1171/266 1052/1172/266 3028/1173/266
f 3029/1174/188 2674/1175/188 4777/1176/188
f 3030/1177/188 3031/1178/188 4776/1179/188
f 2771/1180/196 3032/1181/196 4775/1182/196
f 4774/1183/190 980/1184/190 2700/1185/190
f 4773/1186/190 1157/1187/190 3035/1188/190
f 4772/1189/190 1050/1190/190 3036/1191/190
f 4771/1192/187 1006/1193/187 2726/1194/187
f 4770/1195/187 1158/1196/187 3039/1197/187
f 4769/1198/187 1049/1199/187 3040/1200/187
f 3041/1201/189 2673/1202/189 4768/1203/189
f 3042/1204/189 3043/1205/189 4767/1206/189
f 2768/1207/189 3044/1208/189 4766/1209/189
f 3045/1210/183 2699/1211/183 4765/1212/183
f 3046/1213/183 3047/1214/183 4764/1215/183
f 2767/1216/183 3048/1217/183 4763/1218/183
f 4762/1219/187 1005/1220/187 2725/1221/187
f 4761/1222/187 1161/1223/187 3051/1224/187
f 4760/1225/187 1046/1226/187 3052/1227/187
f 3053/1228/188 2672/1229/188 4759/1230/188
f 3054/1231/188 3055/1232/188 4758/1233/188
f 2765/1234/188 3056/1235/188 4757/1236/188
f 3057/1237/183 2698/1238/183 4756/1239/183
f 3058/1240/183 3059/1241/183 4755/1242/183
f 2764/1243/183 3060/1244/183 4754/1245/183
f 4753/1246/187 1004/1247/187 2724/1248/187
f 4752/1249/187 1164/1250/187 3063/1251/187
f 4751/1252/187 1043/1253/187 3064/1254/187
f 4750/1255/186 951/1256/186 2671/1257/186
f 4749/1258/186 1165/1259/186 3067/1260/186
f 4748/1261/186 1040/1262/186 3068/1263/186
f 3069/1264/183 2697/1265/183 4747/1266/183
f 3070/1267/183 3071/1268/183 4746/1269/183
f 2762/1270/183 3072/1271/183 4745/1272/183
f 3073/1273/185 2723/1274/185 4744/1275/185
f 3074/1276/185 3075/1277/185 4743/1278/185
f 2761/1279/185 3076/1280/185 4742/1281/185
f 4741/1282/184 950/1283/184 2670/1284/184
f 4740/1285/184 1168/1286/184 3079/1287/184
f 4739/1288/184 1039/1289/184 3080/1290/184
f 3081/1291/183 2696/1292/183 4738/1293/183
f 3082/1294/183 3083/1295/183 4737/1296/183
f 2758/1297/183 3084/1298/183 4736/1299/183
f 4735/1300/182 1002/1301/182 2722/1302/182
f 4734/1303/182 1170/1304/182 3087/1305/182
f 4733/1306/182 1037/1307/182 3088/1308/182
f 3089/1309/183 2695/1310/183 4732/1311/183
f 3090/1312/183 3091/1313/183 4731/1314/183
f 2756/1315/183 3092/1316/183 4730/1317/183
f 4729/1318/182 1001/1319/182 2721/1320/182
f 4728/1321/182 1172/1322/182 3095/1323/182
f 4727/1324/182 1035/1325/182 3096/1326/182
f 3097/1327/181 2694/1328/181 4726/1329/181
f 3098/1330/181 3099/1331/181 4725/1332/181
f 2754/1333/181 3100/1334/181 4724/1335/181
f 4723/1336/180 1000/1337/180 2720/1338/180
f 4722/1339/180 1174/1340/180 3103/1341/180
f 4721/1342/180 1033/1343/180 3104/1344/180
f 4720/1345/179 973/1346/179 2693/1347/179
f 4719/1348/179 1175/1349/179 3107/1350/179
f 4718/1351/179 1032/1352/179 3108/1353/179
f 3109/1354/178 2719/1355/178 4717/1356/178
f 3110/1357/178 3111/1358/178 4716/1359/178
f 2751/1360/178 3112/1361/178 4715/1362/178
f 3113/1363/177 2692/1364/177 4714/1365/177
f 3114/1366/177 3115/1367/177 4713/1368/177
f 2749/1369/177 3116/1370/177 4712/1371/177
f 3117/1372/176 2718/1373/176 4711/1374/176
f 3118/1375/176 3119/1376/176 4710/1377/176
f 2747/1378/176 3120/1379/176 4709/1380/176
f 3121/1381/174 2744/1382/174 4708/1383/174
f 3122/1384/174 3123/1385/174 4707/1386/174
f 2745/1387/174 3124/1388/174 4706/1389/174
f 3125/1390/173 1877/1391/173 4705/1392/173
f 3126/1393/173 3127/1394/173 4704/1395/173
f 2439/1396/173 3128/1397/173 4703/1398/173
f 4702/1399/172 872/1400/172 1876/1401/172
f 4701/1402/172 1181/1403/172 3131/1404/172
f 4700/1405/172 721/1406/172 3132/1407/172
f 3133/1408/171 1875/1409/171 4699/1410/171
f 3134/1411/267 3135/1412/267 4698/1413/267
f 2443/1414/267 3136/1415/267 4697/1416/267
f 3137/1417/170 1874/1418/170 4696/1419/170
f 3138/1420/170 3139/1421/170 4695/1422/170
f 1644/1423/170 3140/1424/170 4694/1425/170
f 4693/1426/169 869/1427/169 1873/1428/169
f 4692/1429/169 1184/1430/169 3143/1431/169
f 4691/1432/169 726/1433/169 3144/1434/169
f 3145/1435/168 1872/1436/168 4690/1437/168
f 3146/1438/268 3147/1439/268 4689/1440/268
f 1648/1441/168 3148/1442/168 4688/1443/168
f 3149/1444/167 1871/1445/167 4687/1446/167
f 3150/1447/167 3151/1448/167 4686/1449/167
f 1649/1450/167 3152/1451/167 4685/1452/167
f 4684/1453/166 866/1454/166 1870/1455/166
f 4683/1456/166 1187/1457/166 3155/1458/166
f 4682/1459/269 729/1460/269 3156/1461/269
f 3157/1462/165 1869/1463/165 4681/1464/165
f 3158/1465/165 3159/1466/165 4680/1467/165
f 1651/1468/165 3160/1469/165 4679/1470/165
f 3161/1471/164 1868/1472/164 4678/1473/164
f 3162/1474/164 3163/1475/164 4677/1476/164
f 1652/1477/164 3164/1478/164 4676/1479/164
f 4675/1480/163 863/1481/163 1867/1482/163
f 4674/1483/163 1190/1484/163 3167/1485/163
f 4673/1486/163 732/1487/163 3168/1488/163
f 4672/1489/162 862/1490/162 1866/1491/162
f 4671/1492/162 1191/1493/162 3171/1494/162
f 4670/1495/162 733/437/162 3172/437/162
f 4669/1496/161 861/1497/161 1865/1498/161
f 4668/1499/161 1192/1500/161 3175/1501/161
f 4667/1502/161 734/1503/161 3176/1504/161
f 4666/1505/160 860/24/160 1864/1505/160
f 4665/1505/160 1193/24/160 3179/1505/160
f 4664/24/160 735/24/160 3180/24/160
f 3181/1506/155 1863/1507/155 4663/1508/155
f 3182/1509/155 3183/1510/155 4662/1511/155
f 2454/1512/155 3184/1513/155 4661/1514/155
f 4660/24/270 858/24/270 1862/24/270
f 4659/24/159 1195/24/159 3187/24/159
f 2458/24/159 3188/24/159 4658/24/159
f 4657/1515/158 857/1516/158 1861/1517/158
f 4656/1518/158 1196/1519/158 3191/1520/158
f 1662/1521/158 3192/1522/158 4655/1523/158
f 4654/1524/155 856/1525/155 1860/1526/155
f 4653/1527/155 1197/1528/155 3195/1529/155
f 1663/1530/155 3196/1531/155 4652/1532/155
f 3197/1/157 1859/1/157 4651/1/157
f 3198/1/157 3199/1/157 4650/1/157
f 2461/1/157 3200/1/157 4649/1/157
f 4648/1533/156 854/1534/156 1858/1535/156
f 4647/1536/156 1199/1537/156 3203/1538/156
f 4646/1539/271 661/1540/271 3204/1541/271
f 4645/1542/155 853/1543/155 1857/1544/155
f 4644/1545/155 1200/1546/155 3207/1547/155
f 4643/1548/155 662/1549/155 3208/1550/155
f 3209/1/154 1856/1/154 4642/1/154
f 3210/1/272 3211/1/272 4641/1/272
f 2464/1/273 3212/1/273 4640/1/273
f 4639/1551/153 851/1552/153 1855/1553/153
f 4638/1554/153 1202/1555/153 3215/1556/153
f 4637/1557/153 664/1558/153 3216/1559/153
f 4636/1560/152 850/1561/152 1854/1562/152
f 4635/1563/152 1203/1564/152 3219/1565/152
f 4634/1566/152 665/1567/152 3220/1568/152
f 3221/1/151 1853/1/151 4633/1/151
f 3222/1/151 3223/1/151 4632/1/151
f 2467/1/151 3224/1/151 4631/1/151
f 3225/1569/274 1852/1570/274 4630/1571/274
f 3226/1572/274 3227/1573/274 4629/1574/274
f 2468/1575/150 3228/1576/150 4628/1577/150
f 3229/1578/149 1851/1579/149 4627/1580/149
f 3230/1581/149 3231/1582/149 4626/1583/149
f 2469/1584/275 3232/1585/275 4625/1586/275
f 3233/1/148 1850/1/148 4624/1/148
f 3234/1/148 3235/1/148 4623/1/148
f 2470/1/148 3236/1/148 4622/1/148
f 3237/1587/276 1849/1588/276 4621/1589/276
f 3238/1590/277 3239/1591/277 4620/1592/277
f 2471/1593/278 3240/1594/278 4619/1595/278
f 3241/1596/279 1848/1597/279 4618/1598/279
f 3242/1599/279 3243/1600/279 4617/1601/279
f 2472/1602/279 3244/1603/279 4616/1604/279
f 3245/1/280 1847/1/280 4615/1/280
f 3246/1/281 3247/1/281 4614/1/281
f 2473/1/282 3248/1/282 4613/1/282
f 3249/1605/283 1846/1606/283 4612/1607/283
f 3250/1608/284 3251/1609/284 4611/1610/284
f 2474/1611/285 3252/1612/285 4610/1613/285
f 3253/1614/286 1845/1615/286 4609/1616/286
f 3254/1617/286 3255/1618/286 4608/1619/286
f 2475/1620/143 3256/1621/143 4607/1622/143
f 3257/1/287 1844/1/287 4606/1/287
f 3258/1/288 3259/1/288 4605/1/288
f 2476/1/289 3260/1/289 4604/1/289
f 4603/1623/290 839/1624/290 1843/1625/290
f 4602/1626/141 1214/1627/141 3263/1628/141
f 4601/1629/141 754/1630/141 3264/1631/141
f 3265/1632/140 1842/1633/140 4600/1634/140
f 3266/1635/140 3267/1636/140 4599/1637/140
f 2478/1638/140 3268/1639/140 4598/1640/140
f 4597/1/291 837/1/291 1841/1/291
f 4596/1/292 1216/1/292 3271/1/292
f 4595/1/293 759/1/293 3272/1/293
f 4594/1641/294 836/1642/294 1840/1643/294
f 4593/1644/295 1217/1645/295 3275/1646/295
f 4592/1647/296 679/1648/296 3276/1649/296
f 3277/1650/137 1839/1651/137 4591/1652/137
f 3278/1653/137 3279/1654/137 4590/1655/137
f 2481/1656/137 3280/1657/137 4589/1658/137
f 4588/1/136 834/1/136 1838/1/136
f 4587/1/297 1219/1/297 3283/1/297
f 4586/1/136 762/1/136 3284/1/136
f 4585/1659/298 833/1660/298 1837/1661/298
f 4584/1662/299 1220/1663/299 3287/1664/299
f 4583/1665/300 682/1666/300 3288/1667/300
f 4582/23/301 832/121/301 1836/23/301
f 4581/23/301 1221/1668/301 3291/121/301
f 4580/1669/134 761/1670/134 3292/1671/134
f 4579/1/129 831/1/129 1835/1/129
f 4578/1/129 1222/1/129 3295/1/129
f 4577/1/129 765/1/129 3296/1/129
f 4576/1672/302 830/1673/302 1834/1674/302
f 4575/1675/303 1223/1676/303 3299/1677/303
f 4574/1678/304 685/1679/304 3300/1680/304
f 3301/23/305 1833/23/305 4573/23/305
f 3302/23/306 3303/23/306 4572/23/306
f 2487/23/307 3304/23/307 4571/23/307
f 4570/1/129 828/1/129 1832/1/129
f 4569/1/129 1225/1/129 3307/1/129
f 4568/1/129 768/1/129 3308/1/129
f 4567/1681/131 827/1682/131 1831/1683/131
f 4566/1684/131 1226/1685/131 3311/1686/131
f 4565/1687/131 688/1688/131 3312/1689/131
f 3313/23/308 1830/23/308 4564/23/308
f 3314/23/309 3315/23/309 4563/23/309
f 2490/23/310 3316/23/310 4562/23/310
f 4561/1/129 825/1/129 1829/1/129
f 4560/1/129 1228/1/129 3319/1/129
f 4559/1/129 771/1/129 3320/1/129
f 4558/1690/128 824/1691/128 1828/1692/128
f 4557/1693/128 1229/1694/128 3323/1695/128
f 4556/1696/128 691/1697/128 3324/1698/128
f 4555/23/311 823/23/311 1827/23/311
f 4554/23/312 1230/23/312 3327/23/312
f 4553/23/313 773/23/313 3328/23/313
f 4552/1/126 822/1/126 1826/1/126
f 4551/1/314 1231/1/314 3331/1/314
f 4550/1/126 774/1/126 3332/1/126
f 4549/1699/315 821/1700/315 1825/1699/315
f 4548/1700/316 1232/1701/316 3335/1700/316
f 4547/1702/317 694/1703/317 3336/364/317
f 4546/23/318 820/23/318 1824/23/318
f 4545/23/319 1233/23/319 3339/23/319
f 4544/23/320 776/23/320 3340/23/320
f 4543/1/123 819/1/123 1823/1/123
f 4542/1/321 1234/1/321 3343/1/321
f 4541/1/321 777/1/321 3344/1/321
f 4540/363/322 818/363/322 1822/37/322
f 4539/1704/323 1235/1704/323 3347/363/323
f 4538/362/324 697/362/324 3348/362/324
f 4537/23/121 817/23/121 1821/23/121
f 4536/23/121 1236/23/121 3351/23/121
f 4535/23/121 779/23/121 3352/23/121
f 3353/1/120 1820/1/120 4534/1/120
f 3354/1/120 3355/1/120 4533/1/120
f 2500/24/120 3356/1/120 4532/24/120
f 4531/37/325 815/37/325 1819/37/325
f 4530/37/326 1238/37/326 3359/37/326
f 4529/37/327 700/37/327 3360/37/327
f 3361/23/328 1818/23/328 4528/23/328
f 3362/23/329 3363/357/329 4527/357/329
f 2499/23/330 3364/23/330 4526/23/330
f 3365/123/115 1817/24/115 4525/24/115
f 3366/24/115 3367/24/115 4524/24/115
f 2503/26/115 3368/361/115 4523/361/115
f 4522/133/331 812/133/331 1816/133/331
f 4521/133/332 1241/133/332 3371/133/332
f 4520/133/333 703/37/333 3372/133/333
f 3373/359/116 1815/1705/116 4519/1706/116
f 3374/1707/116 3375/1708/116 4518/1709/116
f 1708/1710/116 3376/1710/116 4517/1711/116
f 3377/1712/115 1814/1713/115 4516/1714/115
f 3378/1715/115 3379/1716/115 4515/1716/115
f 2506/1717/115 3380/1718/115 4514/1719/115
f 3381/1720/114 1813/1721/114 4513/1722/114
f 3382/1723/114 3383/1724/114 4512/1725/114
f 2507/1726/114 3384/1727/114 4511/1728/114
f 4510/1729/334 808/1730/334 1812/1731/334
f 4509/1732/335 1245/1733/335 3387/1734/335
f 4508/1735/336 788/1736/336 3388/1737/336
f 4507/1738/337 807/1739/337 1811/339/337
f 4506/1740/337 1246/1741/337 3391/1742/337
f 4505/1743/112 786/1744/112 3392/1745/112
f 3393/306/338 1810/306/338 4504/1746/338
f 3394/1746/339 3395/1747/339 4503/1747/339
f 2510/344/340 3396/1748/340 4502/1749/340
f 4501/133/341 805/133/341 1809/133/341
f 4500/133/342 1248/133/342 3399/133/342
f 4499/133/343 706/133/343 3400/133/343
f 4498/1750/109 804/1751/109 1808/1752/109
f 4497/1753/109 1249/1754/109 3403/1755/109
f 4496/1756/109 792/1757/109 3404/1758/109
f 4495/1759/108 803/1760/108 1807/1761/108
f 4494/1762/108 1250/1763/108 3407/1764/108
f 4493/1765/344 711/1766/344 3408/1767/344
f 3409/133/345 1806/344/345 4492/344/345
f 3410/344/346 3411/344/346 4491/344/346
f 2514/133/347 3412/133/347 4490/133/347
f 3413/1768/348 1805/1769/348 4489/1770/348
f 3414/1771/349 3415/1772/349 4488/1773/349
f 2515/1774/350 3416/1775/350 4487/1776/350
f 3417/1777/105 1804/1778/105 4486/1779/105
f 3418/1780/105 3419/1781/105 4485/1782/105
f 1719/1783/105 3420/1784/105 4484/1785/105
f 3421/133/351 1803/133/351 4483/133/351
f 3422/133/352 3423/133/352 4482/133/352
f 1717/133/353 3424/133/353 4481/133/353
f 4480/1786/103 798/1787/103 1802/1788/103
f 4479/1789/103 1255/1790/103 3427/1791/103
f 4478/1792/103 642/1793/103 3428/1794/103
f 3429/1795/102 1801/1796/102 4477/1797/102
f 3430/1798/102 3431/1799/102 4476/1800/102
f 1722/1801/102 3432/1802/102 4475/1803/102
f 4474/1804/101 544/1805/101 1548/1806/101
f 4473/1807/101 1257/1808/101 3435/1809/101
f 4472/1810/101 796/1811/101 3436/1812/101
f 3437/1813/100 2290/119/100 4471/1814/100
f 3438/1815/100 3439/1816/100 4470/1817/100
f 1726/1818/100 3440/1819/100 4469/1820/100
f 4468/133/354 517/133/354 1521/133/354
f 4467/133/355 1259/133/355 3443/133/355
f 4466/133/356 791/133/356 3444/133/356
f 4465/1821/357 543/1822/357 1547/1823/357
f 4464/1824/98 1260/1825/98 3447/1826/98
f 4463/1827/357 793/1828/357 3448/1829/357
f 4462/1830/358 569/1831/358 2289/185/358
f 4461/1832/359 1261/1833/359 3451/1834/359
f 4460/1835/360 717/1836/360 3452/1837/360
f 4459/344/361 516/344/361 1520/1838/361
f 4458/344/362 1262/133/362 3455/344/362
f 4457/133/363 716/133/363 3456/133/363
f 3457/1839/95 1546/127/95 4456/1840/95
f 3458/1841/364 3459/1842/364 4455/1843/364
f 1793/1844/95 3460/1845/95 4454/1846/95
f 3461/1847/94 2288/189/94 4453/1848/94
f 3462/1849/94 3463/1850/94 4452/1851/94
f 2434/1852/94 3464/1853/94 4451/1854/94
f 3465/133/93 1598/133/93 4450/133/93
f 3466/133/365 3467/133/365 4449/133/365
f 1788/133/365 3468/133/365 4448/133/365
f 4447/1855/366 515/1856/366 1519/1857/366
f 4446/1748/367 1266/306/367 3471/1856/367
f 4445/307/368 712/344/368 3472/307/368
f 3473/1858/91 1545/1859/91 4444/1860/91
f 3474/1861/369 3475/1862/369 4443/1863/369
f 2428/1864/370 3476/1865/370 4442/1866/370
f 3477/1867/371 2287/192/371 4441/1868/371
f 3478/1869/372 3479/1870/372 4440/1871/372
f 2430/1872/373 3480/1873/373 4439/1874/373
f 4438/1875/89 514/1876/89 1518/1877/89
f 4437/1878/89 1269/1879/89 3483/1880/89
f 4436/1881/89 709/1855/89 3484/1882/89
f 4435/124/86 540/1883/86 2260/124/86
f 4434/1884/86 1270/1885/86 3487/1884/86
f 4433/1886/86 708/1887/86 3488/1888/86
f 4432/1889/374 566/1890/374 1570/1891/374
f 4431/1892/375 1271/1893/375 3491/1894/375
f 4430/1895/376 782/1895/376 3492/1895/376
f 3493/133/377 1596/133/377 4429/133/377
f 3494/133/378 3495/133/378 4428/133/378
f 1785/133/379 3496/133/379 4427/133/379
f 4426/1/86 539/1/86 2259/1/86
f 4425/1/86 1273/123/86 3499/1/86
f 4424/123/86 705/124/86 3500/123/86
f 4423/1895/85 565/194/85 1569/194/85
f 4422/23/85 1274/23/85 3503/1895/85
f 4421/23/85 701/23/85 3504/23/85
f 3505/37/380 1595/135/380 4420/37/380
f 3506/37/381 3507/37/381 4419/37/381
f 1782/37/382 3508/37/382 4418/37/382
f 4417/1/83 538/1/83 2258/1/83
f 4416/1/83 1276/1/83 3511/1/83
f 4415/1/83 702/1/83 3512/1/83
f 3513/23/82 2284/23/82 4414/23/82
f 3514/23/82 3515/23/82 4413/23/82
f 2421/23/82 3516/23/82 4412/23/82
f 3517/1896/383 1594/1896/383 4411/134/383
f 3518/363/384 3519/134/384 4410/363/384
f 1779/1897/385 3520/1896/385 4409/1699/385
f 3521/1/80 2257/1/80 4408/1/80
f 3522/1/386 3523/1/386 4407/1/386
f 2419/1/80 3524/1/80 4406/1/80
f 3525/23/387 2283/23/387 4405/23/387
f 3526/23/388 3527/23/388 4404/23/388
f 2418/23/389 3528/23/389 4403/23/389
f 3529/1898/390 1593/1899/390 4402/1899/390
f 3530/366/391 3531/1900/391 4401/1897/391
f 1776/1901/392 3532/292/392 4400/1902/392
f 3533/1/77 2256/1/77 4399/1/77
f 3534/1/77 3535/1/77 4398/1/77
f 2416/1/77 3536/1/77 4397/1/77
f 3537/23/393 2282/23/393 4396/23/393
f 3538/23/394 3539/23/394 4395/23/394
f 2415/23/395 3540/23/395 4394/23/395
f 3541/1903/75 1592/1904/75 4393/1905/75
f 3542/1906/75 3543/1907/75 4392/1908/75
f 1773/1909/75 3544/1910/75 4391/1911/75
f 3545/1/70 2255/1/70 4390/1/70
f 3546/1/70 3547/1/70 4389/1/70
f 2413/1/70 3548/1/70 4388/1/70
f 4387/23/396 561/23/396 2281/23/396
f 4386/23/397 1286/23/397 3551/23/397
f 4385/23/398 692/23/398 3552/23/398
f 3553/1912/73 1591/1913/73 4384/1914/73
f 3554/1915/73 3555/1916/73 4383/1917/73
f 1770/1918/73 3556/1919/73 4382/1920/73
f 3557/1/70 2254/1/70 4381/1/70
f 3558/1/70 3559/1/70 4380/1/70
f 2410/1/70 3560/1/70 4379/1/70
f 4378/23/399 560/23/399 2280/23/399
f 4377/23/400 1289/23/400 3563/23/400
f 4376/23/401 689/23/401 3564/23/401
f 3565/1921/402 1590/1922/402 4375/1923/402
f 3566/1924/403 3567/1925/403 4374/1926/403
f 1767/1927/404 3568/1928/404 4373/1929/404
f 3569/1/70 2253/1/70 4372/1/70
f 3570/1/70 3571/1/70 4371/1/70
f 2407/1/70 3572/1/70 4370/1/70
f 3573/378/405 1563/378/405 4369/121/405
f 3574/121/69 3575/121/69 4368/121/69
f 2403/1930/405 3576/1931/405 4367/1932/405
f 3577/1933/406 1589/1934/406 4366/1935/406
f 3578/1936/407 3579/1937/407 4365/1938/407
f 1764/1939/408 3580/1940/408 4364/1941/408
f 3581/1/67 2252/1/67 4363/1/67
f 3582/1/67 3583/1/67 4362/1/67
f 2404/1/67 3584/1/67 4361/1/67
f 4360/1942/66 558/1943/66 2278/1944/66
f 4359/1945/66 1295/1946/66 3587/1947/66
f 4358/1948/66 683/1949/66 3588/1950/66
f 3589/1951/409 1588/1952/409 4357/1953/409
f 3590/1954/410 3591/1955/410 4356/1956/410
f 1761/1957/411 3592/1958/411 4355/1959/411
f 3593/1/412 2251/1/412 4354/1/412
f 3594/1/413 3595/1/413 4353/1/413
f 2401/1/414 3596/1/414 4352/1/414
f 4351/1960/415 557/1961/415 2277/1962/415
f 4350/1963/63 1298/1964/63 3599/1965/63
f 4349/1966/63 680/1967/63 3600/1968/63
f 3601/1969/416 1587/1970/416 4348/1971/416
f 3602/1972/62 3603/1973/62 4347/1974/62
f 2396/1975/62 3604/1976/62 4346/1977/62
f 4345/1/417 530/1/417 2250/1/417
f 4344/1/418 1300/1/418 3607/1/418
f 4343/1/419 678/1/419 3608/1/419
f 4342/1978/60 556/1979/60 2276/1980/60
f 4341/1981/60 1301/1982/60 3611/1983/60
f 4340/1984/60 677/1985/60 3612/1986/60
f 4339/1987/59 582/1988/59 2302/1989/59
f 4338/1990/59 1302/1991/59 3615/1992/59
f 4337/1993/59 676/1994/59 3616/1995/59
f 4336/1/420 529/1/420 2249/1/420
f 4335/1/421 1303/1/421 3619/1/421
f 4334/1/422 675/1/422 3620/1/422
f 4333/1996/57 555/1997/57 2275/1998/57
f 4332/1999/57 1304/2000/57 3623/2001/57
f 4331/2002/57 674/2003/57 3624/2004/57
f 4330/2005/56 581/2006/56 2301/158/56
f 4329/2007/56 1305/2008/56 3627/2009/56
f 4328/2010/56 673/2011/56 3628/2012/56
f 4327/1/55 528/1/55 2248/1/55
f 4326/1/55 1306/1/55 3631/1/55
f 4325/1/55 672/1/55 3632/1/55
f 4324/2013/54 554/2014/54 2274/2015/54
f 4323/2016/54 1307/2017/54 3635/2018/54
f 4322/2019/54 671/2020/54 3636/2021/54
f 4321/2022/53 580/2023/53 2300/162/53
f 4320/2024/53 1308/2025/53 3639/2026/53
f 4319/2027/53 670/2028/53 3640/2029/53
f 4318/1/52 527/1/52 2247/1/52
f 4317/1/52 1309/1/52 3643/1/52
f 4316/1/52 669/1/52 3644/1/52
f 3645/2030/51 1557/2031/51 4315/2032/51
f 3646/2033/51 3647/2034/51 4314/2035/51
f 1747/2036/51 3648/2037/51 4313/2038/51
f 3649/2039/50 1583/2040/50 4312/2041/50
f 3650/2042/50 3651/2043/50 4311/2044/50
f 1746/2045/50 3652/2046/50 4310/2047/50
f 4309/1/423 526/1/423 2246/1/423
f 4308/1/424 1312/1/424 3655/1/424
f 4307/1/424 666/1/424 3656/1/424
f 3657/2048/44 1556/2049/44 4306/2050/44
f 3658/2051/44 3659/2052/44 4305/2053/44
f 1744/2054/44 3660/2055/44 4304/2056/44
f 3661/2057/48 1582/2058/48 4303/2059/48
f 3662/2060/425 3663/2061/425 4302/2062/425
f 1743/2063/48 3664/2064/48 4301/2065/48
f 4300/1/426 525/1/426 2245/1/426
f 4299/1/47 1315/1/47 3667/1/47
f 4298/1/47 663/1/47 3668/1/47
f 3669/2066/44 1555/2067/44 4297/2068/44
f 3670/2069/44 3671/2070/44 4296/2071/44
f 4295/2072/44 737/2073/44 3672/2074/44
f 3673/2075/46 1581/2076/46 4294/2077/46
f 3674/2078/46 3675/2079/46 4293/2080/46
f 4292/2081/46 736/2082/46 3676/2083/46
f 3677/24/427 2244/24/427 4291/24/427
f 3678/24/427 3679/24/427 4290/24/427
f 4289/24/427 660/1/427 3680/24/427
f 4288/2084/44 550/2085/44 1554/2086/44
f 4287/2087/44 1319/2088/44 3683/2089/44
f 4286/2090/44 656/2091/44 3684/2092/44
f 3685/24/42 2243/1505/42 4285/1505/42
f 3686/24/42 3687/1505/42 4284/1505/42
f 2377/24/42 3688/24/42 4283/24/42
f 3689/2093/41 2269/2094/41 4282/2095/41
f 3690/2096/41 3691/2097/41 4281/2098/41
f 2376/2099/41 3692/2100/41 4280/2101/41
f 3693/2102/40 1579/2103/40 4279/2104/40
f 3694/2105/40 3695/2106/40 4278/2107/40
f 2374/2108/40 3696/2109/40 4277/2110/40
f 3697/2111/39 2242/2112/39 4276/2112/39
f 3698/2113/39 3699/2114/39 4275/1491/39
f 2373/226/39 3700/2115/39 4274/436/39
f 3701/2116/38 2268/2117/38 4273/2118/38
f 3702/2119/38 3703/2120/38 4272/2121/38
f 2372/2122/38 3704/2123/38 4271/2124/38
f 4270/2125/37 521/2126/37 1525/101/37
f 4269/2127/428 1325/2128/428 3707/2129/428
f 4268/2130/37 728/2131/37 3708/2132/37
f 4267/2133/36 547/104/36 1551/2134/36
f 4266/2135/36 1326/2136/36 3711/2137/36
f 4265/2138/36 727/2139/36 3712/2140/36
f 3713/2141/35 2293/180/35 4264/2142/35
f 3714/2143/35 3715/2144/35 4263/2145/35
f 2369/2146/429 3716/2147/429 4262/2148/429
f 4261/2149/34 520/2150/34 1524/2151/34
f 4260/2152/430 1328/2153/430 3719/2154/430
f 4259/2155/34 725/2156/34 3720/2157/34
f 4258/2158/33 546/2159/33 1550/2160/33
f 4257/2161/33 1329/2162/33 3723/2163/33
f 4256/2164/33 724/2165/33 3724/2166/33
f 3725/2167/32 2292/116/32 4255/2168/32
f 3726/2169/32 3727/2170/32 4254/2171/32
f 2366/2172/32 3728/2173/32 4253/2174/32
f 4252/2175/31 519/2176/31 1523/2177/31
f 4251/2178/431 1331/2179/431 3731/2180/431
f 4250/2181/31 720/2182/31 3732/2183/31
f 4249/2184/432 545/2185/432 1549/2186/432
f 4248/2187/432 1332/2188/432 3735/2189/432
f 4247/2190/30 643/2191/30 3736/2192/30
f 3737/2193/29 2291/183/29 4246/2194/29
f 3738/2195/29 3739/2196/29 4245/2197/29
f 2361/2198/433 3740/2199/433 4244/2200/433
f 4243/2201/28 518/2202/28 1522/2203/28
f 4242/2204/28 1334/2205/28 3743/2206/28
f 4241/2207/28 639/2208/28 3744/2209/28
f 4240/23/434 564/23/434 1568/23/434
f 3746/23/435 3747/23/435 4239/23/435
f 4238/23/436 638/23/436 3748/23/436
f 561/23/26 3749/23/26 2281/23/26
f 561/23/26 3750/23/26 3749/23/26
f 562/23/26 1566/23/26 3751/23/26
f 4237/193/437 635/194/437 2355/121/437
f 4236/2210/438 1336/2211/438 3754/2212/438
f 4235/2213/439 566/1890/439 3755/2214/439
f 4234/2215/2 567/2216/2 1571/302/2
f 4233/2217/2 1337/2218/2 3758/2219/2
f 4232/2220/2 634/2221/2 3759/2222/2
f 4231/2223/2 568/2224/2 1572/310/2
f 4230/2225/2 1338/2226/2 3762/2227/2
f 4229/2228/2 633/2229/2 3763/2230/2
f 4228/2231/4 569/1831/4 1573/316/4
f 4227/2232/4 1339/2233/4 3766/2234/4
f 2352/2235/4 3767/2236/4 4226/2237/4
f 4225/2238/2 571/2239/2 1575/199/2
f 4224/2240/2 1340/2241/2 3770/2242/2
f 4223/2243/2 630/2244/2 3771/2245/2
f 4222/2246/2 573/2247/2 1577/217/2
f 4221/2248/2 1341/2249/2 3774/2250/2
f 4220/2251/2 628/2252/2 3775/2253/2
f 4219/2254/4 627/2255/4 2347/2256/4
f 3777/2257/4 3778/2258/4 4218/2259/4
f 1578/2260/4 3779/2261/4 4217/2262/4
f 4216/2263/4 624/2264/4 1628/171/4
f 4215/2265/4 626/2266/4 3783/2267/4
f 4214/2268/4 624/2264/4 2344/173/4
f 4213/2269/4 1344/2270/4 3786/2271/4
f 4212/2272/4 576/2273/4 3787/2274/4
f 4211/2275/4 623/2276/4 2343/2277/4
f 3789/2278/4 3790/2279/4 4210/2280/4
f 4209/2281/4 577/2282/4 3791/2283/4
f 4208/2284/4 622/2285/4 2342/2286/4
f 4207/2287/4 1346/2288/4 3794/2289/4
f 4206/2290/4 579/2291/4 3795/2292/4
f 3796/2293/2 1584/256/2 4205/2294/2
f 3797/2295/2 3798/2296/2 4204/2297/2
f 2340/2298/2 3799/2299/2 4203/2300/2
f 619/2301/2 3800/2302/2 2339/2303/2
f 619/2301/2 3801/2304/2 3800/2302/2
f 581/2006/2 1585/262/2 3802/2305/2
f 582/1988/2 3803/2306/2 2302/1989/2
f 582/1988/2 3804/2307/2 3803/2306/2
f 614/2308/2 2334/2309/2 3805/2310/2
f 4202/2311/4 601/2312/4 2321/2313/4
f 4201/2314/4 1348/2315/4 3808/2316/4
f 1589/1934/4 3809/2317/4 4200/2318/4
f 4199/2319/4 600/2320/4 2320/2321/4
f 4198/2322/4 1349/2323/4 3812/2324/4
f 1590/1922/4 3813/2325/4 4197/2326/4
f 4196/2327/4 599/2328/4 2319/2329/4
f 4195/2330/4 1350/2331/4 3816/2332/4
f 1591/1913/4 3817/2333/4 4194/2334/4
f 4193/2335/4 597/2336/4 2317/2337/4
f 4192/2338/4 1351/2339/4 3820/2340/4
f 1592/1904/4 3821/2341/4 4191/2342/4
f 589/1898/4 3822/2343/4 1593/1899/4
f 589/1898/4 3823/2343/4 3822/2343/4
f 598/2344/4 2318/2345/4 3824/2346/4
f 4190/2347/4 596/2348/4 2316/2345/4
f 4189/2349/4 1352/2350/4 3827/2351/4
f 1594/1896/4 3828/2352/4 4188/135/4
f 4187/2353/440 595/2354/440 2315/2354/440
f 4186/133/441 1353/135/441 3831/2353/441
f 1595/135/442 3832/135/442 4185/133/442
f 4184/133/443 593/133/443 2313/133/443
f 4183/133/444 1354/133/444 3835/133/444
f 1596/133/445 3836/133/445 4182/133/445
f 584/2355/4 3837/2356/4 1588/1952/4
f 584/2355/4 3838/2357/4 3837/2356/4
f 616/2358/4 2336/2359/4 3839/2360/4
f 4181/2361/4 542/2362/4 2262/313/4
f 4180/2363/4 1355/2364/4 3842/2365/4
f 4179/2366/4 613/2367/4 3843/2368/4
f 3844/2369/2 1544/297/2 4178/2370/2
f 3845/2371/2 3846/2372/2 4177/2373/2
f 2330/2374/2 3847/2375/2 4176/2376/2
f 4175/1/2 539/1/2 1543/1/2
f 4174/1505/2 1357/1/2 3850/1/2
f 4173/24/2 609/1/2 3851/1/2
f 4172/1/2 538/1/2 1542/1/2
f 4171/24/2 1358/1/2 3854/1/2
f 4170/24/2 608/1/2 3855/1/2
f 4169/1/2 537/1/2 1541/1/2
f 4168/1/2 1359/1/2 3858/1/2
f 4167/1/2 607/1/2 3859/1/2
f 4166/1/2 536/1/2 1540/1/2
f 4165/1/2 1360/1/2 3862/1/2
f 4164/1/2 606/1/2 3863/1/2
f 4163/1/2 535/1/2 1539/1/2
f 4162/1/2 1361/1/2 3866/1/2
f 2325/1/2 3867/1/2 4161/1/2
f 3868/1/2 1538/1/2 4160/1/2
f 3869/1/2 3870/1/2 4159/1/2
f 4158/1/2 604/1/2 3871/1/2
f 4157/1/446 533/1/446 1537/1/446
f 4156/1/447 1363/1/447 3874/1/447
f 4155/1/448 603/1/448 3875/1/448
f 530/1/21 3876/1/21 2250/1/21
f 530/1/21 3877/1/21 3876/1/21
f 531/1/21 1535/1/21 3878/1/21
f 638/23/2 3879/23/2 2358/23/2
f 638/23/2 3880/23/2 3879/23/2
f 637/23/2 1641/23/2 3881/23/2
f 636/23/20 3882/1895/20 2356/23/20
f 636/23/20 3883/121/20 3882/1895/20
f 635/194/20 1639/194/20 3884/194/20
f 631/2377/2 3885/2378/2 2351/2379/2
f 631/2377/2 3886/2380/2 3885/2378/2
f 570/2381/2 1574/319/2 3887/2382/2
f 629/2383/2 3888/2384/2 2349/2385/2
f 629/2383/2 3889/2386/2 3888/2384/2
f 572/2387/2 1576/208/2 3890/2388/2
f 575/2389/2 3891/2390/2 1579/2391/2
f 4154/2392/2 625/2393/2 3891/2390/2
f 574/2394/4 3781/2395/4 3893/2396/4
f 578/2397/4 3894/2398/4 1582/2058/4
f 578/2397/4 3895/2399/4 3894/2398/4
f 621/2400/4 1625/2401/4 3896/2402/4
f 548/2403/2 3897/2404/2 2268/2117/2
f 548/2403/2 3898/2405/2 3897/2404/2
f 617/2406/2 1621/2407/2 3899/2408/2
f 613/2367/4 3900/2409/4 2333/2410/4
f 613/2367/4 3901/2411/4 3900/2409/4
f 521/2126/4 2241/223/4 3902/2412/4
f 602/1/449 3903/1/449 2322/1/449
f 602/1/19 3904/1/19 3903/1/19
f 532/1/19 1536/1/19 3905/1/19
f 3906/23/450 1517/23/450 4153/23/450
f 4152/23/451 1364/23/451 3908/23/451
f 1443/23/452 3909/23/452 4151/23/452
f 437/23/17 3910/23/17 1441/23/17
f 437/23/17 3911/23/17 3910/23/17
f 436/23/17 2156/23/17 3912/23/17
f 4150/2413/2 441/2414/2 1445/2415/2
f 4149/2416/2 1365/2417/2 3915/2418/2
f 4148/2419/2 510/2420/2 3916/2420/2
f 4147/2421/4 509/2422/4 2229/2423/4
f 4146/2424/4 1366/2425/4 3919/2426/4
f 4145/2427/4 442/2428/4 3920/2429/4
f 4144/2430/4 508/2431/4 2228/2432/4
f 4143/2433/4 1367/2434/4 3923/2435/4
f 4142/2436/4 443/2437/4 3924/2438/4
f 3925/2439/2 2227/2440/2 4141/2441/2
f 4140/2442/2 1368/2443/2 3927/2444/2
f 4139/2445/2 444/2446/2 3928/2447/2
f 4138/2448/4 505/2449/4 1509/2450/4
f 4137/2451/4 1369/2452/4 3931/2453/4
f 4136/2454/4 446/2455/4 3932/2456/4
f 4135/2457/4 503/2458/4 1507/2459/4
f 4134/2460/4 1370/2461/4 3935/2462/4
f 4133/2463/4 448/2464/4 3936/2465/4
f 3937/2466/2 1453/2467/2 4132/2468/2
f 3938/2469/2 3939/2470/2 4131/2471/2
f 4130/2472/2 502/2473/2 3940/2474/2
f 4129/2475/4 501/2476/4 1505/2477/4
f 4128/2478/2 499/2479/2 3944/2480/2
f 4127/2481/2 451/2482/2 1455/2483/2
f 4126/2484/2 1373/2485/2 3947/2486/2
f 4125/2487/2 499/2479/2 3948/2488/2
f 4124/2489/2 452/2490/2 1456/2491/2
f 3950/2492/2 3951/2493/2 4123/2494/2
f 4122/2495/2 498/2496/2 3952/2497/2
f 4121/2498/2 454/2499/2 1458/2500/2
f 4120/2501/2 1375/2502/2 3955/2503/2
f 4119/2504/2 497/2505/2 3956/2506/2
f 3957/2507/4 2215/2508/4 4118/2509/4
f 3958/2510/4 3959/2511/4 4117/2512/4
f 1459/2513/4 3960/2514/4 4116/2515/4
f 456/2516/16 3961/2517/16 1460/2518/16
f 456/2516/16 3962/2519/16 3961/2517/16
f 494/2520/16 2214/2521/16 3963/2522/16
f 489/7/15 3964/2523/15 2209/2524/15
f 489/7/15 3965/2525/15 3964/2523/15
f 457/2526/15 2177/2527/15 3966/2528/15
f 3967/2529/453 1464/2530/453 4115/2531/453
f 4114/2532/454 1377/2533/454 3969/2534/454
f 4113/2535/455 476/2536/455 3970/2537/455
f 3971/2538/2 1465/2539/2 4112/2540/2
f 4111/2541/2 1378/2542/2 3973/2543/2
f 4110/2544/2 475/2545/2 3974/2546/2
f 3975/2547/2 1466/2548/2 4109/2549/2
f 4108/2550/2 1379/2551/2 3977/2552/2
f 4107/2553/2 474/2554/2 3978/2555/2
f 3979/2556/2 1467/2557/2 4106/2558/2
f 4105/2559/2 1380/2560/2 3981/2561/2
f 4104/2562/2 472/2563/2 3982/2564/2
f 473/2565/13 3983/2566/13 2193/2567/13
f 473/2565/13 3984/2568/13 3983/2566/13
f 464/2569/13 1468/2570/13 3985/2571/13
f 3986/2572/456 1469/1704/456 4103/38/456
f 4102/2573/457 1381/2574/457 3988/2575/457
f 4101/2576/458 471/2577/458 3989/2578/458
f 3990/37/459 1470/37/459 4100/37/459
f 4099/36/460 1382/36/460 3992/36/460
f 4098/2573/461 470/39/461 3993/39/461
f 3994/133/462 1471/133/462 4097/133/462
f 4096/133/463 1383/133/463 3996/133/463
f 4095/36/464 468/36/464 3997/36/464
f 491/31/9 3998/2579/9 2211/2580/9
f 491/31/9 3999/2581/9 3998/2579/9
f 459/2582/9 1463/2583/9 4000/2584/9
f 4094/2585/2 488/2586/2 1492/3/2
f 4093/2587/2 1384/2588/2 4003/2589/2
f 4092/2590/2 417/2591/2 4004/2592/2
f 4005/2593/4 2205/2594/4 4091/2595/4
f 4006/2596/4 4007/2597/4 4090/2598/4
f 1419/2599/4 4008/2600/4 4089/2601/4
f 4088/24/4 484/24/4 2204/24/4
f 4087/2602/4 1386/2602/4 4011/2602/4
f 4086/2602/4 414/24/4 4012/24/4
f 4085/24/4 483/1/4 2203/1/4
f 4084/24/4 1387/24/4 4015/24/4
f 4083/24/4 413/1/4 4016/1/4
f 4082/1/4 482/1/4 2202/1/4
f 4081/1/4 1388/1/4 4019/1/4
f 4080/1/4 412/1/4 4020/1/4
f 4079/1/4 481/1/4 2201/1/4
f 4078/1/4 1389/1/4 4023/1/4
f 4077/1/4 411/1/4 4024/1/4
f 4025/1/4 2200/1/4 4076/1/4
f 4075/1/4 1390/1/4 4027/1/4
f 4074/1/4 410/1/4 4028/1/4
f 4073/1/4 479/1/4 2199/1/4
f 4030/1/4 4031/1/4 4072/1/4
f 1413/1/4 4032/1/4 4071/1/4
f 4070/1/465 478/1/465 1482/1/465
f 4069/1/466 1392/1/466 4035/1/466
f 4068/1/467 408/1/467 4036/1/467
f 406/1/7 4037/1/7 1410/1/7
f 406/1/7 4038/1/7 4037/1/7
f 405/1/7 2125/1/7 4039/1/7
f 512/23/6 4040/23/6 1516/23/6
f 512/23/6 4041/23/6 4040/23/6
f 513/23/6 2233/23/6 4042/23/6
f 510/2420/5 4043/357/5 1514/98/5
f 510/2420/5 4044/23/5 4043/357/5
f 511/23/5 2231/23/5 4045/23/5
f 445/2603/4 4046/2604/4 1449/2605/4
f 445/2603/4 4047/2606/4 4046/2604/4
f 506/2607/4 2226/2608/4 4048/2609/4
f 447/2610/4 4049/2611/4 1451/2612/4
f 447/2610/4 4050/2613/4 4049/2611/4
f 504/2614/4 2224/2615/4 4051/2616/4
f 500/2617/2 3942/2618/2 4052/2619/2
f 4067/2620/4 500/2621/4 2220/2622/4
f 450/2623/4 1454/2624/4 4054/2625/4
f 496/2626/2 4055/2627/2 1500/2628/2
f 496/2626/2 4056/2629/2 4055/2627/2
f 453/2630/2 1457/2631/2 4057/2632/2
f 492/2633/3 4058/2634/3 1496/2635/3
f 492/2633/3 4059/2636/3 4058/2634/3
f 423/2637/3 2143/2638/3 4060/2639/3
f 396/2640/2 4061/2641/2 2116/2642/2
f 396/2640/2 4062/2643/2 4061/2641/2
f 488/2586/2 2208/29/2 4063/2644/2
f 407/1/1 4064/1/1 1411/1/1
f 407/1/468 4065/1/468 4064/1/468
f 477/1/468 2197/1/468 4066/1/468
f 4066/1/468 1482/1/468 478/1/468
f 4066/1/1 2197/1/1 1482/1/1
f 2197/1/1 17/1/1 1482/1/1
f 4064/1/1 4066/1/1 478/1/1
f 4064/1/468 4065/1/468 4066/1/468
f 4065/1/1 477/1/1 4066/1/1
f 1411/1/1 2198/1/1 20/1/1
f 1411/1/468 4064/1/468 2198/1/468
f 4064/1/1 478/1/1 2198/1/1
f 4063/2644/2 1491/2645/2 487/2646/2
f 4063/2644/2 2208/29/2 1491/2645/2
f 2208/29/2 30/28/2 1491/2645/2
f 4061/2641/2 4063/2644/2 487/2646/2
f 4061/2641/2 4062/2643/2 4063/2644/2
f 4062/2643/2 488/2586/2 4063/2644/2
f 2116/2642/2 2207/32/2 8/2647/2
f 2116/2642/2 4061/2641/2 2207/32/2
f 4061/2641/2 487/2646/2 2207/32/2
f 4060/2639/3 1497/2648/3 493/2649/3
f 4060/2639/3 2143/2638/3 1497/2648/3
f 2143/2638/3 35/2650/3 1497/2648/3
f 4058/2634/3 4060/2639/3 493/2649/3
f 4058/2634/3 4059/2636/3 4060/2639/3
f 4059/2636/3 423/2637/3 4060/2639/3
f 1496/2635/3 2213/2651/3 69/2652/3
f 1496/2635/3 4058/2634/3 2213/2651/3
f 4058/2634/3 493/2649/3 2213/2651/3
f 4057/2632/2 1501/2653/2 497/2505/2
f 4057/2632/2 1457/2631/2 1501/2653/2
f 1457/2631/2 66/68/2 1501/2653/2
f 4055/2627/2 4057/2632/2 497/2505/2
f 4055/2627/2 4056/2629/2 4057/2632/2
f 4056/2629/2 453/2630/2 4057/2632/2
f 1500/2628/2 2217/2654/2 38/2655/2
f 1500/2628/2 4055/2627/2 2217/2654/2
f 4055/2627/2 497/2505/2 2217/2654/2
f 4054/2625/4 1504/2656/4 500/2621/4
f 4054/2625/4 1454/2624/4 1504/2656/4
f 1454/2624/4 63/2657/4 1504/2656/4
f 2169/2658/4 4067/2620/4 2220/2622/4
f 449/2659/4 4067/2620/4 2169/2658/4
f 4053/2660/4 4054/2625/4 4067/2620/4
f 4052/2619/2 3943/2661/2 449/2662/2
f 4052/2619/2 3942/2618/2 3943/2661/2
f 3942/2618/2 1372/2663/2 3943/2661/2
f 4051/2616/4 1507/2459/4 503/2458/4
f 4051/2616/4 2224/2615/4 1507/2459/4
f 2224/2615/4 42/2664/4 1507/2459/4
f 4049/2611/4 4051/2616/4 503/2458/4
f 4049/2611/4 4050/2613/4 4051/2616/4
f 4050/2613/4 504/2614/4 4051/2616/4
f 1451/2612/4 2223/84/4 60/83/4
f 1451/2612/4 4049/2611/4 2223/84/4
f 4049/2611/4 503/2458/4 2223/84/4
f 4048/2609/4 1509/2450/4 505/2449/4
f 4048/2609/4 2226/2608/4 1509/2450/4
f 2226/2608/4 43/2665/4 1509/2450/4
f 4046/2604/4 4048/2609/4 505/2449/4
f 4046/2604/4 4047/2606/4 4048/2609/4
f 4047/2606/4 506/2607/4 4048/2609/4
f 1449/2605/4 2225/87/4 58/86/4
f 1449/2605/4 4046/2604/4 2225/87/4
f 4046/2604/4 505/2449/4 2225/87/4
f 4045/23/5 2160/23/5 440/357/5
f 4045/23/5 2231/23/5 2160/23/5
f 2231/23/5 52/23/5 2160/23/5
f 4043/357/5 4045/23/5 440/357/5
f 4043/357/5 4044/23/5 4045/23/5
f 4044/23/5 511/23/5 4045/23/5
f 1514/98/5 1444/2420/5 53/98/5
f 1514/98/5 4043/357/5 1444/2420/5
f 4043/357/5 440/357/5 1444/2420/5
f 4042/23/6 1442/23/6 438/23/6
f 4042/23/6 2233/23/6 1442/23/6
f 2233/23/6 51/23/6 1442/23/6
f 4040/23/6 4042/23/6 438/23/6
f 4040/23/6 4041/23/6 4042/23/6
f 4041/23/6 513/23/6 4042/23/6
f 1516/23/6 2158/23/6 50/23/6
f 1516/23/6 4040/23/6 2158/23/6
f 4040/23/6 438/23/6 2158/23/6
f 4039/1/7 2197/1/7 477/1/7
f 4039/1/7 2125/1/7 2197/1/7
f 2125/1/7 17/1/7 2197/1/7
f 4037/1/7 4039/1/7 477/1/7
f 4037/1/7 4038/1/7 4039/1/7
f 4038/1/7 405/1/7 4039/1/7
f 1410/1/7 1481/1/7 19/1/7
f 1410/1/7 4037/1/7 1481/1/7
f 4037/1/7 477/1/7 1481/1/7
f 4034/1/469 4036/1/469 1392/1/469
f 479/1/470 4068/1/470 4034/1/470
f 1483/1/471 1412/1/471 4068/1/471
f 2124/1/472 4035/1/472 404/1/472
f 16/1/473 4069/1/473 2124/1/473
f 2199/1/474 4034/1/474 4069/1/474
f 1408/1/475 1482/1/475 17/1/475
f 404/1/476 4070/1/476 1408/1/476
f 4035/1/477 4033/1/477 4070/1/477
f 4071/1/4 1391/1/4 4030/1/4
f 1484/1/4 4030/1/4 480/1/4
f 22/1/4 4071/1/4 1484/1/4
f 4072/1/4 403/1/4 2123/1/4
f 2200/1/4 2123/1/4 15/1/4
f 480/1/4 4072/1/4 2200/1/4
f 1407/1/4 2199/1/4 16/1/4
f 403/1/4 4073/1/4 1407/1/4
f 4031/1/4 4029/1/4 4073/1/4
f 4026/1/4 4028/1/4 1390/1/4
f 481/1/4 4074/1/4 4026/1/4
f 1485/1/4 1414/1/4 4074/1/4
f 2122/1/4 4027/1/4 402/1/4
f 14/1/4 4075/1/4 2122/1/4
f 2201/1/4 4026/1/4 4075/1/4
f 4076/1/4 15/1/4 1406/1/4
f 402/1/4 4076/1/4 1406/1/4
f 4027/1/4 4025/1/4 4076/1/4
f 4022/1/4 4024/1/4 1389/1/4
f 482/1/4 4077/1/4 4022/1/4
f 1486/1/4 1415/1/4 4077/1/4
f 2121/1/4 4023/1/4 401/1/4
f 13/1/4 4078/1/4 2121/1/4
f 2202/1/4 4022/1/4 4078/1/4
f 1405/1/4 2201/1/4 14/1/4
f 401/1/4 4079/1/4 1405/1/4
f 4023/1/4 4021/1/4 4079/1/4
f 4018/1/4 4020/1/4 1388/1/4
f 483/1/4 4080/1/4 4018/1/4
f 1487/1/4 1416/1/4 4080/1/4
f 2120/1/4 4019/1/4 400/1/4
f 12/24/4 4081/1/4 2120/1/4
f 2203/1/4 4018/1/4 4081/1/4
f 1404/1/4 2202/1/4 13/1/4
f 400/1/4 4082/1/4 1404/1/4
f 4019/1/4 4017/1/4 4082/1/4
f 4014/24/4 4016/1/4 1387/24/4
f 484/24/4 4083/24/4 4014/24/4
f 1488/24/4 1417/24/4 4083/24/4
f 2119/24/4 4015/24/4 399/24/4
f 11/24/4 4084/24/4 2119/24/4
f 2204/24/4 4014/24/4 4084/24/4
f 1403/24/4 2203/1/4 12/24/4
f 399/24/4 4085/24/4 1403/24/4
f 4015/24/4 4013/1/4 4085/24/4
f 4010/2602/4 4012/24/4 1386/2602/4
f 485/2666/4 4086/2602/4 4010/2602/4
f 1489/26/4 1418/361/4 4086/2602/4
f 2118/1505/4 4011/2602/4 398/24/4
f 2205/2594/4 2118/1505/4 10/24/4
f 2205/2594/4 4010/2602/4 4087/2602/4
f 1402/24/4 2204/24/4 11/24/4
f 398/24/4 4088/24/4 1402/24/4
f 4011/2602/4 4009/2602/4 4088/24/4
f 4089/2601/4 1385/2667/4 4006/2596/4
f 1490/2668/4 4006/2596/4 486/2669/4
f 28/2670/4 4089/2601/4 1490/2668/4
f 4090/2598/4 397/2671/4 2117/2672/4
f 2206/2673/4 2117/2672/4 9/2/4
f 486/2669/4 4090/2598/4 2206/2673/4
f 4091/2595/4 10/24/4 1401/1495/4
f 4007/2597/4 1401/1495/4 397/2671/4
f 1385/2667/4 4091/2595/4 4007/2597/4
f 4002/2674/2 4004/2592/2 1384/2588/2
f 416/2675/2 4092/2590/2 4002/2674/2
f 29/2676/2 4092/2590/2 1420/2677/2
f 1490/2668/2 4003/2589/2 486/2669/2
f 28/2670/2 4093/2587/2 1490/2668/2
f 2136/2678/2 4002/2674/2 4093/2587/2
f 2206/2673/2 1492/3/2 9/2/2
f 486/2669/2 4094/2585/2 2206/2673/2
f 4003/2589/2 4001/2679/2 4094/2585/2
f 4000/2584/9 1480/55/9 476/2536/9
f 4000/2584/9 1463/2583/9 1480/55/9
f 1463/2583/9 72/2680/9 1480/55/9
f 3998/2579/9 4000/2584/9 476/2536/9
f 3998/2579/9 3999/2581/9 4000/2584/9
f 3999/2581/9 459/2582/9 4000/2584/9
f 2211/2580/9 2196/2681/9 8/2647/9
f 2211/2580/9 3998/2579/9 2196/2681/9
f 3998/2579/9 476/2536/9 2196/2681/9
f 3995/133/478 3997/36/478 1383/133/478
f 392/133/479 4095/36/479 3995/133/479
f 1396/36/480 2188/36/480 4095/36/480
f 4096/133/481 469/133/481 1473/133/481
f 2112/133/482 1473/133/482 3/133/482
f 2112/133/483 3995/133/483 4096/133/483
f 4097/133/484 80/133/484 2189/133/484
f 3996/133/485 2189/133/485 469/133/485
f 1383/133/463 4097/133/463 3996/133/463
f 3991/345/486 3993/39/486 1382/36/486
f 391/344/487 4098/2573/487 3991/345/487
f 1395/344/488 2190/2573/488 4098/2573/488
f 2188/36/489 3992/36/489 468/36/489
f 4/133/490 4099/36/490 2188/36/490
f 2111/36/491 3991/345/491 4099/36/491
f 4100/37/492 79/37/492 1472/36/492
f 3992/36/489 1472/36/489 468/36/489
f 1382/36/460 4100/37/460 3992/36/460
f 3987/2576/493 3989/2578/493 1381/2574/493
f 390/1746/494 4101/2576/494 3987/2576/494
f 1394/2682/495 2191/2683/495 4101/2576/495
f 2190/2573/496 3988/2575/496 470/39/496
f 2/1749/497 4102/2573/497 2190/2573/497
f 2110/1749/498 3987/2576/498 4102/2573/498
f 4103/38/499 78/1704/499 1474/38/499
f 470/39/499 4103/38/499 1474/38/499
f 3988/2575/456 3986/2572/456 4103/38/456
f 3985/2571/13 1475/40/13 471/2577/13
f 3985/2571/13 1468/2570/13 1475/40/13
f 1468/2570/13 77/2684/13 1475/40/13
f 3983/2566/13 3985/2571/13 471/2577/13
f 3983/2566/13 3984/2568/13 3985/2571/13
f 3984/2568/13 464/2569/13 3985/2571/13
f 2193/2567/13 2191/2683/13 1/2685/13
f 2193/2567/13 3983/2566/13 2191/2683/13
f 3983/2566/13 471/2577/13 2191/2683/13
f 3980/2686/2 3982/2564/2 1380/2560/2
f 389/2687/2 4104/2562/2 3980/2686/2
f 1393/2688/2 2192/2689/2 4104/2562/2
f 4105/2559/2 473/2565/2 2193/2567/2
f 1/2685/2 4105/2559/2 2193/2567/2
f 2109/1728/2 3980/2686/2 4105/2559/2
f 4106/2558/2 76/43/2 1477/45/2
f 3981/2561/2 1477/45/2 473/2565/2
f 1380/2560/2 4106/2558/2 3981/2561/2
f 3976/2690/2 3978/2555/2 1379/2551/2
f 393/2691/2 4107/2553/2 3976/2690/2
f 1397/2692/2 2194/2693/2 4107/2553/2
f 2192/2689/2 3977/2552/2 472/2563/2
f 5/2694/2 4108/2550/2 2192/2689/2
f 2113/2695/2 3976/2690/2 4108/2550/2
f 4109/2549/2 75/2696/2 1476/46/2
f 3977/2552/2 1476/46/2 472/2563/2
f 1379/2551/2 4109/2549/2 3977/2552/2
f 3972/2697/2 3974/2546/2 1378/2542/2
f 394/2698/2 4110/2544/2 3972/2697/2
f 1398/2699/2 2195/2700/2 4110/2544/2
f 2194/2693/2 3973/2543/2 474/2554/2
f 6/2701/2 4111/2541/2 2194/2693/2
f 2114/2702/2 3972/2697/2 4111/2541/2
f 4112/2540/2 74/2703/2 1478/49/2
f 3973/2543/2 1478/49/2 474/2554/2
f 1378/2542/2 4112/2540/2 3973/2543/2
f 3968/2704/500 3970/2537/500 1377/2533/500
f 395/2705/501 4113/2535/501 3968/2704/501
f 1399/2706/502 2196/2681/502 4113/2535/502
f 2195/2700/503 3969/2534/503 475/2545/503
f 7/2707/504 4114/2532/504 2195/2700/504
f 2115/2708/505 3968/2704/505 4114/2532/505
f 4115/2531/506 73/2709/506 1479/52/506
f 475/2545/506 4115/2531/506 1479/52/506
f 3969/2534/453 3967/2529/453 4115/2531/453
f 3966/2528/15 2213/2651/15 493/2649/15
f 3966/2528/15 2177/2527/15 2213/2651/15
f 2177/2527/15 69/2652/15 2213/2651/15
f 3964/2523/15 3966/2528/15 493/2649/15
f 3964/2523/15 3965/2525/15 3966/2528/15
f 3965/2525/15 457/2526/15 3966/2528/15
f 2209/2524/15 1497/2648/15 35/2650/15
f 2209/2524/15 3964/2523/15 1497/2648/15
f 3964/2523/15 493/2649/15 1497/2648/15
f 3963/2522/16 2212/10/16 492/2633/16
f 3963/2522/16 2214/2521/16 2212/10/16
f 2214/2521/16 36/8/16 2212/10/16
f 3961/2517/16 3963/2522/16 492/2633/16
f 3961/2517/16 3962/2519/16 3963/2522/16
f 3962/2519/16 494/2520/16 3963/2522/16
f 1460/2518/16 1496/2635/16 69/2652/16
f 1460/2518/16 3961/2517/16 1496/2635/16
f 3961/2517/16 492/2633/16 1496/2635/16
f 4116/2515/4 1376/2710/4 3958/2510/4
f 1498/62/4 3958/2510/4 494/2520/4
f 68/61/4 4116/2515/4 1498/62/4
f 4117/2512/4 424/2711/4 2144/2712/4
f 2214/2521/4 2144/2712/4 36/8/4
f 494/2520/4 4117/2512/4 2214/2521/4
f 4118/2509/4 37/2713/4 1428/2714/4
f 3959/2511/4 1428/2714/4 424/2711/4
f 1376/2710/4 4118/2509/4 3959/2511/4
f 3954/2715/2 3956/2506/2 1375/2502/2
f 425/2716/2 4119/2504/2 3954/2715/2
f 1429/2717/2 2217/2654/2 4119/2504/2
f 2215/2508/2 3955/2503/2 495/2718/2
f 37/2713/2 4120/2501/2 2215/2508/2
f 2145/2719/2 3954/2715/2 4120/2501/2
f 1499/66/2 1458/2500/2 67/65/2
f 495/2718/2 4121/2498/2 1499/66/2
f 3955/2503/2 3953/2720/2 4121/2498/2
f 4122/2495/2 1374/2721/2 3950/2492/2
f 1430/2722/2 3950/2492/2 426/2723/2
f 39/2724/2 4122/2495/2 1430/2722/2
f 4123/2494/2 496/2626/2 1500/2628/2
f 2146/2725/2 1500/2628/2 38/2655/2
f 426/2723/2 4123/2494/2 2146/2725/2
f 2216/13/2 1456/2491/2 65/11/2
f 3951/2493/2 2216/13/2 496/2626/2
f 1374/2721/2 4124/2489/2 3951/2493/2
f 3946/2726/2 3948/2488/2 1373/2485/2
f 427/2727/2 4125/2487/2 3946/2726/2
f 1431/2728/2 2219/76/2 4125/2487/2
f 2218/2729/2 3947/2486/2 498/2496/2
f 39/2724/2 4126/2484/2 2218/2729/2
f 2147/2730/2 3946/2726/2 4126/2484/2
f 1502/2731/2 1455/2483/2 64/71/2
f 498/2496/2 4127/2481/2 1502/2731/2
f 3947/2486/2 3945/2732/2 4127/2481/2
f 4128/2478/2 1372/2663/2 3942/2618/2
f 500/2617/2 4128/2478/2 3942/2618/2
f 1504/2733/2 1503/2734/2 4128/2478/2
f 2169/2735/2 4052/2619/2 449/2662/2
f 61/2736/4 2169/2736/4 2220/2736/4
f 2220/2737/2 500/2617/2 4052/2619/2
f 4129/2475/4 62/2738/4 1453/2739/4
f 3943/2661/4 1453/2739/4 449/2662/4
f 1372/2663/2 4129/2475/2 3943/2661/2
f 4130/2472/2 1371/2740/2 3938/2469/2
f 1432/2741/2 3938/2469/2 428/2742/2
f 41/2743/2 4130/2472/2 1432/2741/2
f 4131/2471/2 501/2476/2 2221/77/2
f 2148/2744/2 2221/77/2 40/2745/2
f 428/2742/2 4131/2471/2 2148/2744/2
f 4132/2468/2 62/2738/2 1505/2477/2
f 3939/2470/2 1505/2477/2 501/2476/2
f 1371/2740/2 4132/2468/2 3939/2470/2
f 3934/2746/4 3936/2465/4 1370/2461/4
f 502/2473/4 4133/2463/4 3934/2746/4
f 1506/2747/4 1452/2748/4 4133/2463/4
f 2149/2749/4 3935/2462/4 429/2750/4
f 41/2743/4 4134/2460/4 2149/2749/4
f 2222/2751/4 3934/2746/4 4134/2460/4
f 1433/2752/4 1507/2459/4 42/2664/4
f 429/2750/4 4135/2457/4 1433/2752/4
f 3935/2462/4 3933/2753/4 4135/2457/4
f 3930/2754/4 3932/2456/4 1369/2452/4
f 504/2614/4 4136/2454/4 3930/2754/4
f 1508/18/4 1450/2755/4 4136/2454/4
f 2150/2756/4 3931/2453/4 430/2757/4
f 2224/2615/4 2150/2756/4 42/2664/4
f 2224/2615/4 3930/2754/4 4137/2451/4
f 1434/2758/4 1509/2450/4 43/2665/4
f 430/2757/4 4138/2448/4 1434/2758/4
f 3931/2453/4 3929/2759/4 4138/2448/4
f 3926/2760/2 3928/2447/2 1368/2443/2
f 506/2607/2 4139/2445/2 3926/2760/2
f 1510/21/2 1448/2761/2 4139/2445/2
f 2151/2762/4 3927/2444/4 431/2763/4
f 43/2665/4 4140/2442/4 2151/2762/4
f 2226/2608/2 3926/2760/2 4140/2442/2
f 1435/2764/4 2227/2440/4 44/2765/4
f 431/2763/4 4141/2441/4 1435/2764/4
f 3927/2444/2 3925/2439/2 4141/2441/2
f 3922/2766/4 3924/2438/4 1367/2434/4
f 507/2767/4 4142/2436/4 3922/2766/4
f 1511/89/4 1447/2768/4 4142/2436/4
f 2152/2769/4 3923/2435/4 432/2770/4
f 44/2765/4 4143/2433/4 2152/2769/4
f 2227/2440/4 3922/2766/4 4143/2433/4
f 1436/2771/4 2228/2432/4 45/2772/4
f 432/2770/4 4144/2430/4 1436/2771/4
f 3923/2435/4 3921/2773/4 4144/2430/4
f 3918/2774/4 3920/2429/4 1366/2425/4
f 508/2431/4 4145/2427/4 3918/2774/4
f 1512/93/4 1446/2775/4 4145/2427/4
f 2153/2776/4 3919/2426/4 433/2777/4
f 45/2772/4 4146/2424/4 2153/2776/4
f 2228/2432/4 3918/2774/4 4146/2424/4
f 1437/2778/4 2229/2423/4 46/2779/4
f 433/2777/4 4147/2421/4 1437/2778/4
f 3919/2426/4 3917/2780/4 4147/2421/4
f 3914/2781/2 3916/2420/2 1365/2417/2
f 434/2782/2 4148/2419/2 3914/2781/2
f 1438/2419/2 2230/23/2 4148/2419/2
f 2229/2423/2 3915/2418/2 509/2422/2
f 46/2779/2 4149/2416/2 2229/2423/2
f 2154/2783/2 3914/2781/2 4149/2416/2
f 1513/96/2 1445/2415/2 54/95/2
f 509/2422/2 4150/2413/2 1513/96/2
f 3915/2418/2 3913/2784/2 4150/2413/2
f 3912/23/17 2232/23/17 512/23/17
f 3912/23/17 2156/23/17 2232/23/17
f 2156/23/17 48/23/17 2232/23/17
f 3910/23/17 3912/23/17 512/23/17
f 3910/23/17 3911/23/17 3912/23/17
f 3911/23/17 436/23/17 3912/23/17
f 1441/23/17 1516/23/17 50/23/17
f 1441/23/17 3910/23/17 1516/23/17
f 3910/23/17 512/23/17 1516/23/17
f 4151/23/507 1364/23/507 3907/23/507
f 2231/23/508 3907/23/508 511/23/508
f 52/23/509 4151/23/509 2231/23/509
f 2155/23/510 3908/23/510 435/23/510
f 1515/23/511 2155/23/511 47/23/511
f 511/23/512 4152/23/512 1515/23/512
f 4153/23/513 48/23/513 1439/23/513
f 3908/23/510 1439/23/510 435/23/510
f 1364/23/451 4153/23/451 3908/23/451
f 3905/1/19 2323/1/19 603/1/19
f 3905/1/449 1536/1/449 2323/1/449
f 1536/1/19 100/1/19 2323/1/19
f 3903/1/19 3905/1/19 603/1/19
f 3903/1/449 3904/1/449 3905/1/449
f 3904/1/449 532/1/449 3905/1/449
f 2322/1/19 1607/1/19 97/1/19
f 2322/1/19 3903/1/19 1607/1/19
f 3903/1/449 603/1/449 1607/1/449
f 3902/2412/4 2332/2785/4 612/2786/4
f 3902/2412/4 2241/223/4 2332/2785/4
f 2241/223/4 88/222/4 2332/2785/4
f 3900/2409/4 3902/2412/4 612/2786/4
f 3900/2409/4 3901/2411/4 3902/2412/4
f 3901/2411/4 521/2126/4 3902/2412/4
f 2333/2410/4 1616/2787/4 110/126/4
f 2333/2410/4 3900/2409/4 1616/2787/4
f 3900/2409/4 612/2786/4 1616/2787/4
f 3899/2408/2 2338/2788/2 618/2789/2
f 3899/2408/2 1621/2407/2 2338/2788/2
f 1621/2407/2 149/261/2 2338/2788/2
f 3897/2404/2 3899/2408/2 618/2789/2
f 3897/2404/2 3898/2405/2 3899/2408/2
f 3898/2405/2 617/2406/2 3899/2408/2
f 2268/2117/2 1622/2790/2 115/2791/2
f 2268/2117/2 3897/2404/2 1622/2790/2
f 3897/2404/2 618/2789/2 1622/2790/2
f 3896/2402/4 2342/2286/4 622/2285/4
f 3896/2402/4 1625/2401/4 2342/2286/4
f 1625/2401/4 118/242/4 2342/2286/4
f 3894/2398/4 3896/2402/4 622/2285/4
f 3894/2398/4 3895/2399/4 3896/2402/4
f 3895/2399/4 621/2400/4 3896/2402/4
f 1582/2058/4 1626/165/4 146/164/4
f 1582/2058/4 3894/2398/4 1626/165/4
f 3894/2398/4 622/2285/4 1626/165/4
f 3893/2396/4 3782/2792/4 625/2393/4
f 3893/2396/4 3781/2395/4 3782/2792/4
f 3781/2395/4 1343/2793/4 3782/2792/4
f 3892/2794/2 3891/2390/2 575/2389/2
f 574/2795/2 4154/2392/2 3892/2794/2
f 4154/2392/2 2294/2796/2 2345/2797/2
f 1579/2391/2 1629/2798/2 143/170/2
f 1579/2391/2 3891/2390/2 1629/2798/2
f 3891/2390/2 625/2393/2 1629/2798/2
f 3890/2388/2 2348/2799/2 628/2252/2
f 3890/2388/2 1576/208/2 2348/2799/2
f 1576/208/2 140/179/2 2348/2799/2
f 3888/2384/2 3890/2388/2 628/2252/2
f 3888/2384/2 3889/2386/2 3890/2388/2
f 3889/2386/2 572/2387/2 3890/2388/2
f 2349/2385/2 1632/2800/2 122/258/2
f 2349/2385/2 3888/2384/2 1632/2800/2
f 3888/2384/2 628/2252/2 1632/2800/2
f 3887/2382/2 2350/2801/2 630/2244/2
f 3887/2382/2 1574/319/2 2350/2801/2
f 1574/319/2 138/182/2 2350/2801/2
f 3885/2378/2 3887/2382/2 630/2244/2
f 3885/2378/2 3886/2380/2 3887/2382/2
f 3886/2380/2 570/2381/2 3887/2382/2
f 2351/2379/2 1634/2802/2 123/264/2
f 2351/2379/2 3885/2378/2 1634/2802/2
f 3885/2378/2 630/2244/2 1634/2802/2
f 3884/194/20 1569/194/20 565/194/20
f 3884/194/20 1639/194/20 1569/194/20
f 1639/194/20 133/194/20 1569/194/20
f 3882/1895/20 3884/194/20 565/194/20
f 3882/1895/20 3883/121/20 3884/194/20
f 3883/121/20 635/194/20 3884/194/20
f 2356/23/20 2285/194/20 132/23/20
f 2356/23/20 3882/1895/20 2285/194/20
f 3882/1895/20 565/194/20 2285/194/20
f 3881/23/2 2283/23/2 563/23/2
f 3881/23/2 1641/23/2 2283/23/2
f 1641/23/2 130/23/2 2283/23/2
f 3879/23/2 3881/23/2 563/23/2
f 3879/23/2 3880/23/2 3881/23/2
f 3880/23/2 637/23/2 3881/23/2
f 2358/23/2 1567/23/2 131/23/2
f 2358/23/2 3879/23/2 1567/23/2
f 3879/23/2 563/23/2 1567/23/2
f 3878/1/21 1606/1/21 602/1/21
f 3878/1/21 1535/1/21 1606/1/21
f 1535/1/21 99/1/21 1606/1/21
f 3876/1/21 3878/1/21 602/1/21
f 3876/1/21 3877/1/21 3878/1/21
f 3877/1/21 531/1/21 3878/1/21
f 2250/1/21 2322/1/21 97/1/21
f 2250/1/21 3876/1/21 2322/1/21
f 3876/1/21 602/1/21 2322/1/21
f 3873/1/514 3875/1/514 1363/1/514
f 529/1/515 4155/1/515 3873/1/515
f 1533/1/516 1607/1/516 4155/1/516
f 2324/1/517 3874/1/517 604/1/517
f 96/1/518 4156/1/518 2324/1/518
f 2249/1/519 3873/1/519 4156/1/519
f 1608/1/2 1537/1/2 101/1/2
f 604/1/520 4157/1/520 1608/1/520
f 3874/1/521 3872/1/521 4157/1/521
f 3869/1/2 3871/1/2 1362/1/2
f 528/1/2 4158/1/2 3869/1/2
f 1532/1/2 2324/1/2 4158/1/2
f 4159/1/2 605/1/2 2325/1/2
f 2248/1/2 2325/1/2 95/1/2
f 528/1/2 4159/1/2 2248/1/2
f 4160/1/2 102/1/2 1609/1/2
f 3870/1/2 1609/1/2 605/1/2
f 1362/1/2 4160/1/2 3870/1/2
f 3865/1/2 3867/1/2 1361/1/2
f 527/1/2 4161/1/2 3865/1/2
f 95/1/2 4161/1/2 1531/1/2
f 2326/1/2 3866/1/2 606/1/2
f 94/1/2 4162/1/2 2326/1/2
f 2247/1/2 3865/1/2 4162/1/2
f 1610/1/2 1539/1/2 103/1/2
f 606/1/2 4163/1/2 1610/1/2
f 3866/1/2 3864/1/2 4163/1/2
f 3861/1/2 3863/1/2 1360/1/2
f 526/1/2 4164/1/2 3861/1/2
f 1530/1/2 2326/1/2 4164/1/2
f 2327/1/2 3862/1/2 607/1/2
f 93/1/2 4165/1/2 2327/1/2
f 2246/1/2 3861/1/2 4165/1/2
f 1611/1/2 1540/1/2 104/1/2
f 607/1/2 4166/1/2 1611/1/2
f 3862/1/2 3860/1/2 4166/1/2
f 3857/1/2 3859/1/2 1359/1/2
f 525/1/2 4167/1/2 3857/1/2
f 1529/1/2 2327/1/2 4167/1/2
f 2328/1/2 3858/1/2 608/1/2
f 92/1/2 4168/1/2 2328/1/2
f 2245/1/2 3857/1/2 4168/1/2
f 1612/1/2 1541/1/2 105/1/2
f 608/1/2 4169/1/2 1612/1/2
f 3858/1/2 3856/1/2 4169/1/2
f 3853/24/2 3855/1/2 1358/1/2
f 524/24/2 4170/24/2 3853/24/2
f 1528/24/2 2328/1/2 4170/24/2
f 2329/24/2 3854/1/2 609/1/2
f 91/24/2 4171/24/2 2329/24/2
f 2244/24/2 3853/24/2 4171/24/2
f 1613/1/2 1542/1/2 106/1/2
f 609/1/2 4172/1/2 1613/1/2
f 3854/1/2 3852/1/2 4172/1/2
f 3849/1505/2 3851/1/2 1357/1/2
f 523/24/2 4173/24/2 3849/1505/2
f 1527/24/2 2329/24/2 4173/24/2
f 2330/2374/2 3850/1/2 610/2803/2
f 2243/1505/2 2330/2374/2 90/226/2
f 2243/1505/2 3849/1505/2 4174/1505/2
f 1614/2803/2 1543/1/2 107/123/2
f 610/2803/2 4175/1/2 1614/2803/2
f 3850/1/2 3848/1/2 4175/1/2
f 4176/2376/2 1356/2804/2 3845/2371/2
f 1526/227/2 3845/2371/2 522/2805/2
f 90/226/2 4176/2376/2 1526/227/2
f 4177/2373/2 611/2806/2 2331/2807/2
f 2242/2112/2 2331/2807/2 89/100/2
f 522/2805/2 4177/2373/2 2242/2112/2
f 4178/2370/2 108/296/2 1615/2808/2
f 3846/2372/2 1615/2808/2 611/2806/2
f 1356/2804/2 4178/2370/2 3846/2372/2
f 3841/2809/4 3843/2368/4 1355/2364/4
f 611/2806/4 4179/2366/4 3841/2809/4
f 2331/2807/4 1617/102/4 4179/2366/4
f 2261/296/4 3842/2365/4 541/2810/4
f 108/296/4 4180/2363/4 2261/296/4
f 1615/2808/4 3841/2809/4 4180/2363/4
f 4181/2361/4 109/2811/4 1545/1859/4
f 541/2810/4 4181/2361/4 1545/1859/4
f 3842/2365/4 3840/2812/4 4181/2361/4
f 3839/2360/4 2321/2313/4 601/2312/4
f 3839/2360/4 2336/2359/4 2321/2313/4
f 2336/2359/4 88/222/4 2321/2313/4
f 3837/2356/4 3839/2360/4 601/2312/4
f 3837/2356/4 3838/2357/4 3839/2360/4
f 3838/2357/4 616/2358/4 3839/2360/4
f 1588/1952/4 1605/152/4 152/2813/4
f 1588/1952/4 3837/2356/4 1605/152/4
f 3837/2356/4 601/2312/4 1605/152/4
f 4182/133/522 1354/133/522 3834/133/522
f 2314/133/523 3834/133/523 594/133/523
f 160/133/524 4182/133/524 2314/133/524
f 2237/133/525 3835/133/525 517/133/525
f 1598/133/526 2237/133/526 85/133/526
f 594/133/527 4183/133/527 1598/133/527
f 1521/133/528 2313/133/528 84/133/528
f 517/133/529 4184/133/529 1521/133/529
f 3835/133/530 3833/133/530 4184/133/530
f 4185/133/531 1353/135/531 3830/133/531
f 1597/133/532 3830/133/532 593/133/532
f 159/37/533 4185/133/533 1597/133/533
f 2236/133/534 3831/2353/534 516/344/534
f 84/133/535 4186/133/535 2236/133/535
f 2313/133/536 3830/133/536 4186/133/536
f 1520/1838/537 2315/2354/537 83/307/537
f 516/344/538 4187/2353/538 1520/1838/538
f 3831/2353/539 3829/2353/539 4187/2353/539
f 3826/2354/4 3828/2352/4 1352/2350/4
f 595/2354/4 4188/135/4 3826/2354/4
f 158/134/4 4188/135/4 1599/135/4
f 2235/308/4 3827/2351/4 515/1856/4
f 83/307/4 4189/2349/4 2235/308/4
f 2315/2354/4 3826/2354/4 4189/2349/4
f 1519/1857/4 2316/2345/4 81/299/4
f 515/1856/4 4190/2347/4 1519/1857/4
f 3827/2351/4 3825/2814/4 4190/2347/4
f 3824/2346/4 2316/2345/4 596/2348/4
f 3824/2346/4 2318/2345/4 2316/2345/4
f 2318/2345/4 81/299/4 2316/2345/4
f 3822/2343/4 3824/2346/4 596/2348/4
f 3822/2343/4 3823/2343/4 3824/2346/4
f 3823/2343/4 598/2344/4 3824/2346/4
f 1593/1899/4 1600/137/4 157/2815/4
f 1593/1899/4 3822/2343/4 1600/137/4
f 3822/2343/4 596/2348/4 1600/137/4
f 4191/2342/4 1351/2339/4 3819/2816/4
f 1602/140/4 3819/2816/4 598/2344/4
f 156/139/4 4191/2342/4 1602/140/4
f 2234/300/4 3820/2340/4 514/1876/4
f 81/299/4 4192/2338/4 2234/300/4
f 598/2344/4 4192/2338/4 2318/2345/4
f 1518/1877/4 2317/2337/4 82/196/4
f 514/1876/4 4193/2335/4 1518/1877/4
f 3820/2340/4 3818/2817/4 4193/2335/4
f 4194/2334/4 1350/2331/4 3815/2818/4
f 1601/143/4 3815/2818/4 597/2336/4
f 155/2819/4 4194/2334/4 1601/143/4
f 2238/197/4 3816/2332/4 518/2202/4
f 82/196/4 4195/2330/4 2238/197/4
f 2317/2337/4 3815/2818/4 4195/2330/4
f 1522/2203/4 2319/2329/4 86/205/4
f 518/2202/4 4196/2327/4 1522/2203/4
f 3816/2332/4 3814/2820/4 4196/2327/4
f 4197/2326/4 1349/2323/4 3811/2821/4
f 1603/146/4 3811/2821/4 599/2328/4
f 154/2822/4 4197/2326/4 1603/146/4
f 2239/206/4 3812/2324/4 519/2176/4
f 86/205/4 4198/2322/4 2239/206/4
f 2319/2329/4 3811/2821/4 4198/2322/4
f 1523/2177/4 2320/2321/4 87/214/4
f 519/2176/4 4199/2319/4 1523/2177/4
f 3812/2324/4 3810/2823/4 4199/2319/4
f 3807/2824/4 3809/2317/4 1348/2315/4
f 600/2320/4 4200/2318/4 3807/2824/4
f 153/2825/4 4200/2318/4 1604/149/4
f 2240/215/4 3808/2316/4 520/2150/4
f 87/214/4 4201/2314/4 2240/215/4
f 2320/2321/4 3807/2824/4 4201/2314/4
f 1524/2151/4 2321/2313/4 88/222/4
f 520/2150/4 4202/2311/4 1524/2151/4
f 3808/2316/4 3806/2826/4 4202/2311/4
f 3805/2310/2 1622/2790/2 618/2789/2
f 3805/2310/2 2334/2309/2 1622/2790/2
f 2334/2309/2 115/2791/2 1622/2790/2
f 3803/2306/2 3805/2310/2 618/2789/2
f 3803/2306/2 3804/2307/2 3805/2310/2
f 3804/2307/2 614/2308/2 3805/2310/2
f 2302/1989/2 2338/2788/2 149/261/2
f 2302/1989/2 3803/2306/2 2338/2788/2
f 3803/2306/2 618/2789/2 2338/2788/2
f 3802/2305/2 1621/2407/2 617/2406/2
f 3802/2305/2 1585/262/2 1621/2407/2
f 1585/262/2 149/261/2 1621/2407/2
f 3800/2302/2 3802/2305/2 617/2406/2
f 3800/2302/2 3801/2304/2 3802/2305/2
f 3801/2304/2 581/2006/2 3802/2305/2
f 2339/2303/2 2337/107/2 116/106/2
f 2339/2303/2 3800/2302/2 2337/107/2
f 3800/2302/2 617/2406/2 2337/107/2
f 4203/2300/2 1347/2827/2 3797/2295/2
f 1553/232/2 3797/2295/2 549/2828/2
f 117/237/2 4203/2300/2 1553/232/2
f 4204/2297/2 619/2301/2 2339/2303/2
f 2269/2094/2 2339/2303/2 116/106/2
f 549/2828/2 4204/2297/2 2269/2094/2
f 4205/2294/2 148/157/2 1623/159/2
f 3798/2296/2 1623/159/2 619/2301/2
f 1347/2827/2 4205/2294/2 3798/2296/2
f 3793/2829/4 3795/2292/4 1346/2288/4
f 620/2830/4 4206/2290/4 3793/2829/4
f 1624/2831/4 1583/2040/4 4206/2290/4
f 2270/238/4 3794/2289/4 550/2085/4
f 117/237/4 4207/2287/4 2270/238/4
f 2340/2298/4 3793/2829/4 4207/2287/4
f 1554/2086/4 2342/2286/4 118/242/4
f 550/2085/4 4208/2284/4 1554/2086/4
f 3794/2289/4 3792/2832/4 4208/2284/4
f 4209/2281/4 1345/2833/4 3789/2278/4
f 2341/110/4 3789/2278/4 621/2400/4
f 2341/110/4 1581/2076/4 4209/2281/4
f 4210/2280/4 551/2834/4 2271/243/4
f 1625/2401/4 2271/243/4 118/242/4
f 621/2400/4 4210/2280/4 1625/2401/4
f 4211/2275/4 119/2835/4 1555/2067/4
f 3790/2279/4 1555/2067/4 551/2834/4
f 1345/2833/4 4211/2275/4 3790/2279/4
f 3785/2836/4 3787/2274/4 1344/2270/4
f 623/2276/4 4212/2272/4 3785/2836/4
f 1627/168/4 1580/2837/4 4212/2272/4
f 2272/247/4 3786/2271/4 552/2838/4
f 119/2835/4 4213/2269/4 2272/247/4
f 2343/2277/4 3785/2836/4 4213/2269/4
f 1556/2049/4 2344/173/4 120/2839/4
f 552/2838/4 4214/2268/4 1556/2049/4
f 3786/2271/4 3784/2840/4 4214/2268/4
f 4215/2265/4 1343/2793/4 3781/2395/4
f 1578/2841/2 3781/2395/2 574/2394/2
f 142/2842/2 4215/2265/2 1578/2841/2
f 2345/2797/4 3893/2396/4 625/2393/4
f 2294/2843/2 141/2843/2 2345/2843/2
f 2294/2844/4 574/2394/4 3893/2396/4
f 1629/2798/4 1628/171/4 143/170/4
f 625/2393/4 4216/2263/4 1629/2798/4
f 1343/2793/4 4216/2263/4 3782/2792/4
f 4217/2262/4 1342/2845/4 3777/2257/4
f 1630/2846/4 3777/2257/4 626/2266/4
f 142/2842/4 4217/2262/4 1630/2846/4
f 4218/2259/4 553/2847/4 2273/253/4
f 2346/172/4 2273/253/4 120/2839/4
f 626/2266/4 4218/2259/4 2346/172/4
f 4219/2254/4 121/2848/4 1557/2031/4
f 3778/2258/4 1557/2031/4 553/2847/4
f 1342/2845/4 4219/2254/4 3778/2258/4
f 3773/2849/2 3775/2253/2 1341/2249/2
f 554/2014/2 4220/2251/2 3773/2849/2
f 1558/259/2 1632/2800/2 4220/2251/2
f 2347/2256/2 3774/2250/2 627/2255/2
f 121/2848/2 4221/2248/2 2347/2256/2
f 2274/2015/2 3773/2849/2 4221/2248/2
f 1631/177/2 1577/217/2 141/176/2
f 627/2255/2 4222/2246/2 1631/177/2
f 3774/2250/2 3772/2850/2 4222/2246/2
f 3769/2851/2 3771/2245/2 1340/2241/2
f 555/1997/2 4223/2243/2 3769/2851/2
f 1559/265/2 1634/2802/2 4223/2243/2
f 2349/2385/2 3770/2242/2 629/2383/2
f 2275/1998/2 2349/2385/2 122/258/2
f 2275/1998/2 3769/2851/2 4224/2240/2
f 1633/117/2 1575/199/2 139/115/2
f 629/2383/2 4225/2238/2 1633/117/2
f 3770/2242/2 3768/2852/2 4225/2238/2
f 3765/2853/4 3767/2236/4 1339/2233/4
f 556/1979/4 4226/2237/4 3765/2853/4
f 1560/269/4 2352/2235/4 4226/2237/4
f 2351/2379/4 3766/2234/4 631/2377/4
f 123/264/4 4227/2232/4 2351/2379/4
f 2276/1980/4 3765/2853/4 4227/2232/4
f 1635/120/4 1573/316/4 137/118/4
f 631/2377/4 4228/2231/4 1635/120/4
f 3766/2234/4 3764/2854/4 4228/2231/4
f 3761/2855/2 3763/2230/2 1338/2226/2
f 557/1961/2 4229/2228/2 3761/2855/2
f 1561/274/2 2353/2856/2 4229/2228/2
f 2352/2235/2 3762/2227/2 632/2857/2
f 124/268/2 4230/2225/2 2352/2235/2
f 2277/1962/2 3761/2855/2 4230/2225/2
f 1636/184/2 1572/310/2 136/2858/2
f 632/2857/2 4231/2223/2 1636/184/2
f 3762/2227/2 3760/2859/2 4231/2223/2
f 3757/2860/2 3759/2222/2 1337/2218/2
f 558/1943/2 4232/2220/2 3757/2860/2
f 1562/279/2 2354/2861/2 4232/2220/2
f 2353/2856/2 3758/2219/2 633/2229/2
f 125/273/2 4233/2217/2 2353/2856/2
f 2278/1944/2 3757/2860/2 4233/2217/2
f 1637/2862/2 1571/302/2 135/188/2
f 633/2229/2 4234/2215/2 1637/2862/2
f 3758/2219/2 3756/2863/2 4234/2215/2
f 3753/2864/540 3755/2214/540 1336/2211/540
f 634/2221/541 4235/2213/541 3753/2864/541
f 1638/2865/542 1570/1891/542 4235/2213/542
f 2279/283/543 3754/2212/543 559/2866/543
f 126/278/544 4236/2210/544 2279/283/544
f 2354/2861/545 3753/2864/545 4236/2210/545
f 1563/378/546 2355/121/546 127/121/546
f 559/2866/547 4237/193/547 1563/378/547
f 3754/2212/548 3752/193/548 4237/193/548
f 3751/23/26 1641/23/26 637/23/26
f 3751/23/26 1566/23/26 1641/23/26
f 1566/23/26 130/23/26 1641/23/26
f 3749/23/26 3751/23/26 637/23/26
f 3749/23/26 3750/23/26 3751/23/26
f 3750/23/26 562/23/26 3751/23/26
f 2281/23/26 2357/23/26 128/23/26
f 2281/23/26 3749/23/26 2357/23/26
f 3749/23/26 637/23/26 2357/23/26
f 3746/23/549 3748/23/549 1335/23/549
f 560/23/550 4238/23/550 3746/23/550
f 1564/23/551 1642/23/551 4238/23/551
f 4239/23/552 636/23/552 1640/121/552
f 2280/23/553 1640/121/553 127/121/553
f 560/23/554 4239/23/554 2280/23/554
f 4240/23/555 132/23/555 2356/23/555
f 3747/23/556 2356/23/556 636/23/556
f 1335/23/557 4240/23/557 3747/23/557
f 3742/2867/28 3744/2209/28 1334/2205/28
f 873/2868/28 4241/2207/28 3742/2867/28
f 2593/469/28 2359/2869/28 4241/2207/28
f 1724/2870/28 3743/2206/28 720/2182/28
f 162/2871/28 4242/2204/28 1724/2870/28
f 1877/1391/28 3742/2867/28 4242/2204/28
f 2440/2872/28 1522/2203/28 86/205/28
f 720/2182/28 4243/2201/28 2440/2872/28
f 3743/2206/28 3741/2873/28 4243/2201/28
f 4244/2200/29 1333/2874/29 3738/2195/29
f 2592/467/433 3738/2195/433 872/1400/433
f 163/466/433 4244/2200/433 2592/467/433
f 4245/2197/433 722/2875/433 1726/1818/433
f 1876/1401/29 1726/1818/29 164/330/29
f 872/1400/29 4245/2197/29 1876/1401/29
f 4246/2194/433 138/182/433 2442/318/433
f 3739/2196/29 2442/318/29 722/2875/29
f 1333/2874/29 4246/2194/29 3739/2196/29
f 3734/2876/30 3736/2192/30 1332/2188/30
f 871/2877/432 4247/2190/432 3734/2876/432
f 2591/463/432 2363/2878/432 4247/2190/432
f 1728/2879/30 3735/2189/30 724/2165/30
f 166/2880/432 4248/2187/432 1728/2879/432
f 1875/1409/432 3734/2876/432 4248/2187/432
f 2444/2881/432 1549/2186/432 113/211/432
f 724/2165/30 4249/2184/30 2444/2881/30
f 3735/2189/432 3733/2882/432 4249/2184/432
f 3730/2883/31 3732/2183/31 1331/2179/31
f 870/2884/31 4250/2181/31 3730/2883/31
f 2590/460/31 1724/2870/31 4250/2181/31
f 1729/2885/431 3731/2180/431 725/2156/431
f 167/2886/31 4251/2178/31 1729/2885/31
f 1874/1418/31 3730/2883/31 4251/2178/31
f 2445/2887/31 1523/2177/31 87/214/31
f 725/2156/31 4252/2175/31 2445/2887/31
f 3731/2180/558 3729/2888/558 4252/2175/558
f 4253/2174/32 1330/2889/32 3726/2169/32
f 2589/458/32 3726/2169/32 869/1427/32
f 168/457/32 4253/2174/32 2589/458/32
f 4254/2171/32 641/2890/32 2361/2198/32
f 1873/1428/32 2361/2198/32 163/466/32
f 869/1427/32 4254/2171/32 1873/1428/32
f 4255/2168/32 139/115/32 1645/198/32
f 3727/2170/559 1645/198/559 641/2890/559
f 1330/2889/32 4255/2168/32 3727/2170/32
f 3722/2891/33 3724/2166/33 1329/2162/33
f 868/2892/33 4256/2164/33 3722/2891/33
f 2588/454/33 1728/2879/33 4256/2164/33
f 1731/2893/33 3723/2163/33 727/2139/33
f 169/2894/33 4257/2161/33 1731/2893/33
f 1872/1436/33 3722/2891/33 4257/2161/33
f 2447/2895/33 1550/2160/33 114/220/33
f 727/2139/33 4258/2158/33 2447/2895/33
f 3723/2163/560 3721/2896/560 4258/2158/560
f 3718/2897/430 3720/2157/430 1328/2153/430
f 867/2898/34 4259/2155/34 3718/2897/34
f 2587/451/34 1729/2885/34 4259/2155/34
f 1732/2899/430 3719/2154/430 728/2131/430
f 170/2900/34 4260/2152/34 1732/2899/34
f 1871/1445/34 3718/2897/34 4260/2152/34
f 2448/2901/34 1524/2151/34 88/222/34
f 728/2131/34 4261/2149/34 2448/2901/34
f 3719/2154/34 3717/2902/34 4261/2149/34
f 4262/2148/35 1327/2903/35 3714/2143/35
f 2586/449/429 3714/2143/429 866/1454/429
f 171/448/35 4262/2148/35 2586/449/35
f 4263/2145/35 646/2904/35 2366/2172/35
f 1870/1455/35 2366/2172/35 168/457/35
f 866/1454/429 4263/2145/429 1870/1455/429
f 4264/2142/35 140/179/35 1650/207/35
f 3715/2144/35 1650/207/35 646/2904/35
f 1327/2903/35 4264/2142/35 3715/2144/35
f 3710/2905/36 3712/2140/36 1326/2136/36
f 865/2906/36 4265/2138/36 3710/2905/36
f 2585/445/36 1731/2893/36 4265/2138/36
f 1734/2907/36 3711/2137/36 730/2908/36
f 172/2909/36 4266/2135/36 1734/2907/36
f 1869/1463/36 3710/2905/36 4266/2135/36
f 2450/2910/36 1551/2134/36 115/2791/36
f 730/2908/36 4267/2133/36 2450/2910/36
f 3711/2137/36 3709/2911/36 4267/2133/36
f 3706/2912/37 3708/2132/37 1325/2128/37
f 864/2913/37 4268/2130/37 3706/2912/37
f 2584/442/428 1732/2899/428 4268/2130/428
f 1735/2914/37 3707/2129/37 731/2915/37
f 173/2916/37 4269/2127/37 1735/2914/37
f 1868/1472/37 3706/2912/37 4269/2127/37
f 2451/2917/37 1525/101/37 89/100/37
f 731/2915/428 4270/2125/428 2451/2917/428
f 3707/2129/37 3705/2918/37 4270/2125/37
f 4271/2124/38 1324/2919/38 3702/2119/38
f 2583/440/38 3702/2119/38 863/1481/38
f 174/439/38 4271/2124/38 2583/440/38
f 4272/2121/561 730/2908/561 1734/2907/561
f 1867/1482/38 1734/2907/38 172/2909/38
f 863/1481/38 4272/2121/38 1867/1482/38
f 4273/2118/561 115/2791/561 2450/2910/561
f 3703/2120/38 2450/2910/38 730/2908/38
f 1324/2919/38 4273/2118/38 3703/2120/38
f 4274/436/39 1323/2111/39 3698/2113/39
f 2582/436/39 3698/2113/39 862/1490/39
f 175/437/39 4274/436/39 2582/436/39
f 4275/1491/39 731/2915/39 1735/2914/39
f 1866/1491/39 1735/2914/39 173/2916/39
f 862/1490/39 4275/1491/39 1866/1491/39
f 4276/2112/39 89/100/39 2451/2917/39
f 3699/2114/39 2451/2917/39 731/2915/39
f 1323/2111/39 4276/2112/39 3699/2114/39
f 4277/2110/40 1322/2920/40 3694/2105/40
f 2170/15/40 3694/2105/40 450/2623/40
f 62/14/40 4277/2110/40 2170/15/40
f 4278/2107/40 655/2921/40 1659/2922/40
f 1454/2624/40 1659/2922/40 63/2657/40
f 450/2623/40 4278/2107/40 1454/2624/40
f 4279/2104/40 143/2923/40 2375/2924/40
f 3695/2106/40 2375/2924/40 655/2921/40
f 1322/2920/40 4279/2104/40 3695/2106/40
f 4280/2101/41 1321/2925/41 3690/2096/41
f 2581/435/41 3690/2096/41 861/1497/41
f 176/434/41 4280/2101/41 2581/435/41
f 4281/2098/41 652/2926/41 2372/2122/41
f 1865/1498/41 2372/2122/41 174/439/41
f 861/1497/41 4281/2098/41 1865/1498/41
f 4282/2095/41 116/106/41 1656/224/41
f 3691/2097/41 1656/224/41 652/2926/41
f 1321/2925/41 4282/2095/41 3691/2097/41
f 4283/24/42 1320/24/42 3686/24/42
f 2580/24/42 3686/24/42 860/24/42
f 177/24/42 4283/24/42 2580/24/42
f 4284/1505/42 653/226/42 2373/226/42
f 1864/1505/42 2373/226/42 175/437/42
f 860/24/42 4284/1505/42 1864/1505/42
f 4285/1505/42 90/226/42 1657/226/42
f 3687/1505/42 1657/226/42 653/226/42
f 1320/24/42 4285/1505/42 3687/1505/42
f 3682/2927/44 3684/2092/44 1319/2088/44
f 859/2928/44 4286/2090/44 3682/2927/44
f 2579/431/44 2376/2099/44 4286/2090/44
f 1741/2929/44 3683/2089/44 737/2073/44
f 179/2930/44 4287/2087/44 1741/2929/44
f 1863/1507/44 3682/2927/44 4287/2087/44
f 2457/2931/44 1554/2086/44 118/242/44
f 737/2073/44 4288/2084/44 2457/2931/44
f 3683/2089/44 3681/2932/44 4288/2084/44
f 3678/24/427 3680/24/427 1318/24/427
f 858/24/427 4289/24/427 3678/24/427
f 2578/24/562 2380/24/562 4289/24/562
f 4290/24/562 657/24/562 2377/24/562
f 1862/24/427 2377/24/427 177/24/427
f 858/24/427 4290/24/427 1862/24/427
f 4291/24/427 91/24/427 1661/24/427
f 3679/24/45 1661/24/45 657/24/45
f 1318/24/562 4291/24/562 3679/24/562
f 3674/2078/46 3676/2083/46 1317/2933/46
f 857/1516/46 4292/2081/46 3674/2078/46
f 2577/428/46 1740/2934/46 4292/2081/46
f 4293/2080/46 739/2935/46 1743/2063/46
f 1861/1517/46 1743/2063/46 181/422/46
f 857/1516/46 4293/2080/46 1861/1517/46
f 4294/2077/46 145/109/46 2459/244/46
f 3675/2079/46 2459/244/46 739/2935/46
f 1317/2933/46 4294/2077/46 3675/2079/46
f 4295/2072/44 1316/2936/44 3670/2069/44
f 2576/425/44 3670/2069/44 856/1525/44
f 2576/425/44 1741/2929/44 4295/2072/44
f 4296/2071/44 740/2937/44 1744/2054/44
f 1860/1526/44 1744/2054/44 182/419/44
f 856/1525/44 4296/2071/44 1860/1526/44
f 4297/2068/44 119/2835/44 2460/246/44
f 3671/2070/44 2460/246/44 740/2937/44
f 1316/2936/44 4297/2068/44 3671/2070/44
f 3666/1/426 3668/1/426 1315/1/426
f 855/1/47 4298/1/47 3666/1/47
f 2575/1/47 2383/1/47 4298/1/47
f 2380/24/47 3667/1/47 660/1/47
f 180/24/47 4299/1/47 2380/24/47
f 1859/1/47 3666/1/47 4299/1/47
f 1664/1/47 2245/1/47 92/1/47
f 660/1/47 4300/1/47 1664/1/47
f 3667/1/47 3665/1/47 4300/1/47
f 4301/2065/48 1314/2938/48 3662/2060/48
f 2574/423/425 3662/2060/425 854/1534/425
f 181/422/48 4301/2065/48 2574/423/48
f 4302/2062/48 742/2939/48 1746/2045/48
f 1858/1535/48 1746/2045/48 184/416/48
f 854/1534/48 4302/2062/48 1858/1535/48
f 4303/2059/425 146/164/425 2462/249/425
f 3663/2061/425 2462/249/425 742/2939/425
f 1314/2938/48 4303/2059/48 3663/2061/48
f 4304/2056/44 1313/2940/44 3658/2051/44
f 2573/420/44 3658/2051/44 853/1543/44
f 182/419/44 4304/2056/44 2573/420/44
f 4305/2053/44 743/2941/44 1747/2036/44
f 1857/1544/44 1747/2036/44 185/413/44
f 853/1543/44 4305/2053/44 1857/1544/44
f 4306/2050/44 120/2839/44 2463/252/44
f 3659/2052/44 2463/252/44 743/2941/44
f 1313/2940/44 4306/2050/44 3659/2052/44
f 3654/1/563 3656/1/563 1312/1/563
f 852/1/563 4307/1/563 3654/1/563
f 2572/1/49 2386/1/49 4307/1/49
f 2383/1/424 3655/1/424 663/1/424
f 183/1/49 4308/1/49 2383/1/49
f 1856/1/49 3654/1/49 4308/1/49
f 1667/1/49 2246/1/49 93/1/49
f 663/1/424 4309/1/424 1667/1/424
f 3655/1/563 3653/1/563 4309/1/563
f 4310/2047/50 1311/2942/50 3650/2042/50
f 2571/417/50 3650/2042/50 851/1552/50
f 184/416/50 4310/2047/50 2571/417/50
f 4311/2044/50 745/2943/50 1749/2944/50
f 1855/1553/564 1749/2944/564 187/2945/564
f 851/1552/50 4311/2044/50 1855/1553/50
f 4312/2041/50 147/161/50 2465/2946/50
f 3651/2043/50 2465/2946/50 745/2943/50
f 1311/2942/50 4312/2041/50 3651/2043/50
f 4313/2038/51 1310/2947/51 3646/2033/51
f 2570/414/51 3646/2033/51 850/1561/51
f 185/413/51 4313/2038/51 2570/414/51
f 4314/2035/51 746/2948/51 1750/2949/51
f 1854/1562/51 1750/2949/51 188/2950/51
f 850/1561/51 4314/2035/51 1854/1562/51
f 4315/2032/51 121/2848/51 2466/2951/51
f 3647/2034/51 2466/2951/51 746/2948/51
f 1310/2947/51 4315/2032/51 3647/2034/51
f 3642/1/565 3644/1/565 1309/1/565
f 849/1/52 4316/1/52 3642/1/52
f 2569/1/52 2389/1/52 4316/1/52
f 2386/1/52 3643/1/52 666/1/52
f 186/1/52 4317/1/52 2386/1/52
f 1853/1/52 3642/1/52 4317/1/52
f 1670/1/52 2247/1/52 94/1/52
f 666/1/52 4318/1/52 1670/1/52
f 3643/1/52 3641/1/52 4318/1/52
f 3638/2952/566 3640/2029/566 1308/2025/566
f 848/2953/566 4319/2027/566 3638/2952/566
f 2568/410/566 2390/2954/566 4319/2027/566
f 1749/2944/53 3639/2026/53 745/2943/53
f 187/2945/566 4320/2024/566 1749/2944/566
f 1852/1570/53 3638/2952/53 4320/2024/53
f 2465/2946/53 2300/162/53 147/161/53
f 745/2943/566 4321/2022/566 2465/2946/566
f 3639/2026/566 3637/2955/566 4321/2022/566
f 3634/2956/54 3636/2021/54 1307/2017/54
f 847/2957/567 4322/2019/567 3634/2956/567
f 2567/407/567 2391/2958/567 4322/2019/567
f 1750/2949/54 3635/2018/54 746/2948/54
f 188/2950/54 4323/2016/54 1750/2949/54
f 1851/1579/54 3634/2956/54 4323/2016/54
f 2466/2951/54 2274/2015/54 121/2848/54
f 746/2948/567 4324/2013/567 2466/2951/567
f 3635/2018/54 3633/2959/54 4324/2013/54
f 3630/1/55 3632/1/55 1306/1/55
f 846/1/55 4325/1/55 3630/1/55
f 2566/1/55 2392/1/55 4325/1/55
f 2389/1/55 3631/1/55 669/1/55
f 189/1/568 4326/1/568 2389/1/568
f 1850/1/55 3630/1/55 4326/1/55
f 1673/1/55 2248/1/55 95/1/55
f 669/1/568 4327/1/568 1673/1/568
f 3631/1/55 3629/1/55 4327/1/55
f 3626/2960/56 3628/2012/56 1305/2008/56
f 845/2961/56 4328/2010/56 3626/2960/56
f 2565/404/56 2393/2962/56 4328/2010/56
f 2390/2954/56 3627/2009/56 670/2028/56
f 190/2963/56 4329/2007/56 2390/2954/56
f 1849/1588/56 3626/2960/56 4329/2007/56
f 1674/2964/56 2301/158/56 148/157/56
f 670/2028/56 4330/2005/56 1674/2964/56
f 3627/2009/56 3625/2965/56 4330/2005/56
f 3622/2966/57 3624/2004/57 1304/2000/57
f 844/2967/57 4331/2002/57 3622/2966/57
f 2564/401/569 2394/2968/569 4331/2002/569
f 2391/2958/57 3623/2001/57 671/2020/57
f 191/2969/569 4332/1999/569 2391/2958/569
f 1848/1597/57 3622/2966/57 4332/1999/57
f 1675/2970/57 2275/1998/57 122/258/57
f 671/2020/57 4333/1996/57 1675/2970/57
f 3623/2001/569 3621/2971/569 4333/1996/569
f 3618/1/570 3620/1/570 1303/1/570
f 843/1/571 4334/1/571 3618/1/571
f 2563/1/572 2395/1/572 4334/1/572
f 2392/1/573 3619/1/573 672/1/573
f 192/1/574 4335/1/574 2392/1/574
f 1847/1/575 3618/1/575 4335/1/575
f 1676/1/576 2249/1/576 96/1/576
f 672/1/577 4336/1/577 1676/1/577
f 3619/1/578 3617/1/578 4336/1/578
f 3614/2972/59 3616/1995/59 1302/1991/59
f 842/2973/59 4337/1993/59 3614/2972/59
f 2562/398/59 2396/1975/59 4337/1993/59
f 2393/2962/59 3615/1992/59 673/2011/59
f 193/2974/59 4338/1990/59 2393/2962/59
f 1846/1606/59 3614/2972/59 4338/1990/59
f 1677/2975/59 2302/1989/59 149/261/59
f 673/2011/59 4339/1987/59 1677/2975/59
f 3615/1992/59 3613/2976/59 4339/1987/59
f 3610/2977/579 3612/1986/579 1301/1982/579
f 841/2978/579 4340/1984/579 3610/2977/579
f 2561/395/579 2397/2979/579 4340/1984/579
f 2394/2968/579 3611/1983/579 674/2003/579
f 194/2980/579 4341/1981/579 2394/2968/579
f 1845/1615/579 3610/2977/579 4341/1981/579
f 1678/2981/579 2276/1980/579 123/264/579
f 674/2003/579 4342/1978/579 1678/2981/579
f 3611/1983/579 3609/2982/579 4342/1978/579
f 3606/1/580 3608/1/580 1300/1/580
f 840/1/581 4343/1/581 3606/1/581
f 2560/1/582 2398/1/582 4343/1/582
f 2395/1/583 3607/1/583 675/1/583
f 195/1/584 4344/1/584 2395/1/584
f 1844/1/585 3606/1/585 4344/1/585
f 1679/1/586 2250/1/586 97/1/586
f 675/1/587 4345/1/587 1679/1/587
f 3607/1/588 3605/1/588 4345/1/588
f 4346/1977/416 1299/2983/416 3602/1972/416
f 2559/393/62 3602/1972/62 839/1624/62
f 196/392/416 4346/1977/416 2559/393/416
f 4347/1974/416 757/2984/416 1761/1957/416
f 1843/1625/416 1761/1957/416 199/386/416
f 839/1624/416 4347/1974/416 1843/1625/416
f 4348/1971/416 151/131/416 2477/275/416
f 3603/1973/62 2477/275/62 757/2984/62
f 1299/2983/62 4348/1971/62 3603/1973/62
f 3598/2985/63 3600/1968/63 1298/1964/63
f 838/2986/63 4349/1966/63 3598/2985/63
f 2558/389/63 2400/2987/63 4349/1966/63
f 2397/2979/63 3599/1965/63 677/1985/63
f 197/2988/63 4350/1963/63 2397/2979/63
f 1842/1633/63 3598/2985/63 4350/1963/63
f 1681/2989/63 2277/1962/63 124/268/63
f 677/1985/63 4351/1960/63 1681/2989/63
f 3599/1965/63 3597/2990/63 4351/1960/63
f 4352/1/589 1297/1/589 3594/1/589
f 2557/1/590 3594/1/590 837/1/590
f 201/1/591 4352/1/591 2557/1/591
f 4353/1/592 678/1/592 2398/1/592
f 1841/1/593 2398/1/593 198/1/593
f 837/1/594 4353/1/594 1841/1/594
f 4354/1/595 98/1/595 1682/1/595
f 3595/1/596 1682/1/596 678/1/596
f 1297/1/597 4354/1/597 3595/1/597
f 4355/1959/598 1296/2991/598 3590/1954/598
f 2556/387/599 3590/1954/599 836/1642/599
f 199/386/600 4355/1959/600 2556/387/600
f 4356/1956/601 760/2992/601 1764/1939/601
f 1840/1643/602 1764/1939/602 202/380/602
f 836/1642/603 4356/1956/603 1840/1643/603
f 4357/1953/604 152/2813/604 2480/280/604
f 3591/1955/605 2480/280/605 760/2992/605
f 1296/2991/606 4357/1953/606 3591/1955/606
f 3586/2993/66 3588/1950/66 1295/1946/66
f 835/2994/66 4358/1948/66 3586/2993/66
f 2555/383/66 2403/1930/66 4358/1948/66
f 2400/2987/66 3587/1947/66 680/1967/66
f 200/2995/66 4359/1945/66 2400/2987/66
f 1839/1651/66 3586/2993/66 4359/1945/66
f 1684/2996/66 2278/1944/66 125/273/66
f 680/1967/66 4360/1942/66 1684/2996/66
f 3587/1947/66 3585/2997/66 4360/1942/66
f 4361/1/67 1294/1/67 3582/1/67
f 2554/1/67 3582/1/67 834/1/67
f 204/1/607 4361/1/607 2554/1/607
f 4362/1/67 681/1/67 2401/1/67
f 1838/1/607 2401/1/607 201/1/607
f 834/1/67 4362/1/67 1838/1/67
f 4363/1/67 99/1/67 1685/1/67
f 3583/1/67 1685/1/67 681/1/67
f 1294/1/607 4363/1/607 3583/1/607
f 4364/1941/608 1293/2998/608 3578/1936/608
f 2553/381/609 3578/1936/609 833/1660/609
f 202/380/610 4364/1941/610 2553/381/610
f 4365/1938/611 763/2999/611 1767/1927/611
f 1837/1661/612 1767/1927/612 205/374/612
f 833/1660/613 4365/1938/613 1837/1661/613
f 4366/1935/614 153/2825/614 2483/285/614
f 3579/1937/615 2483/285/615 763/2999/615
f 1293/2998/616 4366/1935/616 3579/1937/616
f 4367/1932/69 1292/378/69 3574/121/69
f 2552/378/405 3574/121/405 832/121/405
f 203/377/405 4367/1932/405 2552/378/405
f 4368/121/69 764/121/69 1768/23/69
f 1836/23/405 1768/23/405 206/23/405
f 832/121/405 4368/121/405 1836/23/405
f 4369/121/69 127/121/69 2484/121/69
f 3575/121/405 2484/121/405 764/121/405
f 1292/378/69 4369/121/69 3575/121/69
f 4370/1/70 1291/1/70 3570/1/70
f 2551/1/70 3570/1/70 831/1/70
f 207/1/70 4370/1/70 2551/1/70
f 4371/1/70 684/1/70 2404/1/70
f 1835/1/70 2404/1/70 204/1/70
f 831/1/70 4371/1/70 1835/1/70
f 4372/1/70 100/1/70 1688/1/70
f 3571/1/70 1688/1/70 684/1/70
f 1291/1/70 4372/1/70 3571/1/70
f 4373/1929/617 1290/3000/617 3566/1924/617
f 2550/375/618 3566/1924/618 830/1673/618
f 205/374/619 4373/1929/619 2550/375/619
f 4374/1926/620 766/3001/620 1770/1918/620
f 1834/1674/621 1770/1918/621 208/371/621
f 830/1673/622 4374/1926/622 1834/1674/622
f 4375/1923/623 154/2822/623 2486/287/623
f 3567/1925/624 2486/287/624 766/3001/624
f 1290/3000/625 4375/1923/625 3567/1925/625
f 3562/23/626 3564/23/626 1289/23/626
f 829/23/627 4376/23/627 3562/23/627
f 2549/23/628 2409/23/628 4376/23/628
f 1768/23/629 3563/23/629 764/121/629
f 206/23/630 4377/23/630 1768/23/630
f 1833/23/631 3562/23/631 4377/23/631
f 2484/121/632 2280/23/632 127/121/632
f 764/121/633 4378/23/633 2484/121/633
f 3563/23/634 3561/23/634 4378/23/634
f 4379/1/70 1288/1/70 3558/1/70
f 2548/1/70 3558/1/70 828/1/70
f 210/1/70 4379/1/70 2548/1/70
f 4380/1/70 687/1/70 2407/1/70
f 1832/1/70 2407/1/70 207/1/70
f 828/1/70 4380/1/70 1832/1/70
f 4381/1/70 101/1/70 1691/1/70
f 3559/1/70 1691/1/70 687/1/70
f 1288/1/70 4381/1/70 3559/1/70
f 4382/1920/73 1287/3002/73 3554/1915/73
f 2547/372/73 3554/1915/73 827/1682/73
f 208/371/73 4382/1920/73 2547/372/73
f 4383/1917/73 769/3003/73 1773/1909/73
f 1831/1683/73 1773/1909/73 211/368/73
f 827/1682/73 4383/1917/73 1831/1683/73
f 4384/1914/73 155/2819/73 2489/289/73
f 3555/1916/73 2489/289/73 769/3003/73
f 1287/3002/73 4384/1914/73 3555/1916/73
f 3550/23/635 3552/23/635 1286/23/635
f 826/23/636 4385/23/636 3550/23/636
f 2546/23/637 2412/23/637 4385/23/637
f 2409/23/638 3551/23/638 689/23/638
f 209/23/639 4386/23/639 2409/23/639
f 1830/23/640 3550/23/640 4386/23/640
f 1693/23/641 2281/23/641 128/23/641
f 689/23/642 4387/23/642 1693/23/642
f 3551/23/643 3549/23/643 4387/23/643
f 4388/1/70 1285/1/70 3546/1/70
f 2545/1/70 3546/1/70 825/1/70
f 213/1/70 4388/1/70 2545/1/70
f 4389/1/70 690/1/70 2410/1/70
f 1829/1/70 2410/1/70 210/1/70
f 825/1/70 4389/1/70 1829/1/70
f 4390/1/70 102/1/70 1694/1/70
f 3547/1/70 1694/1/70 690/1/70
f 1285/1/70 4390/1/70 3547/1/70
f 4391/1911/75 1284/3004/75 3542/1906/75
f 2544/369/75 3542/1906/75 824/1691/75
f 211/368/75 4391/1911/75 2544/369/75
f 4392/1908/75 772/3005/75 1776/1901/75
f 1828/1692/75 1776/1901/75 214/365/75
f 824/1691/75 4392/1908/75 1828/1692/75
f 4393/1905/75 156/139/75 2492/291/75
f 3543/1907/75 2492/291/75 772/3005/75
f 1284/3004/75 4393/1905/75 3543/1907/75
f 4394/23/644 1283/23/644 3538/23/644
f 2543/23/645 3538/23/645 823/23/645
f 215/23/646 4394/23/646 2543/23/646
f 4395/23/647 692/23/647 2412/23/647
f 1827/23/648 2412/23/648 212/23/648
f 823/23/649 4395/23/649 1827/23/649
f 4396/23/650 129/23/650 1696/23/650
f 3539/23/651 1696/23/651 692/23/651
f 1283/23/652 4396/23/652 3539/23/652
f 4397/1/77 1282/1/77 3534/1/77
f 2542/1/77 3534/1/77 822/1/77
f 216/1/653 4397/1/653 2542/1/653
f 4398/1/77 693/1/77 2413/1/77
f 1826/1/77 2413/1/77 213/1/77
f 822/1/77 4398/1/77 1826/1/77
f 4399/1/77 103/1/77 1697/1/77
f 3535/1/77 1697/1/77 693/1/77
f 1282/1/654 4399/1/654 3535/1/654
f 4400/1902/655 1281/3006/655 3530/366/655
f 2541/366/656 3530/366/656 821/1700/656
f 214/365/657 4400/1902/657 2541/366/657
f 4401/1897/658 775/1897/658 1779/1897/658
f 1825/1699/659 1779/1897/659 217/362/659
f 821/1700/660 4401/1897/660 1825/1699/660
f 4402/1899/661 157/2815/661 2495/136/661
f 3531/1900/662 2495/136/662 775/1897/662
f 1281/3006/663 4402/1899/663 3531/1900/663
f 4403/23/664 1280/23/664 3526/23/664
f 2540/23/665 3526/23/665 820/23/665
f 218/23/666 4403/23/666 2540/23/666
f 4404/23/667 695/23/667 2415/23/667
f 1824/23/668 2415/23/668 215/23/668
f 820/23/669 4404/23/669 1824/23/669
f 4405/23/670 130/23/670 1699/23/670
f 3527/23/671 1699/23/671 695/23/671
f 1280/23/672 4405/23/672 3527/23/672
f 4406/1/80 1279/1/80 3522/1/80
f 2539/1/80 3522/1/80 819/1/80
f 219/1/80 4406/1/80 2539/1/80
f 4407/1/80 696/1/80 2416/1/80
f 1823/1/80 2416/1/80 216/1/80
f 819/1/80 4407/1/80 1823/1/80
f 4408/1/673 104/1/673 1700/1/673
f 3523/1/386 1700/1/386 696/1/386
f 1279/1/80 4408/1/80 3523/1/80
f 4409/1699/674 1278/1896/674 3518/363/674
f 2538/363/675 3518/363/675 818/363/675
f 217/362/676 4409/1699/676 2538/363/676
f 4410/363/677 778/37/677 1782/37/677
f 1822/37/678 1782/37/678 220/37/678
f 818/363/679 4410/363/679 1822/37/679
f 4411/134/680 158/134/680 2498/37/680
f 3519/134/681 2498/37/681 778/37/681
f 1278/1896/682 4411/134/682 3519/134/682
f 4412/23/82 1277/23/82 3514/23/82
f 2537/23/82 3514/23/82 817/23/82
f 221/23/82 4412/23/82 2537/23/82
f 4413/23/82 698/23/82 2418/23/82
f 1821/23/82 2418/23/82 218/23/82
f 817/23/82 4413/23/82 1821/23/82
f 4414/23/82 131/23/82 1702/23/82
f 3515/23/82 1702/23/82 698/23/82
f 1277/23/82 4414/23/82 3515/23/82
f 3510/1/83 3512/1/83 1276/1/83
f 816/1/83 4415/1/83 3510/1/83
f 2536/1/83 2422/1/83 4415/1/83
f 4416/1/83 699/1/83 2419/1/83
f 1820/1/83 2419/1/83 219/1/83
f 1820/1/83 3510/1/83 4416/1/83
f 4417/1/83 105/1/83 1703/1/83
f 3511/1/83 1703/1/83 699/1/83
f 3511/1/83 3509/1/83 4417/1/83
f 4418/37/683 1275/37/683 3506/37/683
f 2535/37/684 3506/37/684 815/37/684
f 220/37/685 4418/37/685 2535/37/685
f 4419/37/686 781/37/686 1785/133/686
f 1819/37/687 1785/133/687 223/133/687
f 815/37/688 4419/37/688 1819/37/688
f 4420/37/689 159/37/689 2501/37/689
f 3507/37/690 2501/37/690 781/37/690
f 1275/37/691 4420/37/691 3507/37/691
f 3502/23/85 3504/23/85 1274/23/85
f 814/23/85 4421/23/85 3502/23/85
f 2534/23/85 2421/23/85 4421/23/85
f 1786/1895/85 3503/1895/85 782/1895/85
f 224/1895/85 4422/23/85 1786/1895/85
f 1818/23/85 3502/23/85 4422/23/85
f 2502/1895/85 1569/194/85 133/194/85
f 782/1895/85 4423/1895/85 2502/1895/85
f 3503/1895/85 3501/1895/85 4423/1895/85
f 3498/123/86 3500/123/86 1273/123/86
f 813/123/86 4424/123/86 3498/123/86
f 2533/123/692 2425/361/692 4424/123/692
f 2422/1/693 3499/1/693 702/1/693
f 222/1/86 4425/1/86 2422/1/86
f 1817/24/86 3498/123/86 4425/1/86
f 1706/1/86 2259/1/86 106/1/86
f 702/1/86 4426/1/86 1706/1/86
f 3499/1/86 3497/123/86 4426/1/86
f 4427/133/694 1272/133/694 3494/133/694
f 2532/133/695 3494/133/695 812/133/695
f 223/133/696 4427/133/696 2532/133/696
f 4428/133/697 784/133/697 1788/133/697
f 1816/133/698 1788/133/698 226/133/698
f 812/133/699 4428/133/699 1816/133/699
f 4429/133/700 160/133/700 2504/133/700
f 3495/133/701 2504/133/701 784/133/701
f 1272/133/702 4429/133/702 3495/133/702
f 3490/1893/703 3492/1895/703 1271/1893/703
f 811/358/704 4430/1895/704 3490/1893/704
f 2531/358/705 1786/1895/705 4430/1895/705
f 1789/3007/706 3491/1894/706 785/3008/706
f 227/1705/707 4431/1892/707 1789/3007/707
f 1815/1705/708 3490/1893/708 4431/1892/708
f 2505/3009/709 1570/1891/709 134/191/709
f 785/3008/710 4432/1889/710 2505/3009/710
f 3491/1894/711 3489/3010/711 4432/1889/711
f 3486/3011/712 3488/1888/712 1270/1885/712
f 810/1712/86 4433/1886/86 3486/3011/86
f 2530/355/86 2428/1864/86 4433/1886/86
f 2425/361/86 3487/1884/86 705/124/86
f 225/360/86 4434/1884/86 2425/361/86
f 1814/1713/86 3486/3011/86 4434/1884/86
f 1709/123/86 2260/124/86 107/123/86
f 705/124/86 4435/124/86 1709/123/86
f 3487/1884/86 3485/3012/86 4435/124/86
f 3482/1879/89 3484/1882/89 1269/1879/89
f 809/1720/89 4436/1881/89 3482/1879/89
f 2529/353/89 2429/1855/89 4436/1881/89
f 2359/2869/89 3483/1880/89 639/2208/89
f 161/3013/89 4437/1878/89 2359/2869/89
f 1813/1721/89 3482/1879/89 4437/1878/89
f 1643/3014/89 1518/1877/89 82/196/89
f 639/2208/89 4438/1875/89 1643/3014/89
f 3483/1880/89 3481/3015/89 4438/1875/89
f 4439/1874/713 1268/3016/713 3478/1869/713
f 2528/351/714 3478/1869/714 808/1730/714
f 230/350/715 4439/1874/715 2528/351/715
f 4440/1871/716 785/3008/716 1789/3007/716
f 1812/1731/717 1789/3007/717 227/1705/717
f 808/1730/718 4440/1871/718 1812/1731/718
f 4441/1868/719 134/191/719 2505/3009/719
f 3479/1870/720 2505/3009/720 785/3008/720
f 1268/3016/721 4441/1868/721 3479/1870/721
f 4442/1866/722 1267/3017/722 3474/1861/722
f 2527/348/91 3474/1861/91 807/1739/91
f 228/347/91 4442/1866/91 2527/348/91
f 4443/1863/723 789/3018/723 1793/1844/723
f 1811/339/370 1793/1844/370 231/339/370
f 807/1739/724 4443/1863/724 1811/339/724
f 4444/1860/91 109/2811/91 2509/312/91
f 3475/1862/724 2509/312/724 789/3018/724
f 1267/3017/724 4444/1860/724 3475/1862/724
f 3470/306/725 3472/307/725 1266/306/725
f 806/306/726 4445/307/726 3470/306/726
f 2526/344/727 2432/344/727 4445/307/727
f 2429/1855/728 3471/1856/728 709/1855/728
f 229/1748/729 4446/1748/729 2429/1855/729
f 1810/306/730 3470/306/730 4446/1748/730
f 1713/1881/731 1519/1857/731 81/299/731
f 709/1855/732 4447/1855/732 1713/1881/732
f 3471/1856/733 3469/1856/733 4447/1855/733
f 4448/133/365 1265/133/365 3466/133/365
f 2525/133/365 3466/133/365 805/133/365
f 226/133/734 4448/133/734 2525/133/734
f 4449/133/365 791/133/365 1795/133/365
f 1809/133/365 1795/133/365 233/133/365
f 805/133/734 4449/133/734 1809/133/734
f 4450/133/93 85/133/93 2511/133/93
f 3467/133/93 2511/133/93 791/133/93
f 1265/133/93 4450/133/93 3467/133/93
f 4451/1854/94 1264/3019/94 3462/1849/94
f 2524/343/94 3462/1849/94 804/1751/94
f 234/342/94 4451/1854/94 2524/343/94
f 4452/1851/94 710/3020/94 2430/1872/94
f 1808/1752/94 2430/1872/94 230/350/94
f 804/1751/94 4452/1851/94 1808/1752/94
f 4453/1848/94 135/188/94 1714/301/94
f 3463/1850/735 1714/301/735 710/3020/735
f 1264/3019/94 4453/1848/94 3463/1850/94
f 4454/1846/95 1263/3021/95 3458/1841/95
f 2523/340/95 3458/1841/95 803/1760/95
f 231/339/95 4454/1846/95 2523/340/95
f 4455/1843/95 793/1828/95 1797/3022/95
f 1807/1761/736 1797/3022/736 235/3023/736
f 803/1760/95 4455/1843/95 1807/1761/95
f 4456/1840/364 110/126/364 2513/3024/364
f 3459/1842/95 2513/3024/95 793/1828/95
f 1263/3021/364 4456/1840/364 3459/1842/364
f 3454/133/737 3456/133/737 1262/133/737
f 802/133/738 4457/133/738 3454/133/738
f 2522/133/739 2436/133/739 4457/133/739
f 2432/344/740 3455/344/740 712/344/740
f 232/344/741 4458/344/741 2432/344/741
f 1806/344/742 3454/133/742 4458/344/742
f 1716/307/743 1520/1838/743 83/307/743
f 712/344/744 4459/344/744 1716/307/744
f 3455/344/745 3453/344/745 4459/344/745
f 3450/3025/746 3452/1837/746 1261/1833/746
f 801/3026/747 4460/1835/747 3450/3025/747
f 2521/336/748 2437/3027/748 4460/1835/748
f 2434/1852/749 3451/1834/749 714/3028/749
f 234/342/750 4461/1832/750 2434/1852/750
f 1805/1769/751 3450/3025/751 4461/1832/751
f 1718/309/752 2289/185/752 136/2858/752
f 714/3028/753 4462/1830/753 1718/309/753
f 3451/1834/754 3449/3029/754 4462/1830/754
f 3446/3030/98 3448/1829/98 1260/1825/98
f 800/3031/755 4463/1827/755 3446/3030/755
f 2520/333/98 1797/3022/98 4463/1827/98
f 1800/3032/357 3447/1826/357 796/1811/357
f 238/3033/98 4464/1824/98 1800/3032/98
f 1804/1778/98 3446/3030/98 4464/1824/98
f 2516/3034/98 1547/1823/98 111/322/98
f 796/1811/357 4465/1821/357 2516/3034/357
f 3447/1826/98 3445/3035/98 4465/1821/98
f 3442/133/756 3444/133/756 1259/133/756
f 799/133/757 4466/133/757 3442/133/757
f 2519/133/758 1795/133/758 4466/133/758
f 2436/133/759 3443/133/759 716/133/759
f 236/133/760 4467/133/760 2436/133/760
f 1803/133/761 3442/133/761 4467/133/761
f 1720/133/762 1521/133/762 84/133/762
f 716/133/763 4468/133/763 1720/133/763
f 3443/133/764 3441/133/764 4468/133/764
f 4469/1820/100 1258/3036/100 3438/1815/100
f 2518/331/100 3438/1815/100 798/1787/100
f 164/330/100 4469/1820/100 2518/331/100
f 4470/1817/100 717/1836/100 2437/3027/100
f 1802/1788/100 2437/3027/100 237/3037/100
f 798/1787/100 4470/1817/100 1802/1788/100
f 4471/1814/100 137/118/100 1721/3038/100
f 3439/1816/100 1721/3038/100 717/1836/100
f 1258/3036/100 4471/1814/100 3439/1816/100
f 3434/3039/101 3436/1812/101 1257/1808/101
f 797/3040/101 4472/1810/101 3434/3039/101
f 2517/327/101 1800/3032/101 4472/1810/101
f 2363/2878/101 3435/1809/101 643/2191/101
f 165/3041/101 4473/1807/101 2363/2878/101
f 1801/1796/101 3434/3039/101 4473/1807/101
f 1647/3042/101 1548/1806/101 112/202/101
f 643/2191/101 4474/1804/101 1647/3042/101
f 3435/1809/101 3433/3043/101 4474/1804/101
f 4475/1803/102 1256/3044/102 3430/1798/102
f 2139/3045/102 3430/1798/102 419/3046/102
f 31/3047/102 4475/1803/102 2139/3045/102
f 4476/1800/102 723/3048/102 2443/1414/102
f 1423/30/102 2443/1414/102 32/3049/102
f 419/3046/102 4476/1800/102 1423/30/102
f 4477/1797/102 165/3041/102 1727/462/102
f 3431/1799/102 1727/462/102 723/3048/102
f 1256/3044/102 4477/1797/102 3431/1799/102
f 3426/3050/103 3428/1794/103 1255/1790/103
f 445/2603/103 4478/1792/103 3426/3050/103
f 1449/2605/103 1646/3051/103 4478/1792/103
f 2515/1774/103 3427/1791/103 795/3052/103
f 57/20/103 4479/1789/103 2515/1774/103
f 2165/22/103 3426/3050/103 4479/1789/103
f 1799/335/765 1802/1788/765 237/3037/765
f 795/3052/103 4480/1786/103 1799/335/103
f 3427/1791/103 3425/3053/103 4480/1786/103
f 4481/133/766 1254/133/766 3422/133/766
f 2112/133/767 3422/133/767 392/133/767
f 3/133/768 4481/133/768 2112/133/768
f 4482/133/769 794/133/769 2514/133/769
f 1396/36/770 2514/133/770 4/133/770
f 392/133/771 4482/133/771 1396/36/771
f 4483/133/772 236/133/772 1798/133/772
f 3423/133/773 1798/133/773 794/133/773
f 1254/133/774 4483/133/774 3423/133/774
f 4484/1785/105 1253/3054/105 3418/1780/105
f 2138/3055/775 3418/1780/775 418/3056/775
f 30/28/105 4484/1785/105 2138/3055/105
f 4485/1782/776 718/3057/776 1722/1801/776
f 1422/3058/105 1722/1801/105 31/3047/105
f 418/3056/775 4485/1782/775 1422/3058/775
f 4486/1779/105 238/3033/105 2438/326/105
f 3419/1781/775 2438/326/775 718/3057/775
f 1253/3054/105 4486/1779/105 3419/1781/105
f 4487/1776/777 1252/3059/777 3414/1771/777
f 1448/2761/778 3414/1771/778 444/2446/778
f 57/20/779 4487/1776/779 1448/2761/779
f 4488/1773/780 792/1757/780 2512/3060/780
f 2164/88/781 2512/3060/781 56/3061/781
f 444/2446/782 4488/1773/782 2164/88/782
f 4489/1770/783 234/342/783 1796/3062/783
f 3415/1772/784 1796/3062/784 792/1757/784
f 1252/3059/785 4489/1770/785 3415/1772/785
f 4490/133/786 1251/133/786 3410/344/786
f 2111/36/787 3410/344/787 391/344/787
f 4/133/788 4490/133/788 2111/36/788
f 4491/344/789 790/344/789 2510/344/789
f 1395/344/790 2510/344/790 2/1749/790
f 391/344/791 4491/344/791 1395/344/791
f 4492/344/792 232/344/792 1794/344/792
f 3411/344/793 1794/344/793 790/344/793
f 1251/133/794 4492/344/794 3411/344/794
f 3406/3063/108 3408/1767/108 1250/1763/108
f 417/2591/108 4493/1765/108 3406/3063/108
f 2137/3064/108 1715/3065/108 4493/1765/108
f 1719/1783/108 3407/1764/108 715/3066/108
f 30/28/108 4494/1762/108 1719/1783/108
f 1421/3067/108 3406/3063/108 4494/1762/108
f 2435/332/108 1807/1761/108 235/3023/108
f 715/3066/108 4495/1759/108 2435/332/108
f 3407/1764/344 3405/3068/344 4495/1759/344
f 3402/3069/109 3404/1758/109 1249/1754/109
f 443/2437/109 4496/1756/109 3402/3069/109
f 1447/2768/109 2512/3060/109 4496/1756/109
f 2508/3070/109 3403/1755/109 788/1736/109
f 55/92/109 4497/1753/109 2508/3070/109
f 2163/3071/109 3402/3069/109 4497/1753/109
f 1792/3072/109 1808/1752/109 230/350/109
f 788/1736/109 4498/1750/109 1792/3072/109
f 3403/1755/109 3401/3073/109 4498/1750/109
f 3398/133/795 3400/133/795 1248/133/795
f 469/133/796 4499/133/796 3398/133/796
f 2189/133/797 1710/133/797 4499/133/797
f 1717/133/798 3399/133/798 713/133/798
f 3/133/799 4500/133/799 1717/133/799
f 1473/133/800 3398/133/800 4500/133/800
f 2433/133/801 1809/133/801 233/133/801
f 713/133/802 4501/133/802 2433/133/802
f 3399/133/803 3397/133/803 4501/133/803
f 4502/1749/804 1247/1746/804 3394/1746/804
f 2110/1749/805 3394/1746/805 390/1746/805
f 2/1749/806 4502/1749/806 2110/1749/806
f 4503/1747/807 787/353/807 2507/1726/807
f 1394/2682/808 2507/1726/808 1/2685/808
f 390/1746/809 4503/1747/809 1394/2682/809
f 4504/1746/810 229/1748/810 1791/352/810
f 3395/1747/811 1791/352/811 787/353/811
f 1247/1746/812 4504/1746/812 3395/1747/812
f 3390/3074/813 3392/1745/813 1246/1741/813
f 416/2675/814 4505/1743/814 3390/3074/814
f 2136/2678/813 2506/1717/813 4505/1743/813
f 1715/3065/337 3391/1742/337 711/1766/337
f 29/2676/112 4506/1740/112 1715/3065/112
f 1420/2677/813 3390/3074/813 4506/1740/813
f 2431/3075/813 1811/339/813 231/339/813
f 711/1766/112 4507/1738/112 2431/3075/112
f 3391/1742/815 3389/3076/815 4507/1738/815
f 3386/3077/816 3388/1737/816 1245/1733/816
f 442/2428/817 4508/1735/817 3386/3077/817
f 1446/2775/818 2508/3070/818 4508/1735/818
f 1711/3078/819 3387/1734/819 707/3079/819
f 54/95/820 4509/1732/820 1711/3078/820
f 2162/3080/821 3386/3077/821 4509/1732/821
f 2427/3081/822 1812/1731/822 227/1705/822
f 707/3079/823 4510/1729/823 2427/3081/823
f 3387/1734/824 3385/3082/824 4510/1729/824
f 4511/1728/114 1244/1723/114 3382/1723/114
f 2109/1728/114 3382/1723/114 389/2687/114
f 1/2685/114 4511/1728/114 2109/1728/114
f 4512/1725/114 719/3083/114 2439/1396/114
f 1393/2688/114 2439/1396/114 5/2694/114
f 389/2687/114 4512/1725/114 1393/2688/114
f 4513/1722/114 161/3013/114 1723/468/114
f 3383/1724/114 1723/468/114 719/3083/114
f 1244/1723/114 4513/1722/114 3383/1724/114
f 4514/1719/115 1243/1715/115 3378/1715/115
f 1419/2599/115 3378/1715/115 415/3084/115
f 28/2670/115 4514/1719/115 1419/2599/115
f 4515/1716/115 783/360/115 2503/26/115
f 2135/3085/115 2503/26/115 27/26/115
f 415/3084/115 4515/1716/115 2135/3085/115
f 4516/1714/115 225/360/115 1787/360/115
f 3379/1716/115 1787/360/115 783/360/115
f 1243/1715/115 4516/1714/115 3379/1716/115
f 4517/1711/116 1242/3086/116 3374/1707/116
f 2161/99/116 3374/1707/116 441/2414/116
f 53/98/116 4517/1711/116 2161/99/116
f 4518/1709/116 707/3079/116 1711/3078/116
f 1445/2415/116 1711/3078/116 54/95/116
f 441/2414/116 4518/1709/116 1445/2415/116
f 4519/1706/116 227/1705/116 2427/3081/116
f 3375/1708/116 2427/3081/116 707/3079/116
f 1242/3086/116 4519/1706/116 3375/1708/116
f 3370/133/825 3372/133/825 1241/133/825
f 467/133/826 4520/133/826 3370/133/826
f 2187/37/827 1707/37/827 4520/133/827
f 1710/133/828 3371/133/828 706/133/828
f 80/133/829 4521/133/829 1710/133/829
f 1471/133/830 3370/133/830 4521/133/830
f 2426/133/831 1816/133/831 226/133/831
f 706/133/832 4522/133/832 2426/133/832
f 3371/133/833 3369/133/833 4522/133/833
f 4523/361/115 1240/24/115 3366/24/115
f 1418/361/115 3366/24/115 414/24/115
f 27/26/115 4523/361/115 1418/361/115
f 4524/24/115 780/24/115 2500/24/115
f 2134/24/115 2500/24/115 26/24/115
f 414/24/115 4524/24/115 2134/24/115
f 4525/24/115 222/1/115 1784/24/115
f 3367/24/115 1784/24/115 780/24/115
f 1240/24/115 4525/24/115 3367/24/115
f 4526/23/834 1239/23/834 3362/23/834
f 2160/23/835 3362/23/835 440/357/835
f 52/23/836 4526/23/836 2160/23/836
f 4527/357/837 704/1710/837 1708/1710/837
f 1444/2420/838 1708/1710/838 53/98/838
f 440/357/839 4527/357/839 1444/2420/839
f 4528/23/840 224/1895/840 2424/357/840
f 3363/357/841 2424/357/841 704/1710/841
f 1239/23/842 4528/23/842 3363/357/842
f 3358/37/843 3360/37/843 1238/37/843
f 466/37/844 4529/37/844 3358/37/844
f 2186/37/845 1704/1704/845 4529/37/845
f 1707/37/846 3359/37/846 703/37/846
f 79/37/847 4530/37/847 1707/37/847
f 1470/37/848 3358/37/848 4530/37/848
f 2423/133/849 1819/37/849 223/133/849
f 703/37/850 4531/37/850 2423/133/850
f 3359/37/851 3357/37/851 4531/37/851
f 4532/24/120 1237/1/120 3354/1/120
f 1417/24/120 3354/1/120 413/1/120
f 26/24/120 4532/24/120 1417/24/120
f 2497/1/120 3355/1/120 777/1/120
f 25/1/120 4533/1/120 2497/1/120
f 413/1/120 4533/1/120 2133/1/120
f 1781/1/120 1820/1/120 219/1/120
f 777/1/120 4534/1/120 1781/1/120
f 1237/1/120 4534/1/120 3355/1/120
f 3350/23/121 3352/23/121 1236/23/121
f 439/23/121 4535/23/121 3350/23/121
f 1443/23/121 2499/23/121 4535/23/121
f 2496/23/121 3351/23/121 776/23/121
f 51/23/121 4536/23/121 2496/23/121
f 2159/23/121 3350/23/121 4536/23/121
f 1780/23/121 1821/23/121 218/23/121
f 776/23/121 4537/23/121 1780/23/121
f 3351/23/121 3349/23/121 4537/23/121
f 3346/362/852 3348/362/852 1235/1704/852
f 465/362/853 4538/362/853 3346/362/853
f 2185/41/854 1701/3087/854 4538/362/854
f 1704/1704/855 3347/363/855 700/37/855
f 78/1704/856 4539/1704/856 1704/1704/856
f 1469/1704/857 3346/362/857 4539/1704/857
f 2420/37/858 1822/37/858 220/37/858
f 700/37/859 4540/363/859 2420/37/859
f 3347/363/860 3345/363/860 4540/363/860
f 3342/1/321 3344/1/321 1234/1/321
f 412/1/861 4541/1/861 3342/1/861
f 1416/1/123 2497/1/123 4541/1/123
f 2494/1/321 3343/1/321 774/1/321
f 24/1/861 4542/1/861 2494/1/861
f 2132/1/861 3342/1/861 4542/1/861
f 1778/1/123 1823/1/123 216/1/123
f 774/1/321 4543/1/321 1778/1/321
f 3343/1/321 3341/1/321 4543/1/321
f 3338/23/862 3340/23/862 1233/23/862
f 438/23/863 4544/23/863 3338/23/863
f 1442/23/864 2496/23/864 4544/23/864
f 2493/23/865 3339/23/865 773/23/865
f 50/23/866 4545/23/866 2493/23/866
f 2158/23/867 3338/23/867 4545/23/867
f 1777/23/868 1824/23/868 215/23/868
f 773/23/869 4546/23/869 1777/23/869
f 3339/23/870 3337/23/870 4546/23/870
f 3334/1701/871 3336/364/871 1232/1701/871
f 464/2569/872 4547/1702/872 3334/1701/872
f 2184/44/873 1698/3088/873 4547/1702/873
f 1701/3087/874 3335/1700/874 697/362/874
f 77/2684/875 4548/1700/875 1701/3087/875
f 1468/2570/876 3334/1701/876 4548/1700/876
f 2417/362/877 1825/1699/877 217/362/877
f 697/362/878 4549/1699/878 2417/362/878
f 3335/1700/879 3333/1700/879 4549/1699/879
f 3330/1/126 3332/1/126 1231/1/126
f 411/1/880 4550/1/880 3330/1/880
f 1415/1/126 2494/1/126 4550/1/126
f 2491/1/126 3331/1/126 771/1/126
f 23/1/880 4551/1/880 2491/1/880
f 2131/1/126 3330/1/126 4551/1/126
f 1775/1/126 1826/1/126 213/1/126
f 771/1/126 4552/1/126 1775/1/126
f 3331/1/126 3329/1/126 4552/1/126
f 3326/23/881 3328/23/881 1230/23/881
f 437/23/882 4553/23/882 3326/23/882
f 1441/23/883 2493/23/883 4553/23/883
f 2490/23/884 3327/23/884 770/23/884
f 49/23/885 4554/23/885 2490/23/885
f 2157/23/886 3326/23/886 4554/23/886
f 1774/23/887 1827/23/887 212/23/887
f 770/23/888 4555/23/888 1774/23/888
f 3327/23/889 3325/23/889 4555/23/889
f 3322/3089/128 3324/1698/128 1229/1694/128
f 463/3090/128 4556/1696/128 3322/3089/128
f 2183/47/128 1695/3091/128 4556/1696/128
f 1698/3088/128 3323/1695/128 694/1703/128
f 76/43/128 4557/1693/128 1698/3088/128
f 1467/2557/128 3322/3089/128 4557/1693/128
f 2414/3092/128 1828/1692/128 214/365/128
f 694/1703/128 4558/1690/128 2414/3092/128
f 3323/1695/128 3321/3093/128 4558/1690/128
f 3318/1/129 3320/1/129 1228/1/129
f 410/1/129 4559/1/129 3318/1/129
f 1414/1/129 2491/1/129 4559/1/129
f 2488/1/129 3319/1/129 768/1/129
f 22/1/129 4560/1/129 2488/1/129
f 2130/1/129 3318/1/129 4560/1/129
f 1772/1/129 1829/1/129 210/1/129
f 768/1/129 4561/1/129 1772/1/129
f 3319/1/129 3317/1/129 4561/1/129
f 4562/23/890 1227/23/890 3314/23/890
f 1440/23/891 3314/23/891 436/23/891
f 49/23/892 4562/23/892 1440/23/892
f 4563/23/893 767/23/893 2487/23/893
f 2156/23/894 2487/23/894 48/23/894
f 436/23/895 4563/23/895 2156/23/895
f 4564/23/896 209/23/896 1771/23/896
f 3315/23/897 1771/23/897 767/23/897
f 1227/23/898 4564/23/898 3315/23/898
f 3310/3094/131 3312/1689/131 1226/1685/131
f 462/3095/131 4565/1687/131 3310/3094/131
f 2182/50/131 1692/3096/131 4565/1687/131
f 1695/3091/131 3311/1686/131 691/1697/131
f 75/2696/131 4566/1684/131 1695/3091/131
f 1466/2548/899 3310/3094/899 4566/1684/899
f 2411/3097/131 1831/1683/131 211/368/131
f 691/1697/131 4567/1681/131 2411/3097/131
f 3311/1686/131 3309/3098/131 4567/1681/131
f 3306/1/129 3308/1/129 1225/1/129
f 409/1/129 4568/1/129 3306/1/129
f 1413/1/129 2488/1/129 4568/1/129
f 2485/1/129 3307/1/129 765/1/129
f 21/1/129 4569/1/129 2485/1/129
f 2129/1/129 3306/1/129 4569/1/129
f 1769/1/129 1832/1/129 207/1/129
f 765/1/129 4570/1/129 1769/1/129
f 3307/1/129 3305/1/129 4570/1/129
f 4571/23/900 1224/23/900 3302/23/900
f 1439/23/901 3302/23/901 435/23/901
f 48/23/902 4571/23/902 1439/23/902
f 4572/23/903 686/23/903 1690/23/903
f 2155/23/904 1690/23/904 47/23/904
f 435/23/905 4572/23/905 2155/23/905
f 4573/23/906 206/23/906 2406/23/906
f 3303/23/907 2406/23/907 686/23/907
f 1224/23/908 4573/23/908 3303/23/908
f 3298/3099/909 3300/1680/909 1223/1676/909
f 461/3100/910 4574/1678/910 3298/3099/910
f 2181/53/911 1689/3101/911 4574/1678/911
f 1692/3096/912 3299/1677/912 688/1688/912
f 74/2703/913 4575/1675/913 1692/3096/913
f 1465/2539/914 3298/3099/914 4575/1675/914
f 2408/3102/915 1834/1674/915 208/371/915
f 688/1688/916 4576/1672/916 2408/3102/916
f 3299/1677/917 3297/3103/917 4576/1672/917
f 3294/1/129 3296/1/129 1222/1/129
f 408/1/129 4577/1/129 3294/1/129
f 1412/1/129 2485/1/129 4577/1/129
f 2482/1/129 3295/1/129 762/1/129
f 20/1/129 4578/1/129 2482/1/129
f 2128/1/129 3294/1/129 4578/1/129
f 1766/1/129 1835/1/129 204/1/129
f 762/1/129 4579/1/129 1766/1/129
f 3295/1/129 3293/1/129 4579/1/129
f 3290/1668/301 3292/1671/301 1221/1668/301
f 434/2782/134 4580/1669/134 3290/1668/134
f 2154/2783/301 2481/1656/301 4580/1669/301
f 1690/23/134 3291/121/134 686/23/134
f 47/23/301 4581/23/301 1690/23/301
f 1438/2419/134 3290/1668/134 4581/23/134
f 2406/23/134 1836/23/134 206/23/134
f 686/23/134 4582/23/134 2406/23/134
f 3291/121/301 3289/121/301 4582/23/301
f 3286/3104/918 3288/1667/918 1220/1663/918
f 460/3105/919 4583/1665/919 3286/3104/919
f 2180/56/920 1686/3106/920 4583/1665/920
f 1689/3101/921 3287/1664/921 685/1679/921
f 73/2709/922 4584/1662/922 1689/3101/922
f 1464/2530/923 3286/3104/923 4584/1662/923
f 2405/3107/924 1837/1661/924 205/374/924
f 685/1679/925 4585/1659/925 2405/3107/925
f 3287/1664/926 3285/3108/926 4585/1659/926
f 3282/1/136 3284/1/136 1219/1/136
f 407/1/136 4586/1/136 3282/1/136
f 1411/1/136 2482/1/136 4586/1/136
f 2479/1/136 3283/1/136 759/1/136
f 19/1/136 4587/1/136 2479/1/136
f 2127/1/136 3282/1/136 4587/1/136
f 1763/1/297 1838/1/297 201/1/297
f 759/1/136 4588/1/136 1763/1/136
f 3283/1/136 3281/1/136 4588/1/136
f 4589/1658/137 1218/3109/137 3278/1653/137
f 1437/2778/137 3278/1653/137 433/2777/137
f 46/2779/137 4589/1658/137 1437/2778/137
f 4590/1655/137 758/3110/137 2478/1638/137
f 2153/2776/137 2478/1638/137 45/2772/137
f 433/2777/137 4590/1655/137 2153/2776/137
f 4591/1652/137 200/2995/137 1762/388/137
f 3279/1654/137 1762/388/137 758/3110/137
f 1218/3109/137 4591/1652/137 3279/1654/137
f 3274/3111/927 3276/1649/927 1217/1645/927
f 459/2582/928 4592/1647/928 3274/3111/928
f 2179/34/929 1683/3112/929 4592/1647/929
f 1686/3106/930 3275/1646/930 682/1666/930
f 72/2680/931 4593/1644/931 1686/3106/931
f 1463/2583/932 3274/3111/932 4593/1644/932
f 2402/3113/933 1840/1643/933 202/380/933
f 682/1666/934 4594/1641/934 2402/3113/934
f 3275/1646/935 3273/3114/935 4594/1641/935
f 3270/1/936 3272/1/936 1216/1/936
f 406/1/937 4595/1/937 3270/1/937
f 1410/1/938 2479/1/938 4595/1/938
f 2476/1/939 3271/1/939 756/1/939
f 18/1/940 4596/1/940 2476/1/940
f 2126/1/941 3270/1/941 4596/1/941
f 1760/1/942 1841/1/942 198/1/942
f 756/1/943 4597/1/943 1760/1/943
f 3271/1/944 3269/1/944 4597/1/944
f 4598/1640/140 1215/3115/140 3266/1635/140
f 1436/2771/945 3266/1635/945 432/2770/945
f 45/2772/140 4598/1640/140 1436/2771/140
f 4599/1637/140 755/3116/140 2475/1620/140
f 2152/2769/140 2475/1620/140 44/2765/140
f 432/2770/945 4599/1637/945 2152/2769/945
f 4600/1634/140 197/2988/140 1759/394/140
f 3267/1636/140 1759/394/140 755/3116/140
f 1215/3115/140 4600/1634/140 3267/1636/140
f 3262/3117/141 3264/1631/141 1214/1627/141
f 458/3118/290 4601/1629/290 3262/3117/290
f 2178/3119/141 2474/1611/141 4601/1629/141
f 1683/3112/141 3263/1628/141 679/1648/141
f 71/33/290 4602/1626/290 1683/3112/290
f 1462/3120/290 3262/3117/290 4602/1626/290
f 2399/3121/290 1843/1625/290 199/386/290
f 679/1648/290 4603/1623/290 2399/3121/290
f 3263/1628/141 3261/3122/141 4603/1623/141
f 4604/1/946 1213/1/946 3258/1/946
f 1409/1/947 3258/1/947 405/1/947
f 18/1/948 4604/1/948 1409/1/948
f 4605/1/949 753/1/949 2473/1/949
f 2125/1/950 2473/1/950 17/1/950
f 405/1/951 4605/1/951 2125/1/951
f 4606/1/952 195/1/952 1757/1/952
f 3259/1/953 1757/1/953 753/1/953
f 1213/1/287 4606/1/287 3259/1/287
f 4607/1622/286 1212/3123/286 3254/1617/286
f 1435/2764/286 3254/1617/286 431/2763/286
f 44/2765/286 4607/1622/286 1435/2764/286
f 4608/1619/286 752/3124/286 2472/1602/286
f 2151/2762/286 2472/1602/286 43/2665/286
f 431/2763/954 4608/1619/954 2151/2762/954
f 4609/1616/143 194/2980/143 1756/400/143
f 3255/1618/286 1756/400/286 752/3124/286
f 1212/3123/954 4609/1616/954 3255/1618/954
f 4610/1613/955 1211/3125/955 3250/1608/955
f 1461/59/956 3250/1608/956 457/2526/956
f 70/58/957 4610/1613/957 1461/59/957
f 4611/1610/958 751/3126/958 2471/1593/958
f 2177/2527/959 2471/1593/959 69/2652/959
f 457/2526/960 4611/1610/960 2177/2527/960
f 4612/1607/961 193/2974/961 1755/403/961
f 3251/1609/962 1755/403/962 751/3126/962
f 1211/3125/963 4612/1607/963 3251/1609/963
f 4613/1/964 1210/1/964 3246/1/964
f 1408/1/965 3246/1/965 404/1/965
f 17/1/966 4613/1/966 1408/1/966
f 4614/1/967 750/1/967 2470/1/967
f 2124/1/968 2470/1/968 16/1/968
f 404/1/969 4614/1/969 2124/1/969
f 4615/1/970 192/1/970 1754/1/970
f 3247/1/971 1754/1/971 750/1/971
f 1210/1/972 4615/1/972 3247/1/972
f 4616/1604/146 1209/3127/146 3242/1599/146
f 1434/2758/279 3242/1599/279 430/2757/279
f 43/2665/279 4616/1604/279 1434/2758/279
f 4617/1601/279 749/3128/279 2469/1584/279
f 2150/2756/279 2469/1584/279 42/2664/279
f 430/2757/279 4617/1601/279 2150/2756/279
f 4618/1598/279 191/2969/279 1753/406/279
f 3243/1600/279 1753/406/279 749/3128/279
f 1209/3127/279 4618/1598/279 3243/1600/279
f 4619/1595/973 1208/3129/973 3238/1590/973
f 1460/2518/974 3238/1590/974 456/2516/974
f 69/2652/975 4619/1595/975 1460/2518/975
f 4620/1592/976 748/3130/976 2468/1575/976
f 2176/63/977 2468/1575/977 68/61/977
f 456/2516/978 4620/1592/978 2176/63/978
f 4621/1589/979 190/2963/979 1752/409/979
f 3239/1591/980 1752/409/980 748/3130/980
f 1208/3129/981 4621/1589/981 3239/1591/981
f 4622/1/148 1207/1/148 3234/1/148
f 1407/1/148 3234/1/148 403/1/148
f 16/1/148 4622/1/148 1407/1/148
f 4623/1/148 747/1/148 2467/1/148
f 2123/1/148 2467/1/148 15/1/148
f 403/1/148 4623/1/148 2123/1/148
f 4624/1/148 189/1/148 1751/1/148
f 3235/1/148 1751/1/148 747/1/148
f 1207/1/148 4624/1/148 3235/1/148
f 4625/1586/149 1206/3131/149 3230/1581/149
f 1433/2752/149 3230/1581/149 429/2750/149
f 42/2664/149 4625/1586/149 1433/2752/149
f 4626/1583/149 668/3132/149 1672/3133/149
f 2149/2749/149 1672/3133/149 41/2743/149
f 429/2750/149 4626/1583/149 2149/2749/149
f 4627/1580/275 188/2950/275 2388/3134/275
f 3231/1582/149 2388/3134/149 668/3132/149
f 1206/3131/149 4627/1580/149 3231/1582/149
f 4628/1577/274 1205/3135/274 3226/1572/274
f 1459/2513/150 3226/1572/150 455/3136/150
f 68/61/274 4628/1577/274 1459/2513/274
f 4629/1574/274 667/3137/274 1671/3138/274
f 2175/3139/274 1671/3138/274 67/65/274
f 455/3136/274 4629/1574/274 2175/3139/274
f 4630/1571/150 187/2945/150 2387/3140/150
f 3227/1573/274 2387/3140/274 667/3137/274
f 1205/3135/274 4630/1571/274 3227/1573/274
f 4631/1/151 1204/1/151 3222/1/151
f 1406/1/151 3222/1/151 402/1/151
f 15/1/151 4631/1/151 1406/1/151
f 4632/1/151 744/1/151 2464/1/151
f 2122/1/151 2464/1/151 14/1/151
f 402/1/151 4632/1/151 2122/1/151
f 4633/1/151 186/1/151 1748/1/151
f 3223/1/151 1748/1/151 744/1/151
f 1204/1/151 4633/1/151 3223/1/151
f 3218/3141/152 3220/1568/152 1203/1564/152
f 428/2742/152 4634/1566/152 3218/3141/152
f 2148/2744/152 1669/3142/152 4634/1566/152
f 1672/3133/152 3219/1565/152 668/3132/152
f 41/2743/152 4635/1563/152 1672/3133/152
f 1432/2741/152 3218/3141/152 4635/1563/152
f 2388/3134/152 1854/1562/152 188/2950/152
f 668/3132/152 4636/1560/152 2388/3134/152
f 3219/1565/152 3217/3143/152 4636/1560/152
f 3214/3144/153 3216/1559/153 1202/1555/153
f 454/2499/153 4637/1557/153 3214/3144/153
f 2174/69/153 1668/3145/153 4637/1557/153
f 1671/3138/153 3215/1556/153 667/3137/153
f 67/65/153 4638/1554/153 1671/3138/153
f 1458/2500/153 3214/3144/153 4638/1554/153
f 2387/3140/982 1855/1553/982 187/2945/982
f 667/3137/153 4639/1551/153 2387/3140/153
f 3215/1556/153 3213/3146/153 4639/1551/153
f 4640/1/983 1201/1/983 3210/1/983
f 1405/1/272 3210/1/272 401/1/272
f 14/1/154 4640/1/154 1405/1/154
f 4641/1/983 741/1/983 2461/1/983
f 2121/1/154 2461/1/154 13/1/154
f 401/1/273 4641/1/273 2121/1/273
f 4642/1/154 183/1/154 1745/1/154
f 3211/1/154 1745/1/154 741/1/154
f 1201/1/983 4642/1/983 3211/1/983
f 3206/3147/155 3208/1550/155 1200/1546/155
f 427/2727/155 4643/1548/155 3206/3147/155
f 2147/2730/155 1666/3148/155 4643/1548/155
f 1669/3142/155 3207/1547/155 665/1567/155
f 40/2745/155 4644/1545/155 1669/3142/155
f 1431/2728/155 3206/3147/155 4644/1545/155
f 2385/3149/155 1857/1544/155 185/413/155
f 665/1567/155 4645/1542/155 2385/3149/155
f 3207/1547/155 3205/3150/155 4645/1542/155
f 3202/3151/271 3204/1541/271 1199/1537/271
f 453/2630/156 4646/1539/156 3202/3151/156
f 2173/12/156 1665/3152/156 4646/1539/156
f 1668/3145/156 3203/1538/156 664/1558/156
f 66/68/271 4647/1536/271 1668/3145/271
f 1457/2631/156 3202/3151/156 4647/1536/156
f 2384/3153/156 1858/1535/156 184/416/156
f 664/1558/156 4648/1533/156 2384/3153/156
f 3203/1538/156 3201/3154/156 4648/1533/156
f 4649/1/157 1198/1/157 3198/1/157
f 1404/1/157 3198/1/157 400/1/157
f 13/1/157 4649/1/157 1404/1/157
f 4650/1/157 738/24/157 2458/24/157
f 2120/1/157 2458/24/157 12/24/157
f 400/1/984 4650/1/984 2120/1/984
f 4651/1/157 180/24/157 1742/24/157
f 3199/1/157 1742/24/157 738/24/157
f 1198/1/157 4651/1/157 3199/1/157
f 3194/3155/155 3196/1531/155 1197/1528/155
f 426/2723/155 4652/1532/155 3194/3155/155
f 38/2655/155 4652/1532/155 2146/2725/155
f 1666/3148/155 3195/1529/155 662/1549/155
f 39/2724/155 4653/1527/155 1666/3148/155
f 1430/2722/155 3194/3155/155 4653/1527/155
f 2382/3156/155 1860/1526/155 182/419/155
f 662/1549/155 4654/1524/155 2382/3156/155
f 3195/1529/155 3193/3157/155 4654/1524/155
f 4655/1523/158 1196/1519/158 3190/3158/158
f 2172/72/158 3190/3158/158 452/2490/158
f 64/71/158 4655/1523/158 2172/72/158
f 1665/3152/158 3191/1520/158 661/1540/158
f 65/11/158 4656/1518/158 1665/3152/158
f 1456/2491/158 3190/3158/158 4656/1518/158
f 2381/3159/158 1861/1517/158 181/422/158
f 661/1540/158 4657/1515/158 2381/3159/158
f 3191/1520/158 3189/3160/158 4657/1515/158
f 4658/24/159 1195/24/159 3186/24/159
f 1403/24/159 3186/24/159 399/24/159
f 12/24/985 4658/24/985 1403/24/985
f 2455/24/270 3187/24/270 735/24/270
f 11/24/270 4659/24/270 2455/24/270
f 2119/24/270 3186/24/270 4659/24/270
f 1739/24/270 1862/24/270 177/24/270
f 735/24/159 4660/24/159 1739/24/159
f 3187/24/985 3185/24/985 4660/24/985
f 4661/1514/155 1194/3161/155 3182/1509/155
f 2145/2719/155 3182/1509/155 425/2716/155
f 37/2713/155 4661/1514/155 2145/2719/155
f 4662/1511/155 659/3162/155 1663/1530/155
f 1429/2717/155 1663/1530/155 38/2655/155
f 425/2716/155 4662/1511/155 1429/2717/155
f 4663/1508/155 179/2930/155 2379/424/155
f 3183/1510/155 2379/424/155 659/3162/155
f 1194/3161/155 4663/1508/155 3183/1510/155
f 3178/24/160 3180/24/160 1193/24/160
f 398/24/160 4664/24/160 3178/24/160
f 1402/24/160 2455/24/160 4664/24/160
f 2453/437/160 3179/1505/160 733/437/160
f 10/24/160 4665/1505/160 2453/437/160
f 2118/1505/160 3178/24/160 4665/1505/160
f 1737/437/160 1864/1505/160 175/437/160
f 733/437/160 4666/1505/160 1737/437/160
f 3179/1505/160 3177/24/160 4666/1505/160
f 3174/3163/161 3176/1504/161 1192/1500/161
f 424/2711/161 4667/1502/161 3174/3163/161
f 1428/2714/161 2454/1512/161 4667/1502/161
f 2452/3164/161 3175/1501/161 732/1487/161
f 36/8/161 4668/1499/161 2452/3164/161
f 2144/2712/161 3174/3163/161 4668/1499/161
f 1736/3165/161 1865/1498/161 174/439/161
f 732/1487/161 4669/1496/161 1736/3165/161
f 3175/1501/161 3173/3166/161 4669/1496/161
f 3170/2671/162 3172/437/162 1191/1493/162
f 397/2671/162 4670/1495/162 3170/2671/162
f 1401/1495/162 2453/437/162 4670/1495/162
f 1655/3167/162 3171/1494/162 651/3168/162
f 9/2/162 4671/1492/162 1655/3167/162
f 2117/2672/162 3170/2671/162 4671/1492/162
f 2371/3169/162 1866/1491/162 173/2916/162
f 651/3168/162 4672/1489/162 2371/3169/162
f 3171/1494/162 3169/3170/162 4672/1489/162
f 3166/3171/163 3168/1488/163 1190/1484/163
f 423/2637/163 4673/1486/163 3166/3171/163
f 1427/9/163 2452/3164/163 4673/1486/163
f 1654/3172/986 3167/1485/986 650/3173/986
f 35/2650/163 4674/1483/163 1654/3172/163
f 2143/2638/163 3166/3171/163 4674/1483/163
f 2370/3174/987 1867/1482/987 172/2909/987
f 650/3173/987 4675/1480/987 2370/3174/987
f 3167/1485/163 3165/3175/163 4675/1480/163
f 4676/1479/164 1189/3176/164 3162/1474/164
f 2116/2642/164 3162/1474/164 396/2640/164
f 8/2647/164 4676/1479/164 2116/2642/164
f 4677/1476/164 651/3168/164 1655/3167/164
f 1400/4/164 1655/3167/164 9/2/164
f 396/2640/988 4677/1476/988 1400/4/988
f 4678/1473/164 173/2916/164 2371/3169/164
f 3163/1475/164 2371/3169/164 651/3168/164
f 1189/3176/988 4678/1473/988 3163/1475/988
f 4679/1470/165 1188/3177/165 3158/1465/165
f 2142/5/165 3158/1465/165 422/6/165
f 34/3178/165 4679/1470/165 2142/5/165
f 4680/1467/165 650/3173/165 1654/3172/165
f 1426/3179/165 1654/3172/165 35/2650/165
f 422/6/165 4680/1467/165 1426/3179/165
f 4681/1464/165 172/2909/165 2370/3174/165
f 3159/1466/165 2370/3174/165 650/3173/165
f 1188/3177/165 4681/1464/165 3159/1466/165
f 3154/3180/269 3156/1461/269 1187/1457/269
f 448/2464/166 4682/1459/166 3154/3180/166
f 1452/2748/269 2449/3181/269 4682/1459/269
f 2446/3182/269 3155/1458/269 726/1433/269
f 60/83/269 4683/1456/269 2446/3182/269
f 2168/3183/269 3154/3180/269 4683/1456/269
f 1730/3184/269 1870/1455/269 168/457/269
f 726/1433/269 4684/1453/269 1730/3184/269
f 3155/1458/269 3153/3185/269 4684/1453/269
f 4685/1452/167 1186/3186/167 3150/1447/167
f 2115/2708/167 3150/1447/167 395/2705/167
f 7/2707/989 4685/1452/989 2115/2708/989
f 4686/1449/167 648/3187/167 1652/1477/167
f 1399/2706/989 1652/1477/989 8/2647/989
f 395/2705/167 4686/1449/167 1399/2706/167
f 4687/1446/167 170/2900/167 2368/441/167
f 3151/1448/989 2368/441/989 648/3187/989
f 1186/3186/990 4687/1446/990 3151/1448/990
f 4688/1443/168 1185/3188/168 3146/1438/168
f 2141/3189/168 3146/1438/168 421/3190/168
f 33/3191/168 4688/1443/168 2141/3189/168
f 4689/1440/168 647/3192/168 1651/1468/168
f 1425/3193/168 1651/1468/168 34/3178/168
f 421/3190/168 4689/1440/168 1425/3193/168
f 4690/1437/268 169/2894/268 2367/444/268
f 3147/1439/168 2367/444/168 647/3192/168
f 1185/3188/168 4690/1437/168 3147/1439/168
f 3142/3194/169 3144/1434/169 1184/1430/169
f 447/2610/169 4691/1432/169 3142/3194/169
f 1451/2612/169 2446/3182/169 4691/1432/169
f 2441/3195/991 3143/1431/991 721/1406/991
f 59/17/169 4692/1429/169 2441/3195/169
f 2167/19/169 3142/3194/169 4692/1429/169
f 1725/3196/169 1873/1428/169 163/466/169
f 721/1406/169 4693/1426/169 1725/3196/169
f 3143/1431/169 3141/3197/169 4693/1426/169
f 4694/1425/170 1183/3198/170 3138/1420/170
f 2114/2702/992 3138/1420/992 394/2698/992
f 6/2701/170 4694/1425/170 2114/2702/170
f 4695/1422/170 645/3199/170 1649/1450/170
f 1398/2699/170 1649/1450/170 7/2707/170
f 394/2698/170 4695/1422/170 1398/2699/170
f 4696/1419/992 167/2886/992 2365/450/992
f 3139/1421/170 2365/450/170 645/3199/170
f 1183/3198/992 4696/1419/992 3139/1421/992
f 4697/1416/993 1182/3200/993 3134/1411/993
f 2140/3201/171 3134/1411/171 420/3202/171
f 32/3049/993 4697/1416/993 2140/3201/993
f 4698/1413/171 644/3203/171 1648/1441/171
f 1424/3204/171 1648/1441/171 33/3191/171
f 420/3202/171 4698/1413/171 1424/3204/171
f 4699/1410/171 166/2880/171 2364/453/171
f 3135/1412/994 2364/453/994 644/3203/994
f 1182/3200/267 4699/1410/267 3135/1412/267
f 3130/3205/995 3132/1407/995 1181/1403/995
f 446/2455/172 4700/1405/172 3130/3205/172
f 1450/2755/172 2441/3195/172 4700/1405/172
f 1646/3051/172 3131/1404/172 642/1793/172
f 58/86/996 4701/1402/996 1646/3051/996
f 2166/3206/172 3130/3205/172 4701/1402/172
f 2362/3207/172 1876/1401/172 164/330/172
f 642/1793/996 4702/1399/996 2362/3207/996
f 3131/1404/172 3129/3208/172 4702/1399/172
f 4703/1398/173 1180/3209/173 3126/1393/173
f 2113/2695/173 3126/1393/173 393/2691/173
f 5/2694/173 4703/1398/173 2113/2695/173
f 4704/1395/173 640/3210/173 1644/1423/173
f 1397/2692/173 1644/1423/173 6/2701/173
f 393/2691/173 4704/1395/173 1397/2692/173
f 4705/1392/173 162/2871/173 2360/459/173
f 3127/1394/173 2360/459/173 640/3210/173
f 1180/3209/173 4705/1392/173 3127/1394/173
f 4706/1389/174 1179/3211/174 3122/1384/174
f 1952/3212/174 3122/1384/174 948/3213/174
f 240/3214/174 4706/1389/174 1952/3212/174
f 4707/1386/174 1026/740/174 2030/3215/174
f 2668/3216/174 2030/3215/174 313/3217/174
f 948/3213/174 4707/1386/174 2668/3216/174
f 4708/1383/174 388/689/174 2746/3218/174
f 3123/1385/174 2746/3218/174 1026/740/174
f 1179/3211/174 4708/1383/174 3123/1385/174
f 4709/1380/176 1178/3219/176 3118/1375/176
f 1926/3220/176 3118/1375/176 922/3221/176
f 288/703/176 4709/1380/176 1926/3220/176
f 4710/1377/176 1028/731/176 2032/3222/176
f 2642/3223/176 2032/3222/176 287/3224/176
f 922/3221/176 4710/1377/176 2642/3223/176
f 4711/1374/176 362/692/176 2748/3225/176
f 3119/1376/176 2748/3225/176 1028/731/176
f 1178/3219/176 4711/1374/176 3119/1376/176
f 4712/1371/177 1177/3226/177 3114/1366/177
f 1900/3227/177 3114/1366/177 896/3228/177
f 262/3229/177 4712/1371/177 1900/3227/177
f 4713/1368/177 1030/722/177 2034/3230/177
f 2616/3231/177 2034/3230/177 261/3232/177
f 896/3228/177 4713/1368/177 2616/3231/177
f 4714/1365/177 336/695/177 2750/3233/177
f 3115/1367/177 2750/3233/177 1030/722/177
f 1177/3226/177 4714/1365/177 3115/1367/177
f 4715/1362/178 1176/3234/178 3110/1357/178
f 1927/3235/178 3110/1357/178 923/3236/178
f 289/3237/178 4715/1362/178 1927/3235/178
f 4716/1359/178 1027/3238/178 2747/1378/178
f 2643/3239/178 2747/1378/178 288/703/178
f 923/3236/178 4716/1359/178 2643/3239/178
f 4717/1356/178 363/3240/178 2031/477/178
f 3111/1358/178 2031/477/178 1027/3238/178
f 1176/3234/178 4717/1356/178 3111/1358/178
f 3106/3241/997 3108/1353/997 1175/1349/997
f 897/3242/179 4718/1351/179 3106/3241/179
f 1901/3243/179 2752/3244/179 4718/1351/179
f 2749/1369/179 3107/1350/179 1029/3245/179
f 262/3229/179 4719/1348/179 2749/1369/179
f 2617/3246/179 3106/3241/179 4719/1348/179
f 2033/480/179 2693/1347/179 337/3247/179
f 1029/3245/179 4720/1345/179 2033/480/179
f 3107/1350/179 3105/3248/179 4720/1345/179
f 3102/3249/180 3104/1344/180 1174/1340/180
f 924/3250/180 4721/1342/180 3102/3249/180
f 1928/3251/180 2753/3252/180 4721/1342/180
f 2751/1360/180 3103/1341/180 1031/3253/180
f 289/3237/180 4722/1339/180 2751/1360/180
f 2644/3254/180 3102/3249/180 4722/1339/180
f 2035/483/180 2720/1338/180 364/3255/180
f 1031/3253/180 4723/1336/180 2035/483/180
f 3103/1341/180 3101/3256/180 4723/1336/180
f 4724/1335/181 1173/3257/181 3098/1330/181
f 1902/708/181 3098/1330/181 898/3258/181
f 264/3259/181 4724/1335/181 1902/708/181
f 4725/1332/181 1032/1352/181 2752/3244/181
f 2618/3260/181 2752/3244/181 263/3261/181
f 898/3258/181 4725/1332/181 2618/3260/181
f 4726/1329/181 338/487/181 2036/3262/181
f 3099/1331/181 2036/3262/181 1032/1352/181
f 1173/3257/181 4726/1329/181 3099/1331/181
f 3094/3263/182 3096/1326/182 1172/1322/182
f 925/700/182 4727/1324/182 3094/3263/182
f 1929/3264/182 2755/3265/182 4727/1324/182
f 2753/3252/182 3095/1323/182 1033/1343/182
f 290/3266/182 4728/1321/182 2753/3252/182
f 2645/3267/182 3094/3263/182 4728/1321/182
f 2037/3268/182 2721/1320/182 365/490/182
f 1033/1343/182 4729/1318/182 2037/3268/182
f 3095/1323/182 3093/3269/182 4729/1318/182
f 4730/1317/183 1171/3270/183 3090/1312/183
f 1903/3271/183 3090/1312/183 899/707/183
f 265/3272/183 4730/1317/183 1903/3271/183
f 4731/1314/183 1034/3273/183 2754/1333/183
f 2619/3274/183 2754/1333/183 264/3259/183
f 899/707/183 4731/1314/183 2619/3274/183
f 4732/1311/183 339/3275/183 2038/492/183
f 3091/1313/183 2038/492/183 1034/3273/183
f 1171/3270/183 4732/1311/183 3091/1313/183
f 3086/3276/182 3088/1308/182 1170/1304/182
f 1930/3277/182 3086/3276/182 926/3278/182
f 292/3279/182 4733/1306/182 1930/3277/182
f 2755/3265/182 3087/1305/182 1035/1325/182
f 291/3280/182 4734/1303/182 2755/3265/182
f 2646/3281/182 3086/3276/182 4734/1303/182
f 2039/3282/182 2722/1302/182 366/496/182
f 1035/1325/182 4735/1300/182 2039/3282/182
f 3087/1305/182 3085/3283/182 4735/1300/182
f 4736/1299/183 1169/3284/183 3082/1294/183
f 1904/712/183 3082/1294/183 900/3285/183
f 266/3286/183 4736/1299/183 1904/712/183
f 4737/1296/183 1036/3287/183 2756/1315/183
f 2620/3288/183 2756/1315/183 265/3272/183
f 900/3285/183 4737/1296/183 2620/3288/183
f 4738/1293/183 340/3289/183 2040/498/183
f 3083/1295/183 2040/498/183 1036/3287/183
f 1169/3284/183 4738/1293/183 3083/1295/183
f 3078/3290/184 3080/1290/184 1168/1286/184
f 874/3291/184 4739/1288/184 3078/3290/184
f 1878/3292/184 2759/3293/184 4739/1288/184
f 2044/3294/184 3079/1287/184 1040/1262/184
f 239/3295/184 4740/1285/184 2044/3294/184
f 2594/3296/184 3078/3290/184 4740/1285/184
f 2760/3297/184 2670/1284/184 314/517/184
f 1040/1262/184 4741/1282/184 2760/3297/184
f 3079/1287/184 3077/3298/184 4741/1282/184
f 4742/1281/185 1167/3299/185 3074/1276/185
f 1931/3300/185 3074/1276/185 927/3301/185
f 293/3302/185 4742/1281/185 1931/3300/185
f 4743/1278/185 1037/1307/185 2757/3303/185
f 2647/3304/185 2757/3303/185 292/3279/185
f 927/3301/185 4743/1278/185 2647/3304/185
f 4744/1275/185 367/502/185 2041/3305/185
f 3075/1277/185 2041/3305/185 1037/1307/185
f 1167/3299/185 4744/1275/185 3075/1277/185
f 4745/1272/183 1166/3306/183 3070/1267/183
f 1905/3307/183 3070/1267/183 901/3308/183
f 267/3309/183 4745/1272/183 1905/3307/183
f 4746/1269/183 1038/3310/183 2758/1297/183
f 2621/713/183 2758/1297/183 266/3286/183
f 901/3308/183 4746/1269/183 2621/713/183
f 4747/1266/183 341/3311/183 2042/504/183
f 3071/1268/183 2042/504/183 1038/3310/183
f 1166/3306/183 4747/1266/183 3071/1268/183
f 3066/3312/186 3068/1263/186 1165/1259/186
f 875/3313/186 4748/1261/186 3066/3312/186
f 1879/3314/186 2044/3294/186 4748/1261/186
f 2745/1387/186 3067/1260/186 1025/3315/186
f 240/3214/186 4749/1258/186 2745/1387/186
f 2595/3316/186 3066/3312/186 4749/1258/186
f 2029/471/186 2671/1257/186 316/3317/186
f 1025/3315/186 4750/1255/186 2029/471/186
f 3067/1260/186 3065/3318/186 4750/1255/186
f 3062/3319/187 3064/1254/187 1164/1250/187
f 928/3320/187 4751/1252/187 3062/3319/187
f 1932/3321/187 2763/3322/187 4751/1252/187
f 2761/1279/187 3063/1251/187 1041/3323/187
f 293/3302/187 4752/1249/187 2761/1279/187
f 2648/3324/187 3062/3319/187 4752/1249/187
f 2045/510/187 2724/1248/187 368/3325/187
f 1041/3323/187 4753/1246/187 2045/510/187
f 3063/1251/187 3061/3326/187 4753/1246/187
f 4754/1245/183 1163/3327/183 3058/1240/183
f 1906/3328/183 3058/1240/183 902/3329/183
f 268/3330/183 4754/1245/183 1906/3328/183
f 4755/1242/183 1042/3331/183 2762/1270/183
f 2622/3332/183 2762/1270/183 267/3309/183
f 902/3329/183 4755/1242/183 2622/3332/183
f 4756/1239/183 342/3333/183 2046/513/183
f 3059/1241/183 2046/513/183 1042/3331/183
f 1163/3327/183 4756/1239/183 3059/1241/183
f 4757/1236/188 1162/3334/188 3054/1231/188
f 1880/3335/188 3054/1231/188 876/3336/188
f 242/3337/196 4757/1236/196 1880/3335/196
f 4758/1233/188 1039/1289/188 2759/3293/188
f 2596/3338/188 2759/3293/188 241/3339/188
f 876/3336/188 4758/1233/188 2596/3338/188
f 4759/1230/188 315/508/188 2043/3340/188
f 3055/1232/188 2043/3340/188 1039/1289/188
f 1162/3334/196 4759/1230/196 3055/1232/196
f 3050/3341/187 3052/1227/187 1161/1223/187
f 929/3342/187 4760/1225/187 3050/3341/187
f 1933/3343/187 2766/3344/187 4760/1225/187
f 2763/3322/187 3051/1224/187 1043/1253/187
f 294/3345/187 4761/1222/187 2763/3322/187
f 2649/3346/187 3050/3341/187 4761/1222/187
f 2047/3347/187 2725/1221/187 369/520/187
f 1043/1253/187 4762/1219/187 2047/3347/187
f 3051/1224/187 3049/3348/187 4762/1219/187
f 4763/1218/183 1160/3349/183 3046/1213/183
f 1907/3350/183 3046/1213/183 903/3351/183
f 269/3352/183 4763/1218/183 1907/3350/183
f 4764/1215/183 1044/3353/183 2764/1243/183
f 2623/3354/183 2764/1243/183 268/3330/183
f 903/3351/183 4764/1215/183 2623/3354/183
f 4765/1212/183 343/3355/183 2048/522/183
f 3047/1214/183 2048/522/183 1044/3353/183
f 1160/3349/183 4765/1212/183 3047/1214/183
f 4766/1209/189 1159/3356/189 3042/1204/189
f 1881/3357/189 3042/1204/189 877/3358/189
f 243/3359/189 4766/1209/189 1881/3357/189
f 4767/1206/189 1045/3360/189 2765/1234/189
f 2597/3361/189 2765/1234/189 242/3337/189
f 877/3358/189 4767/1206/189 2597/3361/189
f 4768/1203/189 317/3362/189 2049/525/189
f 3043/1205/189 2049/525/189 1045/3360/189
f 1159/3356/189 4768/1203/189 3043/1205/189
f 3038/3363/187 3040/1200/187 1158/1196/187
f 930/3364/187 4769/1198/187 3038/3363/187
f 1934/3365/187 2769/3366/187 4769/1198/187
f 2766/3344/187 3039/1197/187 1046/1226/187
f 295/3367/187 4770/1195/187 2766/3344/187
f 2650/3368/187 3038/3363/187 4770/1195/187
f 2050/3369/187 2726/1194/187 370/529/187
f 1046/1226/187 4771/1192/187 2050/3369/187
f 3039/1197/187 3037/3370/187 4771/1192/187
f 3034/3371/190 3036/1191/190 1157/1187/190
f 904/3372/190 4772/1189/190 3034/3371/190
f 1908/3373/190 2770/3374/190 4772/1189/190
f 2767/1216/190 3035/1188/190 1047/3375/190
f 269/3352/190 4773/1186/190 2767/1216/190
f 2624/3376/190 3034/3371/190 4773/1186/190
f 2051/531/190 2700/1185/190 344/3377/190
f 1047/3375/190 4774/1183/190 2051/531/190
f 3035/1188/190 3033/3378/190 4774/1183/190
f 4775/1182/188 1156/3379/188 3030/1177/188
f 1882/3380/188 3030/1177/188 878/3381/188
f 244/3382/188 4775/1182/188 1882/3380/188
f 4776/1179/188 1048/3383/188 2768/1207/188
f 2598/3384/188 2768/1207/188 243/3359/188
f 878/3381/188 4776/1179/188 2598/3384/188
f 4777/1176/188 318/3385/188 2052/534/188
f 3031/1178/188 2052/534/188 1048/3383/188
f 1156/3379/188 4777/1176/188 3031/1178/188
f 3026/3386/998 3028/1173/998 1155/1169/998
f 1935/697/999 3026/3386/999 931/3387/999
f 297/3388/1000 4778/1171/1000 1935/697/1000
f 4779/1168/1001 1049/1199/1001 2769/3366/1001
f 2651/3389/1002 2769/3366/1002 296/698/1002
f 931/3387/1003 4779/1168/1003 2651/3389/1003
f 2053/3390/1004 2727/1167/1004 371/538/1004
f 1049/1199/1005 4780/1165/1005 2053/3390/1005
f 3027/1170/1006 3025/3391/1006 4780/1165/1006
f 3022/3392/192 3024/1164/192 1154/1160/192
f 905/3393/192 4781/1162/192 3022/3392/192
f 1909/3394/192 2773/3395/192 4781/1162/192
f 2770/3374/192 3023/1161/192 1050/1190/192
f 270/3396/192 4782/1159/192 2770/3374/192
f 2625/3397/192 3022/3392/192 4782/1159/192
f 2054/3398/192 2701/1158/192 345/541/192
f 1050/1190/192 4783/1156/192 2054/3398/192
f 3023/1161/192 3021/3399/192 4783/1156/192
f 4784/1155/193 1153/3400/193 3018/1150/193
f 1883/3401/193 3018/1150/193 879/3402/193
f 245/3403/193 4784/1155/193 1883/3401/193
f 4785/1152/193 1051/3404/193 2771/1180/193
f 2599/3405/193 2771/1180/193 244/3382/193
f 879/3402/193 4785/1152/193 2599/3405/193
f 4786/1149/193 319/3406/193 2055/543/193
f 3019/1151/193 2055/543/193 1051/3404/193
f 1153/3400/193 4786/1149/193 3019/1151/193
f 3014/3407/1007 3016/1146/1007 1152/1142/1007
f 932/3408/1008 4787/1144/1008 3014/3407/1008
f 298/3409/1009 4787/1144/1009 1936/3410/1009
f 2772/3411/1010 3015/1143/1010 1052/1172/1010
f 297/3388/1011 4788/1141/1011 2772/3411/1011
f 2652/3412/1012 3014/3407/1012 4788/1141/1012
f 2056/3413/1013 2728/1140/1013 372/547/1013
f 1052/1172/1014 4789/1138/1014 2056/3413/1014
f 3015/1143/1015 3013/3414/1015 4789/1138/1015
f 3010/3415/195 3012/1137/195 1151/1133/195
f 906/3416/195 4790/1135/195 3010/3415/195
f 1910/3417/195 2776/3418/195 4790/1135/195
f 2773/3395/195 3011/1134/195 1053/1163/195
f 271/3419/195 4791/1132/195 2773/3395/195
f 2626/3420/195 3010/3415/195 4791/1132/195
f 2057/3421/195 2702/1131/195 346/550/195
f 1053/1163/195 4792/1129/195 2057/3421/195
f 3011/1134/195 3009/3422/195 4792/1129/195
f 4793/1128/188 1150/3423/188 3006/1123/188
f 1884/3424/188 3006/1123/188 880/3425/188
f 246/3426/188 4793/1128/188 1884/3424/188
f 4794/1125/188 1054/3427/188 2774/1153/188
f 2600/3428/188 2774/1153/188 245/3403/188
f 880/3425/188 4794/1125/188 2600/3428/188
f 4795/1122/188 320/3429/188 2058/552/188
f 3007/1124/188 2058/552/188 1054/3427/188
f 1150/3423/196 4795/1122/196 3007/1124/196
f 4796/1119/1016 1149/3430/1016 3002/1114/1016
f 1937/3431/1017 3002/1114/1017 933/3432/1017
f 299/3433/1018 4796/1119/1018 1937/3431/1018
f 4797/1116/1019 1055/1145/1019 2775/3434/1019
f 2653/3435/1020 2775/3434/1020 298/3409/1020
f 933/3432/1021 4797/1116/1021 2653/3435/1021
f 4798/1113/1022 373/556/1022 2059/3436/1022
f 3003/1115/1023 2059/3436/1023 1055/1145/1023
f 1149/3430/1024 4798/1113/1024 3003/1115/1024
f 2998/3437/198 3000/1110/198 1148/1106/198
f 907/3438/1025 4799/1108/1025 2998/3437/1025
f 1911/3439/198 2779/3440/198 4799/1108/198
f 2776/3418/198 2999/1107/198 1056/1136/198
f 272/3441/1025 4800/1105/1025 2776/3418/1025
f 2627/3442/198 2998/3437/198 4800/1105/198
f 2060/3443/198 2703/1104/198 347/559/198
f 1056/1136/198 4801/1102/198 2060/3443/198
f 2999/1107/198 2997/3444/198 4801/1102/198
f 2994/3445/199 2996/1101/199 1147/1097/199
f 881/3446/199 4802/1099/199 2994/3445/199
f 1885/3447/199 2780/3448/199 4802/1099/199
f 2777/1126/199 2995/1098/199 1057/3449/199
f 246/3426/199 4803/1096/199 2777/1126/199
f 2601/3450/199 2994/3445/199 4803/1096/199
f 2061/561/199 2677/1095/199 321/3451/199
f 1057/3449/199 4804/1093/199 2061/561/199
f 2995/1098/199 2993/3452/199 4804/1093/199
f 2990/3453/1026 2992/1092/1026 1146/1088/1026
f 934/3454/1027 4805/1090/1027 2990/3453/1027
f 1938/3455/1028 2781/3456/1028 4805/1090/1028
f 2778/1117/1029 2991/1089/1029 1058/3457/1029
f 299/3433/1030 4806/1087/1030 2778/1117/1030
f 2654/3458/1031 2990/3453/1031 4806/1087/1031
f 4807/1086/1032 374/3459/1032 2062/564/1032
f 2991/1089/1029 2062/564/1029 1058/3457/1029
f 1146/1088/256 4807/1086/256 2991/1089/256
f 2986/3460/201 2988/1083/201 1145/1079/201
f 908/3461/201 4808/1081/201 2986/3460/201
f 1912/3462/201 2782/3463/201 4808/1081/201
f 2779/3440/201 2987/1080/201 1059/1109/201
f 273/3464/201 4809/1078/201 2779/3440/201
f 2628/3465/201 2986/3460/201 4809/1078/201
f 2063/3466/1033 2704/1077/1033 348/568/1033
f 1059/1109/201 4810/1075/201 2063/3466/201
f 2987/1080/201 2985/3467/201 4810/1075/201
f 4811/1074/1034 1144/3468/1034 2982/1069/1034
f 1886/3469/1035 2982/1069/1035 882/3470/1035
f 248/3471/1036 4811/1074/1036 1886/3469/1036
f 4812/1071/1037 1060/1100/1037 2780/3448/1037
f 2602/3472/1038 2780/3448/1038 247/3473/1038
f 882/3470/1039 4812/1071/1039 2602/3472/1039
f 4813/1068/1040 322/571/1040 2064/3474/1040
f 2983/1070/1041 2064/3474/1041 1060/1100/1041
f 1144/3468/1042 4813/1068/1042 2983/1070/1042
f 4814/1065/1043 1143/3475/1043 2978/1060/1043
f 1939/3476/1044 2978/1060/1044 935/3477/1044
f 301/3478/1045 4814/1065/1045 1939/3476/1045
f 4815/1062/1046 1061/1091/1046 2781/3456/1046
f 2655/3479/1047 2781/3456/1047 300/3480/1047
f 935/3477/1048 4815/1062/1048 2655/3479/1048
f 4816/1059/1049 375/3481/1049 2065/573/1049
f 2979/1061/1050 2065/573/1050 1061/1091/1050
f 1143/3475/1051 4816/1059/1051 2979/1061/1051
f 2974/3482/204 2976/1056/204 1142/1052/204
f 909/3483/204 4817/1054/204 2974/3482/204
f 1913/3484/204 2785/3485/204 4817/1054/204
f 2782/3463/204 2975/1053/204 1062/1082/204
f 274/3486/204 4818/1051/204 2782/3463/204
f 2629/3487/204 2974/3482/204 4818/1051/204
f 2066/3488/204 2705/1050/204 349/577/204
f 1062/1082/204 4819/1048/204 2066/3488/204
f 2975/1053/204 2973/3489/204 4819/1048/204
f 2970/3490/205 2972/1047/205 1141/1043/205
f 883/3491/205 4820/1045/205 2970/3490/205
f 1887/3492/205 2786/3493/205 4820/1045/205
f 2783/1072/205 2971/1044/205 1063/3494/205
f 248/3471/205 4821/1042/205 2783/1072/205
f 2603/3495/205 2970/3490/205 4821/1042/205
f 2067/579/205 2679/1041/205 323/3496/205
f 1063/3494/205 4822/1039/205 2067/579/205
f 2971/1044/205 2969/3497/205 4822/1039/205
f 4823/1038/206 1140/3498/206 2966/1033/206
f 1940/3499/206 2966/1033/206 936/3500/206
f 302/3501/206 4823/1038/206 1940/3499/206
f 4824/1035/206 1064/3502/206 2784/1063/206
f 2656/3503/206 2784/1063/206 301/3478/206
f 936/3500/206 4824/1035/206 2656/3503/206
f 4825/1032/206 376/3504/206 2068/582/206
f 2967/1034/206 2068/582/206 1064/3502/206
f 1140/3498/206 4825/1032/206 2967/1034/206
f 2962/3505/207 2964/1029/207 1139/1025/207
f 910/3506/207 4826/1027/207 2962/3505/207
f 1914/711/207 2788/3507/207 4826/1027/207
f 2785/3485/207 2963/1026/207 1065/1055/207
f 275/3508/207 4827/1024/207 2785/3485/207
f 2630/3509/248 2962/3505/248 4827/1024/248
f 2069/3510/207 2706/1023/207 350/586/207
f 1065/1055/207 4828/1021/207 2069/3510/207
f 2963/1026/207 2961/3511/207 4828/1021/207
f 2958/3512/1052 2960/1020/1052 1138/1016/1052
f 884/3513/1053 4829/1018/1053 2958/3512/1053
f 1888/3514/1054 2789/3515/1054 4829/1018/1054
f 2786/3493/1055 2959/1017/1055 1066/1046/1055
f 249/3516/1056 4830/1015/1056 2786/3493/1056
f 2604/3517/1057 2958/3512/1057 4830/1015/1057
f 2070/3518/1058 2680/1013/1058 324/589/1058
f 1066/1046/1059 4831/1014/1059 2070/3518/1059
f 2959/1017/245 2957/1012/245 4831/1014/245
f 2954/3519/187 2956/1011/187 1137/1007/187
f 937/3520/187 4832/1009/187 2954/3519/187
f 1941/3521/187 2790/3522/187 4832/1009/187
f 2787/1036/187 2955/1008/187 1067/3523/187
f 302/3501/187 4833/1006/187 2787/1036/187
f 2657/3524/187 2954/3519/187 4833/1006/187
f 2071/591/187 2733/1005/187 377/3525/187
f 1067/3523/187 4834/1003/187 2071/591/187
f 2955/1008/187 2953/3526/187 4834/1003/187
f 2950/3527/209 2952/1002/209 1136/998/209
f 911/3528/209 4835/1000/209 2950/3527/209
f 1915/710/209 2791/3529/209 4835/1000/209
f 2788/3507/209 2951/999/209 1068/1028/209
f 276/3530/209 4836/997/209 2788/3507/209
f 2631/3531/209 2950/3527/209 4836/997/209
f 2072/3532/209 2707/996/209 351/595/209
f 1068/1028/209 4837/994/209 2072/3532/209
f 2951/999/209 2949/3533/209 4837/994/209
f 4838/993/210 1135/3534/210 2946/988/210
f 1889/3535/210 2946/988/210 885/3536/210
f 251/3537/210 4838/993/210 1889/3535/210
f 4839/990/210 1069/1019/210 2789/3515/210
f 2605/3538/210 2789/3515/210 250/3539/210
f 885/3536/210 4839/990/210 2605/3538/210
f 2073/597/210 2681/987/210 325/3540/210
f 1069/1019/210 4840/985/210 2073/597/210
f 2947/989/210 2945/3541/210 4840/985/210
f 2942/3542/187 2944/984/187 1134/980/187
f 938/3543/187 4841/982/187 2942/3542/187
f 1942/3544/187 2793/3545/187 4841/982/187
f 2790/3522/187 2943/981/187 1070/1010/187
f 303/3546/187 4842/979/187 2790/3522/187
f 2658/3547/187 2942/3542/187 4842/979/187
f 2074/3548/187 2734/978/187 378/601/187
f 1070/1010/187 4843/976/187 2074/3548/187
f 2943/981/187 2941/3549/187 4843/976/187
f 2938/3550/211 2940/975/211 1133/971/211
f 912/3551/211 4844/973/211 2938/3550/211
f 1916/3552/211 2794/3553/211 4844/973/211
f 2791/3529/211 2939/972/211 1071/1001/211
f 277/3554/211 4845/970/211 2791/3529/211
f 2632/3555/211 2938/3550/211 4845/970/211
f 2075/3556/211 2708/969/211 352/604/211
f 1071/1001/211 4846/967/211 2075/3556/211
f 2939/972/211 2937/3557/211 4846/967/211
f 2934/3558/1060 2936/966/1060 1132/962/1060
f 886/3559/1061 4847/964/1061 2934/3558/1061
f 1890/3560/1062 2795/3561/1062 4847/964/1062
f 2792/991/1063 2935/963/1063 1072/3562/1063
f 251/3537/1064 4848/961/1064 2792/991/1064
f 2606/3563/1065 2934/3558/1065 4848/961/1065
f 2076/3564/1066 2682/960/1066 326/607/1066
f 1072/3562/1067 4849/958/1067 2076/3564/1067
f 2935/963/1068 2933/3565/1068 4849/958/1068
f 2930/3566/187 2932/957/187 1131/953/187
f 939/3567/187 4850/955/187 2930/3566/187
f 1943/3568/187 2796/3569/187 4850/955/187
f 2793/3545/187 2931/954/187 1073/983/187
f 304/3570/187 4851/952/187 2793/3545/187
f 2659/3571/187 2930/3566/187 4851/952/187
f 2077/3572/187 2735/951/187 379/610/187
f 1073/983/187 4852/949/187 2077/3572/187
f 2931/954/187 2929/3573/187 4852/949/187
f 2926/3574/213 2928/948/213 1130/944/213
f 913/3575/213 4853/946/213 2926/3574/213
f 1917/3576/213 2797/3577/213 4853/946/213
f 2794/3553/213 2927/945/213 1074/974/213
f 278/3578/213 4854/943/213 2794/3553/213
f 2633/3579/213 2926/3574/213 4854/943/213
f 2078/3580/213 2709/942/213 353/613/213
f 1074/974/213 4855/940/213 2078/3580/213
f 2927/945/213 2925/3581/213 4855/940/213
f 4856/939/183 1129/3582/183 2922/934/183
f 1891/3583/183 2922/934/183 887/3584/183
f 253/3585/183 4856/939/183 1891/3583/183
f 4857/936/183 1075/965/183 2795/3561/183
f 2607/3586/183 2795/3561/183 252/3587/183
f 887/3584/183 4857/936/183 2607/3586/183
f 4858/933/183 327/616/183 2079/3588/183
f 2923/935/183 2079/3588/183 1075/965/183
f 1129/3582/183 4858/933/183 2923/935/183
f 4859/930/214 1128/3589/214 2918/925/214
f 1944/3590/214 2918/925/214 940/3591/214
f 306/3592/214 4859/930/214 1944/3590/214
f 4860/927/214 1076/956/214 2796/3569/214
f 2660/3593/214 2796/3569/214 305/3594/214
f 940/3591/214 4860/927/214 2660/3593/214
f 4861/924/214 380/619/214 2080/3595/214
f 2919/926/214 2080/3595/214 1076/956/214
f 1128/3589/214 4861/924/214 2919/926/214
f 2914/3596/187 2916/921/187 1127/917/187
f 914/3597/187 4862/919/187 2914/3596/187
f 1918/3598/187 2800/3599/187 4862/919/187
f 2797/3577/187 2915/918/187 1077/947/187
f 279/3600/187 4863/916/187 2797/3577/187
f 2634/3601/187 2914/3596/187 4863/916/187
f 2081/3602/187 2710/915/187 354/622/187
f 1077/947/187 4864/913/187 2081/3602/187
f 2915/918/187 2913/3603/187 4864/913/187
f 4865/912/215 1126/3604/215 2910/907/215
f 1892/3605/215 2910/907/215 888/3606/215
f 254/3607/215 4865/912/215 1892/3605/215
f 4866/909/215 1078/3608/215 2798/937/215
f 2608/3609/215 2798/937/215 253/3585/215
f 888/3606/215 4866/909/215 2608/3609/215
f 4867/906/215 328/3610/215 2082/624/215
f 2911/908/215 2082/624/215 1078/3608/215
f 1126/3604/215 4867/906/215 2911/908/215
f 4868/903/216 1125/899/216 2906/3611/216
f 1945/3612/216 2906/3611/216 941/3613/216
f 1945/3612/216 2802/901/216 4868/903/216
f 4869/898/216 1079/3614/216 2799/928/216
f 306/3592/216 4869/898/216 2799/928/216
f 941/3613/216 4869/898/216 2661/3615/216
f 2083/627/216 2737/896/216 381/3616/216
f 2907/900/216 2083/627/216 1079/3614/216
f 1125/899/216 4870/897/216 2907/900/216
f 2902/3617/217 2904/894/217 1124/890/217
f 915/3618/217 4871/892/217 2902/3617/217
f 1919/3619/217 2803/3620/217 4871/892/217
f 2800/3599/217 2903/891/217 1080/920/217
f 280/709/217 4872/889/217 2800/3599/217
f 2635/3621/217 2902/3617/217 4872/889/217
f 2084/3622/217 2711/888/217 355/631/217
f 1080/920/217 4873/886/217 2084/3622/217
f 2903/891/217 2901/3623/217 4873/886/217
f 4874/885/218 1123/3624/218 2898/880/218
f 1893/3625/218 2898/880/218 889/3626/218
f 255/3627/218 4874/885/218 1893/3625/218
f 4875/882/218 1081/3628/218 2801/910/218
f 2609/3629/218 2801/910/218 254/3607/218
f 889/3626/218 4875/882/218 2609/3629/218
f 4876/879/218 329/3630/218 2085/633/218
f 2899/881/218 2085/633/218 1081/3628/218
f 1123/3624/218 4876/879/218 2899/881/218
f 2894/3631/187 2896/876/187 1122/872/187
f 942/3632/187 4877/874/187 2894/3631/187
f 1946/3633/187 2805/3634/187 4877/874/187
f 2802/901/187 2895/873/187 1082/3635/187
f 307/3636/187 4878/871/187 2802/901/187
f 2662/3637/187 2894/3631/187 4878/871/187
f 2086/3638/187 2738/870/187 382/637/187
f 1082/3635/187 4879/868/187 2086/3638/187
f 2895/873/187 2893/3639/187 4879/868/187
f 4880/867/219 1121/3640/219 2890/862/219
f 1920/3641/219 2890/862/219 916/3642/219
f 282/3643/219 4880/867/219 1920/3641/219
f 4881/864/219 1083/893/219 2803/3620/219
f 2636/3644/219 2803/3620/219 281/3645/219
f 2636/3644/219 2890/862/219 4881/864/219
f 4882/861/219 356/640/219 2087/3646/219
f 2891/863/219 2087/3646/219 1083/893/219
f 1121/3640/219 4882/861/219 2891/863/219
f 4883/858/220 1120/3647/220 2886/853/220
f 1894/3648/220 2886/853/220 890/3649/220
f 256/3650/220 4883/858/220 1894/3648/220
f 4884/855/220 1084/3651/220 2804/883/220
f 2610/3652/220 2804/883/220 255/3627/220
f 890/3649/220 4884/855/220 2610/3652/220
f 4885/852/220 330/3653/220 2088/642/220
f 2887/854/220 2088/642/220 1084/3651/220
f 1120/3647/220 4885/852/220 2887/854/220
f 4886/849/1069 1119/3654/1069 2882/844/1069
f 1947/3655/1070 2882/844/1070 943/3656/1070
f 309/3657/1071 4886/849/1071 1947/3655/1071
f 4887/846/1072 1085/875/1072 2805/3634/1072
f 2663/3658/1073 2805/3634/1073 308/3659/1073
f 943/3656/1074 4887/846/1074 2663/3658/1074
f 4888/843/1075 383/646/1075 2089/3660/1075
f 2883/845/1076 2089/3660/1076 1085/875/1076
f 1119/3654/1077 4888/843/1077 2883/845/1077
f 4889/838/222 1118/836/222 2878/3661/222
f 1921/3662/222 2878/3661/222 917/3663/222
f 283/3664/222 4889/838/222 1921/3662/222
f 2806/865/222 2879/837/222 1086/3665/222
f 282/3643/222 4890/835/222 2806/865/222
f 2637/3666/222 2878/3661/222 4890/835/222
f 4891/834/222 357/3667/222 2090/648/222
f 1086/3665/222 4891/834/222 2090/648/222
f 2879/837/222 2877/832/222 4891/834/222
f 4892/831/183 1117/3668/183 2874/826/183
f 1895/3669/183 2874/826/183 891/3670/183
f 257/3671/183 4892/831/183 1895/3669/183
f 4893/828/183 1087/3672/183 2807/856/183
f 2611/3673/183 2807/856/183 256/3650/183
f 891/3670/183 4893/828/183 2611/3673/183
f 4894/825/183 331/3674/183 2091/651/183
f 2875/827/183 2091/651/183 1087/3672/183
f 1117/3668/183 4894/825/183 2875/827/183
f 2870/3675/223 2872/822/223 1116/818/223
f 944/3676/223 4895/820/223 2870/3675/223
f 1948/3677/223 2811/3678/223 4895/820/223
f 2808/847/223 2871/819/223 1088/3679/223
f 309/3657/223 4896/817/223 2808/847/223
f 2664/3680/223 2870/3675/223 4896/817/223
f 2092/654/223 2740/816/223 384/3681/223
f 1088/3679/223 4897/814/223 2092/654/223
f 2871/819/223 2869/3682/223 4897/814/223
f 2866/3683/187 2868/813/187 1115/809/187
f 918/3684/187 4898/811/187 2866/3683/187
f 1922/3685/187 2812/3686/187 4898/811/187
f 2809/3687/187 2867/810/187 1089/839/187
f 283/3664/187 4899/808/187 2809/3687/187
f 2638/3688/187 2866/3683/187 4899/808/187
f 2093/3689/187 2714/807/187 358/658/187
f 1089/839/187 4900/805/187 2093/3689/187
f 2867/810/187 2865/3690/187 4900/805/187
f 4901/804/183 1114/3691/183 2862/799/183
f 1896/3692/183 2862/799/183 892/3693/183
f 258/3694/183 4901/804/183 1896/3692/183
f 4902/801/183 1090/3695/183 2810/829/183
f 2612/3696/183 2810/829/183 257/3671/183
f 892/3693/183 4902/801/183 2612/3696/183
f 4903/798/183 332/3697/183 2094/660/183
f 2863/800/183 2094/660/183 1090/3695/183
f 1114/3691/183 4903/798/183 2863/800/183
f 4904/795/1078 1113/3698/1078 2858/790/1078
f 1949/3699/1079 2858/790/1079 945/3700/1079
f 311/3701/1080 4904/795/1080 1949/3699/1080
f 4905/792/1081 1091/821/1081 2811/3678/1081
f 2665/3702/1082 2811/3678/1082 310/3703/1082
f 945/3700/1083 4905/792/1083 2665/3702/1083
f 4906/789/1084 385/664/1084 2095/3704/1084
f 2859/791/1085 2095/3704/1085 1091/821/1085
f 1113/3698/1086 4906/789/1086 2859/791/1086
f 4907/786/225 1112/3705/225 2854/781/225
f 1923/3706/225 2854/781/225 919/3707/225
f 285/3708/225 4907/786/225 1923/3706/225
f 4908/783/225 1092/812/225 2812/3686/225
f 2639/3709/225 2812/3686/225 284/3710/225
f 919/3707/225 4908/783/225 2639/3709/225
f 4909/780/225 359/667/225 2096/3711/225
f 2855/782/225 2096/3711/225 1092/812/225
f 1112/3705/225 4909/780/225 2855/782/225
f 4910/777/183 1111/3712/183 2850/772/183
f 1897/3713/183 2850/772/183 893/3714/183
f 259/3715/183 4910/777/183 1897/3713/183
f 4911/774/183 1093/3716/183 2813/802/183
f 2613/702/183 2813/802/183 258/3694/183
f 893/3714/183 4911/774/183 2613/702/183
f 4912/771/183 333/3717/183 2097/669/183
f 2851/773/183 2097/669/183 1093/3716/183
f 1111/3712/183 4912/771/183 2851/773/183
f 2846/3718/226 2848/768/226 1110/764/226
f 946/3719/226 4913/766/226 2846/3718/226
f 1950/3720/226 2817/3721/226 4913/766/226
f 2814/793/226 2847/765/226 1094/3722/226
f 311/3701/226 4914/763/226 2814/793/226
f 2666/3723/226 2846/3718/226 4914/763/226
f 2098/672/226 2742/762/226 386/3724/226
f 1094/3722/226 4915/760/226 2098/672/226
f 2847/765/226 2845/3725/226 4915/760/226
f 4916/759/227 1109/3726/227 2842/754/227
f 1924/3727/227 2842/754/227 920/3728/227
f 286/706/227 4916/759/227 1924/3727/227
f 4917/756/227 1095/3729/227 2815/784/227
f 2640/3730/227 2815/784/227 285/3708/227
f 920/3728/227 4917/756/227 2640/3730/227
f 4918/753/227 360/3731/227 2099/674/227
f 2843/755/227 2099/674/227 1095/3729/227
f 1109/3726/227 4918/753/227 2843/755/227
f 4919/750/183 1108/3732/183 2838/745/183
f 1898/3733/183 2838/745/183 894/3734/183
f 260/3735/183 4919/750/183 1898/3733/183
f 4920/747/183 1096/3736/183 2816/775/183
f 2614/3737/183 2816/775/183 259/3715/183
f 894/3734/183 4920/747/183 2614/3737/183
f 4921/744/183 334/3738/183 2100/677/183
f 2839/746/183 2100/677/183 1096/3736/183
f 1108/3732/183 4921/744/183 2839/746/183
f 2834/3739/228 2836/741/228 1107/737/228
f 947/3740/228 4922/739/228 2834/3739/228
f 1951/3741/228 2030/3215/228 4922/739/228
f 2817/3721/228 2835/738/228 1097/767/228
f 312/3742/228 4923/736/228 2817/3721/228
f 2667/3743/228 2834/3739/228 4923/736/228
f 2101/3744/228 2743/735/228 387/475/228
f 1097/767/228 4924/733/228 2101/3744/228
f 2835/738/228 2833/3745/228 4924/733/228
f 2830/3746/229 2832/732/229 1106/728/229
f 921/3747/229 4925/730/229 2830/3746/229
f 1925/3748/229 2032/3222/229 4925/730/229
f 2818/757/229 2831/729/229 1098/3749/229
f 286/706/229 4926/727/229 2818/757/229
f 2641/3750/229 2830/3746/229 4926/727/229
f 2102/682/229 2717/726/229 361/3751/229
f 1098/3749/229 4927/724/229 2102/682/229
f 2831/729/229 2829/3752/229 4927/724/229
f 2826/3753/1087 2828/723/1087 1105/719/1087
f 895/3754/1087 4928/721/1087 2826/3753/1087
f 1899/705/230 2034/3230/230 4928/721/230
f 2819/748/230 2827/720/230 1099/3755/230
f 260/3735/1087 4929/718/1087 2819/748/1087
f 2615/3756/230 2826/3753/230 4929/718/230
f 2103/685/230 2691/717/230 335/3757/230
f 1099/3755/230 4930/715/230 2103/685/230
f 2827/720/230 2825/3758/230 4930/715/230
f 2825/3758/230 1975/696/230 971/716/230
f 1105/719/1087 4931/694/1087 2825/3758/1087
f 2828/723/230 2750/3233/230 4931/694/230
f 2829/3752/229 2001/693/229 997/725/229
f 1106/728/229 4932/691/229 2829/3752/229
f 2832/732/229 2748/3225/229 4932/691/229
f 2833/3745/228 2027/690/228 1023/734/228
f 1107/737/228 4933/688/228 2833/3745/228
f 2836/741/228 2746/3218/228 4933/688/228
f 4934/687/183 970/3759/183 2837/742/183
f 2840/749/183 2837/742/183 1108/3732/183
f 1099/3755/183 4934/687/183 2840/749/183
f 4935/684/227 996/3760/227 2841/751/227
f 2844/758/227 2841/751/227 1109/3726/227
f 1098/3749/227 4935/684/227 2844/758/227
f 2845/3725/226 2026/681/226 1022/761/226
f 1110/764/226 4936/680/226 2845/3725/226
f 2848/768/226 2101/3744/226 4936/680/226
f 4937/679/183 969/3761/183 2849/769/183
f 2852/776/183 2849/769/183 1111/3712/183
f 1096/3736/183 4937/679/183 2852/776/183
f 4938/676/225 995/3762/225 2853/778/225
f 2856/785/225 2853/778/225 1112/3705/225
f 1095/3729/225 4938/676/225 2856/785/225
f 4939/673/1088 1021/3763/1088 2857/787/1088
f 2860/794/1089 2857/787/1089 1113/3698/1089
f 1094/3722/1090 4939/673/1090 2860/794/1090
f 4940/671/183 968/3764/183 2861/796/183
f 2864/803/183 2861/796/183 1114/3691/183
f 1093/3716/183 4940/671/183 2864/803/183
f 2865/3690/187 1998/668/187 994/806/187
f 1115/809/187 4941/666/187 2865/3690/187
f 2868/813/187 2096/3711/187 4941/666/187
f 2869/3682/223 2024/665/223 1020/815/223
f 1116/818/223 4942/663/223 2869/3682/223
f 2872/822/223 2095/3704/223 4942/663/223
f 4943/662/183 967/3765/183 2873/823/183
f 2876/830/183 2873/823/183 1117/3668/183
f 1090/3695/183 4943/662/183 2876/830/183
f 4944/657/222 993/3766/222 2877/832/222
f 2880/840/222 2877/832/222 1118/836/222
f 2880/840/222 2093/3689/222 4944/657/222
f 4945/656/1091 1019/3767/1091 2881/841/1091
f 2884/848/1092 2881/841/1092 1119/3654/1092
f 1088/3679/1093 4945/656/1093 2884/848/1093
f 4946/653/220 966/3768/220 2885/850/220
f 2888/857/220 2885/850/220 1120/3647/220
f 1087/3672/220 4946/653/220 2888/857/220
f 4947/650/219 992/3769/219 2889/859/219
f 2892/866/219 2889/859/219 1121/3640/219
f 1086/3665/219 4947/650/219 2892/866/219
f 2893/3639/187 2022/647/187 1018/869/187
f 1122/872/187 4948/645/187 2893/3639/187
f 2896/876/187 2089/3660/187 4948/645/187
f 4949/644/218 965/3770/218 2897/877/218
f 2900/884/218 2897/877/218 1123/3624/218
f 1084/3651/218 4949/644/218 2900/884/218
f 2901/3623/217 1995/641/217 991/887/217
f 1124/890/217 4950/639/217 2901/3623/217
f 2904/894/217 2087/3646/217 4950/639/217
f 4951/636/216 1017/3771/216 2905/895/216
f 2908/902/216 2905/895/216 1125/899/216
f 1082/3635/216 4951/636/216 2908/902/216
f 4952/635/215 964/3772/215 2909/904/215
f 2912/911/215 2909/904/215 1126/3604/215
f 1081/3628/215 4952/635/215 2912/911/215
f 2913/3603/187 1994/632/187 990/914/187
f 1127/917/187 4953/630/187 2913/3603/187
f 2916/921/187 2084/3622/187 4953/630/187
f 4954/629/214 1016/3773/214 2917/922/214
f 2920/929/214 2917/922/214 1128/3589/214
f 1079/3614/214 4954/629/214 2920/929/214
f 4955/626/183 963/3774/183 2921/931/183
f 2924/938/183 2921/931/183 1129/3582/183
f 1078/3608/183 4955/626/183 2924/938/183
f 2925/3581/213 1993/623/213 989/941/213
f 1130/944/213 4956/621/213 2925/3581/213
f 2928/948/213 2081/3602/213 4956/621/213
f 2929/3573/187 2019/620/187 1015/950/187
f 1131/953/187 4957/618/187 2929/3573/187
f 2932/957/187 2080/3595/187 4957/618/187
f 2933/3565/1094 1966/617/1094 962/959/1094
f 1132/962/1095 4958/615/1095 2933/3565/1095
f 2936/966/1096 2079/3588/1096 4958/615/1096
f 2937/3557/211 1992/614/211 988/968/211
f 1133/971/211 4959/612/211 2937/3557/211
f 2940/975/211 2078/3580/211 4959/612/211
f 2941/3549/187 2018/611/187 1014/977/187
f 1134/980/187 4960/609/187 2941/3549/187
f 2944/984/187 2077/3572/187 4960/609/187
f 2945/3541/210 1965/608/210 961/986/210
f 1135/3534/210 4961/606/210 2945/3541/210
f 2948/992/210 2076/3564/210 4961/606/210
f 2949/3533/209 1991/605/209 987/995/209
f 1136/998/209 4962/603/209 2949/3533/209
f 2952/1002/209 2075/3556/209 4962/603/209
f 2953/3526/187 2017/602/187 1013/1004/187
f 1137/1007/187 4963/600/187 2953/3526/187
f 2956/1011/187 2074/3548/187 4963/600/187
f 4964/599/1097 960/3775/1097 2957/1012/1097
f 1138/1016/1097 4964/599/1097 2957/1012/1097
f 2960/1020/208 2073/597/208 4964/599/208
f 2961/3511/207 1990/596/207 986/1022/207
f 1139/1025/207 4965/594/207 2961/3511/207
f 2964/1029/207 2072/3532/207 4965/594/207
f 4966/593/206 1012/3776/206 2965/1030/206
f 2968/1037/206 2965/1030/206 1140/3498/206
f 1067/3523/206 4966/593/206 2968/1037/206
f 2969/3497/205 1963/590/205 959/1040/205
f 1141/1043/205 4967/588/205 2969/3497/205
f 2972/1047/205 2070/3518/205 4967/588/205
f 2973/3489/204 1989/587/204 985/1049/204
f 1142/1052/204 4968/585/204 2973/3489/204
f 2976/1056/204 2069/3510/204 4968/585/204
f 4969/584/1098 1011/3777/1098 2977/1057/1098
f 2980/1064/1099 2977/1057/1099 1143/3475/1099
f 1064/3502/1100 4969/584/1100 2980/1064/1100
f 4970/581/1101 958/3778/1101 2981/1066/1101
f 2984/1073/1102 2981/1066/1102 1144/3468/1102
f 1063/3494/1103 4970/581/1103 2984/1073/1103
f 2985/3467/201 1988/578/201 984/1076/201
f 1145/1079/201 4971/576/201 2985/3467/201
f 2988/1083/201 2066/3488/201 4971/576/201
f 4972/575/1104 1010/3779/1104 2989/1084/1104
f 2992/1092/1026 2989/1084/1026 1146/1088/1026
f 1061/1091/257 4972/575/257 2992/1092/257
f 2993/3452/199 1961/572/199 957/1094/199
f 1147/1097/199 4973/570/199 2993/3452/199
f 2996/1101/199 2064/3474/199 4973/570/199
f 2997/3444/198 1987/569/198 983/1103/198
f 1148/1106/198 4974/567/198 2997/3444/198
f 3000/1110/1025 2063/3466/1025 4974/567/1025
f 4975/566/1105 1009/3780/1105 3001/1111/1105
f 3004/1118/1106 3001/1111/1106 1149/3430/1106
f 1058/3457/1107 4975/566/1107 3004/1118/1107
f 4976/563/196 956/3781/196 3005/1120/196
f 3008/1127/196 3005/1120/196 1150/3423/196
f 1057/3449/188 4976/563/188 3008/1127/188
f 3009/3422/195 1986/560/195 982/1130/195
f 1151/1133/195 4977/558/195 3009/3422/195
f 3012/1137/195 2060/3443/195 4977/558/195
f 3013/3414/1108 2012/557/1108 1008/1139/1108
f 1152/1142/1109 4978/555/1109 3013/3414/1109
f 3016/1146/1110 2059/3436/1110 4978/555/1110
f 4979/554/193 955/3782/193 3017/1147/193
f 3020/1154/193 3017/1147/193 1153/3400/193
f 1054/3427/193 4979/554/193 3020/1154/193
f 3021/3399/192 1985/551/192 981/1157/192
f 1154/1160/192 4980/549/192 3021/3399/192
f 3024/1164/192 2057/3421/192 4980/549/192
f 3025/3391/1111 2011/548/1111 1007/1166/1111
f 1155/1169/1112 4981/546/1112 3025/3391/1112
f 3028/1173/1113 2056/3413/1113 4981/546/1113
f 4982/545/188 954/3783/188 3029/1174/188
f 3032/1181/188 3029/1174/188 1156/3379/188
f 1051/3404/188 4982/545/188 3032/1181/188
f 3033/3378/190 1984/542/190 980/1184/190
f 1157/1187/190 4983/540/190 3033/3378/190
f 3036/1191/190 2054/3398/190 4983/540/190
f 3037/3370/187 2010/539/187 1006/1193/187
f 1158/1196/187 4984/537/187 3037/3370/187
f 3040/1200/187 2053/3390/187 4984/537/187
f 4985/536/189 953/476/189 3041/1201/189
f 3044/1208/189 3041/1201/189 1159/3356/189
f 1048/3383/189 4985/536/189 3044/1208/189
f 4986/533/183 979/3784/183 3045/1210/183
f 3048/1217/183 3045/1210/183 1160/3349/183
f 1047/3375/183 4986/533/183 3048/1217/183
f 3049/3348/187 2009/530/187 1005/1220/187
f 1161/1223/187 4987/528/187 3049/3348/187
f 3052/1227/187 2050/3369/187 4987/528/187
f 4988/527/188 952/3785/188 3053/1228/188
f 3056/1235/196 3053/1228/196 1162/3334/196
f 1045/3360/188 4988/527/188 3056/1235/188
f 4989/524/183 978/3786/183 3057/1237/183
f 3060/1244/183 3057/1237/183 1163/3327/183
f 1044/3353/183 4989/524/183 3060/1244/183
f 3061/3326/187 2008/521/187 1004/1247/187
f 1164/1250/187 4990/519/187 3061/3326/187
f 3064/1254/187 2047/3347/187 4990/519/187
f 3065/3318/186 1955/518/186 951/1256/186
f 1165/1259/186 4991/516/186 3065/3318/186
f 3068/1263/186 2760/3297/186 4991/516/186
f 4992/515/183 977/3787/183 3069/1264/183
f 3072/1271/183 3069/1264/183 1166/3306/183
f 1042/3331/183 4992/515/183 3072/1271/183
f 4993/512/185 1003/3788/185 3073/1273/185
f 3076/1280/185 3073/1273/185 1167/3299/185
f 1041/3323/185 4993/512/185 3076/1280/185
f 3077/3298/184 1954/509/184 950/1283/184
f 1168/1286/184 4994/507/184 3077/3298/184
f 3080/1290/184 2043/3340/184 4994/507/184
f 4995/506/183 976/3789/183 3081/1291/183
f 3084/1298/183 3081/1291/183 1169/3284/183
f 1038/3310/183 4995/506/183 3084/1298/183
f 3085/3283/182 2006/503/182 1002/1301/182
f 1170/1304/182 4996/501/182 3085/3283/182
f 3088/1308/1114 2041/3305/1114 4996/501/1114
f 4997/500/183 975/3790/183 3089/1309/183
f 3092/1316/183 3089/1309/183 1171/3270/183
f 1036/3287/183 4997/500/183 3092/1316/183
f 3093/3269/182 2005/497/182 1001/1319/182
f 1172/1322/182 4998/495/182 3093/3269/182
f 3096/1326/182 2039/3282/182 4998/495/182
f 4999/494/181 974/3791/181 3097/1327/181
f 3100/1334/181 3097/1327/181 1173/3257/181
f 1034/3273/181 4999/494/181 3100/1334/181
f 3101/3256/180 2004/491/180 1000/1337/180
f 1174/1340/180 5000/489/180 3101/3256/180
f 3104/1344/180 2037/3268/180 5000/489/180
f 3105/3248/179 1977/488/179 973/1346/179
f 1175/1349/179 5001/486/179 3105/3248/179
f 3108/1353/179 2036/3262/179 5001/486/179
f 5002/485/178 999/3792/178 3109/1354/178
f 3112/1361/178 3109/1354/178 1176/3234/178
f 1031/3253/178 5002/485/178 3112/1361/178
f 5003/482/177 972/3793/177 3113/1363/177
f 3116/1370/177 3113/1363/177 1177/3226/177
f 1029/3245/177 5003/482/177 3116/1370/177
f 5004/479/176 998/3794/176 3117/1372/176
f 3120/1379/176 3117/1372/176 1178/3219/176
f 3120/1379/176 2031/477/176 5004/479/176
f 5005/473/174 1024/3795/174 3121/1381/174
f 3124/1388/174 3121/1381/174 1179/3211/174
f 1025/3315/174 5005/473/174 3124/1388/174
f 5006/470/173 873/2868/173 3125/1390/173
f 3128/1397/173 3125/1390/173 1180/3209/173
f 719/3083/173 5006/470/173 3128/1397/173
f 3129/3208/996 2592/467/996 872/1400/996
f 1181/1403/172 5007/465/172 3129/3208/172
f 3132/1407/996 1725/3196/996 5007/465/996
f 5008/464/267 871/2877/267 3133/1408/267
f 3136/1415/993 3133/1408/993 1182/3200/993
f 723/3048/994 5008/464/994 3136/1415/994
f 5009/461/170 870/2884/170 3137/1417/170
f 3140/1424/170 3137/1417/170 1183/3198/170
f 640/3210/170 5009/461/170 3140/1424/170
f 3141/3197/169 2589/458/169 869/1427/169
f 1184/1430/169 5010/456/169 3141/3197/169
f 3144/1434/169 1730/3184/169 5010/456/169
f 5011/455/168 868/2892/168 3145/1435/168
f 3148/1442/168 3145/1435/168 1185/3188/168
f 644/3203/168 5011/455/168 3148/1442/168
f 5012/452/167 867/2898/167 3149/1444/167
f 3152/1451/989 3149/1444/989 1186/3186/989
f 645/3199/167 5012/452/167 3152/1451/167
f 3153/3185/166 2586/449/166 866/1454/166
f 1187/1457/166 5013/447/166 3153/3185/166
f 3156/1461/166 1733/3796/166 5013/447/166
f 5014/446/165 865/2906/165 3157/1462/165
f 3160/1469/165 3157/1462/165 1188/3177/165
f 647/3192/165 5014/446/165 3160/1469/165
f 5015/443/164 864/2913/164 3161/1471/164
f 3164/1478/164 3161/1471/164 1189/3176/164
f 648/3187/164 5015/443/164 3164/1478/164
f 3165/3175/163 2583/440/163 863/1481/163
f 1190/1484/163 5016/438/163 3165/3175/163
f 3168/1488/163 1736/3165/163 5016/438/163
f 3169/3170/162 2582/436/162 862/1490/162
f 1191/1493/162 5017/436/162 3169/3170/162
f 3172/437/162 1737/437/162 5017/436/162
f 3173/3166/161 2581/435/161 861/1497/161
f 1192/1500/161 5018/433/161 3173/3166/161
f 3176/1504/161 1738/430/161 5018/433/161
f 3177/24/160 2580/24/160 860/24/160
f 1193/24/160 5019/24/160 3177/24/160
f 3180/24/160 1739/24/160 5019/24/160
f 5020/432/155 859/2928/155 3181/1506/155
f 3184/1513/155 3181/1506/155 1194/3161/155
f 734/1503/155 5020/432/155 3184/1513/155
f 5021/24/985 858/24/985 3185/24/985
f 3188/24/270 3185/24/270 1195/24/270
f 738/24/270 5021/24/270 3188/24/270
f 5022/429/158 857/1516/158 3189/3160/158
f 3192/1522/158 3189/3160/158 1196/1519/158
f 658/3797/158 5022/429/158 3192/1522/158
f 3193/3157/155 2576/425/155 856/1525/155
f 1197/1528/155 5023/426/155 3193/3157/155
f 659/3162/155 5023/426/155 3196/1531/155
f 5024/1/157 855/1/157 3197/1/157
f 3200/1/984 3197/1/984 1198/1/984
f 741/1/157 5024/1/157 3200/1/157
f 3201/3154/271 2574/423/271 854/1534/271
f 1199/1537/156 5025/421/156 3201/3154/156
f 3204/1541/156 2381/3159/156 5025/421/156
f 3205/3150/155 2573/420/155 853/1543/155
f 1200/1546/155 5026/418/155 3205/3150/155
f 3208/1550/155 2382/3156/155 5026/418/155
f 5027/1/272 852/1/272 3209/1/272
f 3212/1/272 3209/1/272 1201/1/272
f 744/1/983 5027/1/983 3212/1/983
f 3213/3146/153 2571/417/153 851/1552/153
f 1202/1555/153 5028/415/153 3213/3146/153
f 3216/1559/153 2384/3153/153 5028/415/153
f 3217/3143/152 2570/414/152 850/1561/152
f 1203/1564/152 5029/412/152 3217/3143/152
f 3220/1568/152 2385/3149/152 5029/412/152
f 5030/1/151 849/1/151 3221/1/151
f 3224/1/1115 3221/1/1115 1204/1/1115
f 747/1/151 5030/1/151 3224/1/151
f 5031/411/150 848/2953/150 3225/1569/150
f 3228/1576/150 3225/1569/150 1205/3135/150
f 748/3130/274 5031/411/274 3228/1576/274
f 5032/408/275 847/2957/275 3229/1578/275
f 3232/1585/149 3229/1578/149 1206/3131/149
f 749/3128/149 5032/408/149 3232/1585/149
f 5033/1/148 846/1/148 3233/1/148
f 3236/1/148 3233/1/148 1207/1/148
f 750/1/148 5033/1/148 3236/1/148
f 5034/405/1116 845/2961/1116 3237/1587/1116
f 3240/1594/1117 3237/1587/1117 1208/3129/1117
f 751/3126/1118 5034/405/1118 3240/1594/1118
f 5035/402/279 844/2967/279 3241/1596/279
f 3244/1603/279 3241/1596/279 1209/3127/279
f 752/3124/279 5035/402/279 3244/1603/279
f 5036/1/1119 843/1/1119 3245/1/1119
f 3248/1/1120 3245/1/1120 1210/1/1120
f 753/1/1121 5036/1/1121 3248/1/1121
f 5037/399/1122 842/2973/1122 3249/1605/1122
f 3252/1612/1123 3249/1605/1123 1211/3125/1123
f 754/1630/1124 5037/399/1124 3252/1612/1124
f 5038/396/286 841/2978/286 3253/1614/286
f 3256/1621/286 3253/1614/286 1212/3123/286
f 755/3116/286 5038/396/286 3256/1621/286
f 5039/1/1125 840/1/1125 3257/1/1125
f 3260/1/1126 3257/1/1126 1213/1/1126
f 756/1/1127 5039/1/1127 3260/1/1127
f 3261/3122/290 2559/393/290 839/1624/290
f 1214/1627/290 5040/391/290 3261/3122/290
f 3264/1631/141 1758/397/141 5040/391/141
f 5041/390/140 838/2986/140 3265/1632/140
f 3268/1639/140 3265/1632/140 1215/3115/140
f 758/3110/140 5041/390/140 3268/1639/140
f 3269/1/1128 2557/1/1128 837/1/1128
f 1216/1/1129 5042/1/1129 3269/1/1129
f 3272/1/1130 1763/1/1130 5042/1/1130
f 3273/3114/1131 2556/387/1131 836/1642/1131
f 1217/1645/1132 5043/385/1132 3273/3114/1132
f 3276/1649/1133 2399/3121/1133 5043/385/1133
f 5044/384/137 835/2994/137 3277/1650/137
f 3280/1657/137 3277/1650/137 1218/3109/137
f 761/1670/137 5044/384/137 3280/1657/137
f 3281/1/136 2554/1/136 834/1/136
f 1219/1/136 5045/1/136 3281/1/136
f 3284/1/136 1766/1/136 5045/1/136
f 3285/3108/1134 2553/381/1134 833/1660/1134
f 1220/1663/1135 5046/379/1135 3285/3108/1135
f 3288/1667/1136 2402/3113/1136 5046/379/1136
f 3289/121/134 2552/378/134 832/121/134
f 1221/1668/301 5047/376/301 3289/121/301
f 3292/1671/134 1765/382/134 5047/376/134
f 3293/1/129 2551/1/129 831/1/129
f 1222/1/129 5048/1/129 3293/1/129
f 3296/1/129 1769/1/129 5048/1/129
f 3297/3103/1137 2550/375/1137 830/1673/1137
f 1223/1676/1138 5049/373/1138 3297/3103/1138
f 3300/1680/1139 2405/3107/1139 5049/373/1139
f 5050/23/1140 829/23/1140 3301/23/1140
f 3304/23/1141 3301/23/1141 1224/23/1141
f 767/23/1142 5050/23/1142 3304/23/1142
f 3305/1/129 2548/1/129 828/1/129
f 1225/1/129 5051/1/129 3305/1/129
f 3308/1/129 1772/1/129 5051/1/129
f 3309/3098/131 2547/372/131 827/1682/131
f 1226/1685/131 5052/370/131 3309/3098/131
f 3312/1689/131 2408/3102/131 5052/370/131
f 5053/23/1143 826/23/1143 3313/23/1143
f 3316/23/1144 3313/23/1144 1227/23/1144
f 770/23/1145 5053/23/1145 3316/23/1145
f 3317/1/129 2545/1/129 825/1/129
f 1228/1/129 5054/1/129 3317/1/129
f 3320/1/129 1775/1/129 5054/1/129
f 3321/3093/128 2544/369/128 824/1691/128
f 1229/1694/128 5055/367/128 3321/3093/128
f 3324/1698/128 2411/3097/128 5055/367/128
f 3325/23/1146 2543/23/1146 823/23/1146
f 1230/23/1147 5056/23/1147 3325/23/1147
f 3328/23/1148 1777/23/1148 5056/23/1148
f 3329/1/126 2542/1/126 822/1/126
f 1231/1/314 5057/1/314 3329/1/314
f 3332/1/126 1778/1/126 5057/1/126
f 3333/1700/1149 2541/366/1149 821/1700/1149
f 1232/1701/1150 5058/364/1150 3333/1700/1150
f 3336/364/1151 2414/3092/1151 5058/364/1151
f 3337/23/1152 2540/23/1152 820/23/1152
f 1233/23/1153 5059/23/1153 3337/23/1153
f 3340/23/1154 1780/23/1154 5059/23/1154
f 3341/1/123 2539/1/123 819/1/123
f 1234/1/123 5060/1/123 3341/1/123
f 3344/1/123 1781/1/123 5060/1/123
f 3345/363/1155 2538/363/1155 818/363/1155
f 1235/1704/1156 5061/362/1156 3345/363/1156
f 3348/362/1157 2417/362/1157 5061/362/1157
f 3349/23/121 2537/23/121 817/23/121
f 1236/23/121 5062/23/121 3349/23/121
f 3352/23/121 1783/23/121 5062/23/121
f 5063/1/120 816/1/120 3353/1/120
f 3356/1/120 3353/1/120 1237/1/120
f 780/24/120 5063/1/120 3356/1/120
f 3357/37/1158 2535/37/1158 815/37/1158
f 1238/37/1159 5064/37/1159 3357/37/1159
f 3360/37/1160 2420/37/1160 5064/37/1160
f 5065/23/1161 814/23/1161 3361/23/1161
f 3364/23/1162 3361/23/1162 1239/23/1162
f 779/23/1163 5065/23/1163 3364/23/1163
f 5066/361/115 813/123/115 3365/123/115
f 3368/361/115 3365/123/115 1240/24/115
f 783/360/115 5066/361/115 3368/361/115
f 3369/133/1164 2532/133/1164 812/133/1164
f 1241/133/1165 5067/133/1165 3369/133/1165
f 3372/133/1166 2423/133/1166 5067/133/1166
f 5068/359/116 811/358/116 3373/359/116
f 3376/1710/116 3373/359/116 1242/3086/116
f 704/1710/116 5068/359/116 3376/1710/116
f 5069/356/115 810/1712/115 3377/1712/115
f 3380/1718/115 3377/1712/115 1243/1715/115
f 786/1744/115 5069/356/115 3380/1718/115
f 5070/353/114 809/1720/114 3381/1720/114
f 3384/1727/114 3381/1720/114 1244/1723/114
f 787/353/114 5070/353/114 3384/1727/114
f 3385/3082/1167 2528/351/1167 808/1730/1167
f 1245/1733/1168 5071/349/1168 3385/3082/1168
f 3388/1737/1169 1792/3072/1169 5071/349/1169
f 3389/3076/112 2527/348/112 807/1739/112
f 1246/1741/112 5072/346/112 3389/3076/112
f 3392/1745/813 1790/354/813 5072/346/813
f 5073/345/1170 806/306/1170 3393/306/1170
f 3396/1748/1171 3393/306/1171 1247/1746/1171
f 790/344/1172 5073/345/1172 3396/1748/1172
f 3397/133/1173 2525/133/1173 805/133/1173
f 1248/133/1174 5074/133/1174 3397/133/1174
f 3400/133/1175 2426/133/1175 5074/133/1175
f 3401/3073/109 2524/343/109 804/1751/109
f 1249/1754/109 5075/341/109 3401/3073/109
f 3404/1758/109 1796/3062/109 5075/341/109
f 3405/3068/108 2523/340/108 803/1760/108
f 1250/1763/108 5076/338/108 3405/3068/108
f 3408/1767/108 2431/3075/108 5076/338/108
f 5077/133/1176 802/133/1176 3409/133/1176
f 3412/133/1177 3409/133/1177 1251/133/1177
f 794/133/1178 5077/133/1178 3412/133/1178
f 5078/337/1179 801/3026/1179 3413/1768/1179
f 3416/1775/1180 3413/1768/1180 1252/3059/1180
f 795/3052/1181 5078/337/1181 3416/1775/1181
f 5079/334/1182 800/3031/1182 3417/1777/1182
f 3420/1784/105 3417/1777/105 1253/3054/105
f 715/3066/775 5079/334/775 3420/1784/775
f 5080/133/1183 799/133/1183 3421/133/1183
f 3424/133/1184 3421/133/1184 1254/133/1184
f 713/133/1185 5080/133/1185 3424/133/1185
f 3425/3053/103 2518/331/103 798/1787/103
f 1255/1790/103 5081/329/103 3425/3053/103
f 3428/1794/103 2362/3207/103 5081/329/103
f 5082/328/102 797/3040/102 3429/1795/102
f 3432/1802/102 3429/1795/102 1256/3044/102
f 718/3057/102 5082/328/102 3432/1802/102
f 3433/3043/101 2264/323/101 544/1805/101
f 1257/1808/101 5083/321/101 3433/3043/101
f 3436/1812/101 2516/3034/101 5083/321/101
f 5084/320/100 570/2381/100 3437/1813/100
f 3440/1819/100 3437/1813/100 1258/3036/100
f 722/2875/100 5084/320/100 3440/1819/100
f 3441/133/1186 2237/133/1186 517/133/1186
f 1259/133/1187 5085/133/1187 3441/133/1187
f 3444/133/1188 2511/133/1188 5085/133/1188
f 3445/3035/357 2263/128/357 543/1822/357
f 1260/1825/98 5086/317/98 3445/3035/98
f 3448/1829/98 2513/3024/98 5086/317/98
f 3449/3029/1189 1573/316/1189 569/1831/1189
f 1261/1833/1190 5087/315/1190 3449/3029/1190
f 3452/1837/1191 1721/3038/1191 5087/315/1191
f 3453/344/1192 2236/133/1192 516/344/1192
f 1262/133/1193 5088/133/1193 3453/344/1193
f 3456/133/1194 1720/133/1194 5088/133/1194
f 5089/314/95 542/2362/95 3457/1839/95
f 3460/1845/95 3457/1839/95 1263/3021/95
f 789/3018/364 5089/314/364 3460/1845/364
f 5090/311/94 568/2224/94 3461/1847/94
f 3464/1853/94 3461/1847/94 1264/3019/94
f 714/3028/94 5090/311/94 3464/1853/94
f 5091/133/365 594/133/365 3465/133/365
f 3468/133/93 3465/133/93 1265/133/93
f 784/133/365 5091/133/365 3468/133/365
f 3469/1856/1195 2235/308/1195 515/1856/1195
f 1266/306/1196 5092/306/1196 3469/1856/1196
f 3472/307/1197 1716/307/1197 5092/306/1197
f 5093/305/370 541/2810/370 3473/1858/370
f 3476/1865/370 3473/1858/370 1267/3017/370
f 708/1887/723 5093/305/723 3476/1865/723
f 5094/303/1198 567/2216/1198 3477/1867/1198
f 3480/1873/1199 3477/1867/1199 1268/3016/1199
f 710/3020/1200 5094/303/1200 3480/1873/1200
f 3481/3015/89 2234/300/89 514/1876/89
f 1269/1879/89 5095/298/89 3481/3015/89
f 3484/1882/89 1713/1881/89 5095/298/89
f 3485/3012/86 1544/297/86 540/1883/86
f 1270/1885/86 5096/295/86 3485/3012/86
f 3488/1888/86 1712/304/86 5096/295/86
f 3489/3010/1201 2286/294/1201 566/1890/1201
f 1271/1893/1202 5097/293/1202 3489/3010/1202
f 3492/1895/1203 2502/1895/1203 5097/293/1203
f 5098/133/1204 592/133/1204 3493/133/1204
f 3496/133/1205 3493/133/1205 1272/133/1205
f 781/37/1206 5098/133/1206 3496/133/1206
f 3497/123/86 1543/1/86 539/1/86
f 1273/123/86 5099/123/86 3497/123/86
f 3500/123/86 1709/123/86 5099/123/86
f 3501/1895/85 2285/194/85 565/194/85
f 1274/23/85 5100/23/85 3501/1895/85
f 3504/23/85 1705/23/85 5100/23/85
f 5101/37/1207 591/135/1207 3505/37/1207
f 3508/37/1208 3505/37/1208 1275/37/1208
f 778/37/1209 5101/37/1209 3508/37/1209
f 3509/1/83 1542/1/83 538/1/83
f 1276/1/83 5102/1/83 3509/1/83
f 3512/1/83 1706/1/83 5102/1/83
f 5103/23/82 564/23/82 3513/23/82
f 3516/23/82 3513/23/82 1277/23/82
f 701/23/82 5103/23/82 3516/23/82
f 5104/136/1210 590/1896/1210 3517/1896/1210
f 3520/1896/1211 3517/1896/1211 1278/1896/1211
f 775/1897/1212 5104/136/1212 3520/1896/1212
f 5105/1/80 537/1/80 3521/1/80
f 3524/1/386 3521/1/386 1279/1/386
f 699/1/80 5105/1/80 3524/1/80
f 5106/23/1213 563/23/1213 3525/23/1213
f 3528/23/1214 3525/23/1214 1280/23/1214
f 698/23/1215 5106/23/1215 3528/23/1215
f 5107/292/1216 589/1898/1216 3529/1898/1216
f 3532/292/1217 3529/1898/1217 1281/3006/1217
f 772/3005/1218 5107/292/1218 3532/292/1218
f 5108/1/77 536/1/77 3533/1/77
f 3536/1/77 3533/1/77 1282/1/77
f 696/1/77 5108/1/77 3536/1/77
f 5109/23/1219 562/23/1219 3537/23/1219
f 3540/23/1220 3537/23/1220 1283/23/1220
f 695/23/1221 5109/23/1221 3540/23/1221
f 5110/290/75 588/3798/75 3541/1903/75
f 3544/1910/75 3541/1903/75 1284/3004/75
f 769/3003/75 5110/290/75 3544/1910/75
f 5111/1/70 535/1/70 3545/1/70
f 3548/1/70 3545/1/70 1285/1/70
f 693/1/70 5111/1/70 3548/1/70
f 3549/23/1222 1565/23/1222 561/23/1222
f 1286/23/1223 5112/23/1223 3549/23/1223
f 3552/23/1224 1696/23/1224 5112/23/1224
f 5113/288/73 587/3799/73 3553/1912/73
f 3556/1919/73 3553/1912/73 1287/3002/73
f 766/3001/73 5113/288/73 3556/1919/73
f 5114/1/70 534/1/70 3557/1/70
f 3560/1/70 3557/1/70 1288/1/70
f 690/1/70 5114/1/70 3560/1/70
f 3561/23/1225 1564/23/1225 560/23/1225
f 1289/23/1226 5115/23/1226 3561/23/1226
f 3564/23/1227 1693/23/1227 5115/23/1227
f 5116/286/1228 586/3800/1228 3565/1921/1228
f 3568/1928/1229 3565/1921/1229 1290/3000/1229
f 763/2999/1230 5116/286/1230 3568/1928/1230
f 5117/1/70 533/1/70 3569/1/70
f 3572/1/70 3569/1/70 1291/1/70
f 687/1/70 5117/1/70 3572/1/70
f 5118/284/405 559/2866/405 3573/378/405
f 3576/1931/69 3573/378/69 1292/378/69
f 683/1949/405 5118/284/405 3576/1931/405
f 5119/281/1231 585/3801/1231 3577/1933/1231
f 3580/1940/1232 3577/1933/1232 1293/2998/1232
f 760/2992/1233 5119/281/1233 3580/1940/1233
f 5120/1/67 532/1/67 3581/1/67
f 3584/1/67 3581/1/67 1294/1/67
f 684/1/67 5120/1/67 3584/1/67
f 3585/2997/66 1562/279/66 558/1943/66
f 1295/1946/66 5121/277/66 3585/2997/66
f 3588/1950/66 1687/282/66 5121/277/66
f 5122/276/1234 584/2355/1234 3589/1951/1234
f 3592/1958/1235 3589/1951/1235 1296/2991/1235
f 757/2984/1236 5122/276/1236 3592/1958/1236
f 5123/1/1237 531/1/1237 3593/1/1237
f 3596/1/1238 3593/1/1238 1297/1/1238
f 681/1/1239 5123/1/1239 3596/1/1239
f 3597/2990/415 1561/274/415 557/1961/415
f 1298/1964/63 5124/272/63 3597/2990/63
f 3600/1968/63 1684/2996/63 5124/272/63
f 5125/271/62 583/3802/62 3601/1969/62
f 3604/1976/62 3601/1969/62 1299/2983/62
f 676/1994/62 5125/271/62 3604/1976/62
f 3605/1/1240 1534/1/1240 530/1/1240
f 1300/1/1241 5126/1/1241 3605/1/1241
f 3608/1/1242 1682/1/1242 5126/1/1242
f 3609/2982/579 1560/269/579 556/1979/579
f 1301/1982/579 5127/267/579 3609/2982/579
f 3612/1986/579 1681/2989/579 5127/267/579
f 3613/2976/59 1586/156/59 582/1988/59
f 1302/1991/59 5128/266/59 3613/2976/59
f 3616/1995/59 1680/270/59 5128/266/59
f 3617/1/1243 1533/1/1243 529/1/1243
f 1303/1/1244 5129/1/1244 3617/1/1244
f 3620/1/1245 1679/1/1245 5129/1/1245
f 3621/2971/57 1559/265/57 555/1997/57
f 1304/2000/569 5130/263/569 3621/2971/569
f 3624/2004/57 1678/2981/57 5130/263/57
f 3625/2965/56 1585/262/56 581/2006/56
f 1305/2008/56 5131/260/56 3625/2965/56
f 3628/2012/56 1677/2975/56 5131/260/56
f 3629/1/55 1532/1/55 528/1/55
f 1306/1/568 5132/1/568 3629/1/568
f 3632/1/55 1676/1/55 5132/1/55
f 3633/2959/54 1558/259/54 554/2014/54
f 1307/2017/567 5133/257/567 3633/2959/567
f 3636/2021/567 1675/2970/567 5133/257/567
f 3637/2955/566 1584/256/566 580/2023/566
f 1308/2025/53 5134/255/53 3637/2955/53
f 3640/2029/566 1674/2964/566 5134/255/566
f 3641/1/52 1531/1/52 527/1/52
f 1309/1/52 5135/1/52 3641/1/52
f 3644/1/52 1673/1/52 5135/1/52
f 5136/254/51 553/2847/51 3645/2030/51
f 3648/2037/51 3645/2030/51 1310/2947/51
f 743/2941/51 5136/254/51 3648/2037/51
f 5137/251/50 579/2291/50 3649/2039/50
f 3652/2046/50 3649/2039/50 1311/2942/50
f 742/2939/50 5137/251/50 3652/2046/50
f 3653/1/563 1530/1/563 526/1/563
f 1312/1/424 5138/1/424 3653/1/424
f 3656/1/423 1670/1/423 5138/1/423
f 5139/248/44 552/2838/44 3657/2048/44
f 3660/2055/44 3657/2048/44 1313/2940/44
f 740/2937/44 5139/248/44 3660/2055/44
f 5140/245/48 578/2397/48 3661/2057/48
f 3664/2064/48 3661/2057/48 1314/2938/48
f 739/2935/425 5140/245/425 3664/2064/425
f 3665/1/47 1529/1/47 525/1/47
f 1315/1/47 5141/1/47 3665/1/47
f 3668/1/47 1667/1/47 5141/1/47
f 5142/241/44 551/2834/44 3669/2066/44
f 3672/2074/44 3669/2066/44 1316/2936/44
f 3672/2074/44 2457/2931/44 5142/241/44
f 3673/2075/46 2297/240/46 577/2282/46
f 1317/2933/46 5143/239/46 3673/2075/46
f 3676/2083/46 2456/235/46 5143/239/46
f 3677/24/562 1528/24/562 524/24/562
f 1318/24/562 5144/24/562 3677/24/562
f 3680/24/427 1664/1/427 5144/24/427
f 3681/2932/44 2270/238/44 550/2085/44
f 1319/2088/44 5145/236/44 3681/2932/44
f 3684/2092/44 1660/231/44 5145/236/44
f 5146/24/42 523/24/42 3685/24/42
f 3688/24/42 3685/24/42 1320/24/42
f 657/24/42 5146/24/42 3688/24/42
f 5147/233/41 549/2828/41 3689/2093/41
f 3692/2100/41 3689/2093/41 1321/2925/41
f 656/2091/41 5147/233/41 3692/2100/41
f 5148/230/40 575/3803/40 3693/2102/40
f 3696/2109/40 3693/2102/40 1322/2920/40
f 654/3804/40 5148/230/40 3696/2109/40
f 5149/227/39 522/2805/39 3697/2111/39
f 3700/2115/39 3697/2111/39 1323/2111/39
f 653/226/39 5149/227/39 3700/2115/39
f 5150/225/38 548/2403/38 3701/2116/38
f 3704/2123/38 3701/2116/38 1324/2919/38
f 652/2926/38 5150/225/38 3704/2123/38
f 3705/2918/37 2241/223/37 521/2126/37
f 1325/2128/37 5151/221/37 3705/2918/37
f 3708/2132/37 2448/2901/37 5151/221/37
f 3709/2911/36 2267/105/36 547/104/36
f 1326/2136/36 5152/219/36 3709/2911/36
f 3712/2140/36 2447/2895/36 5152/219/36
f 5153/218/429 573/2247/429 3713/2141/429
f 3716/2147/35 3713/2141/35 1327/2903/35
f 649/3805/35 5153/218/35 3716/2147/35
f 3717/2902/34 2240/215/34 520/2150/34
f 1328/2153/34 5154/213/34 3717/2902/34
f 3720/2157/430 2445/2887/430 5154/213/430
f 3721/2896/33 2266/212/33 546/2159/33
f 1329/2162/33 5155/210/33 3721/2896/33
f 3724/2166/33 2444/2881/33 5155/210/33
f 5156/209/32 572/2387/32 3725/2167/32
f 3728/2173/32 3725/2167/32 1330/2889/32
f 646/2904/32 5156/209/32 3728/2173/32
f 3729/2888/431 2239/206/431 519/2176/431
f 1331/2179/558 5157/204/558 3729/2888/558
f 3732/2183/558 2440/2872/558 5157/204/558
f 3733/2882/432 2265/203/432 545/2185/432
f 1332/2188/30 5158/201/30 3733/2882/30
f 3736/2192/1246 1647/3042/1246 5158/201/1246
f 5159/200/29 571/2239/29 3737/2193/29
f 3740/2199/1247 3737/2193/1247 1333/2874/1247
f 641/2890/29 5159/200/29 3740/2199/29
f 3741/2873/28 2238/197/28 518/2202/28
f 1334/2205/28 5160/195/28 3741/2873/28
f 3744/2209/28 1643/3014/28 5160/195/28
f 3745/23/1248 2284/23/1248 564/23/1248
f 1335/23/1249 5161/23/1249 3745/23/1249
f 3748/23/1250 2358/23/1250 5161/23/1250
f 1565/23/26 3750/23/26 561/23/26
f 1565/23/26 2282/23/26 3750/23/26
f 2282/23/26 562/23/26 3750/23/26
f 3752/193/1251 1639/194/1251 635/194/1251
f 1336/2211/1252 5162/193/1252 3752/193/1252
f 3755/2214/1253 2286/294/1253 5162/193/1253
f 3756/2863/2 2287/192/2 567/2216/2
f 1337/2218/2 5163/190/2 3756/2863/2
f 3759/2222/2 1638/2865/2 5163/190/2
f 3760/2859/2 2288/189/2 568/2224/2
f 1338/2226/2 5164/187/2 3760/2859/2
f 3763/2230/2 1637/2862/2 5164/187/2
f 3764/2854/4 2289/185/4 569/1831/4
f 1339/2233/4 5165/186/4 3764/2854/4
f 632/2857/4 5165/186/4 3767/2236/4
f 3768/2852/2 2291/183/2 571/2239/2
f 1340/2241/2 5166/181/2 3768/2852/2
f 3771/2245/2 2350/2801/2 5166/181/2
f 3772/2850/2 2293/180/2 573/2247/2
f 1341/2249/2 5167/178/2 3772/2850/2
f 3775/2253/2 2348/2799/2 5167/178/2
f 3776/3806/4 1631/177/4 627/2255/4
f 3779/2261/4 3776/3806/4 1342/2845/4
f 3779/2261/4 2294/3807/4 5168/175/4
f 5169/174/4 624/2264/4 3780/3808/4
f 3783/2267/4 3780/3808/4 1343/2793/4
f 626/2266/4 5169/174/4 3783/2267/4
f 3784/2840/4 1628/171/4 624/2264/4
f 1344/2270/4 5170/169/4 3784/2840/4
f 3787/2274/4 2296/3809/4 5170/169/4
f 3788/3810/4 1627/168/4 623/2276/4
f 1345/2833/4 5171/166/4 3788/3810/4
f 3791/2283/4 2297/240/4 5171/166/4
f 3792/2832/4 1626/165/4 622/2285/4
f 1346/2288/4 5172/163/4 3792/2832/4
f 3795/2292/4 2299/250/4 5172/163/4
f 5173/160/2 580/2023/2 3796/2293/2
f 3799/2299/2 3796/2293/2 1347/2827/2
f 3799/2299/2 1624/2831/2 5173/160/2
f 1623/159/2 3801/2304/2 619/2301/2
f 1623/159/2 2301/158/2 3801/2304/2
f 2301/158/2 581/2006/2 3801/2304/2
f 1586/156/2 3804/2307/2 582/1988/2
f 1586/156/2 1618/155/2 3804/2307/2
f 1618/155/2 614/2308/2 3804/2307/2
f 3806/2826/4 1605/152/4 601/2312/4
f 1348/2315/4 5174/153/4 3806/2826/4
f 585/3801/4 5174/153/4 3809/2317/4
f 5175/150/4 600/2320/4 3810/2823/4
f 3813/2325/4 3810/2823/4 1349/2323/4
f 586/3800/4 5175/150/4 3813/2325/4
f 5176/147/4 599/2328/4 3814/2820/4
f 3817/2333/4 3814/2820/4 1350/2331/4
f 587/3799/4 5176/147/4 3817/2333/4
f 5177/144/4 597/2336/4 3818/2817/4
f 3821/2341/4 3818/2817/4 1351/2339/4
f 588/3798/4 5177/144/4 3821/2341/4
f 2309/141/4 3823/2343/4 589/1898/4
f 2309/141/4 1602/140/4 3823/2343/4
f 1602/140/4 598/2344/4 3823/2343/4
f 3825/2814/4 1600/137/4 596/2348/4
f 1352/2350/4 5178/138/4 3825/2814/4
f 590/1896/4 5178/138/4 3828/2352/4
f 3829/2353/1254 1599/135/1254 595/2354/1254
f 1353/135/1255 5179/135/1255 3829/2353/1255
f 591/135/1256 5179/135/1256 3832/135/1256
f 5180/133/1257 593/133/1257 3833/133/1257
f 3836/133/1258 3833/133/1258 1354/133/1258
f 592/133/1259 5180/133/1259 3836/133/1259
f 2304/132/4 3838/2357/4 584/2355/4
f 2304/132/4 1620/129/4 3838/2357/4
f 1620/129/4 616/2358/4 3838/2357/4
f 3840/2812/4 1546/127/4 542/2362/4
f 1355/2364/4 5181/125/4 3840/2812/4
f 3843/2368/4 2333/2410/4 5181/125/4
f 5182/122/2 540/1883/2 3844/2369/2
f 3847/2375/2 3844/2369/2 1356/2804/2
f 610/2803/2 5182/122/2 3847/2375/2
f 3848/1/2 2259/1/2 539/1/2
f 1357/1/2 5183/1/2 3848/1/2
f 3851/1/2 1613/1/2 5183/1/2
f 3852/1/2 2258/1/2 538/1/2
f 1358/1/2 5184/1/2 3852/1/2
f 3855/1/2 1612/1/2 5184/1/2
f 3856/1/2 2257/1/2 537/1/2
f 1359/1/2 5185/1/2 3856/1/2
f 3859/1/2 1611/1/2 5185/1/2
f 3860/1/2 2256/1/2 536/1/2
f 1360/1/2 5186/1/2 3860/1/2
f 3863/1/2 1610/1/2 5186/1/2
f 3864/1/2 2255/1/2 535/1/2
f 1361/1/2 5187/1/2 3864/1/2
f 605/1/2 5187/1/2 3867/1/2
f 3868/1/2 2254/1/2 534/1/2
f 1362/1/2 5188/1/2 3868/1/2
f 3871/1/2 1608/1/2 5188/1/2
f 3872/1/1260 2253/1/1260 533/1/1260
f 1363/1/1261 5189/1/1261 3872/1/1261
f 3875/1/1262 2323/1/1262 5189/1/1262
f 1534/1/21 3877/1/21 530/1/21
f 1534/1/21 2251/1/21 3877/1/21
f 2251/1/21 531/1/21 3877/1/21
f 1642/23/2 3880/23/2 638/23/2
f 1642/23/2 2357/23/2 3880/23/2
f 2357/23/2 637/23/2 3880/23/2
f 1640/121/20 3883/121/20 636/23/20
f 1640/121/20 2355/121/20 3883/121/20
f 2355/121/20 635/194/20 3883/121/20
f 1635/120/2 3886/2380/2 631/2377/2
f 1635/120/2 2290/119/2 3886/2380/2
f 2290/119/2 570/2381/2 3886/2380/2
f 1633/117/2 3889/2386/2 629/2383/2
f 1633/117/2 2292/116/2 3889/2386/2
f 2292/116/2 572/2387/2 3889/2386/2
f 2295/114/2 3892/2794/2 575/2389/2
f 2295/114/2 1578/113/2 3892/2794/2
f 1578/113/2 574/2795/2 3892/2794/2
f 2298/111/4 3895/2399/4 578/2397/4
f 2298/111/4 2341/110/4 3895/2399/4
f 2341/110/4 621/2400/4 3895/2399/4
f 1552/108/2 3898/2405/2 548/2403/2
f 1552/108/2 2337/107/2 3898/2405/2
f 2337/107/2 617/2406/2 3898/2405/2
f 1617/102/4 3901/2411/4 613/2367/4
f 1617/102/4 1525/101/4 3901/2411/4
f 1525/101/4 521/2126/4 3901/2411/4
f 1606/1/19 3904/1/19 602/1/19
f 1606/1/19 2252/1/19 3904/1/19
f 2252/1/19 532/1/19 3904/1/19
f 5190/23/1263 513/23/1263 3906/23/1263
f 3909/23/1264 3906/23/1264 1364/23/1264
f 3909/23/18 2159/23/18 5190/23/18
f 2157/23/17 3911/23/17 437/23/17
f 2157/23/17 1440/23/17 3911/23/17
f 1440/23/17 436/23/17 3911/23/17
f 3913/2784/2 2161/99/2 441/2414/2
f 1365/2417/2 5191/97/2 3913/2784/2
f 3916/2420/2 1514/98/2 5191/97/2
f 3917/2780/4 1513/96/4 509/2422/4
f 1366/2425/4 5192/94/4 3917/2780/4
f 3920/2429/4 2162/3080/4 5192/94/4
f 3921/2773/4 1512/93/4 508/2431/4
f 1367/2434/4 5193/91/4 3921/2773/4
f 3924/2438/4 2163/3071/4 5193/91/4
f 5194/90/2 507/2767/2 3925/2439/2
f 1368/2443/2 5194/90/2 3925/2439/2
f 3928/2447/2 2164/88/2 5194/90/2
f 3929/2759/4 2225/87/4 505/2449/4
f 1369/2452/4 5195/85/4 3929/2759/4
f 3932/2456/4 2166/3206/4 5195/85/4
f 3933/2753/4 2223/84/4 503/2458/4
f 1370/2461/4 5196/82/4 3933/2753/4
f 3936/2465/4 2168/3183/4 5196/82/4
f 3937/2466/2 2169/81/2 449/3811/2
f 3940/2474/2 3937/2466/2 1371/2740/2
f 3940/2474/2 1506/2747/2 5197/79/2
f 5198/78/2 501/2476/2 3941/3812/2
f 3944/2480/2 3941/3812/2 1372/2663/2
f 499/2479/2 5198/78/2 3944/2480/2
f 3945/2732/2 2171/75/2 451/2482/2
f 1373/2485/2 5199/73/2 3945/2732/2
f 3948/2488/2 1503/2734/2 5199/73/2
f 3949/3813/2 2172/72/2 452/2490/2
f 1374/2721/2 5200/70/2 3949/3813/2
f 3952/2497/2 1502/2731/2 5200/70/2
f 3953/2720/2 2174/69/2 454/2499/2
f 1375/2502/2 5201/67/2 3953/2720/2
f 3956/2506/2 1501/2653/2 5201/67/2
f 3957/2507/4 1499/66/4 495/2718/4
f 3960/2514/4 3957/2507/4 1376/2710/4
f 455/3136/4 5202/64/4 3960/2514/4
f 2176/63/16 3962/2519/16 456/2516/16
f 2176/63/16 1498/62/16 3962/2519/16
f 1498/62/16 494/2520/16 3962/2519/16
f 1493/60/15 3965/2525/15 489/7/15
f 1493/60/15 1461/59/15 3965/2525/15
f 1461/59/15 457/2526/15 3965/2525/15
f 5203/57/1265 460/3105/1265 3967/2529/1265
f 1377/2533/1265 5203/57/1265 3967/2529/1265
f 3970/2537/14 1480/55/14 5203/57/14
f 5204/54/2 461/3100/2 3971/2538/2
f 3974/2546/2 3971/2538/2 1378/2542/2
f 475/2545/2 5204/54/2 3974/2546/2
f 5205/51/2 462/3095/2 3975/2547/2
f 3978/2555/2 3975/2547/2 1379/2551/2
f 474/2554/2 5205/51/2 3978/2555/2
f 5206/48/2 463/3090/2 3979/2556/2
f 3982/2564/2 3979/2556/2 1380/2560/2
f 472/2563/2 5206/48/2 3982/2564/2
f 1477/45/13 3984/2568/13 473/2565/13
f 1477/45/13 2184/44/13 3984/2568/13
f 2184/44/13 464/2569/13 3984/2568/13
f 5207/42/1266 465/362/1266 3986/2572/1266
f 1381/2574/1266 5207/42/1266 3986/2572/1266
f 3989/2578/12 1475/40/12 5207/42/12
f 5208/39/1267 466/37/1267 3990/37/1267
f 3993/39/486 3990/37/486 1382/36/486
f 470/39/461 5208/39/461 3993/39/461
f 5209/36/1268 467/133/1268 3994/133/1268
f 3997/36/478 3994/133/478 1383/133/478
f 468/36/464 5209/36/464 3997/36/464
f 1495/35/9 3999/2581/9 491/31/9
f 1495/35/9 2179/34/9 3999/2581/9
f 2179/34/9 459/2582/9 3999/2581/9
f 4001/2679/2 2208/29/2 488/2586/2
f 1384/2588/2 5210/27/2 4001/2679/2
f 4004/2592/2 1421/3067/2 5210/27/2
f 5211/25/4 485/2666/4 4005/2593/4
f 4008/2600/4 4005/2593/4 1385/2667/4
f 415/3084/4 5211/25/4 4008/2600/4
f 4009/2602/4 1488/24/4 484/24/4
f 1386/2602/4 5212/24/4 4009/2602/4
f 4012/24/4 2134/24/4 5212/24/4
f 4013/1/4 1487/1/4 483/1/4
f 1387/24/4 5213/1/4 4013/1/4
f 4016/1/4 2133/1/4 5213/1/4
f 4017/1/4 1486/1/4 482/1/4
f 1388/1/4 5214/1/4 4017/1/4
f 4020/1/4 2132/1/4 5214/1/4
f 4021/1/4 1485/1/4 481/1/4
f 1389/1/4 5215/1/4 4021/1/4
f 4024/1/4 2131/1/4 5215/1/4
f 5216/1/4 480/1/4 4025/1/4
f 1390/1/4 5216/1/4 4025/1/4
f 4028/1/4 2130/1/4 5216/1/4
f 4029/1/4 1483/1/4 479/1/4
f 1391/1/4 5217/1/4 4029/1/4
f 4032/1/4 2129/1/4 5217/1/4
f 4033/1/1269 2198/1/1269 478/1/1269
f 1392/1/1270 5218/1/1270 4033/1/1270
f 4036/1/1271 2128/1/1271 5218/1/1271
f 2126/1/7 4038/1/7 406/1/7
f 2126/1/7 1409/1/7 4038/1/7
f 1409/1/7 405/1/7 4038/1/7
f 2232/23/6 4041/23/6 512/23/6
f 2232/23/6 1517/23/6 4041/23/6
f 1517/23/6 513/23/6 4041/23/6
f 2230/23/5 4044/23/5 510/2420/5
f 2230/23/5 1515/23/5 4044/23/5
f 1515/23/5 511/23/5 4044/23/5
f 2165/22/4 4047/2606/4 445/2603/4
f 2165/22/4 1510/21/4 4047/2606/4
f 1510/21/4 506/2607/4 4047/2606/4
f 2167/19/4 4050/2613/4 447/2610/4
f 2167/19/4 1508/18/4 4050/2613/4
f 1508/18/4 504/2614/4 4050/2613/4
f 1453/16/4 4053/2660/4 449/2659/4
f 1453/16/4 2170/15/4 4053/2660/4
f 2170/15/4 450/2623/4 4053/2660/4
f 2216/13/2 4056/2629/2 496/2626/2
f 2216/13/2 2173/12/2 4056/2629/2
f 2173/12/2 453/2630/2 4056/2629/2
f 2212/10/3 4059/2636/3 492/2633/3
f 2212/10/3 1427/9/3 4059/2636/3
f 1427/9/3 423/2637/3 4059/2636/3
f 1400/4/2 4062/2643/2 396/2640/2
f 1400/4/2 1492/3/2 4062/2643/2
f 1492/3/2 488/2586/2 4062/2643/2
f 2127/1/1 4065/1/1 407/1/1
f 2127/1/468 1481/1/468 4065/1/468
f 1481/1/468 477/1/468 4065/1/468
f 2210/3814/2 32/3049/2 2140/3201/2
f 2210/3814/2 2140/3201/2 420/3202/2
f 71/33/1272 1494/3815/1272 490/3816/1272
f 490/3816/2 2210/3814/2 420/3202/2
f 490/3816/2 420/3202/2 1424/3204/2
f 1462/3120/2 71/33/2 490/3816/2
f 458/3118/2 1462/3120/2 490/3816/2
f 490/3816/2 1424/3204/2 33/3191/2
f 33/3191/1273 2141/3189/1273 421/3190/1273
f 33/3191/1274 421/3190/1274 1425/3193/1274
f 458/3118/2 490/3816/2 33/3191/2
f 1493/60/2 70/58/2 2178/3119/2
f 2178/3119/2 458/3118/2 33/3191/2
f 2178/3119/2 33/3191/2 1425/3193/2
f 489/7/2 1493/60/2 2178/3119/2
f 35/2650/1275 2209/2524/1275 489/7/1275
f 1426/3179/2 35/2650/2 489/7/2
f 489/7/2 2178/3119/2 1425/3193/2
f 489/7/2 1425/3193/2 34/3178/2
f 422/6/2 1426/3179/2 489/7/2
f 489/7/2 34/3178/2 2142/5/2
f 5218/1/1276 2128/1/1276 20/1/1276
f 5217/1/4 2129/1/4 21/1/4
f 2130/1/4 22/1/4 1484/1/4
f 5215/1/4 2131/1/4 23/1/4
f 5214/1/4 2132/1/4 24/1/4
f 5213/1/4 2133/1/4 25/1/4
f 5212/24/4 2134/24/4 26/24/4
f 5211/25/4 2135/3085/4 27/26/4
f 5210/27/2 1421/3067/2 30/28/2
f 1422/3058/2 31/3047/2 2139/3045/2
f 1422/3058/1277 2139/3045/1277 419/3046/1277
f 418/3056/2 1422/3058/2 419/3046/2
f 1423/30/2 32/3049/2 2210/3814/2
f 418/3056/1277 419/3046/1277 1423/30/1277
f 1491/2645/2 30/28/2 2138/3055/2
f 2138/3055/2 418/3056/2 1423/30/2
f 1423/30/2 2210/3814/2 490/3816/2
f 1494/3815/2 71/33/2 1495/35/2
f 1423/30/2 490/3816/2 1494/3815/2
f 1491/2645/2 2138/3055/2 1423/30/2
f 487/2646/2 1491/2645/2 1423/30/2
f 1423/30/2 1494/3815/2 1495/35/2
f 491/31/1278 2211/2580/1278 8/2647/1278
f 1423/30/2 1495/35/2 491/31/2
f 2207/32/2 487/2646/2 1423/30/2
f 491/31/2 8/2647/2 2207/32/2
f 1472/36/1279 79/37/1279 2187/37/1279
f 1474/38/1280 78/1704/1280 2186/37/1280
f 1475/40/1281 77/2684/1281 2185/41/1281
f 1476/46/2 75/2696/2 2183/47/2
f 1478/49/2 74/2703/2 2182/50/2
f 1479/52/2 73/2709/2 2181/53/2
f 1480/55/1282 72/2680/1282 2180/56/1282
f 5202/64/4 2175/3139/4 67/65/4
f 5201/67/2 1501/2653/2 66/68/2
f 5200/70/2 1502/2731/2 64/71/2
f 5199/73/2 1503/2734/2 63/74/2
f 2219/76/2 40/2745/2 2221/77/2
f 5197/79/2 1506/2747/2 61/80/2
f 5196/82/4 2168/3183/4 60/83/4
f 5195/85/4 2166/3206/4 58/86/4
f 2164/88/2 56/3061/2 1511/89/2
f 5193/91/4 2163/3071/4 55/92/4
f 5192/94/4 2162/3080/4 54/95/4
f 5191/97/2 1514/98/2 53/98/2
f 2159/23/1283 51/23/1283 2233/23/1283
f 2265/203/4 112/202/4 2335/3817/4
f 615/3818/1284 1619/130/1284 151/131/1284
f 2265/203/4 2335/3817/4 615/3818/4
f 545/2185/4 2265/203/4 615/3818/4
f 615/3818/4 151/131/4 1587/1970/4
f 615/3818/4 1587/1970/4 583/3802/4
f 1549/2186/4 545/2185/4 615/3818/4
f 546/2159/4 2266/212/4 113/211/4
f 113/211/4 1549/2186/4 615/3818/4
f 615/3818/4 583/3802/4 2303/103/4
f 2303/103/4 150/154/4 1618/155/4
f 614/2308/2 2334/2309/2 115/2791/2
f 2303/103/4 1618/155/4 614/2308/4
f 113/211/4 615/3818/4 2303/103/4
f 1550/2160/4 546/2159/4 113/211/4
f 1550/2160/4 113/211/4 2303/103/4
f 2303/103/4 614/2308/4 115/2791/4
f 2303/103/4 115/2791/4 1551/2134/4
f 114/220/4 1550/2160/4 2303/103/4
f 2267/105/4 114/220/4 2303/103/4
f 2303/103/4 1551/2134/4 547/104/4
f 5189/1/1285 2323/1/1285 100/1/1285
f 5188/1/2 1608/1/2 101/1/2
f 1609/1/2 102/1/2 2255/1/2
f 5186/1/2 1610/1/2 103/1/2
f 5185/1/2 1611/1/2 104/1/2
f 5184/1/2 1612/1/2 105/1/2
f 5183/1/2 1613/1/2 106/1/2
f 5182/122/2 1614/2803/2 107/123/2
f 5181/125/4 2333/2410/4 110/126/4
f 2264/323/4 111/322/4 1547/1823/4
f 2264/323/4 1547/1823/4 543/1822/4
f 544/1805/4 2264/323/4 543/1822/4
f 2263/128/4 110/126/4 1616/2787/4
f 544/1805/4 543/1822/4 2263/128/4
f 2335/3817/4 112/202/4 1548/1806/4
f 1548/1806/4 544/1805/4 2263/128/4
f 2263/128/4 1616/2787/4 612/2786/4
f 2332/2785/4 88/222/4 2336/2359/4
f 2263/128/4 612/2786/4 2332/2785/4
f 2335/3817/4 1548/1806/4 2263/128/4
f 615/3818/4 2335/3817/4 2263/128/4
f 2263/128/4 2332/2785/4 2336/2359/4
f 2263/128/4 2336/2359/4 616/2358/4
f 1619/130/4 615/3818/4 2263/128/4
f 1620/129/4 151/131/4 1619/130/4
f 2263/128/4 616/2358/4 1620/129/4
f 2312/133/1286 159/37/1286 1597/133/1286
f 2311/134/4 158/134/4 1599/135/4
f 2310/136/4 157/2815/4 1600/137/4
f 2308/142/4 155/2819/4 1601/143/4
f 2307/145/4 154/2822/4 1603/146/4
f 2306/148/4 153/2825/4 1604/149/4
f 2305/151/4 152/2813/4 1605/152/4
f 5173/160/2 1624/2831/2 147/161/2
f 5172/163/4 2299/250/4 146/164/4
f 5171/166/4 2297/240/4 144/167/4
f 5170/169/4 2296/3809/4 143/170/4
f 2346/172/4 120/2839/4 2344/173/4
f 5168/175/4 2294/3807/4 141/176/4
f 5167/178/2 2348/2799/2 140/179/2
f 5166/181/2 2350/2801/2 138/182/2
f 1636/184/4 136/2858/4 2289/185/4
f 5164/187/2 1637/2862/2 135/188/2
f 5163/190/2 1638/2865/2 134/191/2
f 5162/193/1287 2286/294/1287 133/194/1287
f 5161/23/1288 2358/23/1288 131/23/1288
f 5160/195/28 1643/3014/28 82/196/28
f 1645/198/433 139/115/433 1575/199/433
f 5158/201/1246 1647/3042/1246 112/202/1246
f 5157/204/31 2440/2872/31 86/205/31
f 1650/207/559 140/179/559 1576/208/559
f 5155/210/33 2444/2881/33 113/211/33
f 5154/213/34 2445/2887/34 87/214/34
f 1653/216/35 141/176/35 1577/217/35
f 5152/219/36 2447/2895/36 114/220/36
f 5151/221/37 2448/2901/37 88/222/37
f 1656/224/38 116/106/38 1552/108/38
f 1657/226/39 90/226/39 1526/227/39
f 1658/228/40 142/3819/40 2295/229/40
f 1660/231/41 117/237/41 1553/232/41
f 1661/24/42 91/24/42 1527/24/42
f 1662/1521/1289 64/71/1289 1455/2483/1289
f 451/2482/1290 2171/75/1290 63/74/1290
f 1662/1521/1291 1455/2483/1291 451/2482/1291
f 658/3797/1292 1662/1521/1292 451/2482/1292
f 451/2482/1293 63/74/1293 1659/3820/1293
f 451/2482/1293 1659/3820/1293 655/3821/1293
f 2378/427/1289 658/3797/1289 451/2482/1289
f 736/2082/1294 1740/2934/1294 178/3822/1294
f 178/3822/1289 2378/427/1289 451/2482/1289
f 451/2482/1293 655/3821/1293 2375/234/1293
f 2375/234/1293 143/170/1293 2296/3809/1293
f 576/2273/4 1580/2837/4 144/167/4
f 2375/234/1293 2296/3809/1293 576/2273/1293
f 178/3822/1295 451/2482/1295 2375/234/1295
f 736/2082/43 178/3822/43 2375/234/43
f 2375/234/1293 576/2273/1293 144/167/1293
f 2456/235/43 736/2082/43 2375/234/43
f 5145/236/44 1660/231/44 117/237/44
f 5144/24/562 1664/1/562 92/1/562
f 5143/239/46 2456/235/46 144/167/46
f 5142/241/44 2457/2931/44 118/242/44
f 5141/1/47 1667/1/47 93/1/47
f 2459/244/48 145/109/48 2298/111/48
f 2460/246/44 119/2835/44 2272/247/44
f 5138/1/424 1670/1/424 94/1/424
f 2462/249/50 146/164/50 2299/250/50
f 2463/252/51 120/2839/51 2273/253/51
f 5135/1/52 1673/1/52 95/1/52
f 5134/255/53 1674/2964/53 148/157/53
f 5133/257/54 1675/2970/54 122/258/54
f 5132/1/55 1676/1/55 96/1/55
f 5131/260/56 1677/2975/56 149/261/56
f 5130/263/569 1678/2981/569 123/264/569
f 5129/1/1296 1679/1/1296 97/1/1296
f 5128/266/59 1680/270/59 150/154/59
f 5127/267/1297 1681/2989/1297 124/268/1297
f 5126/1/1298 1682/1/1298 98/1/1298
f 1680/270/62 150/154/62 2303/103/62
f 5124/272/63 1684/2996/63 125/273/63
f 1685/1/1299 99/1/1299 1535/1/1299
f 2477/275/1300 151/131/1300 2304/132/1300
f 5121/277/66 1687/282/66 126/278/66
f 1688/1/67 100/1/67 1536/1/67
f 2480/280/1301 152/2813/1301 2305/151/1301
f 1687/282/69 126/278/69 2279/283/69
f 1691/1/70 101/1/70 1537/1/70
f 2483/285/1302 153/2825/1302 2306/148/1302
f 5115/23/1303 1693/23/1303 128/23/1303
f 1694/1/70 102/1/70 1538/1/70
f 2486/287/73 154/2822/73 2307/145/73
f 5112/23/1304 1696/23/1304 129/23/1304
f 1697/1/70 103/1/70 1539/1/70
f 2489/289/75 155/2819/75 2308/142/75
f 1699/23/1305 130/23/1305 1566/23/1305
f 1700/1/77 104/1/77 1540/1/77
f 2492/291/1306 156/139/1306 2309/141/1306
f 1702/23/1307 131/23/1307 1567/23/1307
f 1703/1/80 105/1/80 1541/1/80
f 2495/136/1308 157/2815/1308 2310/136/1308
f 1705/23/82 132/23/82 1568/23/82
f 5102/1/83 1706/1/83 106/1/83
f 2498/37/1309 158/134/1309 2311/134/1309
f 5100/23/85 1705/23/85 132/23/85
f 5099/123/86 1709/123/86 107/123/86
f 2501/37/1310 159/37/1310 2312/133/1310
f 5097/293/1311 2502/1895/1311 133/194/1311
f 5096/295/86 1712/304/86 108/296/86
f 5095/298/89 1713/1881/89 81/299/89
f 1714/301/1312 135/188/1312 1571/302/1312
f 1712/304/91 108/296/91 2261/296/91
f 5092/306/1313 1716/307/1313 83/307/1313
f 2504/133/93 160/133/93 2314/133/93
f 1718/309/94 136/2858/94 1572/310/94
f 2509/312/95 109/2811/95 2262/313/95
f 5088/133/1314 1720/133/1314 84/133/1314
f 5087/315/1315 1721/3038/1315 137/118/1315
f 5086/317/98 2513/3024/98 110/126/98
f 5085/133/1316 2511/133/1316 85/133/1316
f 2442/318/100 138/182/100 1574/319/100
f 5083/321/101 2516/3034/101 111/322/101
f 1659/3823/1317 63/3824/1317 1504/3825/1317
f 500/3826/1318 2220/3827/1318 61/80/1318
f 1659/3823/1317 1504/3825/1317 500/3826/1317
f 655/3828/1317 1659/3823/1317 500/3826/1317
f 500/3826/1319 61/80/1319 2449/3181/1319
f 729/1460/2 1733/3796/2 171/448/2
f 500/3826/1319 2449/3181/1319 729/1460/1319
f 2375/3829/1317 655/3828/1317 500/3826/1317
f 1579/3830/40 143/3831/40 2375/3829/40
f 575/3832/40 1579/3830/40 2375/3829/40
f 2375/3829/1320 500/3826/1320 729/1460/1320
f 729/1460/1321 171/448/1321 2369/2146/1321
f 649/3805/1322 1653/216/1322 141/176/1322
f 729/1460/1321 2369/2146/1321 649/3805/1321
f 575/3832/1323 2375/3829/1323 729/1460/1323
f 2295/325/1324 575/3832/1324 729/1460/1324
f 729/1460/1321 649/3805/1321 141/176/1321
f 141/176/2 2294/3833/2 574/324/2
f 574/324/4 1578/3834/4 2295/325/4
f 2295/325/1325 729/1460/1325 141/176/1325
f 2438/326/102 238/3033/102 2517/327/102
f 5081/329/103 2362/3207/103 164/330/103
f 2433/133/1326 233/133/1326 2519/133/1326
f 2435/332/105 235/3023/105 2520/333/105
f 1799/335/1327 237/3037/1327 2521/336/1327
f 1798/133/1328 236/133/1328 2522/133/1328
f 5076/338/108 2431/3075/108 231/339/108
f 5075/341/109 1796/3062/109 234/342/109
f 5074/133/1329 2426/133/1329 226/133/1329
f 1794/344/1330 232/344/1330 2526/344/1330
f 5072/346/112 1790/354/112 228/347/112
f 5071/349/1331 1792/3072/1331 230/350/1331
f 1791/352/114 229/1748/114 2529/353/114
f 1790/354/115 228/347/115 2530/355/115
f 2424/357/116 224/1895/116 2531/358/116
f 5067/133/1332 2423/133/1332 223/133/1332
f 1787/360/115 225/360/115 2533/123/115
f 1783/23/1333 221/23/1333 2534/23/1333
f 5064/37/1334 2420/37/1334 220/37/1334
f 1784/24/1335 222/1/1335 2536/1/1335
f 5062/23/121 1783/23/121 221/23/121
f 5061/362/1336 2417/362/1336 217/362/1336
f 5060/1/123 1781/1/123 219/1/123
f 5059/23/1337 1780/23/1337 218/23/1337
f 5058/364/1338 2414/3092/1338 214/365/1338
f 5057/1/126 1778/1/126 216/1/126
f 5056/23/1339 1777/23/1339 215/23/1339
f 5055/367/128 2411/3097/128 211/368/128
f 5054/1/129 1775/1/129 213/1/129
f 1774/23/1340 212/23/1340 2546/23/1340
f 5052/370/131 2408/3102/131 208/371/131
f 5051/1/129 1772/1/129 210/1/129
f 1771/23/1341 209/23/1341 2549/23/1341
f 5049/373/1342 2405/3107/1342 205/374/1342
f 5048/1/129 1769/1/129 207/1/129
f 5047/376/301 1765/382/301 203/377/301
f 5046/379/1343 2402/3113/1343 202/380/1343
f 5045/1/136 1766/1/136 204/1/136
f 1765/382/137 203/377/137 2555/383/137
f 5043/385/1344 2399/3121/1344 199/386/1344
f 5042/1/1345 1763/1/1345 201/1/1345
f 1762/388/140 200/2995/140 2558/389/140
f 5040/391/290 1758/397/290 196/392/290
f 1760/1/1346 198/1/1346 2560/1/1346
f 1759/394/286 197/2988/286 2561/395/286
f 1758/397/1347 196/392/1347 2562/398/1347
f 1757/1/1348 195/1/1348 2563/1/1348
f 1756/400/279 194/2980/279 2564/401/279
f 1755/403/1349 193/2974/1349 2565/404/1349
f 1754/1/148 192/1/148 2566/1/148
f 1753/406/275 191/2969/275 2567/407/275
f 1752/409/274 190/2963/274 2568/410/274
f 1751/1/151 189/1/151 2569/1/151
f 5029/412/152 2385/3149/152 185/413/152
f 5028/415/153 2384/3153/153 184/416/153
f 1748/1/272 186/1/272 2572/1/272
f 5026/418/155 2382/3156/155 182/419/155
f 5025/421/156 2381/3159/156 181/422/156
f 1745/1/157 183/1/157 2575/1/157
f 2379/424/155 179/2930/155 2576/425/155
f 2378/427/158 178/3822/158 2577/428/158
f 1742/24/985 180/24/985 2578/24/985
f 1738/430/155 176/434/155 2579/431/155
f 5019/24/160 1739/24/160 177/24/160
f 5018/433/161 1738/430/161 176/434/161
f 5017/436/162 1737/437/162 175/437/162
f 5016/438/987 1736/3165/987 174/439/987
f 2368/441/164 170/2900/164 2584/442/164
f 2367/444/1350 169/2894/1350 2585/445/1350
f 5013/447/269 1733/3796/269 171/448/269
f 2365/450/167 167/2886/167 2587/451/167
f 2364/453/168 166/2880/168 2588/454/168
f 5010/456/169 1730/3184/169 168/457/169
f 2360/459/170 162/2871/170 2590/460/170
f 1727/462/993 165/3041/993 2591/463/993
f 5007/465/996 1725/3196/996 163/466/996
f 1723/468/173 161/3013/173 2593/469/173
f 2029/471/174 316/3317/174 2028/472/174
f 1985/551/235 346/550/235 2702/1131/235
f 982/1130/1351 1986/560/1351 347/559/1351
f 1985/551/235 2702/1131/235 982/1130/235
f 345/541/1275 2701/1158/1275 981/1157/1275
f 981/1157/235 1985/551/235 982/1130/235
f 982/1130/1352 347/559/1352 2703/1104/1352
f 983/1103/1353 1987/569/1353 348/568/1353
f 982/1130/1352 2703/1104/1352 983/1103/1352
f 345/541/235 981/1157/235 982/1130/235
f 2700/1185/1354 980/1184/1354 1984/542/1354
f 1984/542/235 345/541/235 982/1130/235
f 982/1130/1352 983/1103/1352 348/568/1352
f 348/568/1355 2704/1077/1355 984/1076/1355
f 984/1076/2 1988/578/2 349/577/2
f 349/577/1275 2705/1050/1275 985/1049/1275
f 1989/587/235 350/586/235 2706/1023/235
f 349/577/1356 985/1049/1356 1989/587/1356
f 982/1130/235 348/568/235 984/1076/235
f 984/1076/1352 349/577/1352 1989/587/1352
f 1989/587/235 2706/1023/235 986/1022/235
f 1990/596/235 351/595/235 2707/996/235
f 1989/587/235 986/1022/235 1990/596/235
f 982/1130/235 984/1076/235 1989/587/235
f 2700/1185/235 1984/542/235 982/1130/235
f 1983/532/235 344/3377/235 2700/1185/235
f 2699/1211/1357 979/3784/1357 1983/532/1357
f 1982/523/1358 343/3355/1358 2699/1211/1358
f 342/3333/1359 2698/1238/1359 978/3786/1359
f 1982/523/1360 2699/1211/1360 1983/532/1360
f 342/3333/1361 978/3786/1361 1982/523/1361
f 1981/514/1362 342/3333/1362 1982/523/1362
f 1982/523/235 1983/532/235 2700/1185/235
f 2700/1185/235 982/1130/235 1989/587/235
f 1989/587/235 1990/596/235 2707/996/235
f 1989/587/235 2707/996/235 987/995/235
f 1982/523/235 2700/1185/235 1989/587/235
f 977/3787/1363 1981/514/1363 1982/523/1363
f 341/3311/1364 2697/1265/1364 977/3787/1364
f 976/3789/1365 1980/505/1365 341/3311/1365
f 340/3289/1366 2696/1292/1366 976/3789/1366
f 341/3311/1367 977/3787/1367 1982/523/1367
f 1982/523/235 1989/587/235 987/995/235
f 1991/605/235 352/604/235 2708/969/235
f 1982/523/235 987/995/235 1991/605/235
f 976/3789/1368 341/3311/1368 1982/523/1368
f 340/3289/1369 976/3789/1369 1982/523/1369
f 1982/523/235 1991/605/235 2708/969/235
f 1982/523/235 2708/969/235 988/968/235
f 340/3289/235 1982/523/235 988/968/235
f 1992/614/235 353/613/235 2709/942/235
f 340/3289/235 988/968/235 1992/614/235
f 1979/499/235 340/3289/235 1992/614/235
f 1992/614/235 2709/942/235 989/941/235
f 989/941/1370 1993/623/1370 354/622/1370
f 354/622/2 2710/915/2 990/914/2
f 990/914/4 1994/632/4 355/631/4
f 2711/888/2 991/887/2 1995/641/2
f 354/622/1371 990/914/1371 355/631/1371
f 989/941/235 354/622/235 355/631/235
f 1979/499/235 1992/614/235 989/941/235
f 339/3275/1372 2695/1310/1372 975/3790/1372
f 975/3790/235 1979/499/235 989/941/235
f 975/3790/235 989/941/235 355/631/235
f 1978/493/1373 339/3275/1373 975/3790/1373
f 2694/1328/1374 974/3791/1374 1978/493/1374
f 973/1346/1375 1977/488/1375 338/487/1375
f 2694/1328/1376 1978/493/1376 975/3790/1376
f 2693/1347/1377 973/1346/1377 338/487/1377
f 338/487/1378 2694/1328/1378 975/3790/1378
f 975/3790/235 355/631/235 2711/888/235
f 1995/641/235 356/640/235 2712/860/235
f 975/3790/235 2711/888/235 1995/641/235
f 338/487/1379 975/3790/1379 1995/641/1379
f 1995/641/235 2712/860/235 992/3769/235
f 992/3769/1380 1996/649/1380 357/3667/1380
f 357/3667/4 2713/833/4 993/3766/4
f 1995/641/235 992/3769/235 357/3667/235
f 2693/1347/1381 338/487/1381 1995/641/1381
f 1976/481/1382 337/3247/1382 2693/1347/1382
f 2692/1364/1383 972/3793/1383 1976/481/1383
f 2692/1364/1384 1976/481/1384 2693/1347/1384
f 2693/1347/1385 1995/641/1385 357/3667/1385
f 2693/1347/1385 357/3667/1385 993/3766/1385
f 336/695/1386 2692/1364/1386 2693/1347/1386
f 336/695/1387 2693/1347/1387 993/3766/1387
f 336/695/1388 993/3766/1388 1997/659/1388
f 1975/696/1389 336/695/1389 1997/659/1389
f 358/658/1390 2714/807/1390 994/806/1390
f 1975/696/1391 1997/659/1391 358/658/1391
f 335/3757/1392 2691/717/1392 971/716/1392
f 971/716/1393 1975/696/1393 358/658/1393
f 994/806/1394 1998/668/1394 359/667/1394
f 971/716/1395 358/658/1395 994/806/1395
f 970/3759/1396 1974/686/1396 335/3757/1396
f 335/3757/1397 971/716/1397 994/806/1397
f 994/806/235 359/667/235 2715/779/235
f 2715/779/4 995/3762/4 1999/675/4
f 994/806/235 2715/779/235 1999/675/235
f 970/3759/235 335/3757/235 994/806/235
f 2690/743/235 970/3759/235 994/806/235
f 994/806/235 1999/675/235 360/3731/235
f 2716/752/1275 996/3760/1275 2000/683/1275
f 994/806/1398 360/3731/1398 2716/752/1398
f 334/3738/235 2690/743/235 994/806/235
f 969/3761/1399 1973/678/1399 334/3738/1399
f 1972/670/1400 333/3717/1400 2689/770/1400
f 2689/770/1401 969/3761/1401 334/3738/1401
f 334/3738/1402 994/806/1402 2716/752/1402
f 2716/752/1403 2000/683/1403 361/3751/1403
f 361/3751/1404 2717/726/1404 997/725/1404
f 2001/693/1405 362/692/1405 2718/1373/1405
f 997/725/1406 2001/693/1406 2718/1373/1406
f 2718/1373/1407 998/3794/1407 2002/478/1407
f 997/725/1408 2718/1373/1408 2002/478/1408
f 334/3738/1409 2716/752/1409 361/3751/1409
f 361/3751/1410 997/725/1410 2002/478/1410
f 361/3751/1408 2002/478/1408 363/3240/1408
f 2689/770/1411 334/3738/1411 361/3751/1411
f 968/3764/1412 1972/670/1412 2689/770/1412
f 332/3697/2 2688/797/2 968/3764/2
f 2687/824/2 967/3765/2 1971/661/2
f 332/3697/1400 968/3764/1400 2689/770/1400
f 331/3674/1413 2687/824/1413 1971/661/1413
f 1971/661/1414 332/3697/1414 2689/770/1414
f 2689/770/1415 361/3751/1415 363/3240/1415
f 2719/1355/2 999/3792/2 2003/484/2
f 2689/770/1416 363/3240/1416 2719/1355/1416
f 1970/652/235 331/3674/235 1971/661/235
f 1971/661/1417 2689/770/1417 2719/1355/1417
f 2719/1355/1418 2003/484/1418 364/3255/1418
f 364/3255/1419 2720/1338/1419 1000/1337/1419
f 1000/1337/1420 2004/491/1420 365/490/1420
f 1000/1337/1421 365/490/1421 2721/1320/1421
f 2719/1355/1422 364/3255/1422 1000/1337/1422
f 1970/652/1417 1971/661/1417 2719/1355/1417
f 966/3768/1417 1970/652/1417 2719/1355/1417
f 2719/1355/1423 1000/1337/1423 2721/1320/1423
f 2719/1355/1424 2721/1320/1424 1001/1319/1424
f 2686/851/1417 966/3768/1417 2719/1355/1417
f 330/3653/1417 2686/851/1417 2719/1355/1417
f 2719/1355/1425 1001/1319/1425 2005/497/1425
f 2005/497/1426 366/496/1426 2722/1302/1426
f 2722/1302/1427 1002/1301/1427 2006/503/1427
f 2006/503/235 367/502/235 2723/1274/235
f 2723/1274/1428 1003/3788/1428 2007/511/1428
f 2006/503/235 2723/1274/235 2007/511/235
f 2005/497/1429 2722/1302/1429 2006/503/1429
f 330/3653/1430 2719/1355/1430 2005/497/1430
f 1969/643/235 330/3653/235 2005/497/235
f 2005/497/235 2006/503/235 2007/511/235
f 2005/497/235 2007/511/235 368/3325/235
f 965/3770/235 1969/643/235 2005/497/235
f 329/3630/2 2685/878/2 965/3770/2
f 2684/905/1431 964/3772/1431 1968/634/1431
f 1968/634/1432 329/3630/1432 965/3770/1432
f 965/3770/235 2005/497/235 368/3325/235
f 2724/1248/1433 1004/1247/1433 2008/521/1433
f 965/3770/235 368/3325/235 2724/1248/235
f 2684/905/1434 1968/634/1434 965/3770/1434
f 328/3610/1434 2684/905/1434 965/3770/1434
f 965/3770/235 2724/1248/235 2008/521/235
f 2008/521/1435 369/520/1435 2725/1221/1435
f 2725/1221/2 1005/1220/2 2009/530/2
f 2009/530/1436 370/529/1436 2726/1194/1436
f 2726/1194/2 1006/1193/2 2010/539/2
f 2010/539/1437 371/538/1437 2727/1167/1437
f 2727/1167/1438 1007/1166/1438 2011/548/1438
f 372/547/1439 2728/1140/1439 1008/1139/1439
f 2010/539/1440 2727/1167/1440 2011/548/1440
f 372/547/1441 1008/1139/1441 2012/557/1441
f 2010/539/1437 2011/548/1437 372/547/1437
f 2009/530/1442 2726/1194/1442 2010/539/1442
f 965/3770/235 2008/521/235 2725/1221/235
f 2725/1221/1443 2009/530/1443 2010/539/1443
f 2725/1221/1444 2010/539/1444 372/547/1444
f 328/3610/235 965/3770/235 2725/1221/235
f 2683/932/1445 963/3774/1445 1967/625/1445
f 1967/625/235 328/3610/235 2725/1221/235
f 1967/625/1446 2725/1221/1446 372/547/1446
f 327/616/1447 2683/932/1447 1967/625/1447
f 327/616/1448 1967/625/1448 372/547/1448
f 2012/557/1449 373/556/1449 2729/1112/1449
f 327/616/1450 372/547/1450 2012/557/1450
f 1966/617/1451 327/616/1451 2012/557/1451
f 2012/557/1452 2729/1112/1452 1009/3780/1452
f 2012/557/1449 1009/3780/1449 2013/565/1449
f 962/959/1451 1966/617/1451 2012/557/1451
f 326/607/2 2682/960/2 962/959/2
f 2681/987/1453 961/986/1453 1965/608/1453
f 1965/608/1454 326/607/1454 962/959/1454
f 2012/557/1449 2013/565/1449 374/3459/1449
f 2730/1085/1455 1010/3779/1455 2014/574/1455
f 962/959/1456 2012/557/1456 374/3459/1456
f 2730/1085/1457 2014/574/1457 375/3481/1457
f 962/959/1458 374/3459/1458 2730/1085/1458
f 2681/987/1454 1965/608/1454 962/959/1454
f 1964/598/1459 325/3540/1459 2681/987/1459
f 2680/1013/1460 960/3775/1460 1964/598/1460
f 1963/590/1461 324/589/1461 2680/1013/1461
f 2679/1041/1371 959/1040/1371 1963/590/1371
f 958/3778/1462 1962/580/1462 323/3496/1462
f 2679/1041/1461 1963/590/1461 2680/1013/1461
f 2678/1067/1463 958/3778/1463 323/3496/1463
f 323/3496/1464 2679/1041/1464 2680/1013/1464
f 2680/1013/1459 1964/598/1459 2681/987/1459
f 2681/987/1465 962/959/1465 2730/1085/1465
f 2730/1085/1466 375/3481/1466 2731/1058/1466
f 2731/1058/1467 1011/3777/1467 2015/583/1467
f 2730/1085/1466 2731/1058/1466 2015/583/1466
f 2680/1013/1468 2681/987/1468 2730/1085/1468
f 323/3496/1469 2680/1013/1469 2730/1085/1469
f 2730/1085/1466 2015/583/1466 376/3504/1466
f 323/3496/1470 2730/1085/1470 376/3504/1470
f 1961/572/1471 322/571/1471 2678/1067/1471
f 2678/1067/1472 323/3496/1472 376/3504/1472
f 2678/1067/1473 376/3504/1473 2732/1031/1473
f 957/1094/1471 1961/572/1471 2678/1067/1471
f 2677/1095/1474 957/1094/1474 2678/1067/1474
f 2678/1067/1473 2732/1031/1473 1012/3776/1473
f 1012/3776/4 2016/592/4 377/3525/4
f 2678/1067/1473 1012/3776/1473 377/3525/1473
f 321/3451/1471 2677/1095/1471 2678/1067/1471
f 2676/1121/2 956/3781/2 1960/562/2
f 321/3451/1475 2678/1067/1475 377/3525/1475
f 1960/562/1476 321/3451/1476 377/3525/1476
f 1960/562/1476 377/3525/1476 2733/1005/1476
f 2676/1121/1476 1960/562/1476 2733/1005/1476
f 1013/1004/2 2017/602/2 378/601/2
f 2676/1121/1476 2733/1005/1476 1013/1004/1476
f 955/3782/1275 1959/553/1275 320/3429/1275
f 320/3429/1476 2676/1121/1476 1013/1004/1476
f 1013/1004/1477 378/601/1477 2734/978/1477
f 2734/978/2 1014/977/2 2018/611/2
f 2018/611/1478 379/610/1478 2735/951/1478
f 1015/950/2 2019/620/2 380/619/2
f 2018/611/1479 2735/951/1479 1015/950/1479
f 1013/1004/1480 2734/978/1480 2018/611/1480
f 955/3782/1481 320/3429/1481 1013/1004/1481
f 1958/544/1482 319/3406/1482 2675/1148/1482
f 2675/1148/1483 955/3782/1483 1013/1004/1483
f 2675/1148/1484 1013/1004/1484 2018/611/1484
f 954/3783/1485 1958/544/1485 2675/1148/1485
f 318/3385/2 2674/1175/2 954/3783/2
f 318/3385/1482 954/3783/1482 2675/1148/1482
f 2675/1148/1484 2018/611/1484 1015/950/1484
f 1015/950/235 380/619/235 2736/923/235
f 2736/923/1486 1016/3773/1486 2020/628/1486
f 2736/923/1487 2020/628/1487 381/3616/1487
f 2675/1148/1488 1015/950/1488 2736/923/1488
f 318/3385/1489 2675/1148/1489 2736/923/1489
f 318/3385/1490 2736/923/1490 381/3616/1490
f 1957/535/1491 318/3385/1491 381/3616/1491
f 2737/896/1492 1017/3771/1492 2021/638/1492
f 1957/535/1493 381/3616/1493 2737/896/1493
f 317/3362/1494 2673/1202/1494 953/476/1494
f 953/476/1495 1957/535/1495 2737/896/1495
f 953/476/1493 2737/896/1493 2021/638/1493
f 1956/526/1434 317/3362/1434 953/476/1434
f 2672/1229/1496 952/3785/1496 1956/526/1496
f 1954/509/1434 315/508/1434 2672/1229/1434
f 2670/1284/2 950/1283/2 1954/509/2
f 1955/518/1497 314/517/1497 2670/1284/1497
f 951/1256/1497 1955/518/1497 2670/1284/1497
f 2670/1284/1434 1954/509/1434 2672/1229/1434
f 2672/1229/1434 1956/526/1434 953/476/1434
f 953/476/1493 2021/638/1493 382/637/1493
f 382/637/1420 2738/870/1420 1018/869/1420
f 1018/869/1365 2022/647/1365 383/646/1365
f 2739/842/1453 1019/3767/1453 2023/655/1453
f 382/637/1498 1018/869/1498 383/646/1498
f 953/476/1499 382/637/1499 383/646/1499
f 2670/1284/1434 2672/1229/1434 953/476/1434
f 2671/1257/1500 951/1256/1500 2670/1284/1500
f 2028/472/1501 316/3317/1501 2671/1257/1501
f 1024/3795/1502 2028/472/1502 2671/1257/1502
f 2671/1257/1503 2670/1284/1503 953/476/1503
f 953/476/1504 383/646/1504 2739/842/1504
f 2023/655/1505 384/3681/1505 2740/816/1505
f 953/476/1504 2739/842/1504 2023/655/1504
f 1024/3795/1506 2671/1257/1506 953/476/1506
f 2027/690/1507 388/689/1507 2744/1382/1507
f 2744/1382/1508 1024/3795/1508 953/476/1508
f 953/476/1509 2023/655/1509 2740/816/1509
f 2740/816/1371 1020/815/1371 2024/665/1371
f 2024/665/1510 385/664/1510 2741/788/1510
f 2741/788/1511 1021/3763/1511 2025/474/1511
f 2025/474/1512 386/3724/1512 2742/762/1512
f 1022/761/2 2026/681/2 387/475/2
f 2025/474/1513 2742/762/1513 1022/761/1513
f 2024/665/1510 2741/788/1510 2025/474/1510
f 953/476/1514 2740/816/1514 2024/665/1514
f 2027/690/1515 2744/1382/1515 953/476/1515
f 387/475/1516 2743/735/1516 1023/734/1516
f 1023/734/1517 2027/690/1517 953/476/1517
f 953/476/1518 2024/665/1518 2025/474/1518
f 2025/474/1512 1022/761/1512 387/475/1512
f 387/475/1519 1023/734/1519 953/476/1519
f 2031/477/176 363/3240/176 2002/478/176
f 2033/480/177 337/3247/177 1976/481/177
f 2035/483/178 364/3255/178 2003/484/178
f 5001/486/179 2036/3262/179 338/487/179
f 5000/489/180 2037/3268/180 365/490/180
f 2038/492/181 339/3275/181 1978/493/181
f 4998/495/182 2039/3282/182 366/496/182
f 2040/498/183 340/3289/183 1979/499/183
f 4996/501/1114 2041/3305/1114 367/502/1114
f 2042/504/183 341/3311/183 1980/505/183
f 4994/507/184 2043/3340/184 315/508/184
f 2045/510/185 368/3325/185 2007/511/185
f 2046/513/183 342/3333/183 1981/514/183
f 4991/516/186 2760/3297/186 314/517/186
f 4990/519/187 2047/3347/187 369/520/187
f 2048/522/183 343/3355/183 1982/523/183
f 2049/525/188 317/3362/188 1956/526/188
f 4987/528/187 2050/3369/187 370/529/187
f 2051/531/183 344/3377/183 1983/532/183
f 2052/534/189 318/3385/189 1957/535/189
f 4984/537/187 2053/3390/187 371/538/187
f 4983/540/190 2054/3398/190 345/541/190
f 2055/543/188 319/3406/188 1958/544/188
f 4981/546/1520 2056/3413/1520 372/547/1520
f 4980/549/192 2057/3421/192 346/550/192
f 2058/552/193 320/3429/193 1959/553/193
f 4978/555/1521 2059/3436/1521 373/556/1521
f 4977/558/195 2060/3443/195 347/559/195
f 2061/561/188 321/3451/188 1960/562/188
f 2062/564/1522 374/3459/1522 2013/565/1522
f 4974/567/1025 2063/3466/1025 348/568/1025
f 4973/570/199 2064/3474/199 322/571/199
f 2065/573/1523 375/3481/1523 2014/574/1523
f 4971/576/201 2066/3488/201 349/577/201
f 2067/579/1524 323/3496/1524 1962/580/1524
f 2068/582/1525 376/3504/1525 2015/583/1525
f 4968/585/204 2069/3510/204 350/586/204
f 4967/588/205 2070/3518/205 324/589/205
f 2071/591/206 377/3525/206 2016/592/206
f 4965/594/207 2072/3532/207 351/595/207
f 2073/597/1526 325/3540/1526 1964/598/1526
f 4963/600/187 2074/3548/187 378/601/187
f 4962/603/209 2075/3556/209 352/604/209
f 4961/606/210 2076/3564/210 326/607/210
f 4960/609/187 2077/3572/187 379/610/187
f 4959/612/211 2078/3580/211 353/613/211
f 4958/615/1527 2079/3588/1527 327/616/1527
f 4957/618/187 2080/3595/187 380/619/187
f 4956/621/213 2081/3602/213 354/622/213
f 2082/624/183 328/3610/183 1967/625/183
f 2083/627/214 381/3616/214 2020/628/214
f 4953/630/187 2084/3622/187 355/631/187
f 2085/633/215 329/3630/215 1968/634/215
f 4951/636/216 2086/3638/216 382/637/216
f 4950/639/217 2087/3646/217 356/640/217
f 2088/642/218 330/3653/218 1969/643/218
f 4948/645/187 2089/3660/187 383/646/187
f 2090/648/219 357/3667/219 1996/649/219
f 2091/651/220 331/3674/220 1970/652/220
f 2092/654/1528 384/3681/1528 2023/655/1528
f 4944/657/222 2093/3689/222 358/658/222
f 2094/660/183 332/3697/183 1971/661/183
f 4942/663/223 2095/3704/223 385/664/223
f 4941/666/187 2096/3711/187 359/667/187
f 2097/669/183 333/3717/183 1972/670/183
f 2098/672/1529 386/3724/1529 2025/474/1529
f 2099/674/225 360/3731/225 1999/675/225
f 2100/677/183 334/3738/183 1973/678/183
f 4936/680/226 2101/3744/226 387/475/226
f 2102/682/227 361/3751/227 2000/683/227
f 2103/685/183 335/3757/183 1974/686/183
f 4933/688/228 2746/3218/228 388/689/228
f 4932/691/229 2748/3225/229 362/692/229
f 4931/694/230 2750/3233/230 336/695/230
f 2594/3296/1530 239/3295/1530 1879/3314/1530
f 2594/3296/1531 1879/3314/1531 875/3313/1531
f 874/3291/1532 2594/3296/1532 875/3313/1532
f 2595/3316/1533 240/3214/1533 1952/3212/1533
f 874/3291/1531 875/3313/1531 2595/3316/1531
f 2596/3338/1534 241/3339/1534 1878/3292/1534
f 1878/3292/1535 874/3291/1535 2595/3316/1535
f 2595/3316/1533 1952/3212/1533 948/3213/1533
f 2668/3216/1536 313/3217/1536 1951/3741/1536
f 2595/3316/1533 948/3213/1533 2668/3216/1533
f 2596/3338/1537 1878/3292/1537 2595/3316/1537
f 1880/3335/2 876/3336/2 2596/3338/2
f 2597/3361/1538 242/3337/1538 1880/3335/1538
f 243/3359/1371 1881/3357/1371 877/3358/1371
f 877/3358/1538 2597/3361/1538 1880/3335/1538
f 1880/3335/1539 2596/3338/1539 2595/3316/1539
f 2595/3316/1540 2668/3216/1540 1951/3741/1540
f 947/3740/1541 2667/3743/1541 312/3742/1541
f 2595/3316/1542 1951/3741/1542 947/3740/1542
f 877/3358/1543 1880/3335/1543 2595/3316/1543
f 878/3381/1544 2598/3384/1544 243/3359/1544
f 243/3359/1545 877/3358/1545 2595/3316/1545
f 2595/3316/1542 947/3740/1542 312/3742/1542
f 2595/3316/1546 312/3742/1546 1950/3720/1546
f 878/3381/1547 243/3359/1547 2595/3316/1547
f 2599/3405/1548 244/3382/1548 1882/3380/1548
f 1882/3380/1549 878/3381/1549 2595/3316/1549
f 2595/3316/1546 1950/3720/1546 946/3719/1546
f 946/3719/1550 2666/3723/1550 311/3701/1550
f 311/3701/1551 1949/3699/1551 945/3700/1551
f 2665/3702/1552 310/3703/1552 1948/3677/1552
f 946/3719/1553 311/3701/1553 945/3700/1553
f 945/3700/1554 2665/3702/1554 1948/3677/1554
f 1948/3677/1555 944/3676/1555 2664/3680/1555
f 2664/3680/1556 309/3657/1556 1947/3655/1556
f 1947/3655/1557 943/3656/1557 2663/3658/1557
f 308/3659/1486 1946/3633/1486 942/3632/1486
f 2664/3680/1556 1947/3655/1556 2663/3658/1556
f 308/3659/1558 942/3632/1558 2662/3637/1558
f 2664/3680/1556 2663/3658/1556 308/3659/1556
f 945/3700/1559 1948/3677/1559 2664/3680/1559
f 2595/3316/1560 946/3719/1560 945/3700/1560
f 2599/3405/1561 1882/3380/1561 2595/3316/1561
f 1883/3401/1433 879/3402/1433 2599/3405/1433
f 880/3425/1562 2600/3428/1562 245/3403/1562
f 1883/3401/1563 2599/3405/1563 2595/3316/1563
f 245/3403/1564 1883/3401/1564 2595/3316/1564
f 2595/3316/1565 945/3700/1565 2664/3680/1565
f 308/3659/1433 2662/3637/1433 307/3636/1433
f 2595/3316/1566 2664/3680/1566 308/3659/1566
f 880/3425/1567 245/3403/1567 2595/3316/1567
f 1884/3424/1567 880/3425/1567 2595/3316/1567
f 2595/3316/1568 308/3659/1568 307/3636/1568
f 2595/3316/1569 307/3636/1569 1945/3612/1569
f 246/3426/1570 1884/3424/1570 2595/3316/1570
f 881/3446/1571 2601/3450/1571 246/3426/1571
f 247/3473/2 1885/3447/2 881/3446/2
f 2602/3472/1572 247/3473/1572 881/3446/1572
f 246/3426/1573 2595/3316/1573 1945/3612/1573
f 2602/3472/1572 881/3446/1572 246/3426/1572
f 248/3471/4 1886/3469/4 882/3470/4
f 882/3470/1572 2602/3472/1572 246/3426/1572
f 246/3426/1574 1945/3612/1574 941/3613/1574
f 941/3613/1575 2661/3615/1575 306/3592/1575
f 306/3592/1576 1944/3590/1576 940/3591/1576
f 940/3591/1577 2660/3593/1577 305/3594/1577
f 305/3594/1371 1943/3568/1371 939/3567/1371
f 2659/3571/1578 304/3570/1578 1942/3544/1578
f 305/3594/1558 939/3567/1558 2659/3571/1558
f 306/3592/1579 940/3591/1579 305/3594/1579
f 246/3426/1574 941/3613/1574 306/3592/1574
f 248/3471/1572 882/3470/1572 246/3426/1572
f 883/3491/1486 2603/3495/1486 248/3471/1486
f 2604/3517/1580 249/3516/1580 1887/3492/1580
f 1887/3492/1581 883/3491/1581 248/3471/1581
f 248/3471/1582 246/3426/1582 306/3592/1582
f 306/3592/1583 305/3594/1583 2659/3571/1583
f 1942/3544/1371 938/3543/1371 2658/3547/1371
f 306/3592/232 2659/3571/232 1942/3544/232
f 2604/3517/1584 1887/3492/1584 248/3471/1584
f 248/3471/1585 306/3592/1585 1942/3544/1585
f 1942/3544/1586 2658/3547/1586 303/3546/1586
f 1941/3521/2 937/3520/2 2657/3524/2
f 248/3471/1587 1942/3544/1587 303/3546/1587
f 303/3546/1371 1941/3521/1371 2657/3524/1371
f 302/3501/1588 1940/3499/1588 936/3500/1588
f 248/3471/1587 303/3546/1587 2657/3524/1587
f 248/3471/1587 2657/3524/1587 302/3501/1587
f 884/3513/1584 2604/3517/1584 248/3471/1584
f 2605/3538/1589 250/3539/1589 1888/3514/1589
f 1888/3514/1580 884/3513/1580 248/3471/1580
f 248/3471/1590 302/3501/1590 936/3500/1590
f 248/3471/1590 936/3500/1590 2656/3503/1590
f 2605/3538/1591 1888/3514/1591 248/3471/1591
f 251/3537/2 1889/3535/2 885/3536/2
f 885/3536/1592 2605/3538/1592 248/3471/1592
f 248/3471/1590 2656/3503/1590 301/3478/1590
f 1939/3476/1351 935/3477/1351 2655/3479/1351
f 248/3471/1593 301/3478/1593 1939/3476/1593
f 251/3537/1592 885/3536/1592 248/3471/1592
f 886/3559/1581 2606/3563/1581 251/3537/1581
f 252/3587/1594 1890/3560/1594 886/3559/1594
f 887/3584/1433 2607/3586/1433 252/3587/1433
f 253/3585/2 1891/3583/2 887/3584/2
f 2820/3835/232 253/3585/232 887/3584/232
f 887/3584/1595 252/3587/1595 886/3559/1595
f 886/3559/1596 251/3537/1596 248/3471/1596
f 248/3471/1593 1939/3476/1593 2655/3479/1593
f 2655/3479/1597 300/3480/1597 1938/3455/1597
f 1938/3455/1598 934/3454/1598 2654/3458/1598
f 2654/3458/1599 299/3433/1599 1937/3431/1599
f 2654/3458/1600 1937/3431/1600 933/3432/1600
f 2655/3479/1601 1938/3455/1601 2654/3458/1601
f 886/3559/1602 248/3471/1602 2655/3479/1602
f 2820/3835/1603 887/3584/1603 886/3559/1603
f 295/3367/1604 2104/3836/1604 1100/699/1604
f 1100/699/1603 2820/3835/1603 886/3559/1603
f 886/3559/1605 2655/3479/1605 2654/3458/1605
f 2654/3458/1606 933/3432/1606 2653/3435/1606
f 298/3409/1607 1936/3410/1607 932/3408/1607
f 2654/3458/1608 2653/3435/1608 298/3409/1608
f 1100/699/1609 886/3559/1609 2654/3458/1609
f 2650/3368/232 295/3367/232 1100/699/232
f 930/3364/232 2650/3368/232 1100/699/232
f 1100/699/1610 2654/3458/1610 298/3409/1610
f 932/3408/1611 2652/3412/1611 297/3388/1611
f 1100/699/1612 298/3409/1612 932/3408/1612
f 1934/3365/232 930/3364/232 1100/699/232
f 931/3387/1613 2651/3389/1613 296/698/1613
f 296/698/232 1934/3365/232 1100/699/232
f 1100/699/1612 932/3408/1612 297/3388/1612
f 1935/697/1614 931/3387/1614 296/698/1614
f 1100/699/231 297/3388/231 1935/697/231
f 2608/3609/232 253/3585/232 2820/3835/232
f 2608/3609/232 2820/3835/232 1100/699/232
f 254/3607/2 1892/3605/2 888/3606/2
f 888/3606/232 2608/3609/232 1100/699/232
f 2104/3836/232 295/3367/232 1933/3343/232
f 888/3606/232 1100/699/232 2104/3836/232
f 2609/3629/1615 254/3607/1615 888/3606/1615
f 1893/3625/1492 889/3626/1492 2609/3629/1492
f 890/3649/1575 2610/3652/1575 255/3627/1575
f 1893/3625/1616 2609/3629/1616 888/3606/1616
f 255/3627/1616 1893/3625/1616 888/3606/1616
f 888/3606/232 2104/3836/232 1933/3343/232
f 1933/3343/2 929/3342/2 2649/3346/2
f 1933/3343/2 2649/3346/2 294/3345/2
f 255/3627/232 888/3606/232 1933/3343/232
f 890/3649/232 255/3627/232 1933/3343/232
f 890/3649/232 1933/3343/232 294/3345/232
f 2611/3673/232 256/3650/232 1894/3648/232
f 1894/3648/232 890/3649/232 294/3345/232
f 1894/3648/232 294/3345/232 1932/3321/232
f 891/3670/1603 2611/3673/1603 1894/3648/1603
f 2612/3696/1617 257/3671/1617 1895/3669/1617
f 1895/3669/232 891/3670/232 1894/3648/232
f 1894/3648/232 1932/3321/232 928/3320/232
f 928/3320/4 2648/3324/4 293/3302/4
f 1931/3300/1618 927/3301/1618 2647/3304/1618
f 1894/3648/232 928/3320/232 293/3302/232
f 293/3302/1619 1931/3300/1619 2647/3304/1619
f 2647/3304/232 292/3279/232 1930/3277/232
f 2647/3304/232 1930/3277/232 926/3278/232
f 1894/3648/232 293/3302/232 2647/3304/232
f 2612/3696/1620 1895/3669/1620 1894/3648/1620
f 258/3694/1275 1896/3692/1275 892/3693/1275
f 892/3693/1621 2612/3696/1621 1894/3648/1621
f 1894/3648/232 2647/3304/232 926/3278/232
f 1894/3648/232 926/3278/232 2646/3281/232
f 258/3694/1534 892/3693/1534 1894/3648/1534
f 1897/3713/2 893/3714/2 2613/702/2
f 2613/702/1622 258/3694/1622 1894/3648/1622
f 1894/3648/232 2646/3281/232 291/3280/232
f 291/3280/1623 1929/3264/1623 925/700/1623
f 925/700/1624 2645/3267/1624 290/3266/1624
f 290/3266/2 2105/3837/2 1101/701/2
f 1101/701/1625 2821/3838/1625 259/3715/1625
f 259/3715/1626 1897/3713/1626 2613/702/1626
f 2613/702/232 1894/3648/232 291/3280/232
f 925/700/232 290/3266/232 1101/701/232
f 2613/702/232 291/3280/232 925/700/232
f 1101/701/232 259/3715/232 2613/702/232
f 2614/3737/232 259/3715/232 2821/3838/232
f 2821/3838/1627 1101/701/1627 2105/3837/1627
f 2105/3837/1628 290/3266/1628 1928/3251/1628
f 1928/3251/1629 924/3250/1629 2644/3254/1629
f 2644/3254/1630 289/3237/1630 1927/3235/1630
f 923/3236/1631 2643/3239/1631 288/703/1631
f 2644/3254/1630 1927/3235/1630 923/3236/1630
f 2105/3837/1628 1928/3251/1628 2644/3254/1628
f 2614/3737/232 2821/3838/232 2105/3837/232
f 1898/3733/1275 894/3734/1275 2614/3737/1275
f 895/3754/1632 2615/3756/1632 260/3735/1632
f 260/3735/1633 1898/3733/1633 2614/3737/1633
f 2614/3737/1634 2105/3837/1634 2644/3254/1634
f 2644/3254/1635 923/3236/1635 288/703/1635
f 288/703/1636 1926/3220/1636 922/3221/1636
f 2642/3223/1637 287/3224/1637 2106/3839/1637
f 288/703/1638 922/3221/1638 2642/3223/1638
f 2614/3737/1639 2644/3254/1639 288/703/1639
f 1899/705/1640 895/3754/1640 260/3735/1640
f 260/3735/232 2614/3737/232 288/703/232
f 288/703/1637 2642/3223/1637 2106/3839/1637
f 288/703/1637 2106/3839/1637 1102/3840/1637
f 1899/705/1641 260/3735/1641 288/703/1641
f 2822/704/1642 261/3232/1642 1899/705/1642
f 288/703/1637 1102/3840/1637 2822/704/1637
f 2616/3231/1643 261/3232/1643 2822/704/1643
f 2822/704/1644 1102/3840/1644 2106/3839/1644
f 2106/3839/1645 287/3224/1645 1925/3748/1645
f 921/3747/1646 2641/3750/1646 286/706/1646
f 2106/3839/1645 1925/3748/1645 921/3747/1645
f 2616/3231/1643 2822/704/1643 2106/3839/1643
f 262/3229/1647 1900/3227/1647 896/3228/1647
f 896/3228/1643 2616/3231/1643 2106/3839/1643
f 2106/3839/1645 921/3747/1645 286/706/1645
f 286/706/1648 1924/3727/1648 920/3728/1648
f 2640/3730/1649 285/3708/1649 2107/3841/1649
f 286/706/1650 920/3728/1650 2640/3730/1650
f 896/3228/1651 2106/3839/1651 286/706/1651
f 2617/3246/1652 262/3229/1652 896/3228/1652
f 1901/3243/1433 897/3242/1433 2617/3246/1433
f 898/3258/1653 2618/3260/1653 263/3261/1653
f 263/3261/1654 1901/3243/1654 2617/3246/1654
f 2617/3246/1655 896/3228/1655 286/706/1655
f 286/706/1649 2640/3730/1649 2107/3841/1649
f 2107/3841/2 1103/3842/2 2823/3843/2
f 2823/3843/232 265/3272/232 1903/3271/232
f 899/707/1445 2619/3274/1445 264/3259/1445
f 2823/3843/232 1903/3271/232 899/707/232
f 286/706/1649 2107/3841/1649 2823/3843/1649
f 263/3261/1656 2617/3246/1656 286/706/1656
f 1902/708/1657 898/3258/1657 263/3261/1657
f 899/707/1658 264/3259/1658 1902/708/1658
f 286/706/1659 2823/3843/1659 899/707/1659
f 1902/708/1660 263/3261/1660 286/706/1660
f 2622/3332/232 267/3309/232 2108/714/232
f 2622/3332/232 2108/714/232 1104/3844/232
f 268/3330/1371 1906/3328/1371 902/3329/1371
f 902/3329/232 2622/3332/232 1104/3844/232
f 2824/3845/232 283/3664/232 1953/3846/232
f 902/3329/232 1104/3844/232 2824/3845/232
f 2623/3354/1661 268/3330/1661 902/3329/1661
f 269/3352/1662 1907/3350/1662 903/3351/1662
f 2623/3354/232 902/3329/232 2824/3845/232
f 269/3352/1663 903/3351/1663 2623/3354/1663
f 904/3372/1664 2624/3376/1664 269/3352/1664
f 2625/3397/232 270/3396/232 1908/3373/232
f 1908/3373/1665 904/3372/1665 269/3352/1665
f 269/3352/232 2623/3354/232 2824/3845/232
f 2824/3845/232 1953/3846/232 949/3847/232
f 2669/3848/232 281/3645/232 1919/3619/232
f 2824/3845/232 949/3847/232 2669/3848/232
f 1908/3373/232 269/3352/232 2824/3845/232
f 905/3393/232 2625/3397/232 1908/3373/232
f 271/3419/1371 1909/3394/1371 905/3393/1371
f 906/3416/1666 2626/3420/1666 271/3419/1666
f 272/3441/1666 1910/3417/1666 906/3416/1666
f 907/3438/1558 2627/3442/1558 272/3441/1558
f 2628/3465/232 273/3464/232 1911/3439/232
f 1911/3439/1667 907/3438/1667 272/3441/1667
f 272/3441/1667 906/3416/1667 271/3419/1667
f 271/3419/232 905/3393/232 1908/3373/232
f 1908/3373/232 2824/3845/232 2669/3848/232
f 2669/3848/232 1919/3619/232 915/3618/232
f 915/3618/1668 2635/3621/1668 280/709/1668
f 280/709/1669 1918/3598/1669 914/3597/1669
f 914/3597/1371 2634/3601/1371 279/3600/1371
f 1917/3576/1275 913/3575/1275 2633/3579/1275
f 914/3597/232 279/3600/232 1917/3576/232
f 2669/3848/232 915/3618/232 280/709/232
f 280/709/232 914/3597/232 1917/3576/232
f 2633/3579/232 278/3578/232 1916/3552/232
f 280/709/232 1917/3576/232 2633/3579/232
f 1908/3373/232 2669/3848/232 280/709/232
f 272/3441/232 271/3419/232 1908/3373/232
f 2628/3465/232 1911/3439/232 272/3441/232
f 1912/3462/1371 908/3461/1371 2628/3465/1371
f 2629/3487/232 274/3486/232 1912/3462/232
f 909/3483/232 2629/3487/232 1912/3462/232
f 1912/3462/232 2628/3465/232 272/3441/232
f 272/3441/232 1908/3373/232 280/709/232
f 280/709/232 2633/3579/232 1916/3552/232
f 912/3551/1670 2632/3555/1670 277/3554/1670
f 280/709/232 1916/3552/232 912/3551/232
f 1912/3462/232 272/3441/232 280/709/232
f 1913/3484/232 909/3483/232 1912/3462/232
f 2630/3509/232 275/3508/232 1913/3484/232
f 1914/711/4 910/3506/4 2630/3509/4
f 2631/3531/232 276/3530/232 1914/711/232
f 911/3528/232 2631/3531/232 1914/711/232
f 1914/711/1603 2630/3509/1603 1913/3484/1603
f 1913/3484/232 1912/3462/232 280/709/232
f 280/709/232 912/3551/232 277/3554/232
f 1915/710/232 911/3528/232 1914/711/232
f 280/709/232 277/3554/232 1915/710/232
f 1914/711/232 1913/3484/232 280/709/232
f 1923/3706/235 285/3708/235 2107/3841/235
f 1103/3842/4 2823/3843/4 265/3272/4
f 1923/3706/235 2107/3841/235 1103/3842/235
f 2639/3709/1671 919/3707/1671 1923/3706/1671
f 1922/3685/235 284/3710/235 2639/3709/235
f 283/3664/1672 2638/3688/1672 918/3684/1672
f 918/3684/235 1922/3685/235 2639/3709/235
f 2639/3709/235 1923/3706/235 1103/3842/235
f 1103/3842/235 265/3272/235 2620/3288/235
f 1103/3842/235 2620/3288/235 900/3285/235
f 918/3684/235 2639/3709/235 1103/3842/235
f 2824/3845/235 283/3664/235 918/3684/235
f 1104/3844/235 2824/3845/235 918/3684/235
f 918/3684/235 1103/3842/235 900/3285/235
f 1904/712/1673 266/3286/1673 2621/713/1673
f 918/3684/235 900/3285/235 1904/712/235
f 2108/714/235 1104/3844/235 918/3684/235
f 1905/3307/235 267/3309/235 2108/714/235
f 901/3308/235 1905/3307/235 2108/714/235
f 2108/714/235 918/3684/235 1904/712/235
f 2621/713/235 901/3308/235 2108/714/235
f 4930/715/230 2825/3758/230 971/716/230
f 4929/718/1087 2826/3753/1087 1105/719/1087
f 4928/721/230 2034/3230/230 1030/722/230
f 4927/724/229 2829/3752/229 997/725/229
f 4926/727/229 2830/3746/229 1106/728/229
f 4925/730/229 2032/3222/229 1028/731/229
f 4924/733/228 2833/3745/228 1023/734/228
f 4923/736/228 2834/3739/228 1107/737/228
f 4922/739/228 2030/3215/228 1026/740/228
f 2837/742/183 970/3759/183 2690/743/183
f 2838/745/183 1108/3732/183 2839/746/183
f 2819/748/183 1099/3755/183 2840/749/183
f 2841/751/227 996/3760/227 2716/752/227
f 2842/754/227 1109/3726/227 2843/755/227
f 2818/757/227 1098/3749/227 2844/758/227
f 4915/760/226 2845/3725/226 1022/761/226
f 4914/763/226 2846/3718/226 1110/764/226
f 4913/766/226 2817/3721/226 1097/767/226
f 2849/769/183 969/3761/183 2689/770/183
f 2850/772/183 1111/3712/183 2851/773/183
f 2816/775/183 1096/3736/183 2852/776/183
f 2853/778/225 995/3762/225 2715/779/225
f 2854/781/225 1112/3705/225 2855/782/225
f 2815/784/225 1095/3729/225 2856/785/225
f 2857/787/1674 1021/3763/1674 2741/788/1674
f 2858/790/1089 1113/3698/1089 2859/791/1089
f 2814/793/1675 1094/3722/1675 2860/794/1675
f 2861/796/183 968/3764/183 2688/797/183
f 2862/799/183 1114/3691/183 2863/800/183
f 2813/802/183 1093/3716/183 2864/803/183
f 4900/805/187 2865/3690/187 994/806/187
f 4899/808/187 2866/3683/187 1115/809/187
f 4898/811/187 2812/3686/187 1092/812/187
f 4897/814/223 2869/3682/223 1020/815/223
f 4896/817/223 2870/3675/223 1116/818/223
f 4895/820/223 2811/3678/223 1091/821/223
f 2873/823/183 967/3765/183 2687/824/183
f 2874/826/183 1117/3668/183 2875/827/183
f 2810/829/183 1090/3695/183 2876/830/183
f 2877/832/222 993/3766/222 2713/833/222
f 4890/835/222 2878/3661/222 1118/836/222
f 4889/838/222 2809/3687/222 1089/839/222
f 2881/841/1676 1019/3767/1676 2739/842/1676
f 2882/844/1092 1119/3654/1092 2883/845/1092
f 2808/847/1677 1088/3679/1677 2884/848/1677
f 2885/850/220 966/3768/220 2686/851/220
f 2886/853/220 1120/3647/220 2887/854/220
f 2807/856/220 1087/3672/220 2888/857/220
f 2889/859/219 992/3769/219 2712/860/219
f 2890/862/219 1121/3640/219 2891/863/219
f 2806/865/219 1086/3665/219 2892/866/219
f 4879/868/187 2893/3639/187 1018/869/187
f 4878/871/187 2894/3631/187 1122/872/187
f 4877/874/187 2805/3634/187 1085/875/187
f 2897/877/218 965/3770/218 2685/878/218
f 2898/880/218 1123/3624/218 2899/881/218
f 2804/883/218 1084/3651/218 2900/884/218
f 4873/886/217 2901/3623/217 991/887/217
f 4872/889/217 2902/3617/217 1124/890/217
f 4871/892/217 2803/3620/217 1083/893/217
f 2905/895/216 1017/3771/216 2737/896/216
f 4869/898/216 2906/3611/216 1125/899/216
f 2802/901/216 1082/3635/216 2908/902/216
f 2909/904/215 964/3772/215 2684/905/215
f 2910/907/215 1126/3604/215 2911/908/215
f 2801/910/215 1081/3628/215 2912/911/215
f 4864/913/187 2913/3603/187 990/914/187
f 4863/916/187 2914/3596/187 1127/917/187
f 4862/919/187 2800/3599/187 1080/920/187
f 2917/922/214 1016/3773/214 2736/923/214
f 2918/925/214 1128/3589/214 2919/926/214
f 2799/928/214 1079/3614/214 2920/929/214
f 2921/931/183 963/3774/183 2683/932/183
f 2922/934/183 1129/3582/183 2923/935/183
f 2798/937/183 1078/3608/183 2924/938/183
f 4855/940/213 2925/3581/213 989/941/213
f 4854/943/213 2926/3574/213 1130/944/213
f 4853/946/213 2797/3577/213 1077/947/213
f 4852/949/187 2929/3573/187 1015/950/187
f 4851/952/187 2930/3566/187 1131/953/187
f 4850/955/187 2796/3569/187 1076/956/187
f 4849/958/1095 2933/3565/1095 962/959/1095
f 4848/961/1061 2934/3558/1061 1132/962/1061
f 4847/964/1678 2795/3561/1678 1075/965/1678
f 4846/967/211 2937/3557/211 988/968/211
f 4845/970/211 2938/3550/211 1133/971/211
f 4844/973/211 2794/3553/211 1074/974/211
f 4843/976/187 2941/3549/187 1014/977/187
f 4842/979/187 2942/3542/187 1134/980/187
f 4841/982/187 2793/3545/187 1073/983/187
f 4840/985/210 2945/3541/210 961/986/210
f 2946/988/210 1135/3534/210 2947/989/210
f 2792/991/210 1072/3562/210 2948/992/210
f 4837/994/209 2949/3533/209 987/995/209
f 4836/997/209 2950/3527/209 1136/998/209
f 4835/1000/209 2791/3529/209 1071/1001/209
f 4834/1003/187 2953/3526/187 1013/1004/187
f 4833/1006/187 2954/3519/187 1137/1007/187
f 4832/1009/187 2790/3522/187 1070/1010/187
f 2957/1012/1679 960/3775/1679 2680/1013/1679
f 4830/1015/1053 2958/3512/1053 1138/1016/1053
f 4829/1018/1680 2789/3515/1680 1069/1019/1680
f 4828/1021/248 2961/3511/248 986/1022/248
f 4827/1024/207 2962/3505/207 1139/1025/207
f 4826/1027/248 2788/3507/248 1068/1028/248
f 2965/1030/206 1012/3776/206 2732/1031/206
f 2966/1033/206 1140/3498/206 2967/1034/206
f 2787/1036/206 1067/3523/206 2968/1037/206
f 4822/1039/205 2969/3497/205 959/1040/205
f 4821/1042/205 2970/3490/205 1141/1043/205
f 4820/1045/205 2786/3493/205 1066/1046/205
f 4819/1048/204 2973/3489/204 985/1049/204
f 4818/1051/204 2974/3482/204 1142/1052/204
f 4817/1054/204 2785/3485/204 1065/1055/204
f 2977/1057/1681 1011/3777/1681 2731/1058/1681
f 2978/1060/1099 1143/3475/1099 2979/1061/1099
f 2784/1063/1682 1064/3502/1682 2980/1064/1682
f 2981/1066/1683 958/3778/1683 2678/1067/1683
f 2982/1069/1102 1144/3468/1102 2983/1070/1102
f 2783/1072/1684 1063/3494/1684 2984/1073/1684
f 4810/1075/201 2985/3467/201 984/1076/201
f 4809/1078/1033 2986/3460/1033 1145/1079/1033
f 4808/1081/201 2782/3463/201 1062/1082/201
f 2989/1084/1685 1010/3779/1685 2730/1085/1685
f 4806/1087/1027 2990/3453/1027 1146/1088/1027
f 4805/1090/1686 2781/3456/1686 1061/1091/1686
f 4804/1093/199 2993/3452/199 957/1094/199
f 4803/1096/199 2994/3445/199 1147/1097/199
f 4802/1099/199 2780/3448/199 1060/1100/199
f 4801/1102/198 2997/3444/198 983/1103/198
f 4800/1105/198 2998/3437/198 1148/1106/198
f 4799/1108/198 2779/3440/198 1059/1109/198
f 3001/1111/1687 1009/3780/1687 2729/1112/1687
f 3002/1114/1106 1149/3430/1106 3003/1115/1106
f 2778/1117/1688 1058/3457/1688 3004/1118/1688
f 3005/1120/196 956/3781/196 2676/1121/196
f 3006/1123/188 1150/3423/188 3007/1124/188
f 2777/1126/188 1057/3449/188 3008/1127/188
f 4792/1129/195 3009/3422/195 982/1130/195
f 4791/1132/195 3010/3415/195 1151/1133/195
f 4790/1135/195 2776/3418/195 1056/1136/195
f 4789/1138/1109 3013/3414/1109 1008/1139/1109
f 4788/1141/1008 3014/3407/1008 1152/1142/1008
f 4787/1144/1689 2775/3434/1689 1055/1145/1689
f 3017/1147/193 955/3782/193 2675/1148/193
f 3018/1150/193 1153/3400/193 3019/1151/193
f 2774/1153/193 1054/3427/193 3020/1154/193
f 4783/1156/192 3021/3399/192 981/1157/192
f 4782/1159/192 3022/3392/192 1154/1160/192
f 4781/1162/192 2773/3395/192 1053/1163/192
f 4780/1165/1112 3025/3391/1112 1007/1166/1112
f 4779/1168/1690 3026/3386/1690 1155/1169/1690
f 4778/1171/1691 2772/3411/1691 1052/1172/1691
f 3029/1174/188 954/3783/188 2674/1175/188
f 3030/1177/188 1156/3379/188 3031/1178/188
f 2771/1180/188 1051/3404/188 3032/1181/188
f 4774/1183/190 3033/3378/190 980/1184/190
f 4773/1186/190 3034/3371/190 1157/1187/190
f 4772/1189/190 2770/3374/190 1050/1190/190
f 4771/1192/187 3037/3370/187 1006/1193/187
f 4770/1195/187 3038/3363/187 1158/1196/187
f 4769/1198/187 2769/3366/187 1049/1199/187
f 3041/1201/189 953/476/189 2673/1202/189
f 3042/1204/189 1159/3356/189 3043/1205/189
f 2768/1207/189 1048/3383/189 3044/1208/189
f 3045/1210/183 979/3784/183 2699/1211/183
f 3046/1213/183 1160/3349/183 3047/1214/183
f 2767/1216/183 1047/3375/183 3048/1217/183
f 4762/1219/187 3049/3348/187 1005/1220/187
f 4761/1222/187 3050/3341/187 1161/1223/187
f 4760/1225/187 2766/3344/187 1046/1226/187
f 3053/1228/188 952/3785/188 2672/1229/188
f 3054/1231/188 1162/3334/188 3055/1232/188
f 2765/1234/188 1045/3360/188 3056/1235/188
f 3057/1237/183 978/3786/183 2698/1238/183
f 3058/1240/183 1163/3327/183 3059/1241/183
f 2764/1243/183 1044/3353/183 3060/1244/183
f 4753/1246/187 3061/3326/187 1004/1247/187
f 4752/1249/187 3062/3319/187 1164/1250/187
f 4751/1252/187 2763/3322/187 1043/1253/187
f 4750/1255/186 3065/3318/186 951/1256/186
f 4749/1258/186 3066/3312/186 1165/1259/186
f 4748/1261/186 2044/3294/186 1040/1262/186
f 3069/1264/183 977/3787/183 2697/1265/183
f 3070/1267/183 1166/3306/183 3071/1268/183
f 2762/1270/183 1042/3331/183 3072/1271/183
f 3073/1273/185 1003/3788/185 2723/1274/185
f 3074/1276/185 1167/3299/185 3075/1277/185
f 2761/1279/185 1041/3323/185 3076/1280/185
f 4741/1282/184 3077/3298/184 950/1283/184
f 4740/1285/184 3078/3290/184 1168/1286/184
f 4739/1288/184 2759/3293/184 1039/1289/184
f 3081/1291/183 976/3789/183 2696/1292/183
f 3082/1294/183 1169/3284/183 3083/1295/183
f 2758/1297/183 1038/3310/183 3084/1298/183
f 4735/1300/182 3085/3283/182 1002/1301/182
f 4734/1303/182 3086/3276/182 1170/1304/182
f 4733/1306/182 2757/3303/182 1037/1307/182
f 3089/1309/183 975/3790/183 2695/1310/183
f 3090/1312/183 1171/3270/183 3091/1313/183
f 2756/1315/183 1036/3287/183 3092/1316/183
f 4729/1318/182 3093/3269/182 1001/1319/182
f 4728/1321/182 3094/3263/182 1172/1322/182
f 4727/1324/182 2755/3265/182 1035/1325/182
f 3097/1327/181 974/3791/181 2694/1328/181
f 3098/1330/181 1173/3257/181 3099/1331/181
f 2754/1333/181 1034/3273/181 3100/1334/181
f 4723/1336/180 3101/3256/180 1000/1337/180
f 4722/1339/180 3102/3249/180 1174/1340/180
f 4721/1342/180 2753/3252/180 1033/1343/180
f 4720/1345/179 3105/3248/179 973/1346/179
f 4719/1348/179 3106/3241/179 1175/1349/179
f 4718/1351/179 2752/3244/179 1032/1352/179
f 3109/1354/178 999/3792/178 2719/1355/178
f 3110/1357/178 1176/3234/178 3111/1358/178
f 2751/1360/178 1031/3253/178 3112/1361/178
f 3113/1363/177 972/3793/177 2692/1364/177
f 3114/1366/177 1177/3226/177 3115/1367/177
f 2749/1369/177 1029/3245/177 3116/1370/177
f 3117/1372/176 998/3794/176 2718/1373/176
f 3118/1375/176 1178/3219/176 3119/1376/176
f 2747/1378/176 1027/3238/176 3120/1379/176
f 3121/1381/174 1024/3795/174 2744/1382/174
f 3122/1384/174 1179/3211/174 3123/1385/174
f 2745/1387/174 1025/3315/174 3124/1388/174
f 3125/1390/173 873/2868/173 1877/1391/173
f 3126/1393/173 1180/3209/173 3127/1394/173
f 2439/1396/1692 719/3083/1692 3128/1397/1692
f 4702/1399/172 3129/3208/172 872/1400/172
f 4701/1402/172 3130/3205/172 1181/1403/172
f 4700/1405/172 2441/3195/172 721/1406/172
f 3133/1408/171 871/2877/171 1875/1409/171
f 3134/1411/994 1182/3200/994 3135/1412/994
f 2443/1414/171 723/3048/171 3136/1415/171
f 3137/1417/1693 870/2884/1693 1874/1418/1693
f 3138/1420/170 1183/3198/170 3139/1421/170
f 1644/1423/170 640/3210/170 3140/1424/170
f 4693/1426/169 3141/3197/169 869/1427/169
f 4692/1429/169 3142/3194/169 1184/1430/169
f 4691/1432/169 2446/3182/169 726/1433/169
f 3145/1435/168 868/2892/168 1872/1436/168
f 3146/1438/168 1185/3188/168 3147/1439/168
f 1648/1441/168 644/3203/168 3148/1442/168
f 3149/1444/167 867/2898/167 1871/1445/167
f 3150/1447/167 1186/3186/167 3151/1448/167
f 1649/1450/989 645/3199/989 3152/1451/989
f 4684/1453/166 3153/3185/166 866/1454/166
f 4683/1456/166 3154/3180/166 1187/1457/166
f 4682/1459/166 2449/3181/166 729/1460/166
f 3157/1462/165 865/2906/165 1869/1463/165
f 3158/1465/165 1188/3177/165 3159/1466/165
f 1651/1468/165 647/3192/165 3160/1469/165
f 3161/1471/164 864/2913/164 1868/1472/164
f 3162/1474/164 1189/3176/164 3163/1475/164
f 1652/1477/988 648/3187/988 3164/1478/988
f 4675/1480/163 3165/3175/163 863/1481/163
f 4674/1483/163 3166/3171/163 1190/1484/163
f 4673/1486/163 2452/3164/163 732/1487/163
f 4672/1489/162 3169/3170/162 862/1490/162
f 4671/1492/162 3170/2671/162 1191/1493/162
f 4670/1495/162 2453/437/162 733/437/162
f 4669/1496/161 3173/3166/161 861/1497/161
f 4668/1499/161 3174/3163/161 1192/1500/161
f 4667/1502/161 2454/1512/161 734/1503/161
f 4666/1505/160 3177/24/160 860/24/160
f 4665/1505/160 3178/24/160 1193/24/160
f 4664/24/160 2455/24/160 735/24/160
f 3181/1506/155 859/2928/155 1863/1507/155
f 3182/1509/155 1194/3161/155 3183/1510/155
f 2454/1512/155 734/1503/155 3184/1513/155
f 4660/24/159 3185/24/159 858/24/159
f 4659/24/159 3186/24/159 1195/24/159
f 2458/24/159 738/24/159 3188/24/159
f 4657/1515/158 3189/3160/158 857/1516/158
f 4656/1518/158 3190/3158/158 1196/1519/158
f 1662/1521/158 658/3797/158 3192/1522/158
f 4654/1524/155 3193/3157/155 856/1525/155
f 4653/1527/155 3194/3155/155 1197/1528/155
f 1663/1530/155 659/3162/155 3196/1531/155
f 3197/1/157 855/1/157 1859/1/157
f 3198/1/157 1198/1/157 3199/1/157
f 2461/1/984 741/1/984 3200/1/984
f 4648/1533/156 3201/3154/156 854/1534/156
f 4647/1536/156 3202/3151/156 1199/1537/156
f 4646/1539/156 1665/3152/156 661/1540/156
f 4645/1542/155 3205/3150/155 853/1543/155
f 4644/1545/155 3206/3147/155 1200/1546/155
f 4643/1548/155 1666/3148/155 662/1549/155
f 3209/1/983 852/1/983 1856/1/983
f 3210/1/154 1201/1/154 3211/1/154
f 2464/1/272 744/1/272 3212/1/272
f 4639/1551/153 3213/3146/153 851/1552/153
f 4638/1554/153 3214/3144/153 1202/1555/153
f 4637/1557/153 1668/3145/153 664/1558/153
f 4636/1560/152 3217/3143/152 850/1561/152
f 4635/1563/152 3218/3141/152 1203/1564/152
f 4634/1566/152 1669/3142/152 665/1567/152
f 3221/1/151 849/1/151 1853/1/151
f 3222/1/151 1204/1/151 3223/1/151
f 2467/1/151 747/1/151 3224/1/151
f 3225/1569/150 848/2953/150 1852/1570/150
f 3226/1572/150 1205/3135/150 3227/1573/150
f 2468/1575/274 748/3130/274 3228/1576/274
f 3229/1578/275 847/2957/275 1851/1579/275
f 3230/1581/149 1206/3131/149 3231/1582/149
f 2469/1584/149 749/3128/149 3232/1585/149
f 3233/1/148 846/1/148 1850/1/148
f 3234/1/148 1207/1/148 3235/1/148
f 2470/1/148 750/1/148 3236/1/148
f 3237/1587/1694 845/2961/1694 1849/1588/1694
f 3238/1590/1117 1208/3129/1117 3239/1591/1117
f 2471/1593/1695 751/3126/1695 3240/1594/1695
f 3241/1596/146 844/2967/146 1848/1597/146
f 3242/1599/279 1209/3127/279 3243/1600/279
f 2472/1602/279 752/3124/279 3244/1603/279
f 3245/1/1696 843/1/1696 1847/1/1696
f 3246/1/1120 1210/1/1120 3247/1/1120
f 2473/1/1697 753/1/1697 3248/1/1697
f 3249/1605/1698 842/2973/1698 1846/1606/1698
f 3250/1608/1123 1211/3125/1123 3251/1609/1123
f 2474/1611/1699 754/1630/1699 3252/1612/1699
f 3253/1614/286 841/2978/286 1845/1615/286
f 3254/1617/286 1212/3123/286 3255/1618/286
f 2475/1620/286 755/3116/286 3256/1621/286
f 3257/1/1700 840/1/1700 1844/1/1700
f 3258/1/1126 1213/1/1126 3259/1/1126
f 2476/1/1701 756/1/1701 3260/1/1701
f 4603/1623/290 3261/3122/290 839/1624/290
f 4602/1626/290 3262/3117/290 1214/1627/290
f 4601/1629/290 2474/1611/290 754/1630/290
f 3265/1632/140 838/2986/140 1842/1633/140
f 3266/1635/140 1215/3115/140 3267/1636/140
f 2478/1638/140 758/3110/140 3268/1639/140
f 4597/1/1702 3269/1/1702 837/1/1702
f 4596/1/937 3270/1/937 1216/1/937
f 4595/1/1703 2479/1/1703 759/1/1703
f 4594/1641/1132 3273/3114/1132 836/1642/1132
f 4593/1644/928 3274/3111/928 1217/1645/928
f 4592/1647/1704 1683/3112/1704 679/1648/1704
f 3277/1650/137 835/2994/137 1839/1651/137
f 3278/1653/137 1218/3109/137 3279/1654/137
f 2481/1656/137 761/1670/137 3280/1657/137
f 4588/1/136 3281/1/136 834/1/136
f 4587/1/136 3282/1/136 1219/1/136
f 4586/1/136 2482/1/136 762/1/136
f 4585/1659/1135 3285/3108/1135 833/1660/1135
f 4584/1662/919 3286/3104/919 1220/1663/919
f 4583/1665/1705 1686/3106/1705 682/1666/1705
f 4582/23/301 3289/121/301 832/121/301
f 4581/23/301 3290/1668/301 1221/1668/301
f 4580/1669/301 2481/1656/301 761/1670/301
f 4579/1/129 3293/1/129 831/1/129
f 4578/1/129 3294/1/129 1222/1/129
f 4577/1/129 2485/1/129 765/1/129
f 4576/1672/1138 3297/3103/1138 830/1673/1138
f 4575/1675/910 3298/3099/910 1223/1676/910
f 4574/1678/1706 1689/3101/1706 685/1679/1706
f 3301/23/1707 829/23/1707 1833/23/1707
f 3302/23/1141 1224/23/1141 3303/23/1141
f 2487/23/1708 767/23/1708 3304/23/1708
f 4570/1/129 3305/1/129 828/1/129
f 4569/1/129 3306/1/129 1225/1/129
f 4568/1/129 2488/1/129 768/1/129
f 4567/1681/899 3309/3098/899 827/1682/899
f 4566/1684/131 3310/3094/131 1226/1685/131
f 4565/1687/131 1692/3096/131 688/1688/131
f 3313/23/1709 826/23/1709 1830/23/1709
f 3314/23/1144 1227/23/1144 3315/23/1144
f 2490/23/1710 770/23/1710 3316/23/1710
f 4561/1/129 3317/1/129 825/1/129
f 4560/1/129 3318/1/129 1228/1/129
f 4559/1/129 2491/1/129 771/1/129
f 4558/1690/128 3321/3093/128 824/1691/128
f 4557/1693/128 3322/3089/128 1229/1694/128
f 4556/1696/128 1695/3091/128 691/1697/128
f 4555/23/1711 3325/23/1711 823/23/1711
f 4554/23/882 3326/23/882 1230/23/882
f 4553/23/1712 2493/23/1712 773/23/1712
f 4552/1/126 3329/1/126 822/1/126
f 4551/1/126 3330/1/126 1231/1/126
f 4550/1/126 2494/1/126 774/1/126
f 4549/1699/1150 3333/1700/1150 821/1700/1150
f 4548/1700/872 3334/1701/872 1232/1701/872
f 4547/1702/1713 1698/3088/1713 694/1703/1713
f 4546/23/1714 3337/23/1714 820/23/1714
f 4545/23/1715 3338/23/1715 1233/23/1715
f 4544/23/1716 2496/23/1716 776/23/1716
f 4543/1/861 3341/1/861 819/1/861
f 4542/1/321 3342/1/321 1234/1/321
f 4541/1/321 2497/1/321 777/1/321
f 4540/363/1156 3345/363/1156 818/363/1156
f 4539/1704/853 3346/362/853 1235/1704/853
f 4538/362/1717 1701/3087/1717 697/362/1717
f 4537/23/121 3349/23/121 817/23/121
f 4536/23/121 3350/23/121 1236/23/121
f 4535/23/121 2499/23/121 779/23/121
f 3353/1/120 816/1/120 1820/1/120
f 3354/1/120 1237/1/120 3355/1/120
f 2500/24/1335 780/24/1335 3356/1/1335
f 4531/37/1718 3357/37/1718 815/37/1718
f 4530/37/844 3358/37/844 1238/37/844
f 4529/37/1719 1704/1704/1719 700/37/1719
f 3361/23/1720 814/23/1720 1818/23/1720
f 3362/23/1162 1239/23/1162 3363/357/1162
f 2499/23/1721 779/23/1721 3364/23/1721
f 3365/123/115 813/123/115 1817/24/115
f 3366/24/115 1240/24/115 3367/24/115
f 2503/26/115 783/360/115 3368/361/115
f 4522/133/1722 3369/133/1722 812/133/1722
f 4521/133/826 3370/133/826 1241/133/826
f 4520/133/1723 1707/37/1723 703/37/1723
f 3373/359/116 811/358/116 1815/1705/116
f 3374/1707/116 1242/3086/116 3375/1708/116
f 1708/1710/116 704/1710/116 3376/1710/116
f 3377/1712/115 810/1712/115 1814/1713/115
f 3378/1715/115 1243/1715/115 3379/1716/115
f 2506/1717/115 786/1744/115 3380/1718/115
f 3381/1720/114 809/1720/114 1813/1721/114
f 3382/1723/114 1244/1723/114 3383/1724/114
f 2507/1726/114 787/353/114 3384/1727/114
f 4510/1729/1168 3385/3082/1168 808/1730/1168
f 4509/1732/817 3386/3077/817 1245/1733/817
f 4508/1735/1724 2508/3070/1724 788/1736/1724
f 4507/1738/112 3389/3076/112 807/1739/112
f 4506/1740/112 3390/3074/112 1246/1741/112
f 4505/1743/112 2506/1717/112 786/1744/112
f 3393/306/1725 806/306/1725 1810/306/1725
f 3394/1746/1171 1247/1746/1171 3395/1747/1171
f 2510/344/1726 790/344/1726 3396/1748/1726
f 4501/133/1727 3397/133/1727 805/133/1727
f 4500/133/1728 3398/133/1728 1248/133/1728
f 4499/133/1729 1710/133/1729 706/133/1729
f 4498/1750/109 3401/3073/109 804/1751/109
f 4497/1753/109 3402/3069/109 1249/1754/109
f 4496/1756/109 2512/3060/109 792/1757/109
f 4495/1759/108 3405/3068/108 803/1760/108
f 4494/1762/344 3406/3063/344 1250/1763/344
f 4493/1765/108 1715/3065/108 711/1766/108
f 3409/133/1730 802/133/1730 1806/344/1730
f 3410/344/1177 1251/133/1177 3411/344/1177
f 2514/133/1731 794/133/1731 3412/133/1731
f 3413/1768/1732 801/3026/1732 1805/1769/1732
f 3414/1771/1180 1252/3059/1180 3415/1772/1180
f 2515/1774/1733 795/3052/1733 3416/1775/1733
f 3417/1777/105 800/3031/105 1804/1778/105
f 3418/1780/105 1253/3054/105 3419/1781/105
f 1719/1783/105 715/3066/105 3420/1784/105
f 3421/133/1734 799/133/1734 1803/133/1734
f 3422/133/1184 1254/133/1184 3423/133/1184
f 1717/133/1735 713/133/1735 3424/133/1735
f 4480/1786/103 3425/3053/103 798/1787/103
f 4479/1789/103 3426/3050/103 1255/1790/103
f 4478/1792/103 1646/3051/103 642/1793/103
f 3429/1795/102 797/3040/102 1801/1796/102
f 3430/1798/102 1256/3044/102 3431/1799/102
f 1722/1801/102 718/3057/102 3432/1802/102
f 4474/1804/101 3433/3043/101 544/1805/101
f 4473/1807/101 3434/3039/101 1257/1808/101
f 4472/1810/101 1800/3032/101 796/1811/101
f 3437/1813/100 570/2381/100 2290/119/100
f 3438/1815/100 1258/3036/100 3439/1816/100
f 1726/1818/100 722/2875/100 3440/1819/100
f 4468/133/1736 3441/133/1736 517/133/1736
f 4467/133/1737 3442/133/1737 1259/133/1737
f 4466/133/1738 1795/133/1738 791/133/1738
f 4465/1821/755 3445/3035/755 543/1822/755
f 4464/1824/98 3446/3030/98 1260/1825/98
f 4463/1827/98 1797/3022/98 793/1828/98
f 4462/1830/1739 3449/3029/1739 569/1831/1739
f 4461/1832/747 3450/3025/747 1261/1833/747
f 4460/1835/1740 2437/3027/1740 717/1836/1740
f 4459/344/1193 3453/344/1193 516/344/1193
f 4458/344/738 3454/133/738 1262/133/738
f 4457/133/1741 2436/133/1741 716/133/1741
f 3457/1839/95 542/2362/95 1546/127/95
f 3458/1841/95 1263/3021/95 3459/1842/95
f 1793/1844/364 789/3018/364 3460/1845/364
f 3461/1847/94 568/2224/94 2288/189/94
f 3462/1849/94 1264/3019/94 3463/1850/94
f 2434/1852/94 714/3028/94 3464/1853/94
f 3465/133/93 594/133/93 1598/133/93
f 3466/133/93 1265/133/93 3467/133/93
f 1788/133/365 784/133/365 3468/133/365
f 4447/1855/1742 3469/1856/1742 515/1856/1742
f 4446/1748/726 3470/306/726 1266/306/726
f 4445/307/1743 2432/344/1743 712/344/1743
f 3473/1858/1744 541/2810/1744 1545/1859/1744
f 3474/1861/91 1267/3017/91 3475/1862/91
f 2428/1864/370 708/1887/370 3476/1865/370
f 3477/1867/1745 567/2216/1745 2287/192/1745
f 3478/1869/1746 1268/3016/1746 3479/1870/1746
f 2430/1872/1747 710/3020/1747 3480/1873/1747
f 4438/1875/89 3481/3015/89 514/1876/89
f 4437/1878/89 3482/1879/89 1269/1879/89
f 4436/1881/89 2429/1855/89 709/1855/89
f 4435/124/86 3485/3012/86 540/1883/86
f 4434/1884/86 3486/3011/86 1270/1885/86
f 4433/1886/86 2428/1864/86 708/1887/86
f 4432/1889/1202 3489/3010/1202 566/1890/1202
f 4431/1892/1748 3490/1893/1748 1271/1893/1748
f 4430/1895/1749 1786/1895/1749 782/1895/1749
f 3493/133/1750 592/133/1750 1596/133/1750
f 3494/133/1205 1272/133/1205 3495/133/1205
f 1785/133/1751 781/37/1751 3496/133/1751
f 4426/1/86 3497/123/86 539/1/86
f 4425/1/86 3498/123/86 1273/123/86
f 4424/123/86 2425/361/86 705/124/86
f 4423/1895/85 3501/1895/85 565/194/85
f 4422/23/85 3502/23/85 1274/23/85
f 4421/23/85 2421/23/85 701/23/85
f 3505/37/1752 591/135/1752 1595/135/1752
f 3506/37/1208 1275/37/1208 3507/37/1208
f 1782/37/1753 778/37/1753 3508/37/1753
f 4417/1/83 3509/1/83 538/1/83
f 4416/1/83 3510/1/83 1276/1/83
f 4415/1/83 2422/1/83 702/1/83
f 3513/23/82 564/23/82 2284/23/82
f 3514/23/82 1277/23/82 3515/23/82
f 2421/23/82 701/23/82 3516/23/82
f 3517/1896/1754 590/1896/1754 1594/1896/1754
f 3518/363/1211 1278/1896/1211 3519/134/1211
f 1779/1897/1755 775/1897/1755 3520/1896/1755
f 3521/1/386 537/1/386 2257/1/386
f 3522/1/80 1279/1/80 3523/1/80
f 2419/1/386 699/1/386 3524/1/386
f 3525/23/1756 563/23/1756 2283/23/1756
f 3526/23/1214 1280/23/1214 3527/23/1214
f 2418/23/1757 698/23/1757 3528/23/1757
f 3529/1898/1758 589/1898/1758 1593/1899/1758
f 3530/366/1217 1281/3006/1217 3531/1900/1217
f 1776/1901/1759 772/3005/1759 3532/292/1759
f 3533/1/77 536/1/77 2256/1/77
f 3534/1/77 1282/1/77 3535/1/77
f 2416/1/77 696/1/77 3536/1/77
f 3537/23/1760 562/23/1760 2282/23/1760
f 3538/23/1220 1283/23/1220 3539/23/1220
f 2415/23/1761 695/23/1761 3540/23/1761
f 3541/1903/75 588/3798/75 1592/1904/75
f 3542/1906/75 1284/3004/75 3543/1907/75
f 1773/1909/75 769/3003/75 3544/1910/75
f 3545/1/70 535/1/70 2255/1/70
f 3546/1/70 1285/1/70 3547/1/70
f 2413/1/70 693/1/70 3548/1/70
f 4387/23/1223 3549/23/1223 561/23/1223
f 4386/23/636 3550/23/636 1286/23/636
f 4385/23/1762 2412/23/1762 692/23/1762
f 3553/1912/73 587/3799/73 1591/1913/73
f 3554/1915/73 1287/3002/73 3555/1916/73
f 1770/1918/73 766/3001/73 3556/1919/73
f 3557/1/70 534/1/70 2254/1/70
f 3558/1/70 1288/1/70 3559/1/70
f 2410/1/70 690/1/70 3560/1/70
f 4378/23/1226 3561/23/1226 560/23/1226
f 4377/23/627 3562/23/627 1289/23/627
f 4376/23/1763 2409/23/1763 689/23/1763
f 3565/1921/1764 586/3800/1764 1590/1922/1764
f 3566/1924/1229 1290/3000/1229 3567/1925/1229
f 1767/1927/1765 763/2999/1765 3568/1928/1765
f 3569/1/70 533/1/70 2253/1/70
f 3570/1/70 1291/1/70 3571/1/70
f 2407/1/70 687/1/70 3572/1/70
f 3573/378/69 559/2866/69 1563/378/69
f 3574/121/405 1292/378/405 3575/121/405
f 2403/1930/69 683/1949/69 3576/1931/69
f 3577/1933/1766 585/3801/1766 1589/1934/1766
f 3578/1936/1232 1293/2998/1232 3579/1937/1232
f 1764/1939/1767 760/2992/1767 3580/1940/1767
f 3581/1/67 532/1/67 2252/1/67
f 3582/1/607 1294/1/607 3583/1/607
f 2404/1/67 684/1/67 3584/1/67
f 4360/1942/66 3585/2997/66 558/1943/66
f 4359/1945/66 3586/2993/66 1295/1946/66
f 4358/1948/66 2403/1930/66 683/1949/66
f 3589/1951/1768 584/2355/1768 1588/1952/1768
f 3590/1954/1235 1296/2991/1235 3591/1955/1235
f 1761/1957/1769 757/2984/1769 3592/1958/1769
f 3593/1/1770 531/1/1770 2251/1/1770
f 3594/1/1238 1297/1/1238 3595/1/1238
f 2401/1/1771 681/1/1771 3596/1/1771
f 4351/1960/63 3597/2990/63 557/1961/63
f 4350/1963/63 3598/2985/63 1298/1964/63
f 4349/1966/63 2400/2987/63 680/1967/63
f 3601/1969/416 583/3802/416 1587/1970/416
f 3602/1972/62 1299/2983/62 3603/1973/62
f 2396/1975/416 676/1994/416 3604/1976/416
f 4345/1/1241 3605/1/1241 530/1/1241
f 4344/1/581 3606/1/581 1300/1/581
f 4343/1/1772 2398/1/1772 678/1/1772
f 4342/1978/579 3609/2982/579 556/1979/579
f 4341/1981/579 3610/2977/579 1301/1982/579
f 4340/1984/1297 2397/2979/1297 677/1985/1297
f 4339/1987/59 3613/2976/59 582/1988/59
f 4338/1990/59 3614/2972/59 1302/1991/59
f 4337/1993/59 2396/1975/59 676/1994/59
f 4336/1/1773 3617/1/1773 529/1/1773
f 4335/1/571 3618/1/571 1303/1/571
f 4334/1/1774 2395/1/1774 675/1/1774
f 4333/1996/569 3621/2971/569 555/1997/569
f 4332/1999/569 3622/2966/569 1304/2000/569
f 4331/2002/57 2394/2968/57 674/2003/57
f 4330/2005/56 3625/2965/56 581/2006/56
f 4329/2007/56 3626/2960/56 1305/2008/56
f 4328/2010/56 2393/2962/56 673/2011/56
f 4327/1/55 3629/1/55 528/1/55
f 4326/1/55 3630/1/55 1306/1/55
f 4325/1/55 2392/1/55 672/1/55
f 4324/2013/54 3633/2959/54 554/2014/54
f 4323/2016/54 3634/2956/54 1307/2017/54
f 4322/2019/54 2391/2958/54 671/2020/54
f 4321/2022/53 3637/2955/53 580/2023/53
f 4320/2024/566 3638/2952/566 1308/2025/566
f 4319/2027/53 2390/2954/53 670/2028/53
f 4318/1/52 3641/1/52 527/1/52
f 4317/1/52 3642/1/52 1309/1/52
f 4316/1/52 2389/1/52 669/1/52
f 3645/2030/51 553/2847/51 1557/2031/51
f 3646/2033/51 1310/2947/51 3647/2034/51
f 1747/2036/51 743/2941/51 3648/2037/51
f 3649/2039/50 579/2291/50 1583/2040/50
f 3650/2042/50 1311/2942/50 3651/2043/50
f 1746/2045/50 742/2939/50 3652/2046/50
f 4309/1/423 3653/1/423 526/1/423
f 4308/1/49 3654/1/49 1312/1/49
f 4307/1/49 2386/1/49 666/1/49
f 3657/2048/44 552/2838/44 1556/2049/44
f 3658/2051/44 1313/2940/44 3659/2052/44
f 1744/2054/44 740/2937/44 3660/2055/44
f 3661/2057/48 578/2397/48 1582/2058/48
f 3662/2060/425 1314/2938/425 3663/2061/425
f 1743/2063/48 739/2935/48 3664/2064/48
f 4300/1/47 3665/1/47 525/1/47
f 4299/1/47 3666/1/47 1315/1/47
f 4298/1/47 2383/1/47 663/1/47
f 3669/2066/44 551/2834/44 1555/2067/44
f 3670/2069/44 1316/2936/44 3671/2070/44
f 4295/2072/44 1741/2929/44 737/2073/44
f 3673/2075/46 577/2282/46 1581/2076/46
f 3674/2078/46 1317/2933/46 3675/2079/46
f 4292/2081/46 1740/2934/46 736/2082/46
f 3677/24/427 524/24/427 2244/24/427
f 3678/24/427 1318/24/427 3679/24/427
f 4289/24/427 2380/24/427 660/1/427
f 4288/2084/44 3681/2932/44 550/2085/44
f 4287/2087/44 3682/2927/44 1319/2088/44
f 4286/2090/44 2376/2099/44 656/2091/44
f 3685/24/42 523/24/42 2243/1505/42
f 3686/24/42 1320/24/42 3687/1505/42
f 2377/24/42 657/24/42 3688/24/42
f 3689/2093/41 549/2828/41 2269/2094/41
f 3690/2096/41 1321/2925/41 3691/2097/41
f 2376/2099/41 656/2091/41 3692/2100/41
f 3693/2102/40 575/3803/40 1579/2103/40
f 3694/2105/40 1322/2920/40 3695/2106/40
f 2374/2108/40 654/3804/40 3696/2109/40
f 3697/2111/39 522/2805/39 2242/2112/39
f 3698/2113/39 1323/2111/39 3699/2114/39
f 2373/226/39 653/226/39 3700/2115/39
f 3701/2116/38 548/2403/38 2268/2117/38
f 3702/2119/38 1324/2919/38 3703/2120/38
f 2372/2122/38 652/2926/38 3704/2123/38
f 4270/2125/428 3705/2918/428 521/2126/428
f 4269/2127/37 3706/2912/37 1325/2128/37
f 4268/2130/37 1732/2899/37 728/2131/37
f 4267/2133/36 3709/2911/36 547/104/36
f 4266/2135/36 3710/2905/36 1326/2136/36
f 4265/2138/36 1731/2893/36 727/2139/36
f 3713/2141/35 573/2247/35 2293/180/35
f 3714/2143/35 1327/2903/35 3715/2144/35
f 2369/2146/35 649/3805/35 3716/2147/35
f 4261/2149/34 3717/2902/34 520/2150/34
f 4260/2152/34 3718/2897/34 1328/2153/34
f 4259/2155/430 1729/2885/430 725/2156/430
f 4258/2158/560 3721/2896/560 546/2159/560
f 4257/2161/33 3722/2891/33 1329/2162/33
f 4256/2164/33 1728/2879/33 724/2165/33
f 3725/2167/32 572/2387/32 2292/116/32
f 3726/2169/32 1330/2889/32 3727/2170/32
f 2366/2172/32 646/2904/32 3728/2173/32
f 4252/2175/31 3729/2888/31 519/2176/31
f 4251/2178/558 3730/2883/558 1331/2179/558
f 4250/2181/558 1724/2870/558 720/2182/558
f 4249/2184/30 3733/2882/30 545/2185/30
f 4248/2187/432 3734/2876/432 1332/2188/432
f 4247/2190/432 2363/2878/432 643/2191/432
f 3737/2193/29 571/2239/29 2291/183/29
f 3738/2195/29 1333/2874/29 3739/2196/29
f 2361/2198/1247 641/2890/1247 3740/2199/1247
f 4243/2201/28 3741/2873/28 518/2202/28
f 4242/2204/1775 3742/2867/1775 1334/2205/1775
f 4241/2207/28 2359/2869/28 639/2208/28
f 4240/23/1776 3745/23/1776 564/23/1776
f 3746/23/549 1335/23/549 3747/23/549
f 4238/23/1777 1642/23/1777 638/23/1777
f 4237/193/1252 3752/193/1252 635/194/1252
f 4236/2210/1778 3753/2864/1778 1336/2211/1778
f 4235/2213/1779 1570/1891/1779 566/1890/1779
f 4234/2215/2 3756/2863/2 567/2216/2
f 4233/2217/2 3757/2860/2 1337/2218/2
f 4232/2220/2 2354/2861/2 634/2221/2
f 4231/2223/2 3760/2859/2 568/2224/2
f 4230/2225/2 3761/2855/2 1338/2226/2
f 4229/2228/2 2353/2856/2 633/2229/2
f 4228/2231/4 3764/2854/4 569/1831/4
f 4227/2232/4 3765/2853/4 1339/2233/4
f 2352/2235/4 632/2857/4 3767/2236/4
f 4225/2238/2 3768/2852/2 571/2239/2
f 4224/2240/2 3769/2851/2 1340/2241/2
f 4223/2243/2 1634/2802/2 630/2244/2
f 4222/2246/2 3772/2850/2 573/2247/2
f 4221/2248/2 3773/2849/2 1341/2249/2
f 4220/2251/2 1632/2800/2 628/2252/2
f 4219/2254/4 3776/3806/4 627/2255/4
f 3777/2257/4 1342/2845/4 3778/2258/4
f 1578/2260/4 574/3849/4 3779/2261/4
f 4216/2263/4 3780/3808/4 624/2264/4
f 2294/3850/4 3893/3851/4 2345/3852/4
f 4215/2265/2 1630/2846/2 626/2266/2
f 4214/2268/4 3784/2840/4 624/2264/4
f 4213/2269/4 3785/2836/4 1344/2270/4
f 4212/2272/4 1580/2837/4 576/2273/4
f 4211/2275/4 3788/3810/4 623/2276/4
f 3789/2278/4 1345/2833/4 3790/2279/4
f 4209/2281/4 1581/2076/4 577/2282/4
f 4208/2284/4 3792/2832/4 622/2285/4
f 4207/2287/4 3793/2829/4 1346/2288/4
f 4206/2290/4 1583/2040/4 579/2291/4
f 3796/2293/2 580/2023/2 1584/256/2
f 3797/2295/2 1347/2827/2 3798/2296/2
f 2340/2298/2 620/2830/2 3799/2299/2
f 4202/2311/4 3806/2826/4 601/2312/4
f 4201/2314/4 3807/2824/4 1348/2315/4
f 1589/1934/4 585/3801/4 3809/2317/4
f 4199/2319/4 3810/2823/4 600/2320/4
f 4198/2322/4 3811/2821/4 1349/2323/4
f 1590/1922/4 586/3800/4 3813/2325/4
f 4196/2327/4 3814/2820/4 599/2328/4
f 4195/2330/4 3815/2818/4 1350/2331/4
f 1591/1913/4 587/3799/4 3817/2333/4
f 4193/2335/4 3818/2817/4 597/2336/4
f 4192/2338/4 3819/2816/4 1351/2339/4
f 1592/1904/4 588/3798/4 3821/2341/4
f 4190/2347/4 3825/2814/4 596/2348/4
f 4189/2349/4 3826/2354/4 1352/2350/4
f 1594/1896/4 590/1896/4 3828/2352/4
f 4187/2353/1255 3829/2353/1255 595/2354/1255
f 4186/133/531 3830/133/531 1353/135/531
f 1595/135/1780 591/135/1780 3832/135/1780
f 4184/133/1257 3833/133/1257 593/133/1257
f 4183/133/522 3834/133/522 1354/133/522
f 1596/133/1781 592/133/1781 3836/133/1781
f 4181/2361/4 3840/2812/4 542/2362/4
f 4180/2363/4 3841/2809/4 1355/2364/4
f 4179/2366/4 1617/102/4 613/2367/4
f 3844/2369/2 540/1883/2 1544/297/2
f 3845/2371/2 1356/2804/2 3846/2372/2
f 2330/2374/2 610/2803/2 3847/2375/2
f 4175/1/2 3848/1/2 539/1/2
f 4174/1505/2 3849/1505/2 1357/1/2
f 4173/24/2 2329/24/2 609/1/2
f 4172/1/2 3852/1/2 538/1/2
f 4171/24/2 3853/24/2 1358/1/2
f 4170/24/2 2328/1/2 608/1/2
f 4169/1/2 3856/1/2 537/1/2
f 4168/1/2 3857/1/2 1359/1/2
f 4167/1/2 2327/1/2 607/1/2
f 4166/1/2 3860/1/2 536/1/2
f 4165/1/2 3861/1/2 1360/1/2
f 4164/1/2 2326/1/2 606/1/2
f 4163/1/2 3864/1/2 535/1/2
f 4162/1/2 3865/1/2 1361/1/2
f 2325/1/2 605/1/2 3867/1/2
f 3868/1/2 534/1/2 1538/1/2
f 3869/1/2 1362/1/2 3870/1/2
f 4158/1/2 2324/1/2 604/1/2
f 4157/1/1261 3872/1/1261 533/1/1261
f 4156/1/515 3873/1/515 1363/1/515
f 4155/1/1782 1607/1/1782 603/1/1782
f 4154/2392/2 2345/2797/2 625/2393/2
f 3906/23/1783 513/23/1783 1517/23/1783
f 4152/23/507 3907/23/507 1364/23/507
f 1443/23/1784 439/23/1784 3909/23/1784
f 4150/2413/2 3913/2784/2 441/2414/2
f 4149/2416/2 3914/2781/2 1365/2417/2
f 4148/2419/2 2230/23/2 510/2420/2
f 4147/2421/4 3917/2780/4 509/2422/4
f 4146/2424/4 3918/2774/4 1366/2425/4
f 4145/2427/4 1446/2775/4 442/2428/4
f 4144/2430/4 3921/2773/4 508/2431/4
f 4143/2433/4 3922/2766/4 1367/2434/4
f 4142/2436/4 1447/2768/4 443/2437/4
f 3925/2439/2 507/2767/2 2227/2440/2
f 4140/2442/2 3926/2760/2 1368/2443/2
f 4139/2445/2 1448/2761/2 444/2446/2
f 4138/2448/4 3929/2759/4 505/2449/4
f 4137/2451/4 3930/2754/4 1369/2452/4
f 4136/2454/4 1450/2755/4 446/2455/4
f 4135/2457/4 3933/2753/4 503/2458/4
f 4134/2460/4 3934/2746/4 1370/2461/4
f 4133/2463/4 1452/2748/4 448/2464/4
f 3937/2466/2 449/3811/2 1453/2467/2
f 3938/2469/2 1371/2740/2 3939/2470/2
f 4130/2472/2 2222/2751/2 502/2473/2
f 4129/2475/2 3941/3812/2 501/2476/2
f 2220/2737/2 4052/2619/2 2169/2735/2
f 4128/2478/2 1503/2734/2 499/2479/2
f 4127/2481/2 3945/2732/2 451/2482/2
f 4126/2484/2 3946/2726/2 1373/2485/2
f 4125/2487/2 2219/76/2 499/2479/2
f 4124/2489/2 3949/3813/2 452/2490/2
f 3950/2492/2 1374/2721/2 3951/2493/2
f 4122/2495/2 2218/2729/2 498/2496/2
f 4121/2498/2 3953/2720/2 454/2499/2
f 4120/2501/2 3954/2715/2 1375/2502/2
f 4119/2504/2 2217/2654/2 497/2505/2
f 3957/2507/4 495/2718/4 2215/2508/4
f 3958/2510/4 1376/2710/4 3959/2511/4
f 1459/2513/4 455/3136/4 3960/2514/4
f 3967/2529/1785 460/3105/1785 1464/2530/1785
f 4114/2532/501 3968/2704/501 1377/2533/501
f 4113/2535/1786 2196/2681/1786 476/2536/1786
f 3971/2538/2 461/3100/2 1465/2539/2
f 4111/2541/2 3972/2697/2 1378/2542/2
f 4110/2544/2 2195/2700/2 475/2545/2
f 3975/2547/2 462/3095/2 1466/2548/2
f 4108/2550/2 3976/2690/2 1379/2551/2
f 4107/2553/2 2194/2693/2 474/2554/2
f 3979/2556/2 463/3090/2 1467/2557/2
f 4105/2559/2 3980/2686/2 1380/2560/2
f 4104/2562/2 2192/2689/2 472/2563/2
f 3986/2572/1787 465/362/1787 1469/1704/1787
f 4102/2573/494 3987/2576/494 1381/2574/494
f 4101/2576/1788 2191/2683/1788 471/2577/1788
f 3990/37/1789 466/37/1789 1470/37/1789
f 4099/36/487 3991/345/487 1382/36/487
f 4098/2573/1790 2190/2573/1790 470/39/1790
f 3994/133/1791 467/133/1791 1471/133/1791
f 4096/133/479 3995/133/479 1383/133/479
f 4095/36/1792 2188/36/1792 468/36/1792
f 4094/2585/2 4001/2679/2 488/2586/2
f 4093/2587/2 4002/2674/2 1384/2588/2
f 4092/2590/2 2137/3064/2 417/2591/2
f 4005/2593/4 485/2666/4 2205/2594/4
f 4006/2596/4 1385/2667/4 4007/2597/4
f 1419/2599/4 415/3084/4 4008/2600/4
f 4088/24/4 4009/2602/4 484/24/4
f 4087/2602/4 4010/2602/4 1386/2602/4
f 4086/2602/4 1418/361/4 414/24/4
f 4085/24/4 4013/1/4 483/1/4
f 4084/24/4 4014/24/4 1387/24/4
f 4083/24/4 1417/24/4 413/1/4
f 4082/1/4 4017/1/4 482/1/4
f 4081/1/4 4018/1/4 1388/1/4
f 4080/1/4 1416/1/4 412/1/4
f 4079/1/4 4021/1/4 481/1/4
f 4078/1/4 4022/1/4 1389/1/4
f 4077/1/4 1415/1/4 411/1/4
f 4025/1/4 480/1/4 2200/1/4
f 4075/1/4 4026/1/4 1390/1/4
f 4074/1/4 1414/1/4 410/1/4
f 4073/1/4 4029/1/4 479/1/4
f 4030/1/4 1391/1/4 4031/1/4
f 1413/1/4 409/1/4 4032/1/4
f 4070/1/1270 4033/1/1270 478/1/1270
f 4069/1/470 4034/1/470 1392/1/470
f 4068/1/1793 1412/1/1793 408/1/1793
f 4067/2620/4 4054/2625/4 500/2621/4
f 449/2659/4 4053/2660/4 4067/2620/4
f 4053/2660/4 450/2623/4 4054/2625/4
f 4034/1/471 4068/1/471 4036/1/471
f 479/1/1794 1483/1/1794 4068/1/1794
f 1483/1/4 21/1/4 1412/1/4
f 2124/1/474 4069/1/474 4035/1/474
f 16/1/1795 2199/1/1795 4069/1/1795
f 2199/1/1796 479/1/1796 4034/1/1796
f 1408/1/477 4070/1/477 1482/1/477
f 404/1/466 4035/1/466 4070/1/466
f 4035/1/469 1392/1/469 4033/1/469
f 4071/1/4 4032/1/4 1391/1/4
f 1484/1/4 4071/1/4 4030/1/4
f 22/1/4 1413/1/4 4071/1/4
f 4072/1/4 4031/1/4 403/1/4
f 2200/1/4 4072/1/4 2123/1/4
f 480/1/4 4030/1/4 4072/1/4
f 1407/1/4 4073/1/4 2199/1/4
f 403/1/4 4031/1/4 4073/1/4
f 4031/1/4 1391/1/4 4029/1/4
f 4026/1/4 4074/1/4 4028/1/4
f 481/1/4 1485/1/4 4074/1/4
f 1485/1/4 23/1/4 1414/1/4
f 2122/1/4 4075/1/4 4027/1/4
f 14/1/4 2201/1/4 4075/1/4
f 2201/1/4 481/1/4 4026/1/4
f 4076/1/4 2200/1/4 15/1/4
f 402/1/4 4027/1/4 4076/1/4
f 4027/1/4 1390/1/4 4025/1/4
f 4022/1/4 4077/1/4 4024/1/4
f 482/1/4 1486/1/4 4077/1/4
f 1486/1/4 24/1/4 1415/1/4
f 2121/1/4 4078/1/4 4023/1/4
f 13/1/4 2202/1/4 4078/1/4
f 2202/1/4 482/1/4 4022/1/4
f 1405/1/4 4079/1/4 2201/1/4
f 401/1/4 4023/1/4 4079/1/4
f 4023/1/4 1389/1/4 4021/1/4
f 4018/1/4 4080/1/4 4020/1/4
f 483/1/4 1487/1/4 4080/1/4
f 1487/1/4 25/1/4 1416/1/4
f 2120/1/4 4081/1/4 4019/1/4
f 12/24/4 2203/1/4 4081/1/4
f 2203/1/4 483/1/4 4018/1/4
f 1404/1/4 4082/1/4 2202/1/4
f 400/1/4 4019/1/4 4082/1/4
f 4019/1/4 1388/1/4 4017/1/4
f 4014/24/4 4083/24/4 4016/1/4
f 484/24/4 1488/24/4 4083/24/4
f 1488/24/4 26/24/4 1417/24/4
f 2119/24/4 4084/24/4 4015/24/4
f 11/24/4 2204/24/4 4084/24/4
f 2204/24/4 484/24/4 4014/24/4
f 1403/24/4 4085/24/4 2203/1/4
f 399/24/4 4015/24/4 4085/24/4
f 4015/24/4 1387/24/4 4013/1/4
f 4010/2602/4 4086/2602/4 4012/24/4
f 485/2666/4 1489/26/4 4086/2602/4
f 1489/26/4 27/26/4 1418/361/4
f 2118/1505/4 4087/2602/4 4011/2602/4
f 2205/2594/4 4087/2602/4 2118/1505/4
f 2205/2594/4 485/2666/4 4010/2602/4
f 1402/24/4 4088/24/4 2204/24/4
f 398/24/4 4011/2602/4 4088/24/4
f 4011/2602/4 1386/2602/4 4009/2602/4
f 4089/2601/4 4008/2600/4 1385/2667/4
f 1490/2668/4 4089/2601/4 4006/2596/4
f 28/2670/4 1419/2599/4 4089/2601/4
f 4090/2598/4 4007/2597/4 397/2671/4
f 2206/2673/4 4090/2598/4 2117/2672/4
f 486/2669/4 4006/2596/4 4090/2598/4
f 4091/2595/4 2205/2594/4 10/24/4
f 4007/2597/4 4091/2595/4 1401/1495/4
f 1385/2667/4 4005/2593/4 4091/2595/4
f 4002/2674/2 4092/2590/2 4004/2592/2
f 416/2675/2 1420/2677/2 4092/2590/2
f 29/2676/2 2137/3064/2 4092/2590/2
f 1490/2668/2 4093/2587/2 4003/2589/2
f 28/2670/2 2136/2678/2 4093/2587/2
f 2136/2678/2 416/2675/2 4002/2674/2
f 2206/2673/2 4094/2585/2 1492/3/2
f 486/2669/2 4003/2589/2 4094/2585/2
f 4003/2589/2 1384/2588/2 4001/2679/2
f 3995/133/480 4095/36/480 3997/36/480
f 392/133/1797 1396/36/1797 4095/36/1797
f 1396/36/1798 4/133/1798 2188/36/1798
f 4096/133/463 3996/133/463 469/133/463
f 2112/133/483 4096/133/483 1473/133/483
f 2112/133/1799 392/133/1799 3995/133/1799
f 4097/133/1800 1471/133/1800 80/133/1800
f 3996/133/462 4097/133/462 2189/133/462
f 1383/133/1268 3994/133/1268 4097/133/1268
f 3991/345/488 4098/2573/488 3993/39/488
f 391/344/1801 1395/344/1801 4098/2573/1801
f 1395/344/1802 2/1749/1802 2190/2573/1802
f 2188/36/491 4099/36/491 3992/36/491
f 4/133/1803 2111/36/1803 4099/36/1803
f 2111/36/1804 391/344/1804 3991/345/1804
f 4100/37/1805 1470/37/1805 79/37/1805
f 3992/36/459 4100/37/459 1472/36/459
f 1382/36/1267 3990/37/1267 4100/37/1267
f 3987/2576/495 4101/2576/495 3989/2578/495
f 390/1746/1806 1394/2682/1806 4101/2576/1806
f 1394/2682/1807 1/2685/1807 2191/2683/1807
f 2190/2573/498 4102/2573/498 3988/2575/498
f 2/1749/1808 2110/1749/1808 4102/2573/1808
f 2110/1749/1809 390/1746/1809 3987/2576/1809
f 4103/38/1810 1469/1704/1810 78/1704/1810
f 470/39/457 3988/2575/457 4103/38/457
f 3988/2575/493 1381/2574/493 3986/2572/493
f 3980/2686/2 4104/2562/2 3982/2564/2
f 389/2687/2 1393/2688/2 4104/2562/2
f 1393/2688/2 5/2694/2 2192/2689/2
f 4105/2559/2 3981/2561/2 473/2565/2
f 1/2685/2 2109/1728/2 4105/2559/2
f 2109/1728/2 389/2687/2 3980/2686/2
f 4106/2558/2 1467/2557/2 76/43/2
f 3981/2561/2 4106/2558/2 1477/45/2
f 1380/2560/2 3979/2556/2 4106/2558/2
f 3976/2690/2 4107/2553/2 3978/2555/2
f 393/2691/2 1397/2692/2 4107/2553/2
f 1397/2692/2 6/2701/2 2194/2693/2
f 2192/2689/2 4108/2550/2 3977/2552/2
f 5/2694/2 2113/2695/2 4108/2550/2
f 2113/2695/2 393/2691/2 3976/2690/2
f 4109/2549/2 1466/2548/2 75/2696/2
f 3977/2552/2 4109/2549/2 1476/46/2
f 1379/2551/2 3975/2547/2 4109/2549/2
f 3972/2697/2 4110/2544/2 3974/2546/2
f 394/2698/2 1398/2699/2 4110/2544/2
f 1398/2699/2 7/2707/2 2195/2700/2
f 2194/2693/2 4111/2541/2 3973/2543/2
f 6/2701/2 2114/2702/2 4111/2541/2
f 2114/2702/2 394/2698/2 3972/2697/2
f 4112/2540/2 1465/2539/2 74/2703/2
f 3973/2543/2 4112/2540/2 1478/49/2
f 1378/2542/2 3971/2538/2 4112/2540/2
f 3968/2704/502 4113/2535/502 3970/2537/502
f 395/2705/1811 1399/2706/1811 4113/2535/1811
f 1399/2706/1812 8/2647/1812 2196/2681/1812
f 2195/2700/505 4114/2532/505 3969/2534/505
f 7/2707/1813 2115/2708/1813 4114/2532/1813
f 2115/2708/1814 395/2705/1814 3968/2704/1814
f 4115/2531/1815 1464/2530/1815 73/2709/1815
f 475/2545/454 3969/2534/454 4115/2531/454
f 3969/2534/500 1377/2533/500 3967/2529/500
f 4116/2515/4 3960/2514/4 1376/2710/4
f 1498/62/4 4116/2515/4 3958/2510/4
f 68/61/4 1459/2513/4 4116/2515/4
f 4117/2512/4 3959/2511/4 424/2711/4
f 2214/2521/4 4117/2512/4 2144/2712/4
f 494/2520/4 3958/2510/4 4117/2512/4
f 4118/2509/4 2215/2508/4 37/2713/4
f 3959/2511/4 4118/2509/4 1428/2714/4
f 1376/2710/4 3957/2507/4 4118/2509/4
f 3954/2715/2 4119/2504/2 3956/2506/2
f 425/2716/2 1429/2717/2 4119/2504/2
f 1429/2717/2 38/2655/2 2217/2654/2
f 2215/2508/2 4120/2501/2 3955/2503/2
f 37/2713/2 2145/2719/2 4120/2501/2
f 2145/2719/2 425/2716/2 3954/2715/2
f 1499/66/2 4121/2498/2 1458/2500/2
f 495/2718/2 3955/2503/2 4121/2498/2
f 3955/2503/2 1375/2502/2 3953/2720/2
f 4122/2495/2 3952/2497/2 1374/2721/2
f 1430/2722/2 4122/2495/2 3950/2492/2
f 39/2724/2 2218/2729/2 4122/2495/2
f 4123/2494/2 3951/2493/2 496/2626/2
f 2146/2725/2 4123/2494/2 1500/2628/2
f 426/2723/2 3950/2492/2 4123/2494/2
f 2216/13/2 4124/2489/2 1456/2491/2
f 3951/2493/2 4124/2489/2 2216/13/2
f 1374/2721/2 3949/3813/2 4124/2489/2
f 3946/2726/2 4125/2487/2 3948/2488/2
f 427/2727/2 1431/2728/2 4125/2487/2
f 1431/2728/2 40/2745/2 2219/76/2
f 2218/2729/2 4126/2484/2 3947/2486/2
f 39/2724/2 2147/2730/2 4126/2484/2
f 2147/2730/2 427/2727/2 3946/2726/2
f 1502/2731/2 4127/2481/2 1455/2483/2
f 498/2496/2 3947/2486/2 4127/2481/2
f 3947/2486/2 1373/2485/2 3945/2732/2
f 4128/2478/2 3944/2480/2 1372/2663/2
f 500/2617/2 1504/2733/2 4128/2478/2
f 1504/2733/2 63/74/2 1503/2734/2
f 4129/2475/4 1505/2477/4 62/2738/4
f 3943/2661/4 4129/2475/4 1453/2739/4
f 1372/2663/2 3941/3812/2 4129/2475/2
f 4130/2472/2 3940/2474/2 1371/2740/2
f 1432/2741/2 4130/2472/2 3938/2469/2
f 41/2743/2 2222/2751/2 4130/2472/2
f 4131/2471/2 3939/2470/2 501/2476/2
f 2148/2744/2 4131/2471/2 2221/77/2
f 428/2742/2 3938/2469/2 4131/2471/2
f 4132/2468/2 1453/2467/2 62/2738/2
f 3939/2470/2 4132/2468/2 1505/2477/2
f 1371/2740/2 3937/2466/2 4132/2468/2
f 3934/2746/4 4133/2463/4 3936/2465/4
f 502/2473/4 1506/2747/4 4133/2463/4
f 1506/2747/4 61/80/4 1452/2748/4
f 2149/2749/4 4134/2460/4 3935/2462/4
f 41/2743/4 2222/2751/4 4134/2460/4
f 2222/2751/4 502/2473/4 3934/2746/4
f 1433/2752/4 4135/2457/4 1507/2459/4
f 429/2750/4 3935/2462/4 4135/2457/4
f 3935/2462/4 1370/2461/4 3933/2753/4
f 3930/2754/4 4136/2454/4 3932/2456/4
f 504/2614/4 1508/18/4 4136/2454/4
f 1508/18/4 59/17/4 1450/2755/4
f 2150/2756/4 4137/2451/4 3931/2453/4
f 2224/2615/4 4137/2451/4 2150/2756/4
f 2224/2615/4 504/2614/4 3930/2754/4
f 1434/2758/4 4138/2448/4 1509/2450/4
f 430/2757/4 3931/2453/4 4138/2448/4
f 3931/2453/4 1369/2452/4 3929/2759/4
f 3926/2760/2 4139/2445/2 3928/2447/2
f 506/2607/2 1510/21/2 4139/2445/2
f 1510/21/2 57/20/2 1448/2761/2
f 2151/2762/2 4140/2442/2 3927/2444/2
f 43/2665/2 2226/2608/2 4140/2442/2
f 2226/2608/2 506/2607/2 3926/2760/2
f 1435/2764/2 4141/2441/2 2227/2440/2
f 431/2763/2 3927/2444/2 4141/2441/2
f 3927/2444/2 1368/2443/2 3925/2439/2
f 3922/2766/4 4142/2436/4 3924/2438/4
f 507/2767/4 1511/89/4 4142/2436/4
f 1511/89/4 56/3061/4 1447/2768/4
f 2152/2769/4 4143/2433/4 3923/2435/4
f 44/2765/4 2227/2440/4 4143/2433/4
f 2227/2440/4 507/2767/4 3922/2766/4
f 1436/2771/4 4144/2430/4 2228/2432/4
f 432/2770/4 3923/2435/4 4144/2430/4
f 3923/2435/4 1367/2434/4 3921/2773/4
f 3918/2774/4 4145/2427/4 3920/2429/4
f 508/2431/4 1512/93/4 4145/2427/4
f 1512/93/4 55/92/4 1446/2775/4
f 2153/2776/4 4146/2424/4 3919/2426/4
f 45/2772/4 2228/2432/4 4146/2424/4
f 2228/2432/4 508/2431/4 3918/2774/4
f 1437/2778/4 4147/2421/4 2229/2423/4
f 433/2777/4 3919/2426/4 4147/2421/4
f 3919/2426/4 1366/2425/4 3917/2780/4
f 3914/2781/2 4148/2419/2 3916/2420/2
f 434/2782/2 1438/2419/2 4148/2419/2
f 1438/2419/2 47/23/2 2230/23/2
f 2229/2423/2 4149/2416/2 3915/2418/2
f 46/2779/2 2154/2783/2 4149/2416/2
f 2154/2783/2 434/2782/2 3914/2781/2
f 1513/96/2 4150/2413/2 1445/2415/2
f 509/2422/2 3915/2418/2 4150/2413/2
f 3915/2418/2 1365/2417/2 3913/2784/2
f 4151/23/1816 3909/23/1816 1364/23/1816
f 2231/23/452 4151/23/452 3907/23/452
f 52/23/1817 1443/23/1817 4151/23/1817
f 2155/23/1818 4152/23/1818 3908/23/1818
f 1515/23/1819 4152/23/1819 2155/23/1819
f 511/23/507 3907/23/507 4152/23/507
f 4153/23/1820 1517/23/1820 48/23/1820
f 3908/23/450 4153/23/450 1439/23/450
f 1364/23/1263 3906/23/1263 4153/23/1263
f 3892/2794/2 4154/2392/2 3891/2390/2
f 574/2795/2 2294/2796/2 4154/2392/2
f 3873/1/516 4155/1/516 3875/1/516
f 529/1/1821 1533/1/1821 4155/1/1821
f 1533/1/1822 97/1/1822 1607/1/1822
f 2324/1/519 4156/1/519 3874/1/519
f 96/1/1823 2249/1/1823 4156/1/1823
f 2249/1/1824 529/1/1824 3873/1/1824
f 1608/1/521 4157/1/521 1537/1/521
f 604/1/447 3874/1/447 4157/1/447
f 3874/1/514 1363/1/514 3872/1/514
f 3869/1/2 4158/1/2 3871/1/2
f 528/1/2 1532/1/2 4158/1/2
f 1532/1/2 96/1/2 2324/1/2
f 4159/1/2 3870/1/2 605/1/2
f 2248/1/2 4159/1/2 2325/1/2
f 528/1/2 3869/1/2 4159/1/2
f 4160/1/2 1538/1/2 102/1/2
f 3870/1/2 4160/1/2 1609/1/2
f 1362/1/2 3868/1/2 4160/1/2
f 3865/1/2 4161/1/2 3867/1/2
f 527/1/2 1531/1/2 4161/1/2
f 95/1/2 2325/1/2 4161/1/2
f 2326/1/2 4162/1/2 3866/1/2
f 94/1/2 2247/1/2 4162/1/2
f 2247/1/2 527/1/2 3865/1/2
f 1610/1/2 4163/1/2 1539/1/2
f 606/1/2 3866/1/2 4163/1/2
f 3866/1/2 1361/1/2 3864/1/2
f 3861/1/2 4164/1/2 3863/1/2
f 526/1/2 1530/1/2 4164/1/2
f 1530/1/2 94/1/2 2326/1/2
f 2327/1/2 4165/1/2 3862/1/2
f 93/1/2 2246/1/2 4165/1/2
f 2246/1/2 526/1/2 3861/1/2
f 1611/1/2 4166/1/2 1540/1/2
f 607/1/2 3862/1/2 4166/1/2
f 3862/1/2 1360/1/2 3860/1/2
f 3857/1/2 4167/1/2 3859/1/2
f 525/1/2 1529/1/2 4167/1/2
f 1529/1/2 93/1/2 2327/1/2
f 2328/1/2 4168/1/2 3858/1/2
f 92/1/2 2245/1/2 4168/1/2
f 2245/1/2 525/1/2 3857/1/2
f 1612/1/2 4169/1/2 1541/1/2
f 608/1/2 3858/1/2 4169/1/2
f 3858/1/2 1359/1/2 3856/1/2
f 3853/24/2 4170/24/2 3855/1/2
f 524/24/2 1528/24/2 4170/24/2
f 1528/24/2 92/1/2 2328/1/2
f 2329/24/2 4171/24/2 3854/1/2
f 91/24/2 2244/24/2 4171/24/2
f 2244/24/2 524/24/2 3853/24/2
f 1613/1/2 4172/1/2 1542/1/2
f 609/1/2 3854/1/2 4172/1/2
f 3854/1/2 1358/1/2 3852/1/2
f 3849/1505/2 4173/24/2 3851/1/2
f 523/24/2 1527/24/2 4173/24/2
f 1527/24/2 91/24/2 2329/24/2
f 2330/2374/2 4174/1505/2 3850/1/2
f 2243/1505/2 4174/1505/2 2330/2374/2
f 2243/1505/2 523/24/2 3849/1505/2
f 1614/2803/2 4175/1/2 1543/1/2
f 610/2803/2 3850/1/2 4175/1/2
f 3850/1/2 1357/1/2 3848/1/2
f 4176/2376/2 3847/2375/2 1356/2804/2
f 1526/227/2 4176/2376/2 3845/2371/2
f 90/226/2 2330/2374/2 4176/2376/2
f 4177/2373/2 3846/2372/2 611/2806/2
f 2242/2112/2 4177/2373/2 2331/2807/2
f 522/2805/2 3845/2371/2 4177/2373/2
f 4178/2370/2 1544/297/2 108/296/2
f 3846/2372/2 4178/2370/2 1615/2808/2
f 1356/2804/2 3844/2369/2 4178/2370/2
f 3841/2809/4 4179/2366/4 3843/2368/4
f 611/2806/4 2331/2807/4 4179/2366/4
f 2331/2807/4 89/100/4 1617/102/4
f 2261/296/4 4180/2363/4 3842/2365/4
f 108/296/4 1615/2808/4 4180/2363/4
f 1615/2808/4 611/2806/4 3841/2809/4
f 4181/2361/4 2262/313/4 109/2811/4
f 541/2810/4 3842/2365/4 4181/2361/4
f 3842/2365/4 1355/2364/4 3840/2812/4
f 4182/133/1259 3836/133/1259 1354/133/1259
f 2314/133/445 4182/133/445 3834/133/445
f 160/133/1825 1596/133/1825 4182/133/1825
f 2237/133/1826 4183/133/1826 3835/133/1826
f 1598/133/1826 4183/133/1826 2237/133/1826
f 594/133/522 3834/133/522 4183/133/522
f 1521/133/530 4184/133/530 2313/133/530
f 517/133/444 3835/133/444 4184/133/444
f 3835/133/1258 1354/133/1258 3833/133/1258
f 4185/133/1256 3832/135/1256 1353/135/1256
f 1597/133/442 4185/133/442 3830/133/442
f 159/37/1827 1595/135/1827 4185/133/1827
f 2236/133/536 4186/133/536 3831/2353/536
f 84/133/1828 2313/133/1828 4186/133/1828
f 2313/133/532 593/133/532 3830/133/532
f 1520/1838/539 4187/2353/539 2315/2354/539
f 516/344/441 3831/2353/441 4187/2353/441
f 3831/2353/1829 1353/135/1829 3829/2353/1829
f 3826/2354/4 4188/135/4 3828/2352/4
f 595/2354/4 1599/135/4 4188/135/4
f 158/134/4 1594/1896/4 4188/135/4
f 2235/308/4 4189/2349/4 3827/2351/4
f 83/307/4 2315/2354/4 4189/2349/4
f 2315/2354/4 595/2354/4 3826/2354/4
f 1519/1857/4 4190/2347/4 2316/2345/4
f 515/1856/4 3827/2351/4 4190/2347/4
f 3827/2351/4 1352/2350/4 3825/2814/4
f 4191/2342/4 3821/2341/4 1351/2339/4
f 1602/140/4 4191/2342/4 3819/2816/4
f 156/139/4 1592/1904/4 4191/2342/4
f 2234/300/4 4192/2338/4 3820/2340/4
f 81/299/4 2318/2345/4 4192/2338/4
f 598/2344/4 3819/2816/4 4192/2338/4
f 1518/1877/4 4193/2335/4 2317/2337/4
f 514/1876/4 3820/2340/4 4193/2335/4
f 3820/2340/4 1351/2339/4 3818/2817/4
f 4194/2334/4 3817/2333/4 1350/2331/4
f 1601/143/4 4194/2334/4 3815/2818/4
f 155/2819/4 1591/1913/4 4194/2334/4
f 2238/197/4 4195/2330/4 3816/2332/4
f 82/196/4 2317/2337/4 4195/2330/4
f 2317/2337/4 597/2336/4 3815/2818/4
f 1522/2203/4 4196/2327/4 2319/2329/4
f 518/2202/4 3816/2332/4 4196/2327/4
f 3816/2332/4 1350/2331/4 3814/2820/4
f 4197/2326/4 3813/2325/4 1349/2323/4
f 1603/146/4 4197/2326/4 3811/2821/4
f 154/2822/4 1590/1922/4 4197/2326/4
f 2239/206/4 4198/2322/4 3812/2324/4
f 86/205/4 2319/2329/4 4198/2322/4
f 2319/2329/4 599/2328/4 3811/2821/4
f 1523/2177/4 4199/2319/4 2320/2321/4
f 519/2176/4 3812/2324/4 4199/2319/4
f 3812/2324/4 1349/2323/4 3810/2823/4
f 3807/2824/4 4200/2318/4 3809/2317/4
f 600/2320/4 1604/149/4 4200/2318/4
f 153/2825/4 1589/1934/4 4200/2318/4
f 2240/215/4 4201/2314/4 3808/2316/4
f 87/214/4 2320/2321/4 4201/2314/4
f 2320/2321/4 600/2320/4 3807/2824/4
f 1524/2151/4 4202/2311/4 2321/2313/4
f 520/2150/4 3808/2316/4 4202/2311/4
f 3808/2316/4 1348/2315/4 3806/2826/4
f 4203/2300/2 3799/2299/2 1347/2827/2
f 1553/232/2 4203/2300/2 3797/2295/2
f 117/237/2 2340/2298/2 4203/2300/2
f 4204/2297/2 3798/2296/2 619/2301/2
f 2269/2094/2 4204/2297/2 2339/2303/2
f 549/2828/2 3797/2295/2 4204/2297/2
f 4205/2294/2 1584/256/2 148/157/2
f 3798/2296/2 4205/2294/2 1623/159/2
f 1347/2827/2 3796/2293/2 4205/2294/2
f 3793/2829/4 4206/2290/4 3795/2292/4
f 620/2830/4 1624/2831/4 4206/2290/4
f 1624/2831/4 147/161/4 1583/2040/4
f 2270/238/4 4207/2287/4 3794/2289/4
f 117/237/4 2340/2298/4 4207/2287/4
f 2340/2298/4 620/2830/4 3793/2829/4
f 1554/2086/4 4208/2284/4 2342/2286/4
f 550/2085/4 3794/2289/4 4208/2284/4
f 3794/2289/4 1346/2288/4 3792/2832/4
f 4209/2281/4 3791/2283/4 1345/2833/4
f 2341/110/4 4209/2281/4 3789/2278/4
f 2341/110/4 145/109/4 1581/2076/4
f 4210/2280/4 3790/2279/4 551/2834/4
f 1625/2401/4 4210/2280/4 2271/243/4
f 621/2400/4 3789/2278/4 4210/2280/4
f 4211/2275/4 2343/2277/4 119/2835/4
f 3790/2279/4 4211/2275/4 1555/2067/4
f 1345/2833/4 3788/3810/4 4211/2275/4
f 3785/2836/4 4212/2272/4 3787/2274/4
f 623/2276/4 1627/168/4 4212/2272/4
f 1627/168/4 144/167/4 1580/2837/4
f 2272/247/4 4213/2269/4 3786/2271/4
f 119/2835/4 2343/2277/4 4213/2269/4
f 2343/2277/4 623/2276/4 3785/2836/4
f 1556/2049/4 4214/2268/4 2344/173/4
f 552/2838/4 3786/2271/4 4214/2268/4
f 3786/2271/4 1344/2270/4 3784/2840/4
f 4215/2265/4 3783/2267/4 1343/2793/4
f 1578/2841/2 4215/2265/2 3781/2395/2
f 142/2842/2 1630/2846/2 4215/2265/2
f 1629/2798/4 4216/2263/4 1628/171/4
f 625/2393/4 3782/2792/4 4216/2263/4
f 1343/2793/4 3780/3808/4 4216/2263/4
f 4217/2262/4 3779/2261/4 1342/2845/4
f 1630/2846/4 4217/2262/4 3777/2257/4
f 142/2842/4 1578/2260/4 4217/2262/4
f 4218/2259/4 3778/2258/4 553/2847/4
f 2346/172/4 4218/2259/4 2273/253/4
f 626/2266/4 3777/2257/4 4218/2259/4
f 4219/2254/4 2347/2256/4 121/2848/4
f 3778/2258/4 4219/2254/4 1557/2031/4
f 1342/2845/4 3776/3806/4 4219/2254/4
f 3773/2849/2 4220/2251/2 3775/2253/2
f 554/2014/2 1558/259/2 4220/2251/2
f 1558/259/2 122/258/2 1632/2800/2
f 2347/2256/2 4221/2248/2 3774/2250/2
f 121/2848/2 2274/2015/2 4221/2248/2
f 2274/2015/2 554/2014/2 3773/2849/2
f 1631/177/2 4222/2246/2 1577/217/2
f 627/2255/2 3774/2250/2 4222/2246/2
f 3774/2250/2 1341/2249/2 3772/2850/2
f 3769/2851/2 4223/2243/2 3771/2245/2
f 555/1997/2 1559/265/2 4223/2243/2
f 1559/265/2 123/264/2 1634/2802/2
f 2349/2385/2 4224/2240/2 3770/2242/2
f 2275/1998/2 4224/2240/2 2349/2385/2
f 2275/1998/2 555/1997/2 3769/2851/2
f 1633/117/2 4225/2238/2 1575/199/2
f 629/2383/2 3770/2242/2 4225/2238/2
f 3770/2242/2 1340/2241/2 3768/2852/2
f 3765/2853/4 4226/2237/4 3767/2236/4
f 556/1979/2 1560/269/2 4226/2237/2
f 1560/269/2 124/268/2 2352/2235/2
f 2351/2379/4 4227/2232/4 3766/2234/4
f 123/264/2 2276/1980/2 4227/2232/2
f 2276/1980/2 556/1979/2 3765/2853/2
f 1635/120/4 4228/2231/4 1573/316/4
f 631/2377/4 3766/2234/4 4228/2231/4
f 3766/2234/4 1339/2233/4 3764/2854/4
f 3761/2855/2 4229/2228/2 3763/2230/2
f 557/1961/2 1561/274/2 4229/2228/2
f 1561/274/2 125/273/2 2353/2856/2
f 2352/2235/2 4230/2225/2 3762/2227/2
f 124/268/2 2277/1962/2 4230/2225/2
f 2277/1962/2 557/1961/2 3761/2855/2
f 1636/184/2 4231/2223/2 1572/310/2
f 632/2857/2 3762/2227/2 4231/2223/2
f 3762/2227/2 1338/2226/2 3760/2859/2
f 3757/2860/2 4232/2220/2 3759/2222/2
f 558/1943/2 1562/279/2 4232/2220/2
f 1562/279/2 126/278/2 2354/2861/2
f 2353/2856/2 4233/2217/2 3758/2219/2
f 125/273/2 2278/1944/2 4233/2217/2
f 2278/1944/2 558/1943/2 3757/2860/2
f 1637/2862/2 4234/2215/2 1571/302/2
f 633/2229/2 3758/2219/2 4234/2215/2
f 3758/2219/2 1337/2218/2 3756/2863/2
f 3753/2864/1830 4235/2213/1830 3755/2214/1830
f 634/2221/1831 1638/2865/1831 4235/2213/1831
f 1638/2865/1832 134/191/1832 1570/1891/1832
f 2279/283/545 4236/2210/545 3754/2212/545
f 126/278/1833 2354/2861/1833 4236/2210/1833
f 2354/2861/1834 634/2221/1834 3753/2864/1834
f 1563/378/548 4237/193/548 2355/121/548
f 559/2866/438 3754/2212/438 4237/193/438
f 3754/2212/540 1336/2211/540 3752/193/540
f 3746/23/1835 4238/23/1835 3748/23/1835
f 560/23/1836 1564/23/1836 4238/23/1836
f 1564/23/1837 128/23/1837 1642/23/1837
f 4239/23/1838 3747/23/1838 636/23/1838
f 2280/23/435 4239/23/435 1640/121/435
f 560/23/1839 3746/23/1839 4239/23/1839
f 4240/23/434 1568/23/434 132/23/434
f 3747/23/1840 4240/23/1840 2356/23/1840
f 1335/23/1249 3745/23/1249 4240/23/1249
f 3742/2867/28 4241/2207/28 3744/2209/28
f 873/2868/28 2593/469/28 4241/2207/28
f 2593/469/28 161/3013/28 2359/2869/28
f 1724/2870/28 4242/2204/28 3743/2206/28
f 162/2871/28 1877/1391/28 4242/2204/28
f 1877/1391/28 873/2868/28 3742/2867/28
f 2440/2872/28 4243/2201/28 1522/2203/28
f 720/2182/28 3743/2206/28 4243/2201/28
f 3743/2206/28 1334/2205/28 3741/2873/28
f 4244/2200/29 3740/2199/29 1333/2874/29
f 2592/467/29 4244/2200/29 3738/2195/29
f 163/466/433 2361/2198/433 4244/2200/433
f 4245/2197/29 3739/2196/29 722/2875/29
f 1876/1401/29 4245/2197/29 1726/1818/29
f 872/1400/29 3738/2195/29 4245/2197/29
f 4246/2194/433 2291/183/433 138/182/433
f 3739/2196/29 4246/2194/29 2442/318/29
f 1333/2874/29 3737/2193/29 4246/2194/29
f 3734/2876/432 4247/2190/432 3736/2192/432
f 871/2877/432 2591/463/432 4247/2190/432
f 2591/463/30 165/3041/30 2363/2878/30
f 1728/2879/432 4248/2187/432 3735/2189/432
f 166/2880/1246 1875/1409/1246 4248/2187/1246
f 1875/1409/1246 871/2877/1246 3734/2876/1246
f 2444/2881/1246 4249/2184/1246 1549/2186/1246
f 724/2165/30 3735/2189/30 4249/2184/30
f 3735/2189/1841 1332/2188/1841 3733/2882/1841
f 3730/2883/31 4250/2181/31 3732/2183/31
f 870/2884/31 2590/460/31 4250/2181/31
f 2590/460/31 162/2871/31 1724/2870/31
f 1729/2885/31 4251/2178/31 3731/2180/31
f 167/2886/31 1874/1418/31 4251/2178/31
f 1874/1418/431 870/2884/431 3730/2883/431
f 2445/2887/431 4252/2175/431 1523/2177/431
f 725/2156/31 3731/2180/31 4252/2175/31
f 3731/2180/31 1331/2179/31 3729/2888/31
f 4253/2174/32 3728/2173/32 1330/2889/32
f 2589/458/32 4253/2174/32 3726/2169/32
f 168/457/32 2366/2172/32 4253/2174/32
f 4254/2171/32 3727/2170/32 641/2890/32
f 1873/1428/32 4254/2171/32 2361/2198/32
f 869/1427/32 3726/2169/32 4254/2171/32
f 4255/2168/32 2292/116/32 139/115/32
f 3727/2170/32 4255/2168/32 1645/198/32
f 1330/2889/32 3725/2167/32 4255/2168/32
f 3722/2891/33 4256/2164/33 3724/2166/33
f 868/2892/33 2588/454/33 4256/2164/33
f 2588/454/33 166/2880/33 1728/2879/33
f 1731/2893/33 4257/2161/33 3723/2163/33
f 169/2894/33 1872/1436/33 4257/2161/33
f 1872/1436/33 868/2892/33 3722/2891/33
f 2447/2895/33 4258/2158/33 1550/2160/33
f 727/2139/33 3723/2163/33 4258/2158/33
f 3723/2163/33 1329/2162/33 3721/2896/33
f 3718/2897/34 4259/2155/34 3720/2157/34
f 867/2898/430 2587/451/430 4259/2155/430
f 2587/451/34 167/2886/34 1729/2885/34
f 1732/2899/34 4260/2152/34 3719/2154/34
f 170/2900/34 1871/1445/34 4260/2152/34
f 1871/1445/34 867/2898/34 3718/2897/34
f 2448/2901/34 4261/2149/34 1524/2151/34
f 728/2131/34 3719/2154/34 4261/2149/34
f 3719/2154/34 1328/2153/34 3717/2902/34
f 4262/2148/429 3716/2147/429 1327/2903/429
f 2586/449/429 4262/2148/429 3714/2143/429
f 171/448/35 2369/2146/35 4262/2148/35
f 4263/2145/429 3715/2144/429 646/2904/429
f 1870/1455/429 4263/2145/429 2366/2172/429
f 866/1454/429 3714/2143/429 4263/2145/429
f 4264/2142/429 2293/180/429 140/179/429
f 3715/2144/429 4264/2142/429 1650/207/429
f 1327/2903/429 3713/2141/429 4264/2142/429
f 3710/2905/36 4265/2138/36 3712/2140/36
f 865/2906/36 2585/445/36 4265/2138/36
f 2585/445/1842 169/2894/1842 1731/2893/1842
f 1734/2907/36 4266/2135/36 3711/2137/36
f 172/2909/36 1869/1463/36 4266/2135/36
f 1869/1463/36 865/2906/36 3710/2905/36
f 2450/2910/36 4267/2133/36 1551/2134/36
f 730/2908/36 3711/2137/36 4267/2133/36
f 3711/2137/36 1326/2136/36 3709/2911/36
f 3706/2912/428 4268/2130/428 3708/2132/428
f 864/2913/37 2584/442/37 4268/2130/37
f 2584/442/37 170/2900/37 1732/2899/37
f 1735/2914/37 4269/2127/37 3707/2129/37
f 173/2916/428 1868/1472/428 4269/2127/428
f 1868/1472/37 864/2913/37 3706/2912/37
f 2451/2917/37 4270/2125/37 1525/101/37
f 731/2915/37 3707/2129/37 4270/2125/37
f 3707/2129/37 1325/2128/37 3705/2918/37
f 4271/2124/38 3704/2123/38 1324/2919/38
f 2583/440/38 4271/2124/38 3702/2119/38
f 174/439/561 2372/2122/561 4271/2124/561
f 4272/2121/38 3703/2120/38 730/2908/38
f 1867/1482/38 4272/2121/38 1734/2907/38
f 863/1481/38 3702/2119/38 4272/2121/38
f 4273/2118/561 2268/2117/561 115/2791/561
f 3703/2120/38 4273/2118/38 2450/2910/38
f 1324/2919/38 3701/2116/38 4273/2118/38
f 4274/436/39 3700/2115/39 1323/2111/39
f 2582/436/39 4274/436/39 3698/2113/39
f 175/437/39 2373/226/39 4274/436/39
f 4275/1491/39 3699/2114/39 731/2915/39
f 1866/1491/39 4275/1491/39 1735/2914/39
f 862/1490/39 3698/2113/39 4275/1491/39
f 4276/2112/39 2242/2112/39 89/100/39
f 3699/2114/39 4276/2112/39 2451/2917/39
f 1323/2111/39 3697/2111/39 4276/2112/39
f 4277/2110/40 3696/2109/40 1322/2920/40
f 2170/15/40 4277/2110/40 3694/2105/40
f 62/14/40 2374/2108/40 4277/2110/40
f 4278/2107/40 3695/2106/40 655/2921/40
f 1454/2624/40 4278/2107/40 1659/2922/40
f 450/2623/40 3694/2105/40 4278/2107/40
f 4279/2104/40 1579/2103/40 143/2923/40
f 3695/2106/40 4279/2104/40 2375/2924/40
f 1322/2920/40 3693/2102/40 4279/2104/40
f 4280/2101/41 3692/2100/41 1321/2925/41
f 2581/435/41 4280/2101/41 3690/2096/41
f 176/434/41 2376/2099/41 4280/2101/41
f 4281/2098/41 3691/2097/41 652/2926/41
f 1865/1498/41 4281/2098/41 2372/2122/41
f 861/1497/41 3690/2096/41 4281/2098/41
f 4282/2095/41 2269/2094/41 116/106/41
f 3691/2097/41 4282/2095/41 1656/224/41
f 1321/2925/41 3689/2093/41 4282/2095/41
f 4283/24/42 3688/24/42 1320/24/42
f 2580/24/42 4283/24/42 3686/24/42
f 177/24/42 2377/24/42 4283/24/42
f 4284/1505/42 3687/1505/42 653/226/42
f 1864/1505/42 4284/1505/42 2373/226/42
f 860/24/42 3686/24/42 4284/1505/42
f 4285/1505/42 2243/1505/42 90/226/42
f 3687/1505/42 4285/1505/42 1657/226/42
f 1320/24/42 3685/24/42 4285/1505/42
f 3682/2927/44 4286/2090/44 3684/2092/44
f 859/2928/44 2579/431/44 4286/2090/44
f 2579/431/44 176/434/44 2376/2099/44
f 1741/2929/44 4287/2087/44 3683/2089/44
f 179/2930/44 1863/1507/44 4287/2087/44
f 1863/1507/44 859/2928/44 3682/2927/44
f 2457/2931/44 4288/2084/44 1554/2086/44
f 737/2073/44 3683/2089/44 4288/2084/44
f 3683/2089/44 1319/2088/44 3681/2932/44
f 3678/24/562 4289/24/562 3680/24/562
f 858/24/562 2578/24/562 4289/24/562
f 2578/24/45 180/24/45 2380/24/45
f 4290/24/562 3679/24/562 657/24/562
f 1862/24/427 4290/24/427 2377/24/427
f 858/24/427 3678/24/427 4290/24/427
f 4291/24/562 2244/24/562 91/24/562
f 3679/24/562 4291/24/562 1661/24/562
f 1318/24/427 3677/24/427 4291/24/427
f 3674/2078/46 4292/2081/46 3676/2083/46
f 857/1516/46 2577/428/46 4292/2081/46
f 2577/428/46 178/3822/46 1740/2934/46
f 4293/2080/46 3675/2079/46 739/2935/46
f 1861/1517/46 4293/2080/46 1743/2063/46
f 857/1516/46 3674/2078/46 4293/2080/46
f 4294/2077/46 1581/2076/46 145/109/46
f 3675/2079/46 4294/2077/46 2459/244/46
f 1317/2933/46 3673/2075/46 4294/2077/46
f 4295/2072/44 3672/2074/44 1316/2936/44
f 2576/425/44 4295/2072/44 3670/2069/44
f 2576/425/44 179/2930/44 1741/2929/44
f 4296/2071/44 3671/2070/44 740/2937/44
f 1860/1526/44 4296/2071/44 1744/2054/44
f 856/1525/44 3670/2069/44 4296/2071/44
f 4297/2068/44 1555/2067/44 119/2835/44
f 3671/2070/44 4297/2068/44 2460/246/44
f 1316/2936/44 3669/2066/44 4297/2068/44
f 3666/1/47 4298/1/47 3668/1/47
f 855/1/47 2575/1/47 4298/1/47
f 2575/1/47 183/1/47 2383/1/47
f 2380/24/47 4299/1/47 3667/1/47
f 180/24/47 1859/1/47 4299/1/47
f 1859/1/426 855/1/426 3666/1/426
f 1664/1/47 4300/1/47 2245/1/47
f 660/1/47 3667/1/47 4300/1/47
f 3667/1/47 1315/1/47 3665/1/47
f 4301/2065/425 3664/2064/425 1314/2938/425
f 2574/423/48 4301/2065/48 3662/2060/48
f 181/422/48 1743/2063/48 4301/2065/48
f 4302/2062/48 3663/2061/48 742/2939/48
f 1858/1535/48 4302/2062/48 1746/2045/48
f 854/1534/48 3662/2060/48 4302/2062/48
f 4303/2059/48 1582/2058/48 146/164/48
f 3663/2061/48 4303/2059/48 2462/249/48
f 1314/2938/48 3661/2057/48 4303/2059/48
f 4304/2056/44 3660/2055/44 1313/2940/44
f 2573/420/44 4304/2056/44 3658/2051/44
f 182/419/44 1744/2054/44 4304/2056/44
f 4305/2053/44 3659/2052/44 743/2941/44
f 1857/1544/44 4305/2053/44 1747/2036/44
f 853/1543/44 3658/2051/44 4305/2053/44
f 4306/2050/44 1556/2049/44 120/2839/44
f 3659/2052/44 4306/2050/44 2463/252/44
f 1313/2940/44 3657/2048/44 4306/2050/44
f 3654/1/423 4307/1/423 3656/1/423
f 852/1/49 2572/1/49 4307/1/49
f 2572/1/563 186/1/563 2386/1/563
f 2383/1/563 4308/1/563 3655/1/563
f 183/1/563 1856/1/563 4308/1/563
f 1856/1/424 852/1/424 3654/1/424
f 1667/1/424 4309/1/424 2246/1/424
f 663/1/424 3655/1/424 4309/1/424
f 3655/1/49 1312/1/49 3653/1/49
f 4310/2047/50 3652/2046/50 1311/2942/50
f 2571/417/50 4310/2047/50 3650/2042/50
f 184/416/50 1746/2045/50 4310/2047/50
f 4311/2044/50 3651/2043/50 745/2943/50
f 1855/1553/50 4311/2044/50 1749/2944/50
f 851/1552/50 3650/2042/50 4311/2044/50
f 4312/2041/50 1583/2040/50 147/161/50
f 3651/2043/50 4312/2041/50 2465/2946/50
f 1311/2942/50 3649/2039/50 4312/2041/50
f 4313/2038/51 3648/2037/51 1310/2947/51
f 2570/414/51 4313/2038/51 3646/2033/51
f 185/413/51 1747/2036/51 4313/2038/51
f 4314/2035/51 3647/2034/51 746/2948/51
f 1854/1562/51 4314/2035/51 1750/2949/51
f 850/1561/51 3646/2033/51 4314/2035/51
f 4315/2032/51 1557/2031/51 121/2848/51
f 3647/2034/51 4315/2032/51 2466/2951/51
f 1310/2947/51 3645/2030/51 4315/2032/51
f 3642/1/52 4316/1/52 3644/1/52
f 849/1/52 2569/1/52 4316/1/52
f 2569/1/52 189/1/52 2389/1/52
f 2386/1/52 4317/1/52 3643/1/52
f 186/1/52 1853/1/52 4317/1/52
f 1853/1/52 849/1/52 3642/1/52
f 1670/1/52 4318/1/52 2247/1/52
f 666/1/52 3643/1/52 4318/1/52
f 3643/1/52 1309/1/52 3641/1/52
f 3638/2952/53 4319/2027/53 3640/2029/53
f 848/2953/53 2568/410/53 4319/2027/53
f 2568/410/53 190/2963/53 2390/2954/53
f 1749/2944/566 4320/2024/566 3639/2026/566
f 187/2945/53 1852/1570/53 4320/2024/53
f 1852/1570/566 848/2953/566 3638/2952/566
f 2465/2946/53 4321/2022/53 2300/162/53
f 745/2943/53 3639/2026/53 4321/2022/53
f 3639/2026/566 1308/2025/566 3637/2955/566
f 3634/2956/54 4322/2019/54 3636/2021/54
f 847/2957/54 2567/407/54 4322/2019/54
f 2567/407/567 191/2969/567 2391/2958/567
f 1750/2949/54 4323/2016/54 3635/2018/54
f 188/2950/567 1851/1579/567 4323/2016/567
f 1851/1579/567 847/2957/567 3634/2956/567
f 2466/2951/54 4324/2013/54 2274/2015/54
f 746/2948/54 3635/2018/54 4324/2013/54
f 3635/2018/54 1307/2017/54 3633/2959/54
f 3630/1/55 4325/1/55 3632/1/55
f 846/1/55 2566/1/55 4325/1/55
f 2566/1/55 192/1/55 2392/1/55
f 2389/1/55 4326/1/55 3631/1/55
f 189/1/55 1850/1/55 4326/1/55
f 1850/1/55 846/1/55 3630/1/55
f 1673/1/55 4327/1/55 2248/1/55
f 669/1/55 3631/1/55 4327/1/55
f 3631/1/55 1306/1/55 3629/1/55
f 3626/2960/56 4328/2010/56 3628/2012/56
f 845/2961/56 2565/404/56 4328/2010/56
f 2565/404/56 193/2974/56 2393/2962/56
f 2390/2954/56 4329/2007/56 3627/2009/56
f 190/2963/56 1849/1588/56 4329/2007/56
f 1849/1588/56 845/2961/56 3626/2960/56
f 1674/2964/56 4330/2005/56 2301/158/56
f 670/2028/56 3627/2009/56 4330/2005/56
f 3627/2009/56 1305/2008/56 3625/2965/56
f 3622/2966/57 4331/2002/57 3624/2004/57
f 844/2967/569 2564/401/569 4331/2002/569
f 2564/401/57 194/2980/57 2394/2968/57
f 2391/2958/57 4332/1999/57 3623/2001/57
f 191/2969/57 1848/1597/57 4332/1999/57
f 1848/1597/569 844/2967/569 3622/2966/569
f 1675/2970/569 4333/1996/569 2275/1998/569
f 671/2020/569 3623/2001/569 4333/1996/569
f 3623/2001/57 1304/2000/57 3621/2971/57
f 3618/1/572 4334/1/572 3620/1/572
f 843/1/1843 2563/1/1843 4334/1/1843
f 2563/1/1844 195/1/1844 2395/1/1844
f 2392/1/1845 4335/1/1845 3619/1/1845
f 192/1/1846 1847/1/1846 4335/1/1846
f 1847/1/1847 843/1/1847 3618/1/1847
f 1676/1/1848 4336/1/1848 2249/1/1848
f 672/1/421 3619/1/421 4336/1/421
f 3619/1/570 1303/1/570 3617/1/570
f 3614/2972/59 4337/1993/59 3616/1995/59
f 842/2973/59 2562/398/59 4337/1993/59
f 2562/398/59 196/392/59 2396/1975/59
f 2393/2962/59 4338/1990/59 3615/1992/59
f 193/2974/59 1846/1606/59 4338/1990/59
f 1846/1606/59 842/2973/59 3614/2972/59
f 1677/2975/59 4339/1987/59 2302/1989/59
f 673/2011/59 3615/1992/59 4339/1987/59
f 3615/1992/59 1302/1991/59 3613/2976/59
f 3610/2977/1297 4340/1984/1297 3612/1986/1297
f 841/2978/579 2561/395/579 4340/1984/579
f 2561/395/579 197/2988/579 2397/2979/579
f 2394/2968/579 4341/1981/579 3611/1983/579
f 194/2980/579 1845/1615/579 4341/1981/579
f 1845/1615/579 841/2978/579 3610/2977/579
f 1678/2981/579 4342/1978/579 2276/1980/579
f 674/2003/1297 3611/1983/1297 4342/1978/1297
f 3611/1983/579 1301/1982/579 3609/2982/579
f 3606/1/582 4343/1/582 3608/1/582
f 840/1/1849 2560/1/1849 4343/1/1849
f 2560/1/1850 198/1/1850 2398/1/1850
f 2395/1/585 4344/1/585 3607/1/585
f 195/1/1851 1844/1/1851 4344/1/1851
f 1844/1/1852 840/1/1852 3606/1/1852
f 1679/1/1853 4345/1/1853 2250/1/1853
f 675/1/418 3607/1/418 4345/1/418
f 3607/1/580 1300/1/580 3605/1/580
f 4346/1977/416 3604/1976/416 1299/2983/416
f 2559/393/62 4346/1977/62 3602/1972/62
f 196/392/416 2396/1975/416 4346/1977/416
f 4347/1974/416 3603/1973/416 757/2984/416
f 1843/1625/416 4347/1974/416 1761/1957/416
f 839/1624/416 3602/1972/416 4347/1974/416
f 4348/1971/416 1587/1970/416 151/131/416
f 3603/1973/416 4348/1971/416 2477/275/416
f 1299/2983/416 3601/1969/416 4348/1971/416
f 3598/2985/63 4349/1966/63 3600/1968/63
f 838/2986/63 2558/389/63 4349/1966/63
f 2558/389/63 200/2995/63 2400/2987/63
f 2397/2979/63 4350/1963/63 3599/1965/63
f 197/2988/63 1842/1633/63 4350/1963/63
f 1842/1633/63 838/2986/63 3598/2985/63
f 1681/2989/63 4351/1960/63 2277/1962/63
f 677/1985/63 3599/1965/63 4351/1960/63
f 3599/1965/63 1298/1964/63 3597/2990/63
f 4352/1/1239 3596/1/1239 1297/1/1239
f 2557/1/414 4352/1/414 3594/1/414
f 201/1/1854 2401/1/1854 4352/1/1854
f 4353/1/597 3595/1/597 678/1/597
f 1841/1/413 4353/1/413 2398/1/413
f 837/1/1855 3594/1/1855 4353/1/1855
f 4354/1/1856 2251/1/1856 98/1/1856
f 3595/1/1857 4354/1/1857 1682/1/1857
f 1297/1/1237 3593/1/1237 4354/1/1237
f 4355/1959/1236 3592/1958/1236 1296/2991/1236
f 2556/387/1858 4355/1959/1858 3590/1954/1858
f 199/386/1859 1761/1957/1859 4355/1959/1859
f 4356/1956/606 3591/1955/606 760/2992/606
f 1840/1643/410 4356/1956/410 1764/1939/410
f 836/1642/598 3590/1954/598 4356/1956/598
f 4357/1953/1860 1588/1952/1860 152/2813/1860
f 3591/1955/409 4357/1953/409 2480/280/409
f 1296/2991/1234 3589/1951/1234 4357/1953/1234
f 3586/2993/66 4358/1948/66 3588/1950/66
f 835/2994/66 2555/383/66 4358/1948/66
f 2555/383/66 203/377/66 2403/1930/66
f 2400/2987/66 4359/1945/66 3587/1947/66
f 200/2995/66 1839/1651/66 4359/1945/66
f 1839/1651/66 835/2994/66 3586/2993/66
f 1684/2996/66 4360/1942/66 2278/1944/66
f 680/1967/66 3587/1947/66 4360/1942/66
f 3587/1947/66 1295/1946/66 3585/2997/66
f 4361/1/67 3584/1/67 1294/1/67
f 2554/1/67 4361/1/67 3582/1/67
f 204/1/67 2404/1/67 4361/1/67
f 4362/1/67 3583/1/67 681/1/67
f 1838/1/67 4362/1/67 2401/1/67
f 834/1/67 3582/1/67 4362/1/67
f 4363/1/607 2252/1/607 99/1/607
f 3583/1/67 4363/1/67 1685/1/67
f 1294/1/67 3581/1/67 4363/1/67
f 4364/1941/1861 3580/1940/1861 1293/2998/1861
f 2553/381/1862 4364/1941/1862 3578/1936/1862
f 202/380/1863 1764/1939/1863 4364/1941/1863
f 4365/1938/616 3579/1937/616 763/2999/616
f 1837/1661/407 4365/1938/407 1767/1927/407
f 833/1660/608 3578/1936/608 4365/1938/608
f 4366/1935/1864 1589/1934/1864 153/2825/1864
f 3579/1937/406 4366/1935/406 2483/285/406
f 1293/2998/1231 3577/1933/1231 4366/1935/1231
f 4367/1932/405 3576/1931/405 1292/378/405
f 2552/378/405 4367/1932/405 3574/121/405
f 203/377/69 2403/1930/69 4367/1932/69
f 4368/121/405 3575/121/405 764/121/405
f 1836/23/405 4368/121/405 1768/23/405
f 832/121/69 3574/121/69 4368/121/69
f 4369/121/405 1563/378/405 127/121/405
f 3575/121/69 4369/121/69 2484/121/69
f 1292/378/69 3573/378/69 4369/121/69
f 4370/1/70 3572/1/70 1291/1/70
f 2551/1/70 4370/1/70 3570/1/70
f 207/1/70 2407/1/70 4370/1/70
f 4371/1/70 3571/1/70 684/1/70
f 1835/1/70 4371/1/70 2404/1/70
f 831/1/70 3570/1/70 4371/1/70
f 4372/1/70 2253/1/70 100/1/70
f 3571/1/70 4372/1/70 1688/1/70
f 1291/1/70 3569/1/70 4372/1/70
f 4373/1929/1230 3568/1928/1230 1290/3000/1230
f 2550/375/404 4373/1929/404 3566/1924/404
f 205/374/1865 1767/1927/1865 4373/1929/1865
f 4374/1926/1866 3567/1925/1866 766/3001/1866
f 1834/1674/403 4374/1926/403 1770/1918/403
f 830/1673/617 3566/1924/617 4374/1926/617
f 4375/1923/1867 1590/1922/1867 154/2822/1867
f 3567/1925/402 4375/1923/402 2486/287/402
f 1290/3000/1228 3565/1921/1228 4375/1923/1228
f 3562/23/628 4376/23/628 3564/23/628
f 829/23/1868 2549/23/1868 4376/23/1868
f 2549/23/1869 209/23/1869 2409/23/1869
f 1768/23/631 4377/23/631 3563/23/631
f 206/23/1870 1833/23/1870 4377/23/1870
f 1833/23/1871 829/23/1871 3562/23/1871
f 2484/121/1872 4378/23/1872 2280/23/1872
f 764/121/400 3563/23/400 4378/23/400
f 3563/23/626 1289/23/626 3561/23/626
f 4379/1/70 3560/1/70 1288/1/70
f 2548/1/70 4379/1/70 3558/1/70
f 210/1/70 2410/1/70 4379/1/70
f 4380/1/70 3559/1/70 687/1/70
f 1832/1/70 4380/1/70 2407/1/70
f 828/1/70 3558/1/70 4380/1/70
f 4381/1/70 2254/1/70 101/1/70
f 3559/1/70 4381/1/70 1691/1/70
f 1288/1/70 3557/1/70 4381/1/70
f 4382/1920/73 3556/1919/73 1287/3002/73
f 2547/372/1873 4382/1920/1873 3554/1915/1873
f 208/371/73 1770/1918/73 4382/1920/73
f 4383/1917/73 3555/1916/73 769/3003/73
f 1831/1683/73 4383/1917/73 1773/1909/73
f 827/1682/1873 3554/1915/1873 4383/1917/1873
f 4384/1914/73 1591/1913/73 155/2819/73
f 3555/1916/73 4384/1914/73 2489/289/73
f 1287/3002/73 3553/1912/73 4384/1914/73
f 3550/23/637 4385/23/637 3552/23/637
f 826/23/1874 2546/23/1874 4385/23/1874
f 2546/23/1875 212/23/1875 2412/23/1875
f 2409/23/640 4386/23/640 3551/23/640
f 209/23/1876 1830/23/1876 4386/23/1876
f 1830/23/1877 826/23/1877 3550/23/1877
f 1693/23/1878 4387/23/1878 2281/23/1878
f 689/23/1879 3551/23/1879 4387/23/1879
f 3551/23/635 1286/23/635 3549/23/635
f 4388/1/70 3548/1/70 1285/1/70
f 2545/1/70 4388/1/70 3546/1/70
f 213/1/70 2413/1/70 4388/1/70
f 4389/1/70 3547/1/70 690/1/70
f 1829/1/70 4389/1/70 2410/1/70
f 825/1/70 3546/1/70 4389/1/70
f 4390/1/70 2255/1/70 102/1/70
f 3547/1/70 4390/1/70 1694/1/70
f 1285/1/70 3545/1/70 4390/1/70
f 4391/1911/75 3544/1910/75 1284/3004/75
f 2544/369/75 4391/1911/75 3542/1906/75
f 211/368/75 1773/1909/75 4391/1911/75
f 4392/1908/75 3543/1907/75 772/3005/75
f 1828/1692/75 4392/1908/75 1776/1901/75
f 824/1691/75 3542/1906/75 4392/1908/75
f 4393/1905/75 1592/1904/75 156/139/75
f 3543/1907/75 4393/1905/75 2492/291/75
f 1284/3004/75 3541/1903/75 4393/1905/75
f 4394/23/1221 3540/23/1221 1283/23/1221
f 2543/23/395 4394/23/395 3538/23/395
f 215/23/1880 2415/23/1880 4394/23/1880
f 4395/23/652 3539/23/652 692/23/652
f 1827/23/394 4395/23/394 2412/23/394
f 823/23/1881 3538/23/1881 4395/23/1881
f 4396/23/1882 2282/23/1882 129/23/1882
f 3539/23/1883 4396/23/1883 1696/23/1883
f 1283/23/1219 3537/23/1219 4396/23/1219
f 4397/1/653 3536/1/653 1282/1/653
f 2542/1/77 4397/1/77 3534/1/77
f 216/1/77 2416/1/77 4397/1/77
f 4398/1/653 3535/1/653 693/1/653
f 1826/1/77 4398/1/77 2413/1/77
f 822/1/77 3534/1/77 4398/1/77
f 4399/1/77 2256/1/77 103/1/77
f 3535/1/77 4399/1/77 1697/1/77
f 1282/1/77 3533/1/77 4399/1/77
f 4400/1902/1218 3532/292/1218 1281/3006/1218
f 2541/366/1884 4400/1902/1884 3530/366/1884
f 214/365/1885 1776/1901/1885 4400/1902/1885
f 4401/1897/663 3531/1900/663 775/1897/663
f 1825/1699/1886 4401/1897/1886 1779/1897/1886
f 821/1700/655 3530/366/655 4401/1897/655
f 4402/1899/1887 1593/1899/1887 157/2815/1887
f 3531/1900/390 4402/1899/390 2495/136/390
f 1281/3006/1216 3529/1898/1216 4402/1899/1216
f 4403/23/1888 3528/23/1888 1280/23/1888
f 2540/23/1889 4403/23/1889 3526/23/1889
f 218/23/1890 2418/23/1890 4403/23/1890
f 4404/23/672 3527/23/672 695/23/672
f 1824/23/1891 4404/23/1891 2415/23/1891
f 820/23/1892 3526/23/1892 4404/23/1892
f 4405/23/1893 2283/23/1893 130/23/1893
f 3527/23/387 4405/23/387 1699/23/387
f 1280/23/1213 3525/23/1213 4405/23/1213
f 4406/1/80 3524/1/80 1279/1/80
f 2539/1/80 4406/1/80 3522/1/80
f 219/1/80 2419/1/80 4406/1/80
f 4407/1/80 3523/1/80 696/1/80
f 1823/1/80 4407/1/80 2416/1/80
f 819/1/673 3522/1/673 4407/1/673
f 4408/1/386 2257/1/386 104/1/386
f 3523/1/80 4408/1/80 1700/1/80
f 1279/1/386 3521/1/386 4408/1/386
f 4409/1699/1212 3520/1896/1212 1278/1896/1212
f 2538/363/385 4409/1699/385 3518/363/385
f 217/362/1894 1779/1897/1894 4409/1699/1894
f 4410/363/682 3519/134/682 778/37/682
f 1822/37/384 4410/363/384 1782/37/384
f 818/363/674 3518/363/674 4410/363/674
f 4411/134/1895 1594/1896/1895 158/134/1895
f 3519/134/383 4411/134/383 2498/37/383
f 1278/1896/1210 3517/1896/1210 4411/134/1210
f 4412/23/82 3516/23/82 1277/23/82
f 2537/23/82 4412/23/82 3514/23/82
f 221/23/82 2421/23/82 4412/23/82
f 4413/23/82 3515/23/82 698/23/82
f 1821/23/82 4413/23/82 2418/23/82
f 817/23/82 3514/23/82 4413/23/82
f 4414/23/82 2284/23/82 131/23/82
f 3515/23/82 4414/23/82 1702/23/82
f 1277/23/82 3513/23/82 4414/23/82
f 3510/1/1896 4415/1/1896 3512/1/1896
f 816/1/83 2536/1/83 4415/1/83
f 2536/1/83 222/1/83 2422/1/83
f 4416/1/83 3511/1/83 699/1/83
f 1820/1/83 4416/1/83 2419/1/83
f 1820/1/83 816/1/83 3510/1/83
f 4417/1/83 2258/1/83 105/1/83
f 3511/1/83 4417/1/83 1703/1/83
f 3511/1/83 1276/1/83 3509/1/83
f 4418/37/1209 3508/37/1209 1275/37/1209
f 2535/37/1897 4418/37/1897 3506/37/1897
f 220/37/1898 1782/37/1898 4418/37/1898
f 4419/37/1899 3507/37/1899 781/37/1899
f 1819/37/381 4419/37/381 1785/133/381
f 815/37/683 3506/37/683 4419/37/683
f 4420/37/1900 1595/135/1900 159/37/1900
f 3507/37/380 4420/37/380 2501/37/380
f 1275/37/1901 3505/37/1901 4420/37/1901
f 3502/23/85 4421/23/85 3504/23/85
f 814/23/85 2534/23/85 4421/23/85
f 2534/23/85 221/23/85 2421/23/85
f 1786/1895/85 4422/23/85 3503/1895/85
f 224/1895/85 1818/23/85 4422/23/85
f 1818/23/85 814/23/85 3502/23/85
f 2502/1895/85 4423/1895/85 1569/194/85
f 782/1895/85 3503/1895/85 4423/1895/85
f 3503/1895/85 1274/23/85 3501/1895/85
f 3498/123/86 4424/123/86 3500/123/86
f 813/123/86 2533/123/86 4424/123/86
f 2533/123/86 225/360/86 2425/361/86
f 2422/1/86 4425/1/86 3499/1/86
f 222/1/86 1817/24/86 4425/1/86
f 1817/24/86 813/123/86 3498/123/86
f 1706/1/86 4426/1/86 2259/1/86
f 702/1/86 3499/1/86 4426/1/86
f 3499/1/86 1273/123/86 3497/123/86
f 4427/133/1206 3496/133/1206 1272/133/1206
f 2532/133/379 4427/133/379 3494/133/379
f 223/133/1902 1785/133/1902 4427/133/1902
f 4428/133/702 3495/133/702 784/133/702
f 1816/133/1903 4428/133/1903 1788/133/1903
f 812/133/694 3494/133/694 4428/133/694
f 4429/133/1904 1596/133/1904 160/133/1904
f 3495/133/377 4429/133/377 2504/133/377
f 1272/133/1204 3493/133/1204 4429/133/1204
f 3490/1893/1905 4430/1895/1905 3492/1895/1905
f 811/358/1906 2531/358/1906 4430/1895/1906
f 2531/358/1907 224/1895/1907 1786/1895/1907
f 1789/3007/708 4431/1892/708 3491/1894/708
f 227/1705/1908 1815/1705/1908 4431/1892/1908
f 1815/1705/1909 811/358/1909 3490/1893/1909
f 2505/3009/1910 4432/1889/1910 1570/1891/1910
f 785/3008/375 3491/1894/375 4432/1889/375
f 3491/1894/703 1271/1893/703 3489/3010/703
f 3486/3011/86 4433/1886/86 3488/1888/86
f 810/1712/712 2530/355/712 4433/1886/712
f 2530/355/86 228/347/86 2428/1864/86
f 2425/361/86 4434/1884/86 3487/1884/86
f 225/360/86 1814/1713/86 4434/1884/86
f 1814/1713/712 810/1712/712 3486/3011/712
f 1709/123/86 4435/124/86 2260/124/86
f 705/124/86 3487/1884/86 4435/124/86
f 3487/1884/86 1270/1885/86 3485/3012/86
f 3482/1879/89 4436/1881/89 3484/1882/89
f 809/1720/89 2529/353/89 4436/1881/89
f 2529/353/89 229/1748/89 2429/1855/89
f 2359/2869/89 4437/1878/89 3483/1880/89
f 161/3013/89 1813/1721/89 4437/1878/89
f 1813/1721/89 809/1720/89 3482/1879/89
f 1643/3014/89 4438/1875/89 1518/1877/89
f 639/2208/89 3483/1880/89 4438/1875/89
f 3483/1880/89 1269/1879/89 3481/3015/89
f 4439/1874/1911 3480/1873/1911 1268/3016/1911
f 2528/351/1912 4439/1874/1912 3478/1869/1912
f 230/350/1913 2430/1872/1913 4439/1874/1913
f 4440/1871/721 3479/1870/721 785/3008/721
f 1812/1731/372 4440/1871/372 1789/3007/372
f 808/1730/713 3478/1869/713 4440/1871/713
f 4441/1868/1914 2287/192/1914 134/191/1914
f 3479/1870/371 4441/1868/371 2505/3009/371
f 1268/3016/1198 3477/1867/1198 4441/1868/1198
f 4442/1866/91 3476/1865/91 1267/3017/91
f 2527/348/369 4442/1866/369 3474/1861/369
f 228/347/91 2428/1864/91 4442/1866/91
f 4443/1863/724 3475/1862/724 789/3018/724
f 1811/339/91 4443/1863/91 1793/1844/91
f 807/1739/91 3474/1861/91 4443/1863/91
f 4444/1860/724 1545/1859/724 109/2811/724
f 3475/1862/370 4444/1860/370 2509/312/370
f 1267/3017/91 3473/1858/91 4444/1860/91
f 3470/306/727 4445/307/727 3472/307/727
f 806/306/1915 2526/344/1915 4445/307/1915
f 2526/344/1916 232/344/1916 2432/344/1916
f 2429/1855/1917 4446/1748/1917 3471/1856/1917
f 229/1748/1918 1810/306/1918 4446/1748/1918
f 1810/306/1919 806/306/1919 3470/306/1919
f 1713/1881/733 4447/1855/733 1519/1857/733
f 709/1855/367 3471/1856/367 4447/1855/367
f 3471/1856/725 1266/306/725 3469/1856/725
f 4448/133/365 3468/133/365 1265/133/365
f 2525/133/365 4448/133/365 3466/133/365
f 226/133/734 1788/133/734 4448/133/734
f 4449/133/93 3467/133/93 791/133/93
f 1809/133/365 4449/133/365 1795/133/365
f 805/133/365 3466/133/365 4449/133/365
f 4450/133/1920 1598/133/1920 85/133/1920
f 3467/133/93 4450/133/93 2511/133/93
f 1265/133/1921 3465/133/1921 4450/133/1921
f 4451/1854/94 3464/1853/94 1264/3019/94
f 2524/343/94 4451/1854/94 3462/1849/94
f 234/342/94 2434/1852/94 4451/1854/94
f 4452/1851/94 3463/1850/94 710/3020/94
f 1808/1752/94 4452/1851/94 2430/1872/94
f 804/1751/94 3462/1849/94 4452/1851/94
f 4453/1848/735 2288/189/735 135/188/735
f 3463/1850/94 4453/1848/94 1714/301/94
f 1264/3019/94 3461/1847/94 4453/1848/94
f 4454/1846/364 3460/1845/364 1263/3021/364
f 2523/340/364 4454/1846/364 3458/1841/364
f 231/339/95 1793/1844/95 4454/1846/95
f 4455/1843/95 3459/1842/95 793/1828/95
f 1807/1761/1922 4455/1843/1922 1797/3022/1922
f 803/1760/95 3458/1841/95 4455/1843/95
f 4456/1840/95 1546/127/95 110/126/95
f 3459/1842/95 4456/1840/95 2513/3024/95
f 1263/3021/95 3457/1839/95 4456/1840/95
f 3454/133/739 4457/133/739 3456/133/739
f 802/133/1923 2522/133/1923 4457/133/1923
f 2522/133/1924 236/133/1924 2436/133/1924
f 2432/344/742 4458/344/742 3455/344/742
f 232/344/1925 1806/344/1925 4458/344/1925
f 1806/344/1926 802/133/1926 3454/133/1926
f 1716/307/745 4459/344/745 1520/1838/745
f 712/344/1927 3455/344/1927 4459/344/1927
f 3455/344/1928 1262/133/1928 3453/344/1928
f 3450/3025/748 4460/1835/748 3452/1837/748
f 801/3026/1929 2521/336/1929 4460/1835/1929
f 2521/336/1930 237/3037/1930 2437/3027/1930
f 2434/1852/751 4461/1832/751 3451/1834/751
f 234/342/1931 1805/1769/1931 4461/1832/1931
f 1805/1769/1932 801/3026/1932 3450/3025/1932
f 1718/309/1933 4462/1830/1933 2289/185/1933
f 714/3028/359 3451/1834/359 4462/1830/359
f 3451/1834/746 1261/1833/746 3449/3029/746
f 3446/3030/98 4463/1827/98 3448/1829/98
f 800/3031/98 2520/333/98 4463/1827/98
f 2520/333/98 235/3023/98 1797/3022/98
f 1800/3032/98 4464/1824/98 3447/1826/98
f 238/3033/98 1804/1778/98 4464/1824/98
f 1804/1778/98 800/3031/98 3446/3030/98
f 2516/3034/98 4465/1821/98 1547/1823/98
f 796/1811/98 3447/1826/98 4465/1821/98
f 3447/1826/98 1260/1825/98 3445/3035/98
f 3442/133/1934 4466/133/1934 3444/133/1934
f 799/133/1935 2519/133/1935 4466/133/1935
f 2519/133/1936 233/133/1936 1795/133/1936
f 2436/133/1937 4467/133/1937 3443/133/1937
f 236/133/1938 1803/133/1938 4467/133/1938
f 1803/133/1939 799/133/1939 3442/133/1939
f 1720/133/1940 4468/133/1940 1521/133/1940
f 716/133/355 3443/133/355 4468/133/355
f 3443/133/1941 1259/133/1941 3441/133/1941
f 4469/1820/100 3440/1819/100 1258/3036/100
f 2518/331/100 4469/1820/100 3438/1815/100
f 164/330/100 1726/1818/100 4469/1820/100
f 4470/1817/100 3439/1816/100 717/1836/100
f 1802/1788/100 4470/1817/100 2437/3027/100
f 798/1787/100 3438/1815/100 4470/1817/100
f 4471/1814/100 2290/119/100 137/118/100
f 3439/1816/1942 4471/1814/1942 1721/3038/1942
f 1258/3036/1942 3437/1813/1942 4471/1814/1942
f 3434/3039/101 4472/1810/101 3436/1812/101
f 797/3040/101 2517/327/101 4472/1810/101
f 2517/327/101 238/3033/101 1800/3032/101
f 2363/2878/101 4473/1807/101 3435/1809/101
f 165/3041/101 1801/1796/101 4473/1807/101
f 1801/1796/101 797/3040/101 3434/3039/101
f 1647/3042/101 4474/1804/101 1548/1806/101
f 643/2191/101 3435/1809/101 4474/1804/101
f 3435/1809/101 1257/1808/101 3433/3043/101
f 4475/1803/102 3432/1802/102 1256/3044/102
f 2139/3045/102 4475/1803/102 3430/1798/102
f 31/3047/102 1722/1801/102 4475/1803/102
f 4476/1800/102 3431/1799/102 723/3048/102
f 1423/30/102 4476/1800/102 2443/1414/102
f 419/3046/102 3430/1798/102 4476/1800/102
f 4477/1797/102 1801/1796/102 165/3041/102
f 3431/1799/102 4477/1797/102 1727/462/102
f 1256/3044/102 3429/1795/102 4477/1797/102
f 3426/3050/103 4478/1792/103 3428/1794/103
f 445/2603/103 1449/2605/103 4478/1792/103
f 1449/2605/103 58/86/103 1646/3051/103
f 2515/1774/103 4479/1789/103 3427/1791/103
f 57/20/103 2165/22/103 4479/1789/103
f 2165/22/103 445/2603/103 3426/3050/103
f 1799/335/103 4480/1786/103 1802/1788/103
f 795/3052/103 3427/1791/103 4480/1786/103
f 3427/1791/103 1255/1790/103 3425/3053/103
f 4481/133/1943 3424/133/1943 1254/133/1943
f 2112/133/353 4481/133/353 3422/133/353
f 3/133/1944 1717/133/1944 4481/133/1944
f 4482/133/774 3423/133/774 794/133/774
f 1396/36/1945 4482/133/1945 2514/133/1945
f 392/133/766 3422/133/766 4482/133/766
f 4483/133/1946 1803/133/1946 236/133/1946
f 3423/133/1947 4483/133/1947 1798/133/1947
f 1254/133/1183 3421/133/1183 4483/133/1183
f 4484/1785/105 3420/1784/105 1253/3054/105
f 2138/3055/105 4484/1785/105 3418/1780/105
f 30/28/105 1719/1783/105 4484/1785/105
f 4485/1782/1948 3419/1781/1948 718/3057/1948
f 1422/3058/105 4485/1782/105 1722/1801/105
f 418/3056/1182 3418/1780/1182 4485/1782/1182
f 4486/1779/105 1804/1778/105 238/3033/105
f 3419/1781/105 4486/1779/105 2438/326/105
f 1253/3054/105 3417/1777/105 4486/1779/105
f 4487/1776/1181 3416/1775/1181 1252/3059/1181
f 1448/2761/350 4487/1776/350 3414/1771/350
f 57/20/1949 2515/1774/1949 4487/1776/1949
f 4488/1773/785 3415/1772/785 792/1757/785
f 2164/88/1950 4488/1773/1950 2512/3060/1950
f 444/2446/1951 3414/1771/1951 4488/1773/1951
f 4489/1770/1952 1805/1769/1952 234/342/1952
f 3415/1772/348 4489/1770/348 1796/3062/348
f 1252/3059/1179 3413/1768/1179 4489/1770/1179
f 4490/133/1178 3412/133/1178 1251/133/1178
f 2111/36/347 4490/133/347 3410/344/347
f 4/133/1953 2514/133/1953 4490/133/1953
f 4491/344/794 3411/344/794 790/344/794
f 1395/344/346 4491/344/346 2510/344/346
f 391/344/786 3410/344/786 4491/344/786
f 4492/344/1954 1806/344/1954 232/344/1954
f 3411/344/1955 4492/344/1955 1794/344/1955
f 1251/133/1176 3409/133/1176 4492/344/1176
f 3406/3063/108 4493/1765/108 3408/1767/108
f 417/2591/108 2137/3064/108 4493/1765/108
f 2137/3064/108 29/2676/108 1715/3065/108
f 1719/1783/108 4494/1762/108 3407/1764/108
f 30/28/108 1421/3067/108 4494/1762/108
f 1421/3067/108 417/2591/108 3406/3063/108
f 2435/332/1956 4495/1759/1956 1807/1761/1956
f 715/3066/108 3407/1764/108 4495/1759/108
f 3407/1764/108 1250/1763/108 3405/3068/108
f 3402/3069/109 4496/1756/109 3404/1758/109
f 443/2437/109 1447/2768/109 4496/1756/109
f 1447/2768/109 56/3061/109 2512/3060/109
f 2508/3070/109 4497/1753/109 3403/1755/109
f 55/92/109 2163/3071/109 4497/1753/109
f 2163/3071/109 443/2437/109 3402/3069/109
f 1792/3072/109 4498/1750/109 1808/1752/109
f 788/1736/109 3403/1755/109 4498/1750/109
f 3403/1755/109 1249/1754/109 3401/3073/109
f 3398/133/1957 4499/133/1957 3400/133/1957
f 469/133/1958 2189/133/1958 4499/133/1958
f 2189/133/1959 80/133/1959 1710/133/1959
f 1717/133/1960 4500/133/1960 3399/133/1960
f 3/133/1961 1473/133/1961 4500/133/1961
f 1473/133/1962 469/133/1962 3398/133/1962
f 2433/133/1963 4501/133/1963 1809/133/1963
f 713/133/342 3399/133/342 4501/133/342
f 3399/133/795 1248/133/795 3397/133/795
f 4502/1749/1172 3396/1748/1172 1247/1746/1172
f 2110/1749/340 4502/1749/340 3394/1746/340
f 2/1749/1964 2510/344/1964 4502/1749/1964
f 4503/1747/812 3395/1747/812 787/353/812
f 1394/2682/339 4503/1747/339 2507/1726/339
f 390/1746/804 3394/1746/804 4503/1747/804
f 4504/1746/1965 1810/306/1965 229/1748/1965
f 3395/1747/338 4504/1746/338 1791/352/338
f 1247/1746/1170 3393/306/1170 4504/1746/1170
f 3390/3074/112 4505/1743/112 3392/1745/112
f 416/2675/112 2136/2678/112 4505/1743/112
f 2136/2678/112 28/2670/112 2506/1717/112
f 1715/3065/813 4506/1740/813 3391/1742/813
f 29/2676/1966 1420/2677/1966 4506/1740/1966
f 1420/2677/1966 416/2675/1966 3390/3074/1966
f 2431/3075/112 4507/1738/112 1811/339/112
f 711/1766/337 3391/1742/337 4507/1738/337
f 3391/1742/112 1246/1741/112 3389/3076/112
f 3386/3077/1967 4508/1735/1967 3388/1737/1967
f 442/2428/1968 1446/2775/1968 4508/1735/1968
f 1446/2775/1969 55/92/1969 2508/3070/1969
f 1711/3078/821 4509/1732/821 3387/1734/821
f 54/95/1970 2162/3080/1970 4509/1732/1970
f 2162/3080/1971 442/2428/1971 3386/3077/1971
f 2427/3081/824 4510/1729/824 1812/1731/824
f 707/3079/335 3387/1734/335 4510/1729/335
f 3387/1734/1972 1245/1733/1972 3385/3082/1972
f 4511/1728/114 3384/1727/114 1244/1723/114
f 2109/1728/114 4511/1728/114 3382/1723/114
f 1/2685/114 2507/1726/114 4511/1728/114
f 4512/1725/114 3383/1724/114 719/3083/114
f 1393/2688/114 4512/1725/114 2439/1396/114
f 389/2687/114 3382/1723/114 4512/1725/114
f 4513/1722/114 1813/1721/114 161/3013/114
f 3383/1724/114 4513/1722/114 1723/468/114
f 1244/1723/114 3381/1720/114 4513/1722/114
f 4514/1719/115 3380/1718/115 1243/1715/115
f 1419/2599/115 4514/1719/115 3378/1715/115
f 28/2670/115 2506/1717/115 4514/1719/115
f 4515/1716/115 3379/1716/115 783/360/115
f 2135/3085/115 4515/1716/115 2503/26/115
f 415/3084/115 3378/1715/115 4515/1716/115
f 4516/1714/115 1814/1713/115 225/360/115
f 3379/1716/115 4516/1714/115 1787/360/115
f 1243/1715/115 3377/1712/115 4516/1714/115
f 4517/1711/116 3376/1710/116 1242/3086/116
f 2161/99/116 4517/1711/116 3374/1707/116
f 53/98/116 1708/1710/116 4517/1711/116
f 4518/1709/116 3375/1708/116 707/3079/116
f 1445/2415/116 4518/1709/116 1711/3078/116
f 441/2414/116 3374/1707/116 4518/1709/116
f 4519/1706/116 1815/1705/116 227/1705/116
f 3375/1708/116 4519/1706/116 2427/3081/116
f 1242/3086/116 3373/359/116 4519/1706/116
f 3370/133/827 4520/133/827 3372/133/827
f 467/133/1973 2187/37/1973 4520/133/1973
f 2187/37/1974 79/37/1974 1707/37/1974
f 1710/133/830 4521/133/830 3371/133/830
f 80/133/1975 1471/133/1975 4521/133/1975
f 1471/133/1976 467/133/1976 3370/133/1976
f 2426/133/1977 4522/133/1977 1816/133/1977
f 706/133/332 3371/133/332 4522/133/332
f 3371/133/825 1241/133/825 3369/133/825
f 4523/361/115 3368/361/115 1240/24/115
f 1418/361/115 4523/361/115 3366/24/115
f 27/26/1978 2503/26/1978 4523/361/1978
f 4524/24/115 3367/24/115 780/24/115
f 2134/24/115 4524/24/115 2500/24/115
f 414/24/115 3366/24/115 4524/24/115
f 4525/24/115 1817/24/115 222/1/115
f 3367/24/115 4525/24/115 1784/24/115
f 1240/24/115 3365/123/115 4525/24/115
f 4526/23/1163 3364/23/1163 1239/23/1163
f 2160/23/330 4526/23/330 3362/23/330
f 52/23/1979 2499/23/1979 4526/23/1979
f 4527/357/842 3363/357/842 704/1710/842
f 1444/2420/329 4527/357/329 1708/1710/329
f 440/357/834 3362/23/834 4527/357/834
f 4528/23/1980 1818/23/1980 224/1895/1980
f 3363/357/328 4528/23/328 2424/357/328
f 1239/23/1161 3361/23/1161 4528/23/1161
f 3358/37/845 4529/37/845 3360/37/845
f 466/37/1981 2186/37/1981 4529/37/1981
f 2186/37/1982 78/1704/1982 1704/1704/1982
f 1707/37/848 4530/37/848 3359/37/848
f 79/37/1983 1470/37/1983 4530/37/1983
f 1470/37/1984 466/37/1984 3358/37/1984
f 2423/133/851 4531/37/851 1819/37/851
f 703/37/326 3359/37/326 4531/37/326
f 3359/37/843 1238/37/843 3357/37/843
f 4532/24/120 3356/1/120 1237/1/120
f 1417/24/120 4532/24/120 3354/1/120
f 26/24/120 2500/24/120 4532/24/120
f 2497/1/120 4533/1/120 3355/1/120
f 25/1/120 2133/1/120 4533/1/120
f 413/1/120 3354/1/120 4533/1/120
f 1781/1/120 4534/1/120 1820/1/120
f 777/1/120 3355/1/120 4534/1/120
f 1237/1/120 3353/1/120 4534/1/120
f 3350/23/121 4535/23/121 3352/23/121
f 439/23/121 1443/23/121 4535/23/121
f 1443/23/121 52/23/121 2499/23/121
f 2496/23/121 4536/23/121 3351/23/121
f 51/23/121 2159/23/121 4536/23/121
f 2159/23/121 439/23/121 3350/23/121
f 1780/23/121 4537/23/121 1821/23/121
f 776/23/121 3351/23/121 4537/23/121
f 3351/23/121 1236/23/121 3349/23/121
f 3346/362/854 4538/362/854 3348/362/854
f 465/362/1985 2185/41/1985 4538/362/1985
f 2185/41/1986 77/2684/1986 1701/3087/1986
f 1704/1704/857 4539/1704/857 3347/363/857
f 78/1704/1987 1469/1704/1987 4539/1704/1987
f 1469/1704/1988 465/362/1988 3346/362/1988
f 2420/37/860 4540/363/860 1822/37/860
f 700/37/323 3347/363/323 4540/363/323
f 3347/363/852 1235/1704/852 3345/363/852
f 3342/1/123 4541/1/123 3344/1/123
f 412/1/123 1416/1/123 4541/1/123
f 1416/1/123 25/1/123 2497/1/123
f 2494/1/123 4542/1/123 3343/1/123
f 24/1/321 2132/1/321 4542/1/321
f 2132/1/321 412/1/321 3342/1/321
f 1778/1/123 4543/1/123 1823/1/123
f 774/1/123 3343/1/123 4543/1/123
f 3343/1/123 1234/1/123 3341/1/123
f 3338/23/1989 4544/23/1989 3340/23/1989
f 438/23/1990 1442/23/1990 4544/23/1990
f 1442/23/1991 51/23/1991 2496/23/1991
f 2493/23/1992 4545/23/1992 3339/23/1992
f 50/23/1993 2158/23/1993 4545/23/1993
f 2158/23/1994 438/23/1994 3338/23/1994
f 1777/23/870 4546/23/870 1824/23/870
f 773/23/1995 3339/23/1995 4546/23/1995
f 3339/23/862 1233/23/862 3337/23/862
f 3334/1701/1996 4547/1702/1996 3336/364/1996
f 464/2569/1997 2184/44/1997 4547/1702/1997
f 2184/44/1998 76/43/1998 1698/3088/1998
f 1701/3087/876 4548/1700/876 3335/1700/876
f 77/2684/1999 1468/2570/1999 4548/1700/1999
f 1468/2570/2000 464/2569/2000 3334/1701/2000
f 2417/362/2001 4549/1699/2001 1825/1699/2001
f 697/362/316 3335/1700/316 4549/1699/316
f 3335/1700/2002 1232/1701/2002 3333/1700/2002
f 3330/1/126 4550/1/126 3332/1/126
f 411/1/126 1415/1/126 4550/1/126
f 1415/1/126 24/1/126 2494/1/126
f 2491/1/126 4551/1/126 3331/1/126
f 23/1/126 2131/1/126 4551/1/126
f 2131/1/126 411/1/126 3330/1/126
f 1775/1/126 4552/1/126 1826/1/126
f 771/1/880 3331/1/880 4552/1/880
f 3331/1/126 1231/1/126 3329/1/126
f 3326/23/883 4553/23/883 3328/23/883
f 437/23/2003 1441/23/2003 4553/23/2003
f 1441/23/2004 50/23/2004 2493/23/2004
f 2490/23/886 4554/23/886 3327/23/886
f 49/23/2005 2157/23/2005 4554/23/2005
f 2157/23/2006 437/23/2006 3326/23/2006
f 1774/23/889 4555/23/889 1827/23/889
f 770/23/312 3327/23/312 4555/23/312
f 3327/23/881 1230/23/881 3325/23/881
f 3322/3089/128 4556/1696/128 3324/1698/128
f 463/3090/128 2183/47/128 4556/1696/128
f 2183/47/128 75/2696/128 1695/3091/128
f 1698/3088/128 4557/1693/128 3323/1695/128
f 76/43/128 1467/2557/128 4557/1693/128
f 1467/2557/128 463/3090/128 3322/3089/128
f 2414/3092/128 4558/1690/128 1828/1692/128
f 694/1703/128 3323/1695/128 4558/1690/128
f 3323/1695/128 1229/1694/128 3321/3093/128
f 3318/1/129 4559/1/129 3320/1/129
f 410/1/129 1414/1/129 4559/1/129
f 1414/1/129 23/1/129 2491/1/129
f 2488/1/129 4560/1/129 3319/1/129
f 22/1/129 2130/1/129 4560/1/129
f 2130/1/129 410/1/129 3318/1/129
f 1772/1/129 4561/1/129 1829/1/129
f 768/1/129 3319/1/129 4561/1/129
f 3319/1/129 1228/1/129 3317/1/129
f 4562/23/1145 3316/23/1145 1227/23/1145
f 1440/23/310 4562/23/310 3314/23/310
f 49/23/2007 2490/23/2007 4562/23/2007
f 4563/23/898 3315/23/898 767/23/898
f 2156/23/309 4563/23/309 2487/23/309
f 436/23/890 3314/23/890 4563/23/890
f 4564/23/2008 1830/23/2008 209/23/2008
f 3315/23/308 4564/23/308 1771/23/308
f 1227/23/1143 3313/23/1143 4564/23/1143
f 3310/3094/131 4565/1687/131 3312/1689/131
f 462/3095/131 2182/50/131 4565/1687/131
f 2182/50/131 74/2703/131 1692/3096/131
f 1695/3091/131 4566/1684/131 3311/1686/131
f 75/2696/131 1466/2548/131 4566/1684/131
f 1466/2548/131 462/3095/131 3310/3094/131
f 2411/3097/131 4567/1681/131 1831/1683/131
f 691/1697/131 3311/1686/131 4567/1681/131
f 3311/1686/131 1226/1685/131 3309/3098/131
f 3306/1/129 4568/1/129 3308/1/129
f 409/1/129 1413/1/129 4568/1/129
f 1413/1/129 22/1/129 2488/1/129
f 2485/1/129 4569/1/129 3307/1/129
f 21/1/129 2129/1/129 4569/1/129
f 2129/1/129 409/1/129 3306/1/129
f 1769/1/129 4570/1/129 1832/1/129
f 765/1/129 3307/1/129 4570/1/129
f 3307/1/129 1225/1/129 3305/1/129
f 4571/23/1142 3304/23/1142 1224/23/1142
f 1439/23/307 4571/23/307 3302/23/307
f 48/23/2009 2487/23/2009 4571/23/2009
f 4572/23/908 3303/23/908 686/23/908
f 2155/23/2010 4572/23/2010 1690/23/2010
f 435/23/900 3302/23/900 4572/23/900
f 4573/23/2011 1833/23/2011 206/23/2011
f 3303/23/2012 4573/23/2012 2406/23/2012
f 1224/23/1140 3301/23/1140 4573/23/1140
f 3298/3099/911 4574/1678/911 3300/1680/911
f 461/3100/2013 2181/53/2013 4574/1678/2013
f 2181/53/2014 73/2709/2014 1689/3101/2014
f 1692/3096/914 4575/1675/914 3299/1677/914
f 74/2703/2015 1465/2539/2015 4575/1675/2015
f 1465/2539/2016 461/3100/2016 3298/3099/2016
f 2408/3102/917 4576/1672/917 1834/1674/917
f 688/1688/2017 3299/1677/2017 4576/1672/2017
f 3299/1677/909 1223/1676/909 3297/3103/909
f 3294/1/129 4577/1/129 3296/1/129
f 408/1/129 1412/1/129 4577/1/129
f 1412/1/129 21/1/129 2485/1/129
f 2482/1/129 4578/1/129 3295/1/129
f 20/1/129 2128/1/129 4578/1/129
f 2128/1/129 408/1/129 3294/1/129
f 1766/1/129 4579/1/129 1835/1/129
f 762/1/129 3295/1/129 4579/1/129
f 3295/1/129 1222/1/129 3293/1/129
f 3290/1668/301 4580/1669/301 3292/1671/301
f 434/2782/134 2154/2783/134 4580/1669/134
f 2154/2783/301 46/2779/301 2481/1656/301
f 1690/23/301 4581/23/301 3291/121/301
f 47/23/134 1438/2419/134 4581/23/134
f 1438/2419/301 434/2782/301 3290/1668/301
f 2406/23/301 4582/23/301 1836/23/301
f 686/23/301 3291/121/301 4582/23/301
f 3291/121/134 1221/1668/134 3289/121/134
f 3286/3104/2018 4583/1665/2018 3288/1667/2018
f 460/3105/2019 2180/56/2019 4583/1665/2019
f 2180/56/2020 72/2680/2020 1686/3106/2020
f 1689/3101/2021 4584/1662/2021 3287/1664/2021
f 73/2709/2022 1464/2530/2022 4584/1662/2022
f 1464/2530/2023 460/3105/2023 3286/3104/2023
f 2405/3107/926 4585/1659/926 1837/1661/926
f 685/1679/2024 3287/1664/2024 4585/1659/2024
f 3287/1664/2025 1220/1663/2025 3285/3108/2025
f 3282/1/136 4586/1/136 3284/1/136
f 407/1/136 1411/1/136 4586/1/136
f 1411/1/136 20/1/136 2482/1/136
f 2479/1/136 4587/1/136 3283/1/136
f 19/1/297 2127/1/297 4587/1/297
f 2127/1/136 407/1/136 3282/1/136
f 1763/1/136 4588/1/136 1838/1/136
f 759/1/136 3283/1/136 4588/1/136
f 3283/1/2026 1219/1/2026 3281/1/2026
f 4589/1658/137 3280/1657/137 1218/3109/137
f 1437/2778/137 4589/1658/137 3278/1653/137
f 46/2779/137 2481/1656/137 4589/1658/137
f 4590/1655/137 3279/1654/137 758/3110/137
f 2153/2776/137 4590/1655/137 2478/1638/137
f 433/2777/137 3278/1653/137 4590/1655/137
f 4591/1652/137 1839/1651/137 200/2995/137
f 3279/1654/137 4591/1652/137 1762/388/137
f 1218/3109/137 3277/1650/137 4591/1652/137
f 3274/3111/929 4592/1647/929 3276/1649/929
f 459/2582/2027 2179/34/2027 4592/1647/2027
f 2179/34/2028 71/33/2028 1683/3112/2028
f 1686/3106/932 4593/1644/932 3275/1646/932
f 72/2680/2029 1463/2583/2029 4593/1644/2029
f 1463/2583/2030 459/2582/2030 3274/3111/2030
f 2402/3113/935 4594/1641/935 1840/1643/935
f 682/1666/295 3275/1646/295 4594/1641/295
f 3275/1646/927 1217/1645/927 3273/3114/927
f 3270/1/938 4595/1/938 3272/1/938
f 406/1/2031 1410/1/2031 4595/1/2031
f 1410/1/2032 19/1/2032 2479/1/2032
f 2476/1/941 4596/1/941 3271/1/941
f 18/1/2033 2126/1/2033 4596/1/2033
f 2126/1/2034 406/1/2034 3270/1/2034
f 1760/1/2035 4597/1/2035 1841/1/2035
f 756/1/292 3271/1/292 4597/1/292
f 3271/1/2036 1216/1/2036 3269/1/2036
f 4598/1640/140 3268/1639/140 1215/3115/140
f 1436/2771/140 4598/1640/140 3266/1635/140
f 45/2772/140 2478/1638/140 4598/1640/140
f 4599/1637/140 3267/1636/140 755/3116/140
f 2152/2769/140 4599/1637/140 2475/1620/140
f 432/2770/140 3266/1635/140 4599/1637/140
f 4600/1634/140 1842/1633/140 197/2988/140
f 3267/1636/140 4600/1634/140 1759/394/140
f 1215/3115/140 3265/1632/140 4600/1634/140
f 3262/3117/290 4601/1629/290 3264/1631/290
f 458/3118/141 2178/3119/141 4601/1629/141
f 2178/3119/141 70/58/141 2474/1611/141
f 1683/3112/290 4602/1626/290 3263/1628/290
f 71/33/290 1462/3120/290 4602/1626/290
f 1462/3120/290 458/3118/290 3262/3117/290
f 2399/3121/141 4603/1623/141 1843/1625/141
f 679/1648/290 3263/1628/290 4603/1623/290
f 3263/1628/141 1214/1627/141 3261/3122/141
f 4604/1/2037 3260/1/2037 1213/1/2037
f 1409/1/289 4604/1/289 3258/1/289
f 18/1/2038 2476/1/2038 4604/1/2038
f 4605/1/287 3259/1/287 753/1/287
f 2125/1/288 4605/1/288 2473/1/288
f 405/1/946 3258/1/946 4605/1/946
f 4606/1/2039 1844/1/2039 195/1/2039
f 3259/1/2040 4606/1/2040 1757/1/2040
f 1213/1/1125 3257/1/1125 4606/1/1125
f 4607/1622/286 3256/1621/286 1212/3123/286
f 1435/2764/286 4607/1622/286 3254/1617/286
f 44/2765/143 2475/1620/143 4607/1622/143
f 4608/1619/143 3255/1618/143 752/3124/143
f 2151/2762/286 4608/1619/286 2472/1602/286
f 431/2763/286 3254/1617/286 4608/1619/286
f 4609/1616/286 1845/1615/286 194/2980/286
f 3255/1618/286 4609/1616/286 1756/400/286
f 1212/3123/286 3253/1614/286 4609/1616/286
f 4610/1613/2041 3252/1612/2041 1211/3125/2041
f 1461/59/285 4610/1613/285 3250/1608/285
f 70/58/2042 2474/1611/2042 4610/1613/2042
f 4611/1610/2043 3251/1609/2043 751/3126/2043
f 2177/2527/284 4611/1610/284 2471/1593/284
f 457/2526/955 3250/1608/955 4611/1610/955
f 4612/1607/2044 1846/1606/2044 193/2974/2044
f 3251/1609/283 4612/1607/283 1755/403/283
f 1211/3125/1122 3249/1605/1122 4612/1607/1122
f 4613/1/1121 3248/1/1121 1210/1/1121
f 1408/1/282 4613/1/282 3246/1/282
f 17/1/2045 2473/1/2045 4613/1/2045
f 4614/1/972 3247/1/972 750/1/972
f 2124/1/281 4614/1/281 2470/1/281
f 404/1/964 3246/1/964 4614/1/964
f 4615/1/2046 1847/1/2046 192/1/2046
f 3247/1/280 4615/1/280 1754/1/280
f 1210/1/2047 3245/1/2047 4615/1/2047
f 4616/1604/279 3244/1603/279 1209/3127/279
f 1434/2758/279 4616/1604/279 3242/1599/279
f 43/2665/146 2472/1602/146 4616/1604/146
f 4617/1601/279 3243/1600/279 749/3128/279
f 2150/2756/146 4617/1601/146 2469/1584/146
f 430/2757/146 3242/1599/146 4617/1601/146
f 4618/1598/279 1848/1597/279 191/2969/279
f 3243/1600/279 4618/1598/279 1753/406/279
f 1209/3127/146 3241/1596/146 4618/1598/146
f 4619/1595/2048 3240/1594/2048 1208/3129/2048
f 1460/2518/278 4619/1595/278 3238/1590/278
f 69/2652/2049 2471/1593/2049 4619/1595/2049
f 4620/1592/981 3239/1591/981 748/3130/981
f 2176/63/277 4620/1592/277 2468/1575/277
f 456/2516/973 3238/1590/973 4620/1592/973
f 4621/1589/2050 1849/1588/2050 190/2963/2050
f 3239/1591/276 4621/1589/276 1752/409/276
f 1208/3129/2051 3237/1587/2051 4621/1589/2051
f 4622/1/148 3236/1/148 1207/1/148
f 1407/1/148 4622/1/148 3234/1/148
f 16/1/148 2470/1/148 4622/1/148
f 4623/1/148 3235/1/148 747/1/148
f 2123/1/148 4623/1/148 2467/1/148
f 403/1/148 3234/1/148 4623/1/148
f 4624/1/148 1850/1/148 189/1/148
f 3235/1/148 4624/1/148 1751/1/148
f 1207/1/148 3233/1/148 4624/1/148
f 4625/1586/149 3232/1585/149 1206/3131/149
f 1433/2752/149 4625/1586/149 3230/1581/149
f 42/2664/149 2469/1584/149 4625/1586/149
f 4626/1583/149 3231/1582/149 668/3132/149
f 2149/2749/149 4626/1583/149 1672/3133/149
f 429/2750/275 3230/1581/275 4626/1583/275
f 4627/1580/275 1851/1579/275 188/2950/275
f 3231/1582/149 4627/1580/149 2388/3134/149
f 1206/3131/275 3229/1578/275 4627/1580/275
f 4628/1577/274 3228/1576/274 1205/3135/274
f 1459/2513/274 4628/1577/274 3226/1572/274
f 68/61/274 2468/1575/274 4628/1577/274
f 4629/1574/274 3227/1573/274 667/3137/274
f 2175/3139/274 4629/1574/274 1671/3138/274
f 455/3136/274 3226/1572/274 4629/1574/274
f 4630/1571/274 1852/1570/274 187/2945/274
f 3227/1573/150 4630/1571/150 2387/3140/150
f 1205/3135/150 3225/1569/150 4630/1571/150
f 4631/1/151 3224/1/151 1204/1/151
f 1406/1/151 4631/1/151 3222/1/151
f 15/1/151 2467/1/151 4631/1/151
f 4632/1/151 3223/1/151 744/1/151
f 2122/1/151 4632/1/151 2464/1/151
f 402/1/151 3222/1/151 4632/1/151
f 4633/1/151 1853/1/151 186/1/151
f 3223/1/151 4633/1/151 1748/1/151
f 1204/1/151 3221/1/151 4633/1/151
f 3218/3141/152 4634/1566/152 3220/1568/152
f 428/2742/152 2148/2744/152 4634/1566/152
f 2148/2744/152 40/2745/152 1669/3142/152
f 1672/3133/152 4635/1563/152 3219/1565/152
f 41/2743/152 1432/2741/152 4635/1563/152
f 1432/2741/152 428/2742/152 3218/3141/152
f 2388/3134/152 4636/1560/152 1854/1562/152
f 668/3132/152 3219/1565/152 4636/1560/152
f 3219/1565/152 1203/1564/152 3217/3143/152
f 3214/3144/153 4637/1557/153 3216/1559/153
f 454/2499/153 2174/69/153 4637/1557/153
f 2174/69/153 66/68/153 1668/3145/153
f 1671/3138/153 4638/1554/153 3215/1556/153
f 67/65/153 1458/2500/153 4638/1554/153
f 1458/2500/153 454/2499/153 3214/3144/153
f 2387/3140/153 4639/1551/153 1855/1553/153
f 667/3137/153 3215/1556/153 4639/1551/153
f 3215/1556/153 1202/1555/153 3213/3146/153
f 4640/1/154 3212/1/154 1201/1/154
f 1405/1/154 4640/1/154 3210/1/154
f 14/1/983 2464/1/983 4640/1/983
f 4641/1/983 3211/1/983 741/1/983
f 2121/1/983 4641/1/983 2461/1/983
f 401/1/273 3210/1/273 4641/1/273
f 4642/1/273 1856/1/273 183/1/273
f 3211/1/272 4642/1/272 1745/1/272
f 1201/1/983 3209/1/983 4642/1/983
f 3206/3147/155 4643/1548/155 3208/1550/155
f 427/2727/155 2147/2730/155 4643/1548/155
f 2147/2730/155 39/2724/155 1666/3148/155
f 1669/3142/155 4644/1545/155 3207/1547/155
f 40/2745/155 1431/2728/155 4644/1545/155
f 1431/2728/155 427/2727/155 3206/3147/155
f 2385/3149/155 4645/1542/155 1857/1544/155
f 665/1567/155 3207/1547/155 4645/1542/155
f 3207/1547/155 1200/1546/155 3205/3150/155
f 3202/3151/156 4646/1539/156 3204/1541/156
f 453/2630/156 2173/12/156 4646/1539/156
f 2173/12/156 65/11/156 1665/3152/156
f 1668/3145/156 4647/1536/156 3203/1538/156
f 66/68/156 1457/2631/156 4647/1536/156
f 1457/2631/156 453/2630/156 3202/3151/156
f 2384/3153/156 4648/1533/156 1858/1535/156
f 664/1558/156 3203/1538/156 4648/1533/156
f 3203/1538/271 1199/1537/271 3201/3154/271
f 4649/1/157 3200/1/157 1198/1/157
f 1404/1/157 4649/1/157 3198/1/157
f 13/1/157 2461/1/157 4649/1/157
f 4650/1/984 3199/1/984 738/24/984
f 2120/1/157 4650/1/157 2458/24/157
f 400/1/157 3198/1/157 4650/1/157
f 4651/1/157 1859/1/157 180/24/157
f 3199/1/157 4651/1/157 1742/24/157
f 1198/1/157 3197/1/157 4651/1/157
f 3194/3155/155 4652/1532/155 3196/1531/155
f 426/2723/155 2146/2725/155 4652/1532/155
f 38/2655/155 1663/1530/155 4652/1532/155
f 1666/3148/155 4653/1527/155 3195/1529/155
f 39/2724/155 1430/2722/155 4653/1527/155
f 1430/2722/155 426/2723/155 3194/3155/155
f 2382/3156/155 4654/1524/155 1860/1526/155
f 662/1549/155 3195/1529/155 4654/1524/155
f 3195/1529/155 1197/1528/155 3193/3157/155
f 4655/1523/158 3192/1522/158 1196/1519/158
f 2172/72/158 4655/1523/158 3190/3158/158
f 64/71/158 1662/1521/158 4655/1523/158
f 1665/3152/158 4656/1518/158 3191/1520/158
f 65/11/158 1456/2491/158 4656/1518/158
f 1456/2491/158 452/2490/158 3190/3158/158
f 2381/3159/158 4657/1515/158 1861/1517/158
f 661/1540/158 3191/1520/158 4657/1515/158
f 3191/1520/158 1196/1519/158 3189/3160/158
f 4658/24/159 3188/24/159 1195/24/159
f 1403/24/985 4658/24/985 3186/24/985
f 12/24/270 2458/24/270 4658/24/270
f 2455/24/159 4659/24/159 3187/24/159
f 11/24/159 2119/24/159 4659/24/159
f 2119/24/270 399/24/270 3186/24/270
f 1739/24/270 4660/24/270 1862/24/270
f 735/24/270 3187/24/270 4660/24/270
f 3187/24/270 1195/24/270 3185/24/270
f 4661/1514/155 3184/1513/155 1194/3161/155
f 2145/2719/155 4661/1514/155 3182/1509/155
f 37/2713/155 2454/1512/155 4661/1514/155
f 4662/1511/155 3183/1510/155 659/3162/155
f 1429/2717/155 4662/1511/155 1663/1530/155
f 425/2716/155 3182/1509/155 4662/1511/155
f 4663/1508/155 1863/1507/155 179/2930/155
f 3183/1510/155 4663/1508/155 2379/424/155
f 1194/3161/155 3181/1506/155 4663/1508/155
f 3178/24/160 4664/24/160 3180/24/160
f 398/24/160 1402/24/160 4664/24/160
f 1402/24/160 11/24/160 2455/24/160
f 2453/437/160 4665/1505/160 3179/1505/160
f 10/24/160 2118/1505/160 4665/1505/160
f 2118/1505/160 398/24/160 3178/24/160
f 1737/437/160 4666/1505/160 1864/1505/160
f 733/437/160 3179/1505/160 4666/1505/160
f 3179/1505/160 1193/24/160 3177/24/160
f 3174/3163/161 4667/1502/161 3176/1504/161
f 424/2711/161 1428/2714/161 4667/1502/161
f 1428/2714/161 37/2713/161 2454/1512/161
f 2452/3164/161 4668/1499/161 3175/1501/161
f 36/8/161 2144/2712/161 4668/1499/161
f 2144/2712/161 424/2711/161 3174/3163/161
f 1736/3165/161 4669/1496/161 1865/1498/161
f 732/1487/161 3175/1501/161 4669/1496/161
f 3175/1501/161 1192/1500/161 3173/3166/161
f 3170/2671/162 4670/1495/162 3172/437/162
f 397/2671/162 1401/1495/162 4670/1495/162
f 1401/1495/162 10/24/162 2453/437/162
f 1655/3167/162 4671/1492/162 3171/1494/162
f 9/2/162 2117/2672/162 4671/1492/162
f 2117/2672/162 397/2671/162 3170/2671/162
f 2371/3169/162 4672/1489/162 1866/1491/162
f 651/3168/162 3171/1494/162 4672/1489/162
f 3171/1494/162 1191/1493/162 3169/3170/162
f 3166/3171/163 4673/1486/163 3168/1488/163
f 423/2637/163 1427/9/163 4673/1486/163
f 1427/9/163 36/8/163 2452/3164/163
f 1654/3172/163 4674/1483/163 3167/1485/163
f 35/2650/987 2143/2638/987 4674/1483/987
f 2143/2638/987 423/2637/987 3166/3171/987
f 2370/3174/163 4675/1480/163 1867/1482/163
f 650/3173/163 3167/1485/163 4675/1480/163
f 3167/1485/163 1190/1484/163 3165/3175/163
f 4676/1479/164 3164/1478/164 1189/3176/164
f 2116/2642/164 4676/1479/164 3162/1474/164
f 8/2647/164 1652/1477/164 4676/1479/164
f 4677/1476/164 3163/1475/164 651/3168/164
f 1400/4/988 4677/1476/988 1655/3167/988
f 396/2640/988 3162/1474/988 4677/1476/988
f 4678/1473/988 1868/1472/988 173/2916/988
f 3163/1475/164 4678/1473/164 2371/3169/164
f 1189/3176/164 3161/1471/164 4678/1473/164
f 4679/1470/165 3160/1469/165 1188/3177/165
f 2142/5/165 4679/1470/165 3158/1465/165
f 34/3178/165 1651/1468/165 4679/1470/165
f 4680/1467/165 3159/1466/165 650/3173/165
f 1426/3179/165 4680/1467/165 1654/3172/165
f 422/6/165 3158/1465/165 4680/1467/165
f 4681/1464/165 1869/1463/165 172/2909/165
f 3159/1466/165 4681/1464/165 2370/3174/165
f 1188/3177/165 3157/1462/165 4681/1464/165
f 3154/3180/269 4682/1459/269 3156/1461/269
f 448/2464/269 1452/2748/269 4682/1459/269
f 1452/2748/269 61/80/269 2449/3181/269
f 2446/3182/166 4683/1456/166 3155/1458/166
f 60/83/166 2168/3183/166 4683/1456/166
f 2168/3183/269 448/2464/269 3154/3180/269
f 1730/3184/166 4684/1453/166 1870/1455/166
f 726/1433/166 3155/1458/166 4684/1453/166
f 3155/1458/269 1187/1457/269 3153/3185/269
f 4685/1452/167 3152/1451/167 1186/3186/167
f 2115/2708/167 4685/1452/167 3150/1447/167
f 7/2707/167 1649/1450/167 4685/1452/167
f 4686/1449/167 3151/1448/167 648/3187/167
f 1399/2706/167 4686/1449/167 1652/1477/167
f 395/2705/167 3150/1447/167 4686/1449/167
f 4687/1446/167 1871/1445/167 170/2900/167
f 3151/1448/167 4687/1446/167 2368/441/167
f 1186/3186/167 3149/1444/167 4687/1446/167
f 4688/1443/168 3148/1442/168 1185/3188/168
f 2141/3189/168 4688/1443/168 3146/1438/168
f 33/3191/168 1648/1441/168 4688/1443/168
f 4689/1440/168 3147/1439/168 647/3192/168
f 1425/3193/168 4689/1440/168 1651/1468/168
f 421/3190/268 3146/1438/268 4689/1440/268
f 4690/1437/168 1872/1436/168 169/2894/168
f 3147/1439/168 4690/1437/168 2367/444/168
f 1185/3188/168 3145/1435/168 4690/1437/168
f 3142/3194/169 4691/1432/169 3144/1434/169
f 447/2610/169 1451/2612/169 4691/1432/169
f 1451/2612/991 60/83/991 2446/3182/991
f 2441/3195/169 4692/1429/169 3143/1431/169
f 59/17/169 2167/19/169 4692/1429/169
f 2167/19/169 447/2610/169 3142/3194/169
f 1725/3196/169 4693/1426/169 1873/1428/169
f 721/1406/169 3143/1431/169 4693/1426/169
f 3143/1431/169 1184/1430/169 3141/3197/169
f 4694/1425/170 3140/1424/170 1183/3198/170
f 2114/2702/170 4694/1425/170 3138/1420/170
f 6/2701/170 1644/1423/170 4694/1425/170
f 4695/1422/170 3139/1421/170 645/3199/170
f 1398/2699/992 4695/1422/992 1649/1450/992
f 394/2698/170 3138/1420/170 4695/1422/170
f 4696/1419/170 1874/1418/170 167/2886/170
f 3139/1421/170 4696/1419/170 2365/450/170
f 1183/3198/170 3137/1417/170 4696/1419/170
f 4697/1416/267 3136/1415/267 1182/3200/267
f 2140/3201/267 4697/1416/267 3134/1411/267
f 32/3049/267 2443/1414/267 4697/1416/267
f 4698/1413/993 3135/1412/993 644/3203/993
f 1424/3204/171 4698/1413/171 1648/1441/171
f 420/3202/993 3134/1411/993 4698/1413/993
f 4699/1410/171 1875/1409/171 166/2880/171
f 3135/1412/171 4699/1410/171 2364/453/171
f 1182/3200/171 3133/1408/171 4699/1410/171
f 3130/3205/172 4700/1405/172 3132/1407/172
f 446/2455/172 1450/2755/172 4700/1405/172
f 1450/2755/996 59/17/996 2441/3195/996
f 1646/3051/996 4701/1402/996 3131/1404/996
f 58/86/996 2166/3206/996 4701/1402/996
f 2166/3206/172 446/2455/172 3130/3205/172
f 2362/3207/172 4702/1399/172 1876/1401/172
f 642/1793/996 3131/1404/996 4702/1399/996
f 3131/1404/996 1181/1403/996 3129/3208/996
f 4703/1398/173 3128/1397/173 1180/3209/173
f 2113/2695/173 4703/1398/173 3126/1393/173
f 5/2694/173 2439/1396/173 4703/1398/173
f 4704/1395/173 3127/1394/173 640/3210/173
f 1397/2692/173 4704/1395/173 1644/1423/173
f 393/2691/173 3126/1393/173 4704/1395/173
f 4705/1392/173 1877/1391/173 162/2871/173
f 3127/1394/173 4705/1392/173 2360/459/173
f 1180/3209/2052 3125/1390/2052 4705/1392/2052
f 4706/1389/174 3124/1388/174 1179/3211/174
f 1952/3212/174 4706/1389/174 3122/1384/174
f 240/3214/174 2745/1387/174 4706/1389/174
f 4707/1386/174 3123/1385/174 1026/740/174
f 2668/3216/174 4707/1386/174 2030/3215/174
f 948/3213/174 3122/1384/174 4707/1386/174
f 4708/1383/174 2744/1382/174 388/689/174
f 3123/1385/174 4708/1383/174 2746/3218/174
f 1179/3211/174 3121/1381/174 4708/1383/174
f 4709/1380/176 3120/1379/176 1178/3219/176
f 1926/3220/176 4709/1380/176 3118/1375/176
f 288/703/176 2747/1378/176 4709/1380/176
f 4710/1377/176 3119/1376/176 1028/731/176
f 2642/3223/176 4710/1377/176 2032/3222/176
f 922/3221/176 3118/1375/176 4710/1377/176
f 4711/1374/176 2718/1373/176 362/692/176
f 3119/1376/176 4711/1374/176 2748/3225/176
f 1178/3219/176 3117/1372/176 4711/1374/176
f 4712/1371/177 3116/1370/177 1177/3226/177
f 1900/3227/177 4712/1371/177 3114/1366/177
f 262/3229/177 2749/1369/177 4712/1371/177
f 4713/1368/177 3115/1367/177 1030/722/177
f 2616/3231/177 4713/1368/177 2034/3230/177
f 896/3228/177 3114/1366/177 4713/1368/177
f 4714/1365/177 2692/1364/177 336/695/177
f 3115/1367/177 4714/1365/177 2750/3233/177
f 1177/3226/177 3113/1363/177 4714/1365/177
f 4715/1362/178 3112/1361/178 1176/3234/178
f 1927/3235/178 4715/1362/178 3110/1357/178
f 289/3237/178 2751/1360/178 4715/1362/178
f 4716/1359/178 3111/1358/178 1027/3238/178
f 2643/3239/178 4716/1359/178 2747/1378/178
f 923/3236/178 3110/1357/178 4716/1359/178
f 4717/1356/178 2719/1355/178 363/3240/178
f 3111/1358/178 4717/1356/178 2031/477/178
f 1176/3234/178 3109/1354/178 4717/1356/178
f 3106/3241/179 4718/1351/179 3108/1353/179
f 897/3242/179 1901/3243/179 4718/1351/179
f 1901/3243/179 263/3261/179 2752/3244/179
f 2749/1369/179 4719/1348/179 3107/1350/179
f 262/3229/179 2617/3246/179 4719/1348/179
f 2617/3246/179 897/3242/179 3106/3241/179
f 2033/480/179 4720/1345/179 2693/1347/179
f 1029/3245/179 3107/1350/179 4720/1345/179
f 3107/1350/179 1175/1349/179 3105/3248/179
f 3102/3249/180 4721/1342/180 3104/1344/180
f 924/3250/180 1928/3251/180 4721/1342/180
f 1928/3251/180 290/3266/180 2753/3252/180
f 2751/1360/180 4722/1339/180 3103/1341/180
f 289/3237/180 2644/3254/180 4722/1339/180
f 2644/3254/180 924/3250/180 3102/3249/180
f 2035/483/180 4723/1336/180 2720/1338/180
f 1031/3253/180 3103/1341/180 4723/1336/180
f 3103/1341/180 1174/1340/180 3101/3256/180
f 4724/1335/181 3100/1334/181 1173/3257/181
f 1902/708/181 4724/1335/181 3098/1330/181
f 264/3259/181 2754/1333/181 4724/1335/181
f 4725/1332/181 3099/1331/181 1032/1352/181
f 2618/3260/181 4725/1332/181 2752/3244/181
f 898/3258/181 3098/1330/181 4725/1332/181
f 4726/1329/181 2694/1328/181 338/487/181
f 3099/1331/181 4726/1329/181 2036/3262/181
f 1173/3257/181 3097/1327/181 4726/1329/181
f 3094/3263/182 4727/1324/182 3096/1326/182
f 925/700/182 1929/3264/182 4727/1324/182
f 1929/3264/182 291/3280/182 2755/3265/182
f 2753/3252/182 4728/1321/182 3095/1323/182
f 290/3266/182 2645/3267/182 4728/1321/182
f 2645/3267/182 925/700/182 3094/3263/182
f 2037/3268/182 4729/1318/182 2721/1320/182
f 1033/1343/182 3095/1323/182 4729/1318/182
f 3095/1323/182 1172/1322/182 3093/3269/182
f 4730/1317/183 3092/1316/183 1171/3270/183
f 1903/3271/183 4730/1317/183 3090/1312/183
f 265/3272/183 2756/1315/183 4730/1317/183
f 4731/1314/183 3091/1313/183 1034/3273/183
f 2619/3274/183 4731/1314/183 2754/1333/183
f 899/707/183 3090/1312/183 4731/1314/183
f 4732/1311/183 2695/1310/183 339/3275/183
f 3091/1313/183 4732/1311/183 2038/492/183
f 1171/3270/183 3089/1309/183 4732/1311/183
f 3086/3276/182 4733/1306/182 3088/1308/182
f 1930/3277/182 4733/1306/182 3086/3276/182
f 292/3279/182 2757/3303/182 4733/1306/182
f 2755/3265/182 4734/1303/182 3087/1305/182
f 291/3280/182 2646/3281/182 4734/1303/182
f 2646/3281/182 926/3278/182 3086/3276/182
f 2039/3282/182 4735/1300/182 2722/1302/182
f 1035/1325/182 3087/1305/182 4735/1300/182
f 3087/1305/182 1170/1304/182 3085/3283/182
f 4736/1299/183 3084/1298/183 1169/3284/183
f 1904/712/183 4736/1299/183 3082/1294/183
f 266/3286/183 2758/1297/183 4736/1299/183
f 4737/1296/183 3083/1295/183 1036/3287/183
f 2620/3288/183 4737/1296/183 2756/1315/183
f 900/3285/183 3082/1294/183 4737/1296/183
f 4738/1293/183 2696/1292/183 340/3289/183
f 3083/1295/183 4738/1293/183 2040/498/183
f 1169/3284/183 3081/1291/183 4738/1293/183
f 3078/3290/184 4739/1288/184 3080/1290/184
f 874/3291/184 1878/3292/184 4739/1288/184
f 1878/3292/184 241/3339/184 2759/3293/184
f 2044/3294/184 4740/1285/184 3079/1287/184
f 239/3295/184 2594/3296/184 4740/1285/184
f 2594/3296/184 874/3291/184 3078/3290/184
f 2760/3297/184 4741/1282/184 2670/1284/184
f 1040/1262/184 3079/1287/184 4741/1282/184
f 3079/1287/184 1168/1286/184 3077/3298/184
f 4742/1281/185 3076/1280/185 1167/3299/185
f 1931/3300/185 4742/1281/185 3074/1276/185
f 293/3302/185 2761/1279/185 4742/1281/185
f 4743/1278/185 3075/1277/185 1037/1307/185
f 2647/3304/185 4743/1278/185 2757/3303/185
f 927/3301/185 3074/1276/185 4743/1278/185
f 4744/1275/185 2723/1274/185 367/502/185
f 3075/1277/185 4744/1275/185 2041/3305/185
f 1167/3299/185 3073/1273/185 4744/1275/185
f 4745/1272/183 3072/1271/183 1166/3306/183
f 1905/3307/183 4745/1272/183 3070/1267/183
f 267/3309/183 2762/1270/183 4745/1272/183
f 4746/1269/183 3071/1268/183 1038/3310/183
f 2621/713/183 4746/1269/183 2758/1297/183
f 901/3308/183 3070/1267/183 4746/1269/183
f 4747/1266/183 2697/1265/183 341/3311/183
f 3071/1268/183 4747/1266/183 2042/504/183
f 1166/3306/183 3069/1264/183 4747/1266/183
f 3066/3312/186 4748/1261/186 3068/1263/186
f 875/3313/186 1879/3314/186 4748/1261/186
f 1879/3314/186 239/3295/186 2044/3294/186
f 2745/1387/186 4749/1258/186 3067/1260/186
f 240/3214/186 2595/3316/186 4749/1258/186
f 2595/3316/186 875/3313/186 3066/3312/186
f 2029/471/186 4750/1255/186 2671/1257/186
f 1025/3315/186 3067/1260/186 4750/1255/186
f 3067/1260/186 1165/1259/186 3065/3318/186
f 3062/3319/187 4751/1252/187 3064/1254/187
f 928/3320/187 1932/3321/187 4751/1252/187
f 1932/3321/187 294/3345/187 2763/3322/187
f 2761/1279/187 4752/1249/187 3063/1251/187
f 293/3302/187 2648/3324/187 4752/1249/187
f 2648/3324/187 928/3320/187 3062/3319/187
f 2045/510/187 4753/1246/187 2724/1248/187
f 1041/3323/187 3063/1251/187 4753/1246/187
f 3063/1251/187 1164/1250/187 3061/3326/187
f 4754/1245/183 3060/1244/183 1163/3327/183
f 1906/3328/183 4754/1245/183 3058/1240/183
f 268/3330/183 2764/1243/183 4754/1245/183
f 4755/1242/183 3059/1241/183 1042/3331/183
f 2622/3332/183 4755/1242/183 2762/1270/183
f 902/3329/183 3058/1240/183 4755/1242/183
f 4756/1239/183 2698/1238/183 342/3333/183
f 3059/1241/183 4756/1239/183 2046/513/183
f 1163/3327/183 3057/1237/183 4756/1239/183
f 4757/1236/188 3056/1235/188 1162/3334/188
f 1880/3335/196 4757/1236/196 3054/1231/196
f 242/3337/188 2765/1234/188 4757/1236/188
f 4758/1233/196 3055/1232/196 1039/1289/196
f 2596/3338/188 4758/1233/188 2759/3293/188
f 876/3336/196 3054/1231/196 4758/1233/196
f 4759/1230/196 2672/1229/196 315/508/196
f 3055/1232/188 4759/1230/188 2043/3340/188
f 1162/3334/188 3053/1228/188 4759/1230/188
f 3050/3341/187 4760/1225/187 3052/1227/187
f 929/3342/187 1933/3343/187 4760/1225/187
f 1933/3343/187 295/3367/187 2766/3344/187
f 2763/3322/187 4761/1222/187 3051/1224/187
f 294/3345/187 2649/3346/187 4761/1222/187
f 2649/3346/187 929/3342/187 3050/3341/187
f 2047/3347/187 4762/1219/187 2725/1221/187
f 1043/1253/187 3051/1224/187 4762/1219/187
f 3051/1224/187 1161/1223/187 3049/3348/187
f 4763/1218/183 3048/1217/183 1160/3349/183
f 1907/3350/183 4763/1218/183 3046/1213/183
f 269/3352/183 2767/1216/183 4763/1218/183
f 4764/1215/183 3047/1214/183 1044/3353/183
f 2623/3354/183 4764/1215/183 2764/1243/183
f 903/3351/183 3046/1213/183 4764/1215/183
f 4765/1212/183 2699/1211/183 343/3355/183
f 3047/1214/183 4765/1212/183 2048/522/183
f 1160/3349/183 3045/1210/183 4765/1212/183
f 4766/1209/189 3044/1208/189 1159/3356/189
f 1881/3357/189 4766/1209/189 3042/1204/189
f 243/3359/189 2768/1207/189 4766/1209/189
f 4767/1206/189 3043/1205/189 1045/3360/189
f 2597/3361/189 4767/1206/189 2765/1234/189
f 877/3358/189 3042/1204/189 4767/1206/189
f 4768/1203/189 2673/1202/189 317/3362/189
f 3043/1205/189 4768/1203/189 2049/525/189
f 1159/3356/189 3041/1201/189 4768/1203/189
f 3038/3363/187 4769/1198/187 3040/1200/187
f 930/3364/187 1934/3365/187 4769/1198/187
f 1934/3365/187 296/698/187 2769/3366/187
f 2766/3344/187 4770/1195/187 3039/1197/187
f 295/3367/187 2650/3368/187 4770/1195/187
f 2650/3368/187 930/3364/187 3038/3363/187
f 2050/3369/187 4771/1192/187 2726/1194/187
f 1046/1226/187 3039/1197/187 4771/1192/187
f 3039/1197/187 1158/1196/187 3037/3370/187
f 3034/3371/190 4772/1189/190 3036/1191/190
f 904/3372/190 1908/3373/190 4772/1189/190
f 1908/3373/190 270/3396/190 2770/3374/190
f 2767/1216/190 4773/1186/190 3035/1188/190
f 269/3352/190 2624/3376/190 4773/1186/190
f 2624/3376/190 904/3372/190 3034/3371/190
f 2051/531/190 4774/1183/190 2700/1185/190
f 1047/3375/190 3035/1188/190 4774/1183/190
f 3035/1188/190 1157/1187/190 3033/3378/190
f 4775/1182/188 3032/1181/188 1156/3379/188
f 1882/3380/188 4775/1182/188 3030/1177/188
f 244/3382/188 2771/1180/188 4775/1182/188
f 4776/1179/188 3031/1178/188 1048/3383/188
f 2598/3384/188 4776/1179/188 2768/1207/188
f 878/3381/188 3030/1177/188 4776/1179/188
f 4777/1176/188 2674/1175/188 318/3385/188
f 3031/1178/188 4777/1176/188 2052/534/188
f 1156/3379/188 3029/1174/188 4777/1176/188
f 3026/3386/2053 4778/1171/2053 3028/1173/2053
f 1935/697/2053 4778/1171/2053 3026/3386/2053
f 297/3388/1691 2772/3411/1691 4778/1171/1691
f 4779/1168/265 3027/1170/265 1049/1199/265
f 2651/3389/2054 4779/1168/2054 2769/3366/2054
f 931/3387/1690 3026/3386/1690 4779/1168/1690
f 2053/3390/1006 4780/1165/1006 2727/1167/1006
f 1049/1199/265 3027/1170/265 4780/1165/265
f 3027/1170/998 1155/1169/998 3025/3391/998
f 3022/3392/192 4781/1162/192 3024/1164/192
f 905/3393/192 1909/3394/192 4781/1162/192
f 1909/3394/192 271/3419/192 2773/3395/192
f 2770/3374/192 4782/1159/192 3023/1161/192
f 270/3396/192 2625/3397/192 4782/1159/192
f 2625/3397/192 905/3393/192 3022/3392/192
f 2054/3398/192 4783/1156/192 2701/1158/192
f 1050/1190/192 3023/1161/192 4783/1156/192
f 3023/1161/192 1154/1160/192 3021/3399/192
f 4784/1155/193 3020/1154/193 1153/3400/193
f 1883/3401/193 4784/1155/193 3018/1150/193
f 245/3403/193 2774/1153/193 4784/1155/193
f 4785/1152/193 3019/1151/193 1051/3404/193
f 2599/3405/193 4785/1152/193 2771/1180/193
f 879/3402/193 3018/1150/193 4785/1152/193
f 4786/1149/193 2675/1148/193 319/3406/193
f 3019/1151/193 4786/1149/193 2055/543/193
f 1153/3400/193 3017/1147/193 4786/1149/193
f 3014/3407/2055 4787/1144/2055 3016/1146/2055
f 932/3408/1009 1936/3410/1009 4787/1144/1009
f 298/3409/1689 2775/3434/1689 4787/1144/1689
f 2772/3411/1012 4788/1141/1012 3015/1143/1012
f 297/3388/2056 2652/3412/2056 4788/1141/2056
f 2652/3412/2057 932/3408/2057 3014/3407/2057
f 2056/3413/1015 4789/1138/1015 2728/1140/1015
f 1052/1172/262 3015/1143/262 4789/1138/262
f 3015/1143/1007 1152/1142/1007 3013/3414/1007
f 3010/3415/195 4790/1135/195 3012/1137/195
f 906/3416/195 1910/3417/195 4790/1135/195
f 1910/3417/195 272/3441/195 2776/3418/195
f 2773/3395/195 4791/1132/195 3011/1134/195
f 271/3419/195 2626/3420/195 4791/1132/195
f 2626/3420/195 906/3416/195 3010/3415/195
f 2057/3421/195 4792/1129/195 2702/1131/195
f 1053/1163/195 3011/1134/195 4792/1129/195
f 3011/1134/195 1151/1133/195 3009/3422/195
f 4793/1128/188 3008/1127/188 1150/3423/188
f 1884/3424/188 4793/1128/188 3006/1123/188
f 246/3426/188 2777/1126/188 4793/1128/188
f 4794/1125/188 3007/1124/188 1054/3427/188
f 2600/3428/188 4794/1125/188 2774/1153/188
f 880/3425/188 3006/1123/188 4794/1125/188
f 4795/1122/188 2676/1121/188 320/3429/188
f 3007/1124/188 4795/1122/188 2058/552/188
f 1150/3423/188 3005/1120/188 4795/1122/188
f 4796/1119/2058 3004/1118/2058 1149/3430/2058
f 1937/3431/260 4796/1119/260 3002/1114/260
f 299/3433/2059 2778/1117/2059 4796/1119/2059
f 4797/1116/2060 3003/1115/2060 1055/1145/2060
f 2653/3435/2061 4797/1116/2061 2775/3434/2061
f 933/3432/2062 3002/1114/2062 4797/1116/2062
f 4798/1113/2063 2729/1112/2063 373/556/2063
f 3003/1115/2064 4798/1113/2064 2059/3436/2064
f 1149/3430/1105 3001/1111/1105 4798/1113/1105
f 2998/3437/198 4799/1108/198 3000/1110/198
f 907/3438/198 1911/3439/198 4799/1108/198
f 1911/3439/198 273/3464/198 2779/3440/198
f 2776/3418/198 4800/1105/198 2999/1107/198
f 272/3441/198 2627/3442/198 4800/1105/198
f 2627/3442/198 907/3438/198 2998/3437/198
f 2060/3443/198 4801/1102/198 2703/1104/198
f 1056/1136/198 2999/1107/198 4801/1102/198
f 2999/1107/198 1148/1106/198 2997/3444/198
f 2994/3445/199 4802/1099/199 2996/1101/199
f 881/3446/199 1885/3447/199 4802/1099/199
f 1885/3447/199 247/3473/199 2780/3448/199
f 2777/1126/199 4803/1096/199 2995/1098/199
f 246/3426/199 2601/3450/199 4803/1096/199
f 2601/3450/199 881/3446/199 2994/3445/199
f 2061/561/199 4804/1093/199 2677/1095/199
f 1057/3449/199 2995/1098/199 4804/1093/199
f 2995/1098/199 1147/1097/199 2993/3452/199
f 2990/3453/1028 4805/1090/1028 2992/1092/1028
f 934/3454/2065 1938/3455/2065 4805/1090/2065
f 1938/3455/2066 300/3480/2066 2781/3456/2066
f 2778/1117/1031 4806/1087/1031 2991/1089/1031
f 299/3433/2067 2654/3458/2067 4806/1087/2067
f 2654/3458/2068 934/3454/2068 2990/3453/2068
f 4807/1086/2069 2730/1085/2069 374/3459/2069
f 2991/1089/255 4807/1086/255 2062/564/255
f 1146/1088/1104 2989/1084/1104 4807/1086/1104
f 2986/3460/1033 4808/1081/1033 2988/1083/1033
f 908/3461/201 1912/3462/201 4808/1081/201
f 1912/3462/201 274/3486/201 2782/3463/201
f 2779/3440/201 4809/1078/201 2987/1080/201
f 273/3464/201 2628/3465/201 4809/1078/201
f 2628/3465/201 908/3461/201 2986/3460/201
f 2063/3466/201 4810/1075/201 2704/1077/201
f 1059/1109/201 2987/1080/201 4810/1075/201
f 2987/1080/201 1145/1079/201 2985/3467/201
f 4811/1074/1103 2984/1073/1103 1144/3468/1103
f 1886/3469/254 4811/1074/254 2982/1069/254
f 248/3471/2070 2783/1072/2070 4811/1074/2070
f 4812/1071/1042 2983/1070/1042 1060/1100/1042
f 2602/3472/253 4812/1071/253 2780/3448/253
f 882/3470/1034 2982/1069/1034 4812/1071/1034
f 4813/1068/2071 2678/1067/2071 322/571/2071
f 2983/1070/252 4813/1068/252 2064/3474/252
f 1144/3468/1101 2981/1066/1101 4813/1068/1101
f 4814/1065/1100 2980/1064/1100 1143/3475/1100
f 1939/3476/251 4814/1065/251 2978/1060/251
f 301/3478/2072 2784/1063/2072 4814/1065/2072
f 4815/1062/1051 2979/1061/1051 1061/1091/1051
f 2655/3479/250 4815/1062/250 2781/3456/250
f 935/3477/1043 2978/1060/1043 4815/1062/1043
f 4816/1059/2073 2731/1058/2073 375/3481/2073
f 2979/1061/249 4816/1059/249 2065/573/249
f 1143/3475/1098 2977/1057/1098 4816/1059/1098
f 2974/3482/204 4817/1054/204 2976/1056/204
f 909/3483/204 1913/3484/204 4817/1054/204
f 1913/3484/204 275/3508/204 2785/3485/204
f 2782/3463/204 4818/1051/204 2975/1053/204
f 274/3486/204 2629/3487/204 4818/1051/204
f 2629/3487/204 909/3483/204 2974/3482/204
f 2066/3488/204 4819/1048/204 2705/1050/204
f 1062/1082/204 2975/1053/204 4819/1048/204
f 2975/1053/204 1142/1052/204 2973/3489/204
f 2970/3490/205 4820/1045/205 2972/1047/205
f 883/3491/205 1887/3492/205 4820/1045/205
f 1887/3492/205 249/3516/205 2786/3493/205
f 2783/1072/205 4821/1042/205 2971/1044/205
f 248/3471/205 2603/3495/205 4821/1042/205
f 2603/3495/205 883/3491/205 2970/3490/205
f 2067/579/205 4822/1039/205 2679/1041/205
f 1063/3494/205 2971/1044/205 4822/1039/205
f 2971/1044/205 1141/1043/205 2969/3497/205
f 4823/1038/206 2968/1037/206 1140/3498/206
f 1940/3499/206 4823/1038/206 2966/1033/206
f 302/3501/206 2787/1036/206 4823/1038/206
f 4824/1035/206 2967/1034/206 1064/3502/206
f 2656/3503/206 4824/1035/206 2784/1063/206
f 936/3500/206 2966/1033/206 4824/1035/206
f 4825/1032/206 2732/1031/206 376/3504/206
f 2967/1034/206 4825/1032/206 2068/582/206
f 1140/3498/206 2965/1030/206 4825/1032/206
f 2962/3505/207 4826/1027/207 2964/1029/207
f 910/3506/248 1914/711/248 4826/1027/248
f 1914/711/207 276/3530/207 2788/3507/207
f 2785/3485/207 4827/1024/207 2963/1026/207
f 275/3508/207 2630/3509/207 4827/1024/207
f 2630/3509/207 910/3506/207 2962/3505/207
f 2069/3510/248 4828/1021/248 2706/1023/248
f 1065/1055/248 2963/1026/248 4828/1021/248
f 2963/1026/207 1139/1025/207 2961/3511/207
f 2958/3512/1054 4829/1018/1054 2960/1020/1054
f 884/3513/2074 1888/3514/2074 4829/1018/2074
f 1888/3514/2075 250/3539/2075 2789/3515/2075
f 2786/3493/1057 4830/1015/1057 2959/1017/1057
f 249/3516/2076 2604/3517/2076 4830/1015/2076
f 2604/3517/2077 884/3513/2077 2958/3512/2077
f 2070/3518/245 4831/1014/245 2680/1013/245
f 1066/1046/246 2959/1017/246 4831/1014/246
f 2959/1017/1052 1138/1016/1052 2957/1012/1052
f 2954/3519/187 4832/1009/187 2956/1011/187
f 937/3520/187 1941/3521/187 4832/1009/187
f 1941/3521/187 303/3546/187 2790/3522/187
f 2787/1036/187 4833/1006/187 2955/1008/187
f 302/3501/187 2657/3524/187 4833/1006/187
f 2657/3524/187 937/3520/187 2954/3519/187
f 2071/591/187 4834/1003/187 2733/1005/187
f 1067/3523/187 2955/1008/187 4834/1003/187
f 2955/1008/187 1137/1007/187 2953/3526/187
f 2950/3527/209 4835/1000/209 2952/1002/209
f 911/3528/209 1915/710/209 4835/1000/209
f 1915/710/209 277/3554/209 2791/3529/209
f 2788/3507/209 4836/997/209 2951/999/209
f 276/3530/209 2631/3531/209 4836/997/209
f 2631/3531/209 911/3528/209 2950/3527/209
f 2072/3532/209 4837/994/209 2707/996/209
f 1068/1028/209 2951/999/209 4837/994/209
f 2951/999/209 1136/998/209 2949/3533/209
f 4838/993/210 2948/992/210 1135/3534/210
f 1889/3535/210 4838/993/210 2946/988/210
f 251/3537/210 2792/991/210 4838/993/210
f 4839/990/210 2947/989/210 1069/1019/210
f 2605/3538/210 4839/990/210 2789/3515/210
f 885/3536/210 2946/988/210 4839/990/210
f 2073/597/210 4840/985/210 2681/987/210
f 1069/1019/210 2947/989/210 4840/985/210
f 2947/989/210 1135/3534/210 2945/3541/210
f 2942/3542/187 4841/982/187 2944/984/187
f 938/3543/187 1942/3544/187 4841/982/187
f 1942/3544/187 304/3570/187 2793/3545/187
f 2790/3522/187 4842/979/187 2943/981/187
f 303/3546/187 2658/3547/187 4842/979/187
f 2658/3547/187 938/3543/187 2942/3542/187
f 2074/3548/187 4843/976/187 2734/978/187
f 1070/1010/187 2943/981/187 4843/976/187
f 2943/981/187 1134/980/187 2941/3549/187
f 2938/3550/211 4844/973/211 2940/975/211
f 912/3551/211 1916/3552/211 4844/973/211
f 1916/3552/211 278/3578/211 2794/3553/211
f 2791/3529/211 4845/970/211 2939/972/211
f 277/3554/211 2632/3555/211 4845/970/211
f 2632/3555/211 912/3551/211 2938/3550/211
f 2075/3556/211 4846/967/211 2708/969/211
f 1071/1001/211 2939/972/211 4846/967/211
f 2939/972/211 1133/971/211 2937/3557/211
f 2934/3558/1062 4847/964/1062 2936/966/1062
f 886/3559/2078 1890/3560/2078 4847/964/2078
f 1890/3560/2079 252/3587/2079 2795/3561/2079
f 2792/991/1065 4848/961/1065 2935/963/1065
f 251/3537/2080 2606/3563/2080 4848/961/2080
f 2606/3563/2081 886/3559/2081 2934/3558/2081
f 2076/3564/2082 4849/958/2082 2682/960/2082
f 1072/3562/243 2935/963/243 4849/958/243
f 2935/963/1060 1132/962/1060 2933/3565/1060
f 2930/3566/187 4850/955/187 2932/957/187
f 939/3567/187 1943/3568/187 4850/955/187
f 1943/3568/187 305/3594/187 2796/3569/187
f 2793/3545/187 4851/952/187 2931/954/187
f 304/3570/187 2659/3571/187 4851/952/187
f 2659/3571/187 939/3567/187 2930/3566/187
f 2077/3572/187 4852/949/187 2735/951/187
f 1073/983/187 2931/954/187 4852/949/187
f 2931/954/187 1131/953/187 2929/3573/187
f 2926/3574/213 4853/946/213 2928/948/213
f 913/3575/213 1917/3576/213 4853/946/213
f 1917/3576/213 279/3600/213 2797/3577/213
f 2794/3553/213 4854/943/213 2927/945/213
f 278/3578/213 2633/3579/213 4854/943/213
f 2633/3579/213 913/3575/213 2926/3574/213
f 2078/3580/213 4855/940/213 2709/942/213
f 1074/974/213 2927/945/213 4855/940/213
f 2927/945/213 1130/944/213 2925/3581/213
f 4856/939/183 2924/938/183 1129/3582/183
f 1891/3583/183 4856/939/183 2922/934/183
f 253/3585/183 2798/937/183 4856/939/183
f 4857/936/183 2923/935/183 1075/965/183
f 2607/3586/183 4857/936/183 2795/3561/183
f 887/3584/183 2922/934/183 4857/936/183
f 4858/933/183 2683/932/183 327/616/183
f 2923/935/183 4858/933/183 2079/3588/183
f 1129/3582/183 2921/931/183 4858/933/183
f 4859/930/214 2920/929/214 1128/3589/214
f 1944/3590/214 4859/930/214 2918/925/214
f 306/3592/214 2799/928/214 4859/930/214
f 4860/927/214 2919/926/214 1076/956/214
f 2660/3593/214 4860/927/214 2796/3569/214
f 940/3591/214 2918/925/214 4860/927/214
f 4861/924/214 2736/923/214 380/619/214
f 2919/926/214 4861/924/214 2080/3595/214
f 1128/3589/214 2917/922/214 4861/924/214
f 2914/3596/187 4862/919/187 2916/921/187
f 914/3597/187 1918/3598/187 4862/919/187
f 1918/3598/187 280/709/187 2800/3599/187
f 2797/3577/187 4863/916/187 2915/918/187
f 279/3600/187 2634/3601/187 4863/916/187
f 2634/3601/187 914/3597/187 2914/3596/187
f 2081/3602/187 4864/913/187 2710/915/187
f 1077/947/187 2915/918/187 4864/913/187
f 2915/918/187 1127/917/187 2913/3603/187
f 4865/912/215 2912/911/215 1126/3604/215
f 1892/3605/215 4865/912/215 2910/907/215
f 254/3607/215 2801/910/215 4865/912/215
f 4866/909/215 2911/908/215 1078/3608/215
f 2608/3609/215 4866/909/215 2798/937/215
f 888/3606/215 2910/907/215 4866/909/215
f 4867/906/215 2684/905/215 328/3610/215
f 2911/908/215 4867/906/215 2082/624/215
f 1126/3604/215 2909/904/215 4867/906/215
f 4868/903/216 2908/902/216 1125/899/216
f 1945/3612/216 4868/903/216 2906/3611/216
f 1945/3612/216 307/3636/216 2802/901/216
f 4869/898/216 2907/900/216 1079/3614/216
f 306/3592/216 2661/3615/216 4869/898/216
f 941/3613/216 2906/3611/216 4869/898/216
f 2083/627/216 4870/897/216 2737/896/216
f 2907/900/216 4870/897/216 2083/627/216
f 1125/899/216 2905/895/216 4870/897/216
f 2902/3617/217 4871/892/217 2904/894/217
f 915/3618/217 1919/3619/217 4871/892/217
f 1919/3619/217 281/3645/217 2803/3620/217
f 2800/3599/217 4872/889/217 2903/891/217
f 280/709/217 2635/3621/217 4872/889/217
f 2635/3621/217 915/3618/217 2902/3617/217
f 2084/3622/217 4873/886/217 2711/888/217
f 1080/920/217 2903/891/217 4873/886/217
f 2903/891/217 1124/890/217 2901/3623/217
f 4874/885/218 2900/884/218 1123/3624/218
f 1893/3625/218 4874/885/218 2898/880/218
f 255/3627/218 2804/883/218 4874/885/218
f 4875/882/218 2899/881/218 1081/3628/218
f 2609/3629/218 4875/882/218 2801/910/218
f 889/3626/218 2898/880/218 4875/882/218
f 4876/879/218 2685/878/218 329/3630/218
f 2899/881/218 4876/879/218 2085/633/218
f 1123/3624/218 2897/877/218 4876/879/218
f 2894/3631/187 4877/874/187 2896/876/187
f 942/3632/187 1946/3633/187 4877/874/187
f 1946/3633/187 308/3659/187 2805/3634/187
f 2802/901/187 4878/871/187 2895/873/187
f 307/3636/187 2662/3637/187 4878/871/187
f 2662/3637/187 942/3632/187 2894/3631/187
f 2086/3638/187 4879/868/187 2738/870/187
f 1082/3635/187 2895/873/187 4879/868/187
f 2895/873/187 1122/872/187 2893/3639/187
f 4880/867/219 2892/866/219 1121/3640/219
f 1920/3641/219 4880/867/219 2890/862/219
f 282/3643/219 2806/865/219 4880/867/219
f 4881/864/219 2891/863/219 1083/893/219
f 2636/3644/219 4881/864/219 2803/3620/219
f 2636/3644/219 916/3642/219 2890/862/219
f 4882/861/219 2712/860/219 356/640/219
f 2891/863/219 4882/861/219 2087/3646/219
f 1121/3640/219 2889/859/219 4882/861/219
f 4883/858/220 2888/857/220 1120/3647/220
f 1894/3648/220 4883/858/220 2886/853/220
f 256/3650/220 2807/856/220 4883/858/220
f 4884/855/220 2887/854/220 1084/3651/220
f 2610/3652/220 4884/855/220 2804/883/220
f 890/3649/220 2886/853/220 4884/855/220
f 4885/852/220 2686/851/220 330/3653/220
f 2887/854/220 4885/852/220 2088/642/220
f 1120/3647/220 2885/850/220 4885/852/220
f 4886/849/1093 2884/848/1093 1119/3654/1093
f 1947/3655/241 4886/849/241 2882/844/241
f 309/3657/2083 2808/847/2083 4886/849/2083
f 4887/846/1077 2883/845/1077 1085/875/1077
f 2663/3658/240 4887/846/240 2805/3634/240
f 943/3656/1069 2882/844/1069 4887/846/1069
f 4888/843/2084 2739/842/2084 383/646/2084
f 2883/845/239 4888/843/239 2089/3660/239
f 1119/3654/1091 2881/841/1091 4888/843/1091
f 4889/838/222 2880/840/222 1118/836/222
f 1921/3662/222 4889/838/222 2878/3661/222
f 283/3664/222 2809/3687/222 4889/838/222
f 2806/865/222 4890/835/222 2879/837/222
f 282/3643/222 2637/3666/222 4890/835/222
f 2637/3666/222 917/3663/222 2878/3661/222
f 4891/834/222 2713/833/222 357/3667/222
f 1086/3665/222 2879/837/222 4891/834/222
f 2879/837/222 1118/836/222 2877/832/222
f 4892/831/183 2876/830/183 1117/3668/183
f 1895/3669/183 4892/831/183 2874/826/183
f 257/3671/183 2810/829/183 4892/831/183
f 4893/828/183 2875/827/183 1087/3672/183
f 2611/3673/183 4893/828/183 2807/856/183
f 891/3670/183 2874/826/183 4893/828/183
f 4894/825/183 2687/824/183 331/3674/183
f 2875/827/183 4894/825/183 2091/651/183
f 1117/3668/183 2873/823/183 4894/825/183
f 2870/3675/223 4895/820/223 2872/822/223
f 944/3676/223 1948/3677/223 4895/820/223
f 1948/3677/223 310/3703/223 2811/3678/223
f 2808/847/223 4896/817/223 2871/819/223
f 309/3657/223 2664/3680/223 4896/817/223
f 2664/3680/223 944/3676/223 2870/3675/223
f 2092/654/223 4897/814/223 2740/816/223
f 1088/3679/223 2871/819/223 4897/814/223
f 2871/819/223 1116/818/223 2869/3682/223
f 2866/3683/187 4898/811/187 2868/813/187
f 918/3684/187 1922/3685/187 4898/811/187
f 1922/3685/187 284/3710/187 2812/3686/187
f 2809/3687/187 4899/808/187 2867/810/187
f 283/3664/187 2638/3688/187 4899/808/187
f 2638/3688/187 918/3684/187 2866/3683/187
f 2093/3689/187 4900/805/187 2714/807/187
f 1089/839/187 2867/810/187 4900/805/187
f 2867/810/187 1115/809/187 2865/3690/187
f 4901/804/183 2864/803/183 1114/3691/183
f 1896/3692/183 4901/804/183 2862/799/183
f 258/3694/183 2813/802/183 4901/804/183
f 4902/801/183 2863/800/183 1090/3695/183
f 2612/3696/183 4902/801/183 2810/829/183
f 892/3693/183 2862/799/183 4902/801/183
f 4903/798/183 2688/797/183 332/3697/183
f 2863/800/183 4903/798/183 2094/660/183
f 1114/3691/183 2861/796/183 4903/798/183
f 4904/795/1090 2860/794/1090 1113/3698/1090
f 1949/3699/238 4904/795/238 2858/790/238
f 311/3701/2085 2814/793/2085 4904/795/2085
f 4905/792/1086 2859/791/1086 1091/821/1086
f 2665/3702/237 4905/792/237 2811/3678/237
f 945/3700/1078 2858/790/1078 4905/792/1078
f 4906/789/2086 2741/788/2086 385/664/2086
f 2859/791/236 4906/789/236 2095/3704/236
f 1113/3698/1088 2857/787/1088 4906/789/1088
f 4907/786/225 2856/785/225 1112/3705/225
f 1923/3706/225 4907/786/225 2854/781/225
f 285/3708/225 2815/784/225 4907/786/225
f 4908/783/225 2855/782/225 1092/812/225
f 2639/3709/225 4908/783/225 2812/3686/225
f 919/3707/225 2854/781/225 4908/783/225
f 4909/780/225 2715/779/225 359/667/225
f 2855/782/225 4909/780/225 2096/3711/225
f 1112/3705/225 2853/778/225 4909/780/225
f 4910/777/183 2852/776/183 1111/3712/183
f 1897/3713/183 4910/777/183 2850/772/183
f 259/3715/183 2816/775/183 4910/777/183
f 4911/774/183 2851/773/183 1093/3716/183
f 2613/702/183 4911/774/183 2813/802/183
f 893/3714/183 2850/772/183 4911/774/183
f 4912/771/183 2689/770/183 333/3717/183
f 2851/773/183 4912/771/183 2097/669/183
f 1111/3712/183 2849/769/183 4912/771/183
f 2846/3718/226 4913/766/226 2848/768/226
f 946/3719/226 1950/3720/226 4913/766/226
f 1950/3720/226 312/3742/226 2817/3721/226
f 2814/793/226 4914/763/226 2847/765/226
f 311/3701/226 2666/3723/226 4914/763/226
f 2666/3723/226 946/3719/226 2846/3718/226
f 2098/672/226 4915/760/226 2742/762/226
f 1094/3722/226 2847/765/226 4915/760/226
f 2847/765/226 1110/764/226 2845/3725/226
f 4916/759/227 2844/758/227 1109/3726/227
f 1924/3727/227 4916/759/227 2842/754/227
f 286/706/227 2818/757/227 4916/759/227
f 4917/756/227 2843/755/227 1095/3729/227
f 2640/3730/227 4917/756/227 2815/784/227
f 920/3728/227 2842/754/227 4917/756/227
f 4918/753/227 2716/752/227 360/3731/227
f 2843/755/227 4918/753/227 2099/674/227
f 1109/3726/227 2841/751/227 4918/753/227
f 4919/750/183 2840/749/183 1108/3732/183
f 1898/3733/183 4919/750/183 2838/745/183
f 260/3735/183 2819/748/183 4919/750/183
f 4920/747/183 2839/746/183 1096/3736/183
f 2614/3737/183 4920/747/183 2816/775/183
f 894/3734/183 2838/745/183 4920/747/183
f 4921/744/183 2690/743/183 334/3738/183
f 2839/746/183 4921/744/183 2100/677/183
f 1108/3732/183 2837/742/183 4921/744/183
f 2834/3739/228 4922/739/228 2836/741/228
f 947/3740/228 1951/3741/228 4922/739/228
f 1951/3741/228 313/3217/228 2030/3215/228
f 2817/3721/228 4923/736/228 2835/738/228
f 312/3742/228 2667/3743/228 4923/736/228
f 2667/3743/228 947/3740/228 2834/3739/228
f 2101/3744/228 4924/733/228 2743/735/228
f 1097/767/228 2835/738/228 4924/733/228
f 2835/738/228 1107/737/228 2833/3745/228
f 2830/3746/229 4925/730/229 2832/732/229
f 921/3747/229 1925/3748/229 4925/730/229
f 1925/3748/229 287/3224/229 2032/3222/229
f 2818/757/229 4926/727/229 2831/729/229
f 286/706/229 2641/3750/229 4926/727/229
f 2641/3750/229 921/3747/229 2830/3746/229
f 2102/682/229 4927/724/229 2717/726/229
f 1098/3749/229 2831/729/229 4927/724/229
f 2831/729/229 1106/728/229 2829/3752/229
f 2826/3753/230 4928/721/230 2828/723/230
f 895/3754/230 1899/705/230 4928/721/230
f 1899/705/230 261/3232/230 2034/3230/230
f 2819/748/230 4929/718/230 2827/720/230
f 260/3735/230 2615/3756/230 4929/718/230
f 2615/3756/1087 895/3754/1087 2826/3753/1087
f 2103/685/230 4930/715/230 2691/717/230
f 1099/3755/230 2827/720/230 4930/715/230
f 2827/720/1087 1105/719/1087 2825/3758/1087
f 2825/3758/230 4931/694/230 1975/696/230
f 1105/719/230 2828/723/230 4931/694/230
f 2828/723/230 1030/722/230 2750/3233/230
f 2829/3752/229 4932/691/229 2001/693/229
f 1106/728/229 2832/732/229 4932/691/229
f 2832/732/229 1028/731/229 2748/3225/229
f 2833/3745/228 4933/688/228 2027/690/228
f 1107/737/228 2836/741/228 4933/688/228
f 2836/741/228 1026/740/228 2746/3218/228
f 4934/687/183 1974/686/183 970/3759/183
f 2840/749/183 4934/687/183 2837/742/183
f 1099/3755/183 2103/685/183 4934/687/183
f 4935/684/227 2000/683/227 996/3760/227
f 2844/758/227 4935/684/227 2841/751/227
f 1098/3749/227 2102/682/227 4935/684/227
f 2845/3725/226 4936/680/226 2026/681/226
f 1110/764/226 2848/768/226 4936/680/226
f 2848/768/226 1097/767/226 2101/3744/226
f 4937/679/183 1973/678/183 969/3761/183
f 2852/776/183 4937/679/183 2849/769/183
f 1096/3736/183 2100/677/183 4937/679/183
f 4938/676/225 1999/675/225 995/3762/225
f 2856/785/225 4938/676/225 2853/778/225
f 1095/3729/225 2099/674/225 4938/676/225
f 4939/673/2087 2025/474/2087 1021/3763/2087
f 2860/794/224 4939/673/224 2857/787/224
f 1094/3722/2088 2098/672/2088 4939/673/2088
f 4940/671/183 1972/670/183 968/3764/183
f 2864/803/183 4940/671/183 2861/796/183
f 1093/3716/183 2097/669/183 4940/671/183
f 2865/3690/187 4941/666/187 1998/668/187
f 1115/809/187 2868/813/187 4941/666/187
f 2868/813/187 1092/812/187 2096/3711/187
f 2869/3682/223 4942/663/223 2024/665/223
f 1116/818/223 2872/822/223 4942/663/223
f 2872/822/223 1091/821/223 2095/3704/223
f 4943/662/183 1971/661/183 967/3765/183
f 2876/830/183 4943/662/183 2873/823/183
f 1090/3695/183 2094/660/183 4943/662/183
f 4944/657/222 1997/659/222 993/3766/222
f 2880/840/222 4944/657/222 2877/832/222
f 2880/840/222 1089/839/222 2093/3689/222
f 4945/656/2089 2023/655/2089 1019/3767/2089
f 2884/848/221 4945/656/221 2881/841/221
f 1088/3679/2090 2092/654/2090 4945/656/2090
f 4946/653/220 1970/652/220 966/3768/220
f 2888/857/220 4946/653/220 2885/850/220
f 1087/3672/220 2091/651/220 4946/653/220
f 4947/650/219 1996/649/219 992/3769/219
f 2892/866/219 4947/650/219 2889/859/219
f 1086/3665/219 2090/648/219 4947/650/219
f 2893/3639/187 4948/645/187 2022/647/187
f 1122/872/187 2896/876/187 4948/645/187
f 2896/876/187 1085/875/187 2089/3660/187
f 4949/644/218 1969/643/218 965/3770/218
f 2900/884/218 4949/644/218 2897/877/218
f 1084/3651/218 2088/642/218 4949/644/218
f 2901/3623/217 4950/639/217 1995/641/217
f 1124/890/217 2904/894/217 4950/639/217
f 2904/894/217 1083/893/217 2087/3646/217
f 4951/636/216 2021/638/216 1017/3771/216
f 2908/902/216 4951/636/216 2905/895/216
f 1082/3635/216 2086/3638/216 4951/636/216
f 4952/635/215 1968/634/215 964/3772/215
f 2912/911/215 4952/635/215 2909/904/215
f 1081/3628/215 2085/633/215 4952/635/215
f 2913/3603/187 4953/630/187 1994/632/187
f 1127/917/187 2916/921/187 4953/630/187
f 2916/921/187 1080/920/187 2084/3622/187
f 4954/629/214 2020/628/214 1016/3773/214
f 2920/929/214 4954/629/214 2917/922/214
f 1079/3614/214 2083/627/214 4954/629/214
f 4955/626/183 1967/625/183 963/3774/183
f 2924/938/183 4955/626/183 2921/931/183
f 1078/3608/183 2082/624/183 4955/626/183
f 2925/3581/213 4956/621/213 1993/623/213
f 1130/944/213 2928/948/213 4956/621/213
f 2928/948/213 1077/947/213 2081/3602/213
f 2929/3573/187 4957/618/187 2019/620/187
f 1131/953/187 2932/957/187 4957/618/187
f 2932/957/187 1076/956/187 2080/3595/187
f 2933/3565/1096 4958/615/1096 1966/617/1096
f 1132/962/244 2936/966/244 4958/615/244
f 2936/966/2091 1075/965/2091 2079/3588/2091
f 2937/3557/211 4959/612/211 1992/614/211
f 1133/971/211 2940/975/211 4959/612/211
f 2940/975/211 1074/974/211 2078/3580/211
f 2941/3549/187 4960/609/187 2018/611/187
f 1134/980/187 2944/984/187 4960/609/187
f 2944/984/187 1073/983/187 2077/3572/187
f 2945/3541/210 4961/606/210 1965/608/210
f 1135/3534/210 2948/992/210 4961/606/210
f 2948/992/210 1072/3562/210 2076/3564/210
f 2949/3533/209 4962/603/209 1991/605/209
f 1136/998/209 2952/1002/209 4962/603/209
f 2952/1002/209 1071/1001/209 2075/3556/209
f 2953/3526/187 4963/600/187 2017/602/187
f 1137/1007/187 2956/1011/187 4963/600/187
f 2956/1011/187 1070/1010/187 2074/3548/187
f 4964/599/2092 1964/598/2092 960/3775/2092
f 1138/1016/247 2960/1020/247 4964/599/247
f 2960/1020/2093 1069/1019/2093 2073/597/2093
f 2961/3511/207 4965/594/207 1990/596/207
f 1139/1025/248 2964/1029/248 4965/594/248
f 2964/1029/207 1068/1028/207 2072/3532/207
f 4966/593/206 2016/592/206 1012/3776/206
f 2968/1037/206 4966/593/206 2965/1030/206
f 1067/3523/206 2071/591/206 4966/593/206
f 2969/3497/205 4967/588/205 1963/590/205
f 1141/1043/205 2972/1047/205 4967/588/205
f 2972/1047/205 1066/1046/205 2070/3518/205
f 2973/3489/204 4968/585/204 1989/587/204
f 1142/1052/204 2976/1056/204 4968/585/204
f 2976/1056/204 1065/1055/204 2069/3510/204
f 4969/584/2094 2015/583/2094 1011/3777/2094
f 2980/1064/203 4969/584/203 2977/1057/203
f 1064/3502/2095 2068/582/2095 4969/584/2095
f 4970/581/2096 1962/580/2096 958/3778/2096
f 2984/1073/202 4970/581/202 2981/1066/202
f 1063/3494/2097 2067/579/2097 4970/581/2097
f 2985/3467/201 4971/576/201 1988/578/201
f 1145/1079/1033 2988/1083/1033 4971/576/1033
f 2988/1083/1033 1062/1082/1033 2066/3488/1033
f 4972/575/2098 2014/574/2098 1010/3779/2098
f 2992/1092/200 4972/575/200 2989/1084/200
f 1061/1091/2099 2065/573/2099 4972/575/2099
f 2993/3452/199 4973/570/199 1961/572/199
f 1147/1097/199 2996/1101/199 4973/570/199
f 2996/1101/199 1060/1100/199 2064/3474/199
f 2997/3444/198 4974/567/198 1987/569/198
f 1148/1106/198 3000/1110/198 4974/567/198
f 3000/1110/198 1059/1109/198 2063/3466/198
f 4975/566/2100 2013/565/2100 1009/3780/2100
f 3004/1118/197 4975/566/197 3001/1111/197
f 1058/3457/2101 2062/564/2101 4975/566/2101
f 4976/563/188 1960/562/188 956/3781/188
f 3008/1127/188 4976/563/188 3005/1120/188
f 1057/3449/188 2061/561/188 4976/563/188
f 3009/3422/195 4977/558/195 1986/560/195
f 1151/1133/195 3012/1137/195 4977/558/195
f 3012/1137/195 1056/1136/195 2060/3443/195
f 3013/3414/1110 4978/555/1110 2012/557/1110
f 1152/1142/263 3016/1146/263 4978/555/263
f 3016/1146/2102 1055/1145/2102 2059/3436/2102
f 4979/554/193 1959/553/193 955/3782/193
f 3020/1154/193 4979/554/193 3017/1147/193
f 1054/3427/193 2058/552/193 4979/554/193
f 3021/3399/192 4980/549/192 1985/551/192
f 1154/1160/192 3024/1164/192 4980/549/192
f 3024/1164/192 1053/1163/192 2057/3421/192
f 3025/3391/1113 4981/546/1113 2011/548/1113
f 1155/1169/266 3028/1173/266 4981/546/266
f 3028/1173/2103 1052/1172/2103 2056/3413/2103
f 4982/545/188 1958/544/188 954/3783/188
f 3032/1181/188 4982/545/188 3029/1174/188
f 1051/3404/188 2055/543/188 4982/545/188
f 3033/3378/190 4983/540/190 1984/542/190
f 1157/1187/190 3036/1191/190 4983/540/190
f 3036/1191/190 1050/1190/190 2054/3398/190
f 3037/3370/187 4984/537/187 2010/539/187
f 1158/1196/187 3040/1200/187 4984/537/187
f 3040/1200/187 1049/1199/187 2053/3390/187
f 4985/536/189 1957/535/189 953/476/189
f 3044/1208/189 4985/536/189 3041/1201/189
f 1048/3383/189 2052/534/189 4985/536/189
f 4986/533/183 1983/532/183 979/3784/183
f 3048/1217/183 4986/533/183 3045/1210/183
f 1047/3375/183 2051/531/183 4986/533/183
f 3049/3348/187 4987/528/187 2009/530/187
f 1161/1223/187 3052/1227/187 4987/528/187
f 3052/1227/187 1046/1226/187 2050/3369/187
f 4988/527/196 1956/526/196 952/3785/196
f 3056/1235/188 4988/527/188 3053/1228/188
f 1045/3360/188 2049/525/188 4988/527/188
f 4989/524/183 1982/523/183 978/3786/183
f 3060/1244/183 4989/524/183 3057/1237/183
f 1044/3353/183 2048/522/183 4989/524/183
f 3061/3326/187 4990/519/187 2008/521/187
f 1164/1250/187 3064/1254/187 4990/519/187
f 3064/1254/187 1043/1253/187 2047/3347/187
f 3065/3318/186 4991/516/186 1955/518/186
f 1165/1259/186 3068/1263/186 4991/516/186
f 3068/1263/186 1040/1262/186 2760/3297/186
f 4992/515/183 1981/514/183 977/3787/183
f 3072/1271/183 4992/515/183 3069/1264/183
f 1042/3331/183 2046/513/183 4992/515/183
f 4993/512/185 2007/511/185 1003/3788/185
f 3076/1280/185 4993/512/185 3073/1273/185
f 1041/3323/185 2045/510/185 4993/512/185
f 3077/3298/184 4994/507/184 1954/509/184
f 1168/1286/184 3080/1290/184 4994/507/184
f 3080/1290/184 1039/1289/184 2043/3340/184
f 4995/506/183 1980/505/183 976/3789/183
f 3084/1298/183 4995/506/183 3081/1291/183
f 1038/3310/183 2042/504/183 4995/506/183
f 3085/3283/182 4996/501/182 2006/503/182
f 1170/1304/182 3088/1308/182 4996/501/182
f 3088/1308/182 1037/1307/182 2041/3305/182
f 4997/500/183 1979/499/183 975/3790/183
f 3092/1316/183 4997/500/183 3089/1309/183
f 1036/3287/183 2040/498/183 4997/500/183
f 3093/3269/182 4998/495/182 2005/497/182
f 1172/1322/182 3096/1326/182 4998/495/182
f 3096/1326/182 1035/1325/182 2039/3282/182
f 4999/494/181 1978/493/181 974/3791/181
f 3100/1334/181 4999/494/181 3097/1327/181
f 1034/3273/181 2038/492/181 4999/494/181
f 3101/3256/180 5000/489/180 2004/491/180
f 1174/1340/180 3104/1344/180 5000/489/180
f 3104/1344/180 1033/1343/180 2037/3268/180
f 3105/3248/179 5001/486/179 1977/488/179
f 1175/1349/179 3108/1353/179 5001/486/179
f 3108/1353/997 1032/1352/997 2036/3262/997
f 5002/485/178 2003/484/178 999/3792/178
f 3112/1361/178 5002/485/178 3109/1354/178
f 1031/3253/178 2035/483/178 5002/485/178
f 5003/482/177 1976/481/177 972/3793/177
f 3116/1370/177 5003/482/177 3113/1363/177
f 1029/3245/177 2033/480/177 5003/482/177
f 5004/479/176 2002/478/176 998/3794/176
f 3120/1379/176 5004/479/176 3117/1372/176
f 3120/1379/176 1027/3238/176 2031/477/176
f 5005/473/174 2028/472/174 1024/3795/174
f 3124/1388/174 5005/473/174 3121/1381/174
f 1025/3315/174 2029/471/174 5005/473/174
f 5006/470/173 2593/469/173 873/2868/173
f 3128/1397/173 5006/470/173 3125/1390/173
f 719/3083/1692 1723/468/1692 5006/470/1692
f 3129/3208/172 5007/465/172 2592/467/172
f 1181/1403/172 3132/1407/172 5007/465/172
f 3132/1407/996 721/1406/996 1725/3196/996
f 5008/464/171 2591/463/171 871/2877/171
f 3136/1415/171 5008/464/171 3133/1408/171
f 723/3048/171 1727/462/171 5008/464/171
f 5009/461/170 2590/460/170 870/2884/170
f 3140/1424/170 5009/461/170 3137/1417/170
f 640/3210/170 2360/459/170 5009/461/170
f 3141/3197/169 5010/456/169 2589/458/169
f 1184/1430/169 3144/1434/169 5010/456/169
f 3144/1434/169 726/1433/169 1730/3184/169
f 5011/455/168 2588/454/168 868/2892/168
f 3148/1442/168 5011/455/168 3145/1435/168
f 644/3203/168 2364/453/168 5011/455/168
f 5012/452/167 2587/451/167 867/2898/167
f 3152/1451/167 5012/452/167 3149/1444/167
f 645/3199/989 2365/450/989 5012/452/989
f 3153/3185/269 5013/447/269 2586/449/269
f 1187/1457/166 3156/1461/166 5013/447/166
f 3156/1461/269 729/1460/269 1733/3796/269
f 5014/446/165 2585/445/165 865/2906/165
f 3160/1469/165 5014/446/165 3157/1462/165
f 647/3192/165 2367/444/165 5014/446/165
f 5015/443/164 2584/442/164 864/2913/164
f 3164/1478/164 5015/443/164 3161/1471/164
f 648/3187/164 2368/441/164 5015/443/164
f 3165/3175/163 5016/438/163 2583/440/163
f 1190/1484/163 3168/1488/163 5016/438/163
f 3168/1488/163 732/1487/163 1736/3165/163
f 3169/3170/162 5017/436/162 2582/436/162
f 1191/1493/162 3172/437/162 5017/436/162
f 3172/437/162 733/437/162 1737/437/162
f 3173/3166/161 5018/433/161 2581/435/161
f 1192/1500/161 3176/1504/161 5018/433/161
f 3176/1504/161 734/1503/161 1738/430/161
f 3177/24/160 5019/24/160 2580/24/160
f 1193/24/160 3180/24/160 5019/24/160
f 3180/24/160 735/24/160 1739/24/160
f 5020/432/155 2579/431/155 859/2928/155
f 3184/1513/2104 5020/432/2104 3181/1506/2104
f 734/1503/155 1738/430/155 5020/432/155
f 5021/24/159 2578/24/159 858/24/159
f 3188/24/159 5021/24/159 3185/24/159
f 738/24/985 1742/24/985 5021/24/985
f 5022/429/158 2577/428/158 857/1516/158
f 3192/1522/158 5022/429/158 3189/3160/158
f 658/3797/158 2378/427/158 5022/429/158
f 3193/3157/155 5023/426/155 2576/425/155
f 1197/1528/155 3196/1531/155 5023/426/155
f 659/3162/155 2379/424/155 5023/426/155
f 5024/1/157 2575/1/157 855/1/157
f 3200/1/157 5024/1/157 3197/1/157
f 741/1/157 1745/1/157 5024/1/157
f 3201/3154/156 5025/421/156 2574/423/156
f 1199/1537/156 3204/1541/156 5025/421/156
f 3204/1541/156 661/1540/156 2381/3159/156
f 3205/3150/155 5026/418/155 2573/420/155
f 1200/1546/155 3208/1550/155 5026/418/155
f 3208/1550/155 662/1549/155 2382/3156/155
f 5027/1/154 2572/1/154 852/1/154
f 3212/1/273 5027/1/273 3209/1/273
f 744/1/154 1748/1/154 5027/1/154
f 3213/3146/153 5028/415/153 2571/417/153
f 1202/1555/153 3216/1559/153 5028/415/153
f 3216/1559/153 664/1558/153 2384/3153/153
f 3217/3143/152 5029/412/152 2570/414/152
f 1203/1564/152 3220/1568/152 5029/412/152
f 3220/1568/152 665/1567/152 2385/3149/152
f 5030/1/151 2569/1/151 849/1/151
f 3224/1/151 5030/1/151 3221/1/151
f 747/1/151 1751/1/151 5030/1/151
f 5031/411/274 2568/410/274 848/2953/274
f 3228/1576/274 5031/411/274 3225/1569/274
f 748/3130/274 1752/409/274 5031/411/274
f 5032/408/149 2567/407/149 847/2957/149
f 3232/1585/149 5032/408/149 3229/1578/149
f 749/3128/149 1753/406/149 5032/408/149
f 5033/1/148 2566/1/148 846/1/148
f 3236/1/148 5033/1/148 3233/1/148
f 750/1/148 1754/1/148 5033/1/148
f 5034/405/2105 2565/404/2105 845/2961/2105
f 3240/1594/147 5034/405/147 3237/1587/147
f 751/3126/2106 1755/403/2106 5034/405/2106
f 5035/402/146 2564/401/146 844/2967/146
f 3244/1603/279 5035/402/279 3241/1596/279
f 752/3124/279 1756/400/279 5035/402/279
f 5036/1/2107 2563/1/2107 843/1/2107
f 3248/1/145 5036/1/145 3245/1/145
f 753/1/2108 1757/1/2108 5036/1/2108
f 5037/399/2109 2562/398/2109 842/2973/2109
f 3252/1612/144 5037/399/144 3249/1605/144
f 754/1630/2110 1758/397/2110 5037/399/2110
f 5038/396/286 2561/395/286 841/2978/286
f 3256/1621/286 5038/396/286 3253/1614/286
f 755/3116/143 1759/394/143 5038/396/143
f 5039/1/2111 2560/1/2111 840/1/2111
f 3260/1/142 5039/1/142 3257/1/142
f 756/1/2112 1760/1/2112 5039/1/2112
f 3261/3122/141 5040/391/141 2559/393/141
f 1214/1627/290 3264/1631/290 5040/391/290
f 3264/1631/290 754/1630/290 1758/397/290
f 5041/390/140 2558/389/140 838/2986/140
f 3268/1639/140 5041/390/140 3265/1632/140
f 758/3110/140 1762/388/140 5041/390/140
f 3269/1/1130 5042/1/1130 2557/1/1130
f 1216/1/2113 3272/1/2113 5042/1/2113
f 3272/1/2114 759/1/2114 1763/1/2114
f 3273/3114/1133 5043/385/1133 2556/387/1133
f 1217/1645/296 3276/1649/296 5043/385/296
f 3276/1649/2115 679/1648/2115 2399/3121/2115
f 5044/384/137 2555/383/137 835/2994/137
f 3280/1657/137 5044/384/137 3277/1650/137
f 761/1670/137 1765/382/137 5044/384/137
f 3281/1/136 5045/1/136 2554/1/136
f 1219/1/136 3284/1/136 5045/1/136
f 3284/1/136 762/1/136 1766/1/136
f 3285/3108/1136 5046/379/1136 2553/381/1136
f 1220/1663/2116 3288/1667/2116 5046/379/2116
f 3288/1667/934 682/1666/934 2402/3113/934
f 3289/121/134 5047/376/134 2552/378/134
f 1221/1668/134 3292/1671/134 5047/376/134
f 3292/1671/301 761/1670/301 1765/382/301
f 3293/1/129 5048/1/129 2551/1/129
f 1222/1/129 3296/1/129 5048/1/129
f 3296/1/129 765/1/129 1769/1/129
f 3297/3103/1139 5049/373/1139 2550/375/1139
f 1223/1676/304 3300/1680/304 5049/373/304
f 3300/1680/2117 685/1679/2117 2405/3107/2117
f 5050/23/2118 2549/23/2118 829/23/2118
f 3304/23/132 5050/23/132 3301/23/132
f 767/23/2119 1771/23/2119 5050/23/2119
f 3305/1/129 5051/1/129 2548/1/129
f 1225/1/129 3308/1/129 5051/1/129
f 3308/1/129 768/1/129 1772/1/129
f 3309/3098/131 5052/370/131 2547/372/131
f 1226/1685/131 3312/1689/131 5052/370/131
f 3312/1689/131 688/1688/131 2408/3102/131
f 5053/23/2120 2546/23/2120 826/23/2120
f 3316/23/130 5053/23/130 3313/23/130
f 770/23/2121 1774/23/2121 5053/23/2121
f 3317/1/129 5054/1/129 2545/1/129
f 1228/1/129 3320/1/129 5054/1/129
f 3320/1/129 771/1/129 1775/1/129
f 3321/3093/128 5055/367/128 2544/369/128
f 1229/1694/128 3324/1698/128 5055/367/128
f 3324/1698/128 691/1697/128 2411/3097/128
f 3325/23/1148 5056/23/1148 2543/23/1148
f 1230/23/313 3328/23/313 5056/23/313
f 3328/23/2122 773/23/2122 1777/23/2122
f 3329/1/126 5057/1/126 2542/1/126
f 1231/1/880 3332/1/880 5057/1/880
f 3332/1/126 774/1/126 1778/1/126
f 3333/1700/1151 5058/364/1151 2541/366/1151
f 1232/1701/317 3336/364/317 5058/364/317
f 3336/364/2123 694/1703/2123 2414/3092/2123
f 3337/23/2124 5059/23/2124 2540/23/2124
f 1233/23/2125 3340/23/2125 5059/23/2125
f 3340/23/2126 776/23/2126 1780/23/2126
f 3341/1/123 5060/1/123 2539/1/123
f 1234/1/123 3344/1/123 5060/1/123
f 3344/1/123 777/1/123 1781/1/123
f 3345/363/2127 5061/362/2127 2538/363/2127
f 1235/1704/324 3348/362/324 5061/362/324
f 3348/362/2128 697/362/2128 2417/362/2128
f 3349/23/121 5062/23/121 2537/23/121
f 1236/23/121 3352/23/121 5062/23/121
f 3352/23/121 779/23/121 1783/23/121
f 5063/1/120 2536/1/120 816/1/120
f 3356/1/1335 5063/1/1335 3353/1/1335
f 780/24/120 1784/24/120 5063/1/120
f 3357/37/1160 5064/37/1160 2535/37/1160
f 1238/37/2129 3360/37/2129 5064/37/2129
f 3360/37/2130 700/37/2130 2420/37/2130
f 5065/23/2131 2534/23/2131 814/23/2131
f 3364/23/118 5065/23/118 3361/23/118
f 779/23/2132 1783/23/2132 5065/23/2132
f 5066/361/115 2533/123/115 813/123/115
f 3368/361/115 5066/361/115 3365/123/115
f 783/360/115 1787/360/115 5066/361/115
f 3369/133/1166 5067/133/1166 2532/133/1166
f 1241/133/333 3372/133/333 5067/133/333
f 3372/133/2133 703/37/2133 2423/133/2133
f 5068/359/116 2531/358/116 811/358/116
f 3376/1710/116 5068/359/116 3373/359/116
f 704/1710/116 2424/357/116 5068/359/116
f 5069/356/115 2530/355/115 810/1712/115
f 3380/1718/115 5069/356/115 3377/1712/115
f 786/1744/115 1790/354/115 5069/356/115
f 5070/353/114 2529/353/114 809/1720/114
f 3384/1727/114 5070/353/114 3381/1720/114
f 787/353/114 1791/352/114 5070/353/114
f 3385/3082/1169 5071/349/1169 2528/351/1169
f 1245/1733/336 3388/1737/336 5071/349/336
f 3388/1737/2134 788/1736/2134 1792/3072/2134
f 3389/3076/2135 5072/346/2135 2527/348/2135
f 1246/1741/2136 3392/1745/2136 5072/346/2136
f 3392/1745/813 786/1744/813 1790/354/813
f 5073/345/2137 2526/344/2137 806/306/2137
f 3396/1748/2138 5073/345/2138 3393/306/2138
f 790/344/2139 1794/344/2139 5073/345/2139
f 3397/133/1175 5074/133/1175 2525/133/1175
f 1248/133/2140 3400/133/2140 5074/133/2140
f 3400/133/2141 706/133/2141 2426/133/2141
f 3401/3073/109 5075/341/109 2524/343/109
f 1249/1754/109 3404/1758/109 5075/341/109
f 3404/1758/109 792/1757/109 1796/3062/109
f 3405/3068/108 5076/338/108 2523/340/108
f 1250/1763/344 3408/1767/344 5076/338/344
f 3408/1767/344 711/1766/344 2431/3075/344
f 5077/133/2142 2522/133/2142 802/133/2142
f 3412/133/107 5077/133/107 3409/133/107
f 794/133/2143 1798/133/2143 5077/133/2143
f 5078/337/2144 2521/336/2144 801/3026/2144
f 3416/1775/106 5078/337/106 3413/1768/106
f 795/3052/2145 1799/335/2145 5078/337/2145
f 5079/334/105 2520/333/105 800/3031/105
f 3420/1784/105 5079/334/105 3417/1777/105
f 715/3066/105 2435/332/105 5079/334/105
f 5080/133/2146 2519/133/2146 799/133/2146
f 3424/133/2147 5080/133/2147 3421/133/2147
f 713/133/2148 2433/133/2148 5080/133/2148
f 3425/3053/103 5081/329/103 2518/331/103
f 1255/1790/103 3428/1794/103 5081/329/103
f 3428/1794/103 642/1793/103 2362/3207/103
f 5082/328/102 2517/327/102 797/3040/102
f 3432/1802/102 5082/328/102 3429/1795/102
f 718/3057/102 2438/326/102 5082/328/102
f 3433/3043/101 5083/321/101 2264/323/101
f 1257/1808/101 3436/1812/101 5083/321/101
f 3436/1812/101 796/1811/101 2516/3034/101
f 5084/320/100 1574/319/100 570/2381/100
f 3440/1819/100 5084/320/100 3437/1813/100
f 722/2875/100 2442/318/100 5084/320/100
f 3441/133/1188 5085/133/1188 2237/133/1188
f 1259/133/356 3444/133/356 5085/133/356
f 3444/133/2149 791/133/2149 2511/133/2149
f 3445/3035/755 5086/317/755 2263/128/755
f 1260/1825/98 3448/1829/98 5086/317/98
f 3448/1829/98 793/1828/98 2513/3024/98
f 3449/3029/1191 5087/315/1191 1573/316/1191
f 1261/1833/2150 3452/1837/2150 5087/315/2150
f 3452/1837/2151 717/1836/2151 1721/3038/2151
f 3453/344/1194 5088/133/1194 2236/133/1194
f 1262/133/2152 3456/133/2152 5088/133/2152
f 3456/133/2153 716/133/2153 1720/133/2153
f 5089/314/95 2262/313/95 542/2362/95
f 3460/1845/95 5089/314/95 3457/1839/95
f 789/3018/95 2509/312/95 5089/314/95
f 5090/311/94 1572/310/94 568/2224/94
f 3464/1853/94 5090/311/94 3461/1847/94
f 714/3028/94 1718/309/94 5090/311/94
f 5091/133/2154 2314/133/2154 594/133/2154
f 3468/133/365 5091/133/365 3465/133/365
f 784/133/365 2504/133/365 5091/133/365
f 3469/1856/1197 5092/306/1197 2235/308/1197
f 1266/306/368 3472/307/368 5092/306/368
f 3472/307/2155 712/344/2155 1716/307/2155
f 5093/305/91 2261/296/91 541/2810/91
f 3476/1865/369 5093/305/369 3473/1858/369
f 708/1887/91 1712/304/91 5093/305/91
f 5094/303/2156 1571/302/2156 567/2216/2156
f 3480/1873/2157 5094/303/2157 3477/1867/2157
f 710/3020/2158 1714/301/2158 5094/303/2158
f 3481/3015/89 5095/298/89 2234/300/89
f 1269/1879/89 3484/1882/89 5095/298/89
f 3484/1882/89 709/1855/89 1713/1881/89
f 3485/3012/86 5096/295/86 1544/297/86
f 1270/1885/86 3488/1888/86 5096/295/86
f 3488/1888/86 708/1887/86 1712/304/86
f 3489/3010/1203 5097/293/1203 2286/294/1203
f 1271/1893/376 3492/1895/376 5097/293/376
f 3492/1895/2159 782/1895/2159 2502/1895/2159
f 5098/133/2160 2312/133/2160 592/133/2160
f 3496/133/87 5098/133/87 3493/133/87
f 781/37/2161 2501/37/2161 5098/133/2161
f 3497/123/86 5099/123/86 1543/1/86
f 1273/123/86 3500/123/86 5099/123/86
f 3500/123/86 705/124/86 1709/123/86
f 3501/1895/85 5100/23/85 2285/194/85
f 1274/23/85 3504/23/85 5100/23/85
f 3504/23/85 701/23/85 1705/23/85
f 5101/37/2162 2311/134/2162 591/135/2162
f 3508/37/84 5101/37/84 3505/37/84
f 778/37/2163 2498/37/2163 5101/37/2163
f 3509/1/83 5102/1/83 1542/1/83
f 1276/1/83 3512/1/83 5102/1/83
f 3512/1/1896 702/1/1896 1706/1/1896
f 5103/23/82 1568/23/82 564/23/82
f 3516/23/82 5103/23/82 3513/23/82
f 701/23/82 1705/23/82 5103/23/82
f 5104/136/2164 2310/136/2164 590/1896/2164
f 3520/1896/81 5104/136/81 3517/1896/81
f 775/1897/2165 2495/136/2165 5104/136/2165
f 5105/1/80 1541/1/80 537/1/80
f 3524/1/80 5105/1/80 3521/1/80
f 699/1/386 1703/1/386 5105/1/386
f 5106/23/2166 1567/23/2166 563/23/2166
f 3528/23/79 5106/23/79 3525/23/79
f 698/23/2167 1702/23/2167 5106/23/2167
f 5107/292/2168 2309/141/2168 589/1898/2168
f 3532/292/78 5107/292/78 3529/1898/78
f 772/3005/2169 2492/291/2169 5107/292/2169
f 5108/1/77 1540/1/77 536/1/77
f 3536/1/77 5108/1/77 3533/1/77
f 696/1/77 1700/1/77 5108/1/77
f 5109/23/2170 1566/23/2170 562/23/2170
f 3540/23/76 5109/23/76 3537/23/76
f 695/23/2171 1699/23/2171 5109/23/2171
f 5110/290/75 2308/142/75 588/3798/75
f 3544/1910/75 5110/290/75 3541/1903/75
f 769/3003/75 2489/289/75 5110/290/75
f 5111/1/70 1539/1/70 535/1/70
f 3548/1/70 5111/1/70 3545/1/70
f 693/1/70 1697/1/70 5111/1/70
f 3549/23/1224 5112/23/1224 1565/23/1224
f 1286/23/398 3552/23/398 5112/23/398
f 3552/23/2172 692/23/2172 1696/23/2172
f 5113/288/73 2307/145/73 587/3799/73
f 3556/1919/73 5113/288/73 3553/1912/73
f 766/3001/73 2486/287/73 5113/288/73
f 5114/1/70 1538/1/70 534/1/70
f 3560/1/70 5114/1/70 3557/1/70
f 690/1/70 1694/1/70 5114/1/70
f 3561/23/1227 5115/23/1227 1564/23/1227
f 1289/23/401 3564/23/401 5115/23/401
f 3564/23/2173 689/23/2173 1693/23/2173
f 5116/286/2174 2306/148/2174 586/3800/2174
f 3568/1928/71 5116/286/71 3565/1921/71
f 763/2999/2175 2483/285/2175 5116/286/2175
f 5117/1/70 1537/1/70 533/1/70
f 3572/1/70 5117/1/70 3569/1/70
f 687/1/70 1691/1/70 5117/1/70
f 5118/284/405 2279/283/405 559/2866/405
f 3576/1931/69 5118/284/69 3573/378/69
f 683/1949/69 1687/282/69 5118/284/69
f 5119/281/2176 2305/151/2176 585/3801/2176
f 3580/1940/68 5119/281/68 3577/1933/68
f 760/2992/2177 2480/280/2177 5119/281/2177
f 5120/1/67 1536/1/67 532/1/67
f 3584/1/67 5120/1/67 3581/1/67
f 684/1/67 1688/1/67 5120/1/67
f 3585/2997/66 5121/277/66 1562/279/66
f 1295/1946/66 3588/1950/66 5121/277/66
f 3588/1950/66 683/1949/66 1687/282/66
f 5122/276/2178 2304/132/2178 584/2355/2178
f 3592/1958/2179 5122/276/2179 3589/1951/2179
f 757/2984/2180 2477/275/2180 5122/276/2180
f 5123/1/2181 1535/1/2181 531/1/2181
f 3596/1/64 5123/1/64 3593/1/64
f 681/1/2182 1685/1/2182 5123/1/2182
f 3597/2990/63 5124/272/63 1561/274/63
f 1298/1964/63 3600/1968/63 5124/272/63
f 3600/1968/63 680/1967/63 1684/2996/63
f 5125/271/62 2303/103/62 583/3802/62
f 3604/1976/416 5125/271/416 3601/1969/416
f 676/1994/416 1680/270/416 5125/271/416
f 3605/1/1242 5126/1/1242 1534/1/1242
f 1300/1/419 3608/1/419 5126/1/419
f 3608/1/2183 678/1/2183 1682/1/2183
f 3609/2982/1297 5127/267/1297 1560/269/1297
f 1301/1982/579 3612/1986/579 5127/267/579
f 3612/1986/579 677/1985/579 1681/2989/579
f 3613/2976/59 5128/266/59 1586/156/59
f 1302/1991/2184 3616/1995/2184 5128/266/2184
f 3616/1995/59 676/1994/59 1680/270/59
f 3617/1/1245 5129/1/1245 1533/1/1245
f 1303/1/422 3620/1/422 5129/1/422
f 3620/1/2185 675/1/2185 1679/1/2185
f 3621/2971/57 5130/263/57 1559/265/57
f 1304/2000/57 3624/2004/57 5130/263/57
f 3624/2004/569 674/2003/569 1678/2981/569
f 3625/2965/56 5131/260/56 1585/262/56
f 1305/2008/56 3628/2012/56 5131/260/56
f 3628/2012/56 673/2011/56 1677/2975/56
f 3629/1/55 5132/1/55 1532/1/55
f 1306/1/55 3632/1/55 5132/1/55
f 3632/1/55 672/1/55 1676/1/55
f 3633/2959/54 5133/257/54 1558/259/54
f 1307/2017/54 3636/2021/54 5133/257/54
f 3636/2021/54 671/2020/54 1675/2970/54
f 3637/2955/53 5134/255/53 1584/256/53
f 1308/2025/53 3640/2029/53 5134/255/53
f 3640/2029/566 670/2028/566 1674/2964/566
f 3641/1/52 5135/1/52 1531/1/52
f 1309/1/52 3644/1/52 5135/1/52
f 3644/1/52 669/1/52 1673/1/52
f 5136/254/51 2273/253/51 553/2847/51
f 3648/2037/51 5136/254/51 3645/2030/51
f 743/2941/51 2463/252/51 5136/254/51
f 5137/251/50 2299/250/50 579/2291/50
f 3652/2046/50 5137/251/50 3649/2039/50
f 742/2939/50 2462/249/50 5137/251/50
f 3653/1/49 5138/1/49 1530/1/49
f 1312/1/49 3656/1/49 5138/1/49
f 3656/1/563 666/1/563 1670/1/563
f 5139/248/44 2272/247/44 552/2838/44
f 3660/2055/44 5139/248/44 3657/2048/44
f 740/2937/44 2460/246/44 5139/248/44
f 5140/245/48 2298/111/48 578/2397/48
f 3664/2064/48 5140/245/48 3661/2057/48
f 739/2935/48 2459/244/48 5140/245/48
f 3665/1/47 5141/1/47 1529/1/47
f 1315/1/47 3668/1/47 5141/1/47
f 3668/1/47 663/1/47 1667/1/47
f 5142/241/44 2271/243/44 551/2834/44
f 3672/2074/44 5142/241/44 3669/2066/44
f 3672/2074/44 737/2073/44 2457/2931/44
f 3673/2075/46 5143/239/46 2297/240/46
f 1317/2933/46 3676/2083/46 5143/239/46
f 3676/2083/46 736/2082/46 2456/235/46
f 3677/24/45 5144/24/45 1528/24/45
f 1318/24/562 3680/24/562 5144/24/562
f 3680/24/562 660/1/562 1664/1/562
f 3681/2932/44 5145/236/44 2270/238/44
f 1319/2088/44 3684/2092/44 5145/236/44
f 3684/2092/44 656/2091/44 1660/231/44
f 5146/24/42 1527/24/42 523/24/42
f 3688/24/42 5146/24/42 3685/24/42
f 657/24/42 1661/24/42 5146/24/42
f 5147/233/41 1553/232/41 549/2828/41
f 3692/2100/41 5147/233/41 3689/2093/41
f 656/2091/41 1660/231/41 5147/233/41
f 5148/230/40 2295/229/40 575/3803/40
f 3696/2109/40 5148/230/40 3693/2102/40
f 654/3804/40 1658/228/40 5148/230/40
f 5149/227/39 1526/227/39 522/2805/39
f 3700/2115/39 5149/227/39 3697/2111/39
f 653/226/39 1657/226/39 5149/227/39
f 5150/225/38 1552/108/38 548/2403/38
f 3704/2123/561 5150/225/561 3701/2116/561
f 652/2926/38 1656/224/38 5150/225/38
f 3705/2918/37 5151/221/37 2241/223/37
f 1325/2128/37 3708/2132/37 5151/221/37
f 3708/2132/428 728/2131/428 2448/2901/428
f 3709/2911/36 5152/219/36 2267/105/36
f 1326/2136/36 3712/2140/36 5152/219/36
f 3712/2140/36 727/2139/36 2447/2895/36
f 5153/218/35 1577/217/35 573/2247/35
f 3716/2147/35 5153/218/35 3713/2141/35
f 649/3805/429 1653/216/429 5153/218/429
f 3717/2902/34 5154/213/34 2240/215/34
f 1328/2153/34 3720/2157/34 5154/213/34
f 3720/2157/34 725/2156/34 2445/2887/34
f 3721/2896/33 5155/210/33 2266/212/33
f 1329/2162/33 3724/2166/33 5155/210/33
f 3724/2166/33 724/2165/33 2444/2881/33
f 5156/209/32 1576/208/32 572/2387/32
f 3728/2173/559 5156/209/559 3725/2167/559
f 646/2904/559 1650/207/559 5156/209/559
f 3729/2888/31 5157/204/31 2239/206/31
f 1331/2179/31 3732/2183/31 5157/204/31
f 3732/2183/31 720/2182/31 2440/2872/31
f 3733/2882/1246 5158/201/1246 2265/203/1246
f 1332/2188/1246 3736/2192/1246 5158/201/1246
f 3736/2192/432 643/2191/432 1647/3042/432
f 5159/200/29 1575/199/29 571/2239/29
f 3740/2199/433 5159/200/433 3737/2193/433
f 641/2890/29 1645/198/29 5159/200/29
f 3741/2873/28 5160/195/28 2238/197/28
f 1334/2205/28 3744/2209/28 5160/195/28
f 3744/2209/28 639/2208/28 1643/3014/28
f 3745/23/1250 5161/23/1250 2284/23/1250
f 1335/23/2186 3748/23/2186 5161/23/2186
f 3748/23/2187 638/23/2187 2358/23/2187
f 3752/193/1253 5162/193/1253 1639/194/1253
f 1336/2211/439 3755/2214/439 5162/193/439
f 3755/2214/2188 566/1890/2188 2286/294/2188
f 3756/2863/2 5163/190/2 2287/192/2
f 1337/2218/2 3759/2222/2 5163/190/2
f 3759/2222/2 634/2221/2 1638/2865/2
f 3760/2859/2 5164/187/2 2288/189/2
f 1338/2226/2 3763/2230/2 5164/187/2
f 3763/2230/2 633/2229/2 1637/2862/2
f 3764/2854/4 5165/186/4 2289/185/4
f 1339/2233/4 3767/2236/4 5165/186/4
f 632/2857/4 1636/184/4 5165/186/4
f 3768/2852/2 5166/181/2 2291/183/2
f 1340/2241/2 3771/2245/2 5166/181/2
f 3771/2245/2 630/2244/2 2350/2801/2
f 3772/2850/2 5167/178/2 2293/180/2
f 1341/2249/2 3775/2253/2 5167/178/2
f 3775/2253/2 628/2252/2 2348/2799/2
f 3776/3806/4 5168/175/4 1631/177/4
f 3779/2261/4 5168/175/4 3776/3806/4
f 3779/2261/4 574/3849/4 2294/3807/4
f 5169/174/4 2344/173/4 624/2264/4
f 3783/2267/4 5169/174/4 3780/3808/4
f 626/2266/4 2346/172/4 5169/174/4
f 3784/2840/4 5170/169/4 1628/171/4
f 1344/2270/4 3787/2274/4 5170/169/4
f 3787/2274/4 576/2273/4 2296/3809/4
f 3788/3810/4 5171/166/4 1627/168/4
f 1345/2833/4 3791/2283/4 5171/166/4
f 3791/2283/4 577/2282/4 2297/240/4
f 3792/2832/4 5172/163/4 1626/165/4
f 1346/2288/4 3795/2292/4 5172/163/4
f 3795/2292/4 579/2291/4 2299/250/4
f 5173/160/2 2300/162/2 580/2023/2
f 3799/2299/2 5173/160/2 3796/2293/2
f 3799/2299/2 620/2830/2 1624/2831/2
f 3806/2826/4 5174/153/4 1605/152/4
f 1348/2315/4 3809/2317/4 5174/153/4
f 585/3801/4 2305/151/4 5174/153/4
f 5175/150/4 1604/149/4 600/2320/4
f 3813/2325/4 5175/150/4 3810/2823/4
f 586/3800/4 2306/148/4 5175/150/4
f 5176/147/4 1603/146/4 599/2328/4
f 3817/2333/4 5176/147/4 3814/2820/4
f 587/3799/4 2307/145/4 5176/147/4
f 5177/144/4 1601/143/4 597/2336/4
f 3821/2341/4 5177/144/4 3818/2817/4
f 588/3798/4 2308/142/4 5177/144/4
f 3825/2814/4 5178/138/4 1600/137/4
f 1352/2350/4 3828/2352/4 5178/138/4
f 590/1896/4 2310/136/4 5178/138/4
f 3829/2353/24 5179/135/24 1599/135/24
f 1353/135/1256 3832/135/1256 5179/135/1256
f 591/135/2189 2311/134/2189 5179/135/2189
f 5180/133/2190 1597/133/2190 593/133/2190
f 3836/133/23 5180/133/23 3833/133/23
f 592/133/2191 2312/133/2191 5180/133/2191
f 3840/2812/4 5181/125/4 1546/127/4
f 1355/2364/4 3843/2368/4 5181/125/4
f 3843/2368/4 613/2367/4 2333/2410/4
f 5182/122/2 2260/124/2 540/1883/2
f 3847/2375/2 5182/122/2 3844/2369/2
f 610/2803/2 1614/2803/2 5182/122/2
f 3848/1/2 5183/1/2 2259/1/2
f 1357/1/2 3851/1/2 5183/1/2
f 3851/1/2 609/1/2 1613/1/2
f 3852/1/2 5184/1/2 2258/1/2
f 1358/1/2 3855/1/2 5184/1/2
f 3855/1/2 608/1/2 1612/1/2
f 3856/1/2 5185/1/2 2257/1/2
f 1359/1/2 3859/1/2 5185/1/2
f 3859/1/2 607/1/2 1611/1/2
f 3860/1/2 5186/1/2 2256/1/2
f 1360/1/2 3863/1/2 5186/1/2
f 3863/1/2 606/1/2 1610/1/2
f 3864/1/2 5187/1/2 2255/1/2
f 1361/1/2 3867/1/2 5187/1/2
f 605/1/2 1609/1/2 5187/1/2
f 3868/1/2 5188/1/2 2254/1/2
f 1362/1/2 3871/1/2 5188/1/2
f 3871/1/2 604/1/2 1608/1/2
f 3872/1/1262 5189/1/1262 2253/1/1262
f 1363/1/448 3875/1/448 5189/1/448
f 3875/1/2192 603/1/2192 2323/1/2192
f 5190/23/2193 2233/23/2193 513/23/2193
f 3909/23/18 5190/23/18 3906/23/18
f 3909/23/1784 439/23/1784 2159/23/1784
f 3913/2784/2 5191/97/2 2161/99/2
f 1365/2417/2 3916/2420/2 5191/97/2
f 3916/2420/2 510/2420/2 1514/98/2
f 3917/2780/4 5192/94/4 1513/96/4
f 1366/2425/4 3920/2429/4 5192/94/4
f 3920/2429/4 442/2428/4 2162/3080/4
f 3921/2773/4 5193/91/4 1512/93/4
f 1367/2434/4 3924/2438/4 5193/91/4
f 3924/2438/4 443/2437/4 2163/3071/4
f 5194/90/2 1511/89/2 507/2767/2
f 1368/2443/2 3928/2447/2 5194/90/2
f 3928/2447/2 444/2446/2 2164/88/2
f 3929/2759/4 5195/85/4 2225/87/4
f 1369/2452/4 3932/2456/4 5195/85/4
f 3932/2456/4 446/2455/4 2166/3206/4
f 3933/2753/4 5196/82/4 2223/84/4
f 1370/2461/4 3936/2465/4 5196/82/4
f 3936/2465/4 448/2464/4 2168/3183/4
f 3937/2466/2 5197/79/2 2169/81/2
f 3940/2474/2 5197/79/2 3937/2466/2
f 3940/2474/2 502/2473/2 1506/2747/2
f 5198/78/2 2221/77/2 501/2476/2
f 3944/2480/2 5198/78/2 3941/3812/2
f 499/2479/2 2219/76/2 5198/78/2
f 3945/2732/2 5199/73/2 2171/75/2
f 1373/2485/2 3948/2488/2 5199/73/2
f 3948/2488/2 499/2479/2 1503/2734/2
f 3949/3813/2 5200/70/2 2172/72/2
f 1374/2721/2 3952/2497/2 5200/70/2
f 3952/2497/2 498/2496/2 1502/2731/2
f 3953/2720/2 5201/67/2 2174/69/2
f 1375/2502/2 3956/2506/2 5201/67/2
f 3956/2506/2 497/2505/2 1501/2653/2
f 3957/2507/4 5202/64/4 1499/66/4
f 3960/2514/4 5202/64/4 3957/2507/4
f 455/3136/4 2175/3139/4 5202/64/4
f 5203/57/2194 2180/56/2194 460/3105/2194
f 1377/2533/455 3970/2537/455 5203/57/455
f 3970/2537/2195 476/2536/2195 1480/55/2195
f 5204/54/2 2181/53/2 461/3100/2
f 3974/2546/2 5204/54/2 3971/2538/2
f 475/2545/2 1479/52/2 5204/54/2
f 5205/51/2 2182/50/2 462/3095/2
f 3978/2555/2 5205/51/2 3975/2547/2
f 474/2554/2 1478/49/2 5205/51/2
f 5206/48/2 2183/47/2 463/3090/2
f 3982/2564/2 5206/48/2 3979/2556/2
f 472/2563/2 1476/46/2 5206/48/2
f 5207/42/2196 2185/41/2196 465/362/2196
f 1381/2574/458 3989/2578/458 5207/42/458
f 3989/2578/2197 471/2577/2197 1475/40/2197
f 5208/39/2198 2186/37/2198 466/37/2198
f 3993/39/11 5208/39/11 3990/37/11
f 470/39/2199 1474/38/2199 5208/39/2199
f 5209/36/2200 2187/37/2200 467/133/2200
f 3997/36/10 5209/36/10 3994/133/10
f 468/36/2201 1472/36/2201 5209/36/2201
f 4001/2679/2 5210/27/2 2208/29/2
f 1384/2588/2 4004/2592/2 5210/27/2
f 4004/2592/2 417/2591/2 1421/3067/2
f 5211/25/4 1489/26/4 485/2666/4
f 4008/2600/4 5211/25/4 4005/2593/4
f 415/3084/4 2135/3085/4 5211/25/4
f 4009/2602/4 5212/24/4 1488/24/4
f 1386/2602/4 4012/24/4 5212/24/4
f 4012/24/4 414/24/4 2134/24/4
f 4013/1/4 5213/1/4 1487/1/4
f 1387/24/4 4016/1/4 5213/1/4
f 4016/1/4 413/1/4 2133/1/4
f 4017/1/4 5214/1/4 1486/1/4
f 1388/1/4 4020/1/4 5214/1/4
f 4020/1/4 412/1/4 2132/1/4
f 4021/1/4 5215/1/4 1485/1/4
f 1389/1/4 4024/1/4 5215/1/4
f 4024/1/4 411/1/4 2131/1/4
f 5216/1/4 1484/1/4 480/1/4
f 1390/1/4 4028/1/4 5216/1/4
f 4028/1/4 410/1/4 2130/1/4
f 4029/1/4 5217/1/4 1483/1/4
f 1391/1/4 4032/1/4 5217/1/4
f 4032/1/4 409/1/4 2129/1/4
f 4033/1/1271 5218/1/1271 2198/1/1271
f 1392/1/467 4036/1/467 5218/1/467
f 4036/1/2202 408/1/2202 2128/1/2202
